// 此文件由 tools/generate_cosmic_assets.py 自动生成，请勿手工修改。
#pragma once

#include <stdint.h>

namespace CosmicAssets {

struct AlphaBitmap {
  const uint8_t* alpha;
  uint16_t width;
  uint16_t height;
};

struct AlphaGlyph {
  char character;
  AlphaBitmap bitmap;
  uint16_t advance;
};

struct AlphaFont {
  const AlphaGlyph* glyphs;
  uint16_t count;
  uint16_t height;
};

struct RgbBitmap {
  const uint16_t* pixels;
  uint16_t width;
  uint16_t height;
};

constexpr uint16_t kColorPrimary = 0xFF79;
constexpr uint16_t kColorLavender = 0xBCBE;
constexpr uint16_t kColorLavenderLight = 0xDE5F;
constexpr uint16_t kColorPeach = 0xFC6F;
constexpr uint16_t kColorMint = 0x7796;
constexpr uint16_t kColorOffline = 0xFB4F;

const uint8_t kBrandDeskBurnAlpha[] = {
    0xCE, 0xFF, 0xFF, 0xF4, 0xC1, 0x3F, 0x00, 0x00, 0x00, 0x00, 0x00, 0x00, 0x00, 0x00, 0x00, 0x00,
    0x00, 0x00, 0x00, 0x00, 0x00, 0x00, 0x00, 0x00, 0xC8, 0x85, 0x00, 0x00, 0x00, 0x00, 0x00, 0xCE,
    0xFF, 0xFF, 0xFC, 0xD1, 0x36, 0x00, 0x00, 0x00, 0x00, 0x00, 0x00, 0x00, 0x00, 0x00, 0x00, 0x00,
    0x00, 0x00, 0x00, 0x00, 0x00, 0x00, 0x00, 0x00, 0x00, 0xFF, 0xD8, 0x6C, 0x89, 0xEF, 0xFB, 0x34,
    0x00, 0x00, 0x00, 0x00, 0x00, 0x00, 0x00, 0x00, 0x00, 0x00, 0x00, 0x00, 0x00, 0x00, 0x00, 0x00,
    0x00, 0xFF, 0xBC, 0x00, 0x00, 0x00, 0x00, 0x00, 0xFF, 0xD8, 0x6C, 0x88, 0xFD, 0xD6, 0x00, 0x00,
    0x00, 0x00, 0x00, 0x00, 0x00, 0x00, 0x00, 0x00, 0x00, 0x00, 0x00, 0x00, 0x00, 0x00, 0x00, 0x00,
    0x00, 0x00, 0xFF, 0xBC, 0x00, 0x00, 0x38, 0xFF, 0xAD, 0x00, 0x00, 0x05, 0x8E, 0xED, 0xEE, 0x8B,
    0x04, 0x00, 0x00, 0x38, 0xC9, 0xF5, 0xDA, 0x63, 0x00, 0x00, 0xFF, 0xBC, 0x00, 0x29, 0xE0, 0x4E,
    0x00, 0xFF, 0xBC, 0x00, 0x00, 0xC7, 0xF3, 0x00, 0x00, 0xC4, 0x82, 0x00, 0x00, 0xC6, 0x82, 0x00,
    0xCA, 0x8C, 0xD5, 0xA6, 0x00, 0xCA, 0x83, 0xA8, 0xF7, 0xCB, 0x1C, 0xFF, 0xBC, 0x00, 0x00, 0x00,
    0xDA, 0xE9, 0x00, 0x00, 0x83, 0xFF, 0xA8, 0x93, 0xFF, 0x7E, 0x00, 0x00, 0xDD, 0xEA, 0x7F, 0xBF,
    0xFE, 0x21, 0x00, 0xFF, 0xBC, 0x20, 0xE4, 0xEF, 0x2A, 0x00, 0xFF, 0xC3, 0x1C, 0x41, 0xF2, 0xAA,
    0x00, 0x00, 0xFF, 0xBC, 0x00, 0x00, 0xFF, 0xBC, 0x00, 0xFF, 0xF9, 0x81, 0x31, 0x00, 0xFF, 0xF9,
    0x97, 0xAC, 0xFF, 0x8A, 0xFF, 0xBC, 0x00, 0x00, 0x00, 0xC3, 0xF9, 0x00, 0x00, 0xE0, 0xE2, 0x1C,
    0x1C, 0xC4, 0xE0, 0x00, 0x00, 0xE8, 0xD8, 0x31, 0x04, 0x4C, 0x04, 0x00, 0xFF, 0xD1, 0xDC, 0xF0,
    0x35, 0x00, 0x00, 0xFF, 0xFF, 0xFF, 0xFF, 0xE9, 0x49, 0x00, 0x00, 0xFF, 0xBC, 0x00, 0x00, 0xFF,
    0xBC, 0x00, 0xFF, 0xC5, 0x00, 0x00, 0x00, 0xFF, 0xD1, 0x00, 0x0C, 0xFF, 0xB5, 0xFF, 0xBC, 0x00,
    0x00, 0x00, 0xDC, 0xE6, 0x00, 0x00, 0xF8, 0xFF, 0xFF, 0xFF, 0xFF, 0xF0, 0x00, 0x00, 0x46, 0xD4,
    0xFF, 0xEE, 0x98, 0x0A, 0x00, 0xFF, 0xFF, 0xFF, 0xD0, 0x06, 0x00, 0x00, 0xFF, 0xD0, 0x4C, 0x52,
    0xA1, 0xFF, 0x5E, 0x00, 0xFF, 0xBC, 0x00, 0x00, 0xFF, 0xBC, 0x00, 0xFF, 0xBC, 0x00, 0x00, 0x00,
    0xFF, 0xBC, 0x00, 0x00, 0xFF, 0xBC, 0xFF, 0xBC, 0x00, 0x00, 0x3B, 0xFF, 0xA9, 0x00, 0x00, 0xDC,
    0xDB, 0x4C, 0x4C, 0x56, 0x49, 0x00, 0x00, 0x59, 0x12, 0x17, 0x89, 0xFF, 0x6C, 0x00, 0xFF, 0xE1,
    0x89, 0xFF, 0x90, 0x00, 0x00, 0xFF, 0xBC, 0x00, 0x00, 0x0E, 0xFF, 0xB3, 0x00, 0xFD, 0xC8, 0x00,
    0x15, 0xFF, 0xBC, 0x00, 0xFF, 0xBC, 0x00, 0x00, 0x00, 0xFF, 0xBC, 0x00, 0x00, 0xFF, 0xBC, 0xFF,
    0xD8, 0x6C, 0x89, 0xEF, 0xF9, 0x2F, 0x00, 0x00, 0x7E, 0xFF, 0x96, 0x7A, 0xDE, 0xCA, 0x00, 0x08,
    0xF7, 0xDC, 0x7A, 0xB3, 0xFF, 0x5A, 0x00, 0xFF, 0xBC, 0x02, 0xC0, 0xFF, 0x45, 0x00, 0xFF, 0xD8,
    0x6C, 0x71, 0xBB, 0xFF, 0x84, 0x00, 0xD5, 0xFD, 0x88, 0xB8, 0xFC, 0xBC, 0x00, 0xFF, 0xBB, 0x00,
    0x00, 0x00, 0xFF, 0xBC, 0x00, 0x00, 0xFF, 0xBC, 0xC8, 0xFF, 0xFF, 0xF4, 0xC0, 0x3B, 0x00, 0x00,
    0x00, 0x05, 0x86, 0xE2, 0xF7, 0xC3, 0x31, 0x00, 0x00, 0x4D, 0xD1, 0xF8, 0xDE, 0x89, 0x02, 0x00,
    0xC8, 0x84, 0x00, 0x1D, 0xE1, 0x5D, 0x00, 0xC5, 0xFF, 0xFF, 0xFF, 0xEC, 0x98, 0x08, 0x00, 0x3E,
    0xDE, 0xF1, 0x77, 0xBE, 0x87, 0x00, 0xC7, 0x86, 0x00, 0x00, 0x00, 0xC8, 0x81, 0x00, 0x00, 0xC5,
    0x82,
};
const AlphaBitmap kBrandDeskBurn = {kBrandDeskBurnAlpha, 57, 9};

const uint8_t kStatusLiveAlpha[] = {
    0x25, 0xDF, 0x05, 0x00, 0x00, 0x25, 0xDF, 0x05, 0xA9, 0x7E, 0x00, 0x00, 0x5C, 0xC3, 0x24, 0xF7,
    0xFF, 0xFF, 0xDA, 0x3C, 0xFF, 0x10, 0x00, 0x00, 0x3C, 0xFF, 0x10, 0x95, 0xDD, 0x00, 0x00, 0xB7,
    0xAE, 0x3C, 0xFF, 0x13, 0x04, 0x01, 0x3C, 0xFF, 0x10, 0x00, 0x00, 0x3C, 0xFF, 0x10, 0x3D, 0xFF,
    0x2B, 0x0C, 0xF8, 0x55, 0x3C, 0xFF, 0x10, 0x00, 0x00, 0x3C, 0xFF, 0x10, 0x00, 0x00, 0x3C, 0xFF,
    0x10, 0x01, 0xE2, 0x79, 0x52, 0xF3, 0x09, 0x3C, 0xFF, 0xE9, 0xE8, 0xA6, 0x3C, 0xFF, 0x10, 0x00,
    0x00, 0x3C, 0xFF, 0x10, 0x00, 0x8B, 0xC7, 0xA0, 0xA3, 0x00, 0x3C, 0xFF, 0x26, 0x18, 0x0A, 0x3C,
    0xFF, 0x31, 0x24, 0x12, 0x3C, 0xFF, 0x10, 0x00, 0x32, 0xFD, 0xEF, 0x4B, 0x00, 0x3C, 0xFF, 0x13,
    0x04, 0x01, 0x25, 0xF7, 0xFF, 0xFF, 0xC5, 0x25, 0xE0, 0x05, 0x00, 0x00, 0xB6, 0xC8, 0x04, 0x00,
    0x25, 0xF7, 0xFF, 0xFF, 0xD9,
};
const AlphaBitmap kStatusLive = {kStatusLiveAlpha, 19, 7};

const uint8_t kStatusOffAlpha[] = {
    0x00, 0x16, 0xAC, 0xF3, 0xEC, 0x92, 0x07, 0x00, 0x25, 0xF7, 0xFF, 0xFF, 0xCF, 0x25, 0xF7, 0xFF,
    0xFF, 0xCF, 0x00, 0xBE, 0xBE, 0x1B, 0x2A, 0xDC, 0x8B, 0x00, 0x3C, 0xFF, 0x13, 0x04, 0x01, 0x3C,
    0xFF, 0x13, 0x04, 0x01, 0x1D, 0xFF, 0x3C, 0x00, 0x00, 0x6B, 0xEB, 0x00, 0x3C, 0xFF, 0x10, 0x00,
    0x00, 0x3C, 0xFF, 0x10, 0x00, 0x00, 0x36, 0xFF, 0x1A, 0x00, 0x00, 0x47, 0xFF, 0x05, 0x3C, 0xFF,
    0xE9, 0xE8, 0x89, 0x3C, 0xFF, 0xE9, 0xE8, 0x89, 0x1D, 0xFF, 0x3C, 0x00, 0x00, 0x6B, 0xEB, 0x00,
    0x3C, 0xFF, 0x26, 0x18, 0x07, 0x3C, 0xFF, 0x26, 0x18, 0x07, 0x00, 0xC0, 0xC4, 0x19, 0x28, 0xE4,
    0x8C, 0x00, 0x3C, 0xFF, 0x10, 0x00, 0x00, 0x3C, 0xFF, 0x10, 0x00, 0x00, 0x00, 0x17, 0xAD, 0xF3,
    0xED, 0x93, 0x08, 0x00, 0x25, 0xDF, 0x05, 0x00, 0x00, 0x25, 0xDF, 0x05, 0x00, 0x00,
};
const AlphaBitmap kStatusOff = {kStatusOffAlpha, 18, 7};

const uint8_t kTodayCurrencyAlpha[] = {
    0x00, 0x00, 0x00, 0x00, 0x00, 0x00, 0x18, 0xD3, 0x00, 0x00, 0x00, 0x00, 0x00, 0x00, 0x00, 0x00,
    0x00, 0x00, 0x00, 0x00, 0x00, 0x00, 0x2C, 0xFC, 0x00, 0x00, 0x00, 0x00, 0x00, 0x00, 0x00, 0x00,
    0x00, 0x00, 0x00, 0x1C, 0x75, 0xBF, 0xFF, 0xFF, 0xF1, 0xDC, 0xA5, 0x58, 0x04, 0x00, 0x00, 0x00,
    0x00, 0x02, 0x7E, 0xF6, 0xFF, 0xFF, 0xFF, 0xFF, 0xFF, 0xFF, 0xFF, 0xFF, 0xE0, 0x3D, 0x00, 0x00,
    0x00, 0x9C, 0xFF, 0xFF, 0xFF, 0xFF, 0xFF, 0xFF, 0xFF, 0xFF, 0xFF, 0xFF, 0xFF, 0xFB, 0x45, 0x00,
    0x4E, 0xFF, 0xFF, 0xFF, 0xFF, 0xD3, 0x9B, 0xFF, 0x56, 0x87, 0xF4, 0xFF, 0xFF, 0xFF, 0xE9, 0x09,
    0xBC, 0xFF, 0xFF, 0xFF, 0xC3, 0x06, 0x2C, 0xFC, 0x00, 0x00, 0x23, 0xF0, 0xFF, 0xFF, 0xFF, 0x5A,
    0xE8, 0xFF, 0xFF, 0xFF, 0x64, 0x00, 0x2C, 0xFC, 0x00, 0x00, 0x00, 0x5D, 0xFF, 0xFF, 0xFF, 0x63,
    0xF8, 0xFF, 0xFF, 0xFF, 0x94, 0x00, 0x2C, 0xFC, 0x00, 0x00, 0x00, 0x00, 0x69, 0xBB, 0x8D, 0x06,
    0xD8, 0xFF, 0xFF, 0xFF, 0xFE, 0x84, 0x3D, 0xFC, 0x00, 0x00, 0x00, 0x00, 0x00, 0x00, 0x00, 0x00,
    0x84, 0xFF, 0xFF, 0xFF, 0xFF, 0xFF, 0xFF, 0xFF, 0x80, 0x45, 0x0A, 0x00, 0x00, 0x00, 0x00, 0x00,
    0x0E, 0xD5, 0xFF, 0xFF, 0xFF, 0xFF, 0xFF, 0xFF, 0xFF, 0xFF, 0xF9, 0xB8, 0x55, 0x02, 0x00, 0x00,
    0x00, 0x13, 0xAF, 0xFF, 0xFF, 0xFF, 0xFF, 0xFF, 0xFF, 0xFF, 0xFF, 0xFF, 0xFF, 0xCE, 0x27, 0x00,
    0x00, 0x00, 0x00, 0x38, 0x9E, 0xE8, 0xFF, 0xFF, 0xFF, 0xFF, 0xFF, 0xFF, 0xFF, 0xFF, 0xE8, 0x1B,
    0x00, 0x00, 0x00, 0x00, 0x00, 0x01, 0x55, 0xFF, 0xA0, 0xE7, 0xFF, 0xFF, 0xFF, 0xFF, 0xFF, 0x96,
    0x00, 0x00, 0x00, 0x00, 0x00, 0x00, 0x2C, 0xFC, 0x00, 0x02, 0x59, 0xF7, 0xFF, 0xFF, 0xFF, 0xE0,
    0x49, 0xC6, 0xB8, 0x26, 0x00, 0x00, 0x2C, 0xFC, 0x00, 0x00, 0x00, 0x84, 0xFF, 0xFF, 0xFF, 0xF9,
    0xE8, 0xFF, 0xFF, 0xD1, 0x04, 0x00, 0x2C, 0xFC, 0x00, 0x00, 0x00, 0x65, 0xFF, 0xFF, 0xFF, 0xED,
    0xE9, 0xFF, 0xFF, 0xFF, 0x7D, 0x00, 0x2C, 0xFC, 0x00, 0x00, 0x08, 0xC7, 0xFF, 0xFF, 0xFF, 0xB7,
    0x84, 0xFF, 0xFF, 0xFF, 0xFF, 0xB2, 0x8C, 0xFF, 0x4B, 0x75, 0xD8, 0xFF, 0xFF, 0xFF, 0xFF, 0x4A,
    0x09, 0xC9, 0xFF, 0xFF, 0xFF, 0xFF, 0xFF, 0xFF, 0xFF, 0xFF, 0xFF, 0xFF, 0xFF, 0xFF, 0x86, 0x00,
    0x00, 0x0D, 0xA0, 0xFE, 0xFF, 0xFF, 0xFF, 0xFF, 0xFF, 0xFF, 0xFF, 0xFF, 0xED, 0x6B, 0x00, 0x00,
    0x00, 0x00, 0x00, 0x29, 0x88, 0xC6, 0xFF, 0xFF, 0xF2, 0xDD, 0xB1, 0x6A, 0x11, 0x00, 0x00, 0x00,
    0x00, 0x00, 0x00, 0x00, 0x00, 0x00, 0x2C, 0xFC, 0x00, 0x00, 0x00, 0x00, 0x00, 0x00, 0x00, 0x00,
    0x00, 0x00, 0x00, 0x00, 0x00, 0x00, 0x29, 0xF9, 0x00, 0x00, 0x00, 0x00, 0x00, 0x00, 0x00, 0x00,
    0x00, 0x00, 0x00, 0x00, 0x00, 0x00, 0x04, 0x59, 0x00, 0x00, 0x00, 0x00, 0x00, 0x00, 0x00, 0x00,
};
const AlphaBitmap kTodayCurrency = {kTodayCurrencyAlpha, 16, 26};

const uint8_t kTodayDecimalSparkleAlpha[] = {
    0x00, 0x00, 0x00, 0x00, 0x00, 0x00, 0xFF, 0x00, 0x00, 0x00, 0x00, 0x00, 0x00, 0x00, 0x00, 0x00,
    0x00, 0x00, 0x00, 0xFF, 0x00, 0x00, 0x00, 0x00, 0x00, 0x00, 0x00, 0x00, 0x00, 0x00, 0x00, 0xFF,
    0xFF, 0xFF, 0x00, 0x00, 0x00, 0x00, 0x00, 0x00, 0x00, 0x00, 0x00, 0x00, 0xFF, 0xFF, 0xFF, 0x00,
    0x00, 0x00, 0x00, 0x00, 0x00, 0x00, 0x00, 0x00, 0xFF, 0xFF, 0xFF, 0xFF, 0xFF, 0x00, 0x00, 0x00,
    0x00, 0x00, 0x00, 0xFF, 0xFF, 0xFF, 0xFF, 0xFF, 0xFF, 0xFF, 0xFF, 0xFF, 0x00, 0x00, 0xFF, 0xFF,
    0xFF, 0xFF, 0xFF, 0xFF, 0xFF, 0xFF, 0xFF, 0xFF, 0xFF, 0xFF, 0xFF, 0x00, 0x00, 0xFF, 0xFF, 0xFF,
    0xFF, 0xFF, 0xFF, 0xFF, 0xFF, 0xFF, 0x00, 0x00, 0x00, 0x00, 0x00, 0x00, 0xFF, 0xFF, 0xFF, 0xFF,
    0xFF, 0x00, 0x00, 0x00, 0x00, 0x00, 0x00, 0x00, 0x00, 0x00, 0xFF, 0xFF, 0xFF, 0x00, 0x00, 0x00,
    0x00, 0x00, 0x00, 0x00, 0x00, 0x00, 0x00, 0xFF, 0xFF, 0xFF, 0x00, 0x00, 0x00, 0x00, 0x00, 0x00,
    0x00, 0x00, 0x00, 0x00, 0x00, 0xFF, 0x00, 0x00, 0x00, 0x00, 0x00, 0x00, 0x00, 0x00, 0x00, 0x00,
    0x00, 0x00, 0xFF, 0x00, 0x00, 0x00, 0x00, 0x00, 0x00,
};
const AlphaBitmap kTodayDecimalSparkle = {kTodayDecimalSparkleAlpha, 13, 13};

const uint8_t kLabelTodayAlpha[] = {
    0x00, 0x00, 0x00, 0x00, 0x00, 0x00, 0x00, 0x00, 0x00, 0x77, 0xCC, 0xA3, 0x4B, 0x00, 0x00, 0x00,
    0x00, 0x00, 0x00, 0x00, 0x00, 0x00, 0x00, 0x00, 0x00, 0x00, 0x00, 0x00, 0x00, 0x00, 0x00, 0x00,
    0x00, 0x00, 0x00, 0x00, 0x00, 0x00, 0x00, 0x00, 0x00, 0x00, 0x00, 0x00, 0x00, 0x00, 0x00, 0x00,
    0x00, 0x2A, 0xF1, 0xFF, 0xFF, 0x89, 0x00, 0x00, 0x00, 0x00, 0x00, 0x00, 0x00, 0x00, 0x00, 0x00,
    0x00, 0x00, 0x6D, 0x78, 0x73, 0x72, 0x72, 0x72, 0x72, 0x72, 0x72, 0x72, 0x72, 0x72, 0x72, 0x73,
    0x78, 0x6A, 0x00, 0x00, 0x00, 0x00, 0x00, 0x00, 0x00, 0x00, 0xBD, 0xFF, 0xFF, 0xFF, 0xF9, 0x58,
    0x00, 0x00, 0x00, 0x00, 0x00, 0x00, 0x00, 0x00, 0x00, 0x00, 0x00, 0xC6, 0xFF, 0xFF, 0xFF, 0xFF,
    0xFF, 0xFF, 0xFF, 0xFF, 0xFF, 0xFF, 0xFF, 0xFF, 0xFF, 0xFF, 0xBF, 0x00, 0x00, 0x00, 0x00, 0x00,
    0x00, 0x00, 0x8D, 0xFF, 0xFF, 0xDE, 0xF4, 0xFF, 0xF2, 0x53, 0x00, 0x00, 0x00, 0x00, 0x00, 0x00,
    0x00, 0x00, 0x00, 0x00, 0xBE, 0xFF, 0xFF, 0xFF, 0xFF, 0xFF, 0xFF, 0xFF, 0xFF, 0xFF, 0xFF, 0xFF,
    0xFF, 0xFF, 0xFF, 0xB6, 0x00, 0x00, 0x00, 0x00, 0x00, 0x00, 0x8B, 0xFF, 0xFF, 0xF3, 0x3C, 0x63,
    0xFC, 0xFF, 0xF7, 0x6C, 0x00, 0x00, 0x00, 0x00, 0x00, 0x00, 0x00, 0x00, 0x00, 0xB9, 0xFF, 0xE2,
    0x00, 0x00, 0x00, 0x00, 0x00, 0x00, 0x00, 0x00, 0x00, 0x00, 0xF0, 0xFF, 0xB2, 0x00, 0x00, 0x00,
    0x00, 0x13, 0xAD, 0xFF, 0xFF, 0xF8, 0x5B, 0x00, 0x00, 0x83, 0xFE, 0xFF, 0xFF, 0xAC, 0x17, 0x00,
    0x00, 0x00, 0x00, 0x00, 0x00, 0x00, 0xB9, 0xFF, 0xE2, 0x00, 0x00, 0x00, 0x00, 0x00, 0x00, 0x00,
    0x00, 0x00, 0x00, 0xF0, 0xFF, 0xB2, 0x00, 0x00, 0x00, 0x49, 0xDA, 0xFF, 0xFF, 0xEF, 0x5E, 0x5A,
    0x00, 0x00, 0x00, 0x7D, 0xFC, 0xFF, 0xFF, 0xE1, 0x5A, 0x00, 0x00, 0x00, 0x00, 0x00, 0x00, 0xB9,
    0xFF, 0xE2, 0x00, 0x00, 0x00, 0x00, 0x00, 0x00, 0x00, 0x00, 0x00, 0x00, 0xF0, 0xFF, 0xB2, 0x00,
    0x26, 0xA5, 0xFC, 0xFF, 0xFF, 0xDE, 0x38, 0x99, 0xFF, 0xE5, 0x90, 0x20, 0x00, 0x6A, 0xF3, 0xFF,
    0xFF, 0xFF, 0xD0, 0x67, 0x00, 0x00, 0x00, 0x00, 0xB9, 0xFF, 0xE2, 0x00, 0x00, 0x00, 0x00, 0x00,
    0x00, 0x00, 0x00, 0x00, 0x00, 0xF0, 0xFF, 0xB2, 0x40, 0xF7, 0xFF, 0xFF, 0xFF, 0xB7, 0x1C, 0x13,
    0xE2, 0xFF, 0xFF, 0xFF, 0xF3, 0x98, 0x1C, 0x37, 0xD1, 0xFF, 0xFF, 0xFF, 0xFF, 0x69, 0x00, 0x00,
    0x00, 0xB9, 0xFF, 0xE2, 0x00, 0x00, 0x00, 0x00, 0x00, 0x00, 0x00, 0x00, 0x00, 0x00, 0xF0, 0xFF,
    0xB2, 0x00, 0xC4, 0xFF, 0xF1, 0x74, 0x00, 0x00, 0x00, 0x08, 0x6A, 0xCE, 0xFF, 0xFF, 0xFF, 0x69,
    0x00, 0x08, 0x90, 0xF3, 0xFF, 0xE0, 0x00, 0x00, 0x00, 0x00, 0xB9, 0xFF, 0xEB, 0x6A, 0x6A, 0x6A,
    0x6A, 0x6A, 0x6A, 0x6A, 0x6A, 0x6A, 0x6A, 0xF5, 0xFF, 0xB2, 0x00, 0x5D, 0xB6, 0x2D, 0x00, 0x00,
    0x00, 0x00, 0x00, 0x00, 0x00, 0x65, 0xE2, 0xDB, 0x00, 0x00, 0x00, 0x00, 0x26, 0xA6, 0x89, 0x00,
    0x00, 0x00, 0x00, 0xB9, 0xFF, 0xFF, 0xFF, 0xFF, 0xFF, 0xFF, 0xFF, 0xFF, 0xFF, 0xFF, 0xFF, 0xFF,
    0xFF, 0xFF, 0xB2, 0x00, 0x00, 0x00, 0x73, 0x66, 0x59, 0x55, 0x55, 0x55, 0x55, 0x55, 0x55, 0x5C,
    0x7A, 0x55, 0x55, 0x57, 0x62, 0x26, 0x00, 0x00, 0x00, 0x00, 0x00, 0x00, 0xB9, 0xFF, 0xFF, 0xFF,
    0xFF, 0xFF, 0xFF, 0xFF, 0xFF, 0xFF, 0xFF, 0xFF, 0xFF, 0xFF, 0xFF, 0xB2, 0x00, 0x00, 0x00, 0xFF,
    0xFF, 0xFF, 0xFF, 0xFF, 0xFF, 0xFF, 0xFF, 0xFF, 0xFF, 0xFF, 0xFF, 0xFF, 0xFF, 0xFF, 0xD5, 0x19,
    0x00, 0x00, 0x00, 0x00, 0x00, 0xB9, 0xFF, 0xE2, 0x00, 0x00, 0x00, 0x00, 0x00, 0x00, 0x00, 0x00,
    0x00, 0x00, 0xF0, 0xFF, 0xB2, 0x00, 0x00, 0x00, 0xFF, 0xFF, 0xFF, 0xFF, 0xFF, 0xFF, 0xFF, 0xFF,
    0xFF, 0xFF, 0xFF, 0xFF, 0xFF, 0xFF, 0xFF, 0xFB, 0x56, 0x00, 0x00, 0x00, 0x00, 0x00, 0xB9, 0xFF,
    0xE2, 0x00, 0x00, 0x00, 0x00, 0x00, 0x00, 0x00, 0x00, 0x00, 0x00, 0xF0, 0xFF, 0xB2, 0x00, 0x00,
    0x00, 0x35, 0x23, 0x0A, 0x00, 0x00, 0x00, 0x00, 0x00, 0x00, 0x00, 0x00, 0x0A, 0xCE, 0xFF, 0xFF,
    0x81, 0x00, 0x00, 0x00, 0x00, 0x00, 0x00, 0xB9, 0xFF, 0xE2, 0x00, 0x00, 0x00, 0x00, 0x00, 0x00,
    0x00, 0x00, 0x00, 0x00, 0xF0, 0xFF, 0xB2, 0x00, 0x00, 0x00, 0x00, 0x00, 0x00, 0x00, 0x00, 0x00,
    0x00, 0x00, 0x00, 0x00, 0x00, 0xA4, 0xFF, 0xFF, 0xB5, 0x00, 0x00, 0x00, 0x00, 0x00, 0x00, 0x00,
    0xB9, 0xFF, 0xE2, 0x00, 0x00, 0x00, 0x00, 0x00, 0x00, 0x00, 0x00, 0x00, 0x00, 0xF0, 0xFF, 0xB2,
    0x00, 0x00, 0x00, 0x00, 0x00, 0x00, 0x00, 0x00, 0x00, 0x00, 0x00, 0x00, 0x00, 0x72, 0xFF, 0xFF,
    0xDE, 0x17, 0x00, 0x00, 0x00, 0x00, 0x00, 0x00, 0x00, 0xB9, 0xFF, 0xE2, 0x00, 0x00, 0x00, 0x00,
    0x00, 0x00, 0x00, 0x00, 0x00, 0x00, 0xF0, 0xFF, 0xB2, 0x00, 0x00, 0x00, 0x00, 0x00, 0x00, 0x00,
    0x00, 0x00, 0x00, 0x00, 0x00, 0x44, 0xF6, 0xFF, 0xF6, 0x42, 0x00, 0x00, 0x00, 0x00, 0x00, 0x00,
    0x00, 0x00, 0xB9, 0xFF, 0xEB, 0x6A, 0x6A, 0x6A, 0x6A, 0x6A, 0x6A, 0x6A, 0x6A, 0x6A, 0x6A, 0xF5,
    0xFF, 0xB2, 0x00, 0x00, 0x00, 0x00, 0x00, 0x00, 0x00, 0x00, 0x00, 0x00, 0x00, 0x21, 0xE2, 0xFF,
    0xFF, 0x77, 0x00, 0x00, 0x00, 0x00, 0x00, 0x00, 0x00, 0x00, 0x00, 0xBA, 0xFF, 0xFF, 0xFF, 0xFF,
    0xFF, 0xFF, 0xFF, 0xFF, 0xFF, 0xFF, 0xFF, 0xFF, 0xFF, 0xFF, 0xB3, 0x00, 0x00, 0x00, 0x00, 0x00,
    0x00, 0x00, 0x00, 0x00, 0x00, 0x11, 0xCE, 0xFF, 0xFF, 0xAD, 0x00, 0x00, 0x00, 0x00, 0x00, 0x00,
    0x00, 0x00, 0x00, 0x00, 0xC1, 0xFF, 0xFF, 0xFF, 0xFF, 0xFF, 0xFF, 0xFF, 0xFF, 0xFF, 0xFF, 0xFF,
    0xFF, 0xFF, 0xFF, 0xB5, 0x00, 0x00, 0x00, 0x00, 0x00, 0x00, 0x00, 0x00, 0x00, 0x00, 0x72, 0xFC,
    0xFF, 0xDF, 0x15, 0x00, 0x00, 0x00, 0x00, 0x00, 0x00, 0x00, 0x00, 0x00, 0x00, 0xCA, 0xFF, 0xE2,
    0x00, 0x00, 0x00, 0x00, 0x00, 0x00, 0x00, 0x00, 0x00, 0x00, 0xF0, 0xFF, 0xBE, 0x00, 0x00, 0x00,
    0x00, 0x00, 0x00, 0x00, 0x00, 0x00, 0x00, 0x00, 0x46, 0xC7, 0x4D, 0x00, 0x00, 0x00, 0x00, 0x00,
    0x00, 0x00, 0x00, 0x00, 0x00, 0x00, 0x6A, 0x81, 0x73, 0x00, 0x00, 0x00, 0x00, 0x00, 0x00, 0x00,
    0x00, 0x00, 0x00, 0x7A, 0x81, 0x66,
};
const AlphaBitmap kLabelToday = {kLabelTodayAlpha, 41, 22};

const uint8_t kLabelWeekAlpha[] = {
    0x00, 0x00, 0x00, 0x00, 0x00, 0xDD, 0xB3, 0x00, 0x00, 0x00, 0x00, 0x00, 0x00, 0x34, 0x44, 0x42,
    0x42, 0x42, 0x42, 0x42, 0x42, 0x43, 0x44, 0x0F, 0x15, 0x00, 0x00, 0x00, 0xD6, 0xA9, 0x00, 0x00,
    0x00, 0x15, 0x0D, 0x00, 0xA0, 0xFF, 0xFF, 0xFF, 0xFF, 0xFF, 0xFF, 0xFF, 0xFF, 0xE2, 0x66, 0xFF,
    0xFF, 0xFF, 0xFF, 0xFF, 0xFF, 0xFF, 0xFF, 0xFF, 0xFF, 0x61, 0x00, 0x9C, 0xD5, 0x1B, 0x1C, 0x88,
    0xAC, 0x1B, 0x21, 0x90, 0xDF, 0x33, 0x78, 0x6F, 0x6E, 0xDB, 0xFF, 0xFF, 0xB4, 0x6E, 0x6F, 0x78,
    0x31, 0x00, 0x9C, 0xD5, 0xAC, 0xFF, 0xFF, 0xFF, 0xFF, 0xE5, 0x90, 0xDE, 0x00, 0x00, 0x00, 0x5A,
    0xFF, 0xEF, 0xED, 0xE8, 0x15, 0x00, 0x00, 0x00, 0x00, 0x9F, 0xD2, 0x37, 0x29, 0xA3, 0xD1, 0x29,
    0x39, 0x99, 0xDE, 0x00, 0x00, 0x0D, 0xDD, 0xCE, 0xD1, 0xAA, 0xE9, 0xAB, 0x00, 0x00, 0x00, 0x00,
    0xA5, 0xCF, 0xFC, 0xFF, 0xFF, 0xFF, 0xFF, 0xFF, 0xCF, 0xDE, 0x00, 0x05, 0xAC, 0xFB, 0x4F, 0xD5,
    0xA8, 0x70, 0xFF, 0x85, 0x00, 0x00, 0x00, 0xB1, 0xC6, 0x29, 0x17, 0x13, 0x13, 0x15, 0x20, 0x95,
    0xDE, 0x0F, 0xBA, 0xFF, 0x96, 0x00, 0xD5, 0xA8, 0x00, 0xAC, 0xFE, 0x91, 0x05, 0x00, 0xC2, 0xBA,
    0x91, 0xFF, 0xFF, 0xFF, 0xFF, 0xA1, 0x90, 0xDE, 0x98, 0xFF, 0xAC, 0xF2, 0xFF, 0xFF, 0xFF, 0xFF,
    0xE2, 0xB5, 0xFF, 0x8D, 0x00, 0xDB, 0xA1, 0x8C, 0xDC, 0x27, 0x27, 0xCE, 0x9E, 0x90, 0xDE, 0x2F,
    0x8D, 0x00, 0x72, 0x6B, 0xE2, 0xC4, 0x6C, 0x6B, 0x00, 0x8C, 0x24, 0x1E, 0xFD, 0x73, 0x8D, 0xFF,
    0xFF, 0xFF, 0xFF, 0xA1, 0x90, 0xDE, 0x00, 0x00, 0x00, 0x00, 0x00, 0xD8, 0xAC, 0x00, 0x00, 0x00,
    0x00, 0x00, 0x88, 0xFE, 0x2A, 0x92, 0xDB, 0x00, 0x00, 0x62, 0x67, 0xB5, 0xDE, 0x00, 0x00, 0x00,
    0x00, 0x00, 0xDB, 0xB2, 0x00, 0x00, 0x00, 0x00, 0x00, 0x7A, 0xC6, 0x00, 0x17, 0x23, 0x00, 0x00,
    0x9C, 0xFE, 0xFA, 0xA6, 0x00, 0x00, 0x00, 0x00, 0x00, 0x00, 0x00, 0x00, 0x00, 0x00, 0x00, 0x00,
    0x00, 0x13, 0x00, 0x00, 0x00, 0x00, 0x00, 0x00, 0x00, 0x00, 0x00,
};
const AlphaBitmap kLabelWeek = {kLabelWeekAlpha, 23, 13};

const uint8_t kLabelMonthAlpha[] = {
    0x00, 0x00, 0x00, 0x00, 0x00, 0xDD, 0xB3, 0x00, 0x00, 0x00, 0x00, 0x00, 0x00, 0x00, 0x53, 0x5D,
    0x59, 0x59, 0x59, 0x59, 0x5A, 0x61, 0x0A, 0x0F, 0x15, 0x00, 0x00, 0x00, 0xD6, 0xA9, 0x00, 0x00,
    0x00, 0x15, 0x0D, 0x00, 0x00, 0xC4, 0xFF, 0xFF, 0xFF, 0xFF, 0xFF, 0xFF, 0xFF, 0x08, 0x66, 0xFF,
    0xFF, 0xFF, 0xFF, 0xFF, 0xFF, 0xFF, 0xFF, 0xFF, 0xFF, 0x61, 0x00, 0x00, 0xC1, 0xC6, 0x00, 0x00,
    0x00, 0x00, 0x76, 0xFF, 0x00, 0x33, 0x78, 0x6F, 0x6E, 0xDB, 0xFF, 0xFF, 0xB4, 0x6E, 0x6F, 0x78,
    0x31, 0x00, 0x00, 0xC2, 0xD3, 0x55, 0x55, 0x55, 0x55, 0x98, 0xFF, 0x00, 0x00, 0x00, 0x00, 0x5A,
    0xFF, 0xEF, 0xED, 0xE8, 0x15, 0x00, 0x00, 0x00, 0x00, 0x00, 0xC4, 0xFF, 0xFF, 0xFF, 0xFF, 0xFF,
    0xFF, 0xFF, 0x00, 0x00, 0x00, 0x0D, 0xDD, 0xCE, 0xD1, 0xAA, 0xE9, 0xAB, 0x00, 0x00, 0x00, 0x00,
    0x00, 0xCB, 0xBD, 0x00, 0x00, 0x00, 0x00, 0x76, 0xFF, 0x00, 0x00, 0x05, 0xAC, 0xFB, 0x4F, 0xD5,
    0xA8, 0x70, 0xFF, 0x85, 0x00, 0x00, 0x00, 0x00, 0xD7, 0xC5, 0x55, 0x55, 0x55, 0x55, 0x98, 0xFF,
    0x00, 0x0F, 0xBA, 0xFF, 0x96, 0x00, 0xD5, 0xA8, 0x00, 0xAC, 0xFE, 0x91, 0x05, 0x00, 0x00, 0xED,
    0xFF, 0xFF, 0xFF, 0xFF, 0xFF, 0xFF, 0xFF, 0x00, 0x98, 0xFF, 0xAC, 0xF2, 0xFF, 0xFF, 0xFF, 0xFF,
    0xE2, 0xB5, 0xFF, 0x8D, 0x00, 0x37, 0xFF, 0x7A, 0x00, 0x00, 0x00, 0x00, 0x76, 0xFF, 0x00, 0x2F,
    0x8D, 0x00, 0x72, 0x6B, 0xE2, 0xC4, 0x6C, 0x6B, 0x00, 0x8C, 0x24, 0x00, 0x92, 0xFF, 0x39, 0x00,
    0x00, 0x00, 0x00, 0x76, 0xFF, 0x00, 0x00, 0x00, 0x00, 0x00, 0x00, 0xD8, 0xAC, 0x00, 0x00, 0x00,
    0x00, 0x00, 0x31, 0xF0, 0xCC, 0x00, 0x00, 0x00, 0x4D, 0x6B, 0xA2, 0xFE, 0x00, 0x00, 0x00, 0x00,
    0x00, 0x00, 0xDB, 0xB2, 0x00, 0x00, 0x00, 0x00, 0x00, 0x37, 0xDF, 0x4D, 0x00, 0x00, 0x00, 0x6F,
    0xFB, 0xFC, 0xC6, 0x00, 0x00, 0x00, 0x00, 0x00, 0x00, 0x00, 0x00, 0x00, 0x00, 0x00, 0x00, 0x00,
    0x00, 0x0D, 0x00, 0x00, 0x00, 0x00, 0x00, 0x00, 0x00, 0x00, 0x00,
};
const AlphaBitmap kLabelMonth = {kLabelMonthAlpha, 23, 13};

const uint8_t kLabelTotalAlpha[] = {
    0x00, 0x00, 0x23, 0xE0, 0x85, 0x00, 0x00, 0x9C, 0xCD, 0x13, 0x00, 0x00, 0x00, 0x21, 0xB6, 0x3B,
    0x00, 0x00, 0x00, 0xD1, 0xC2, 0x00, 0x00, 0x00, 0x00, 0x05, 0x08, 0x98, 0xE0, 0x15, 0x3B, 0xF8,
    0x93, 0x0A, 0x00, 0x00, 0x00, 0x42, 0xEC, 0xEB, 0x37, 0x00, 0x00, 0xCE, 0xBE, 0x00, 0x00, 0x00,
    0x00, 0x38, 0xFF, 0xFF, 0xFF, 0xFF, 0xFF, 0xFF, 0xFF, 0xFF, 0x17, 0x00, 0x00, 0x00, 0x43, 0xB9,
    0x11, 0x00, 0x00, 0xCC, 0xBC, 0x00, 0x00, 0x00, 0x00, 0x2D, 0xFF, 0x7E, 0x47, 0x47, 0x47, 0x47,
    0x8E, 0xFF, 0x0A, 0x00, 0x0F, 0x08, 0x00, 0x11, 0x17, 0x15, 0x00, 0xCC, 0xBC, 0x00, 0x0A, 0x19,
    0x00, 0x2D, 0xFF, 0x5D, 0x00, 0x00, 0x00, 0x00, 0x72, 0xFF, 0x0A, 0x00, 0x8C, 0xFF, 0xFF, 0xCA,
    0xA1, 0xFF, 0xFF, 0xFF, 0xFF, 0xFF, 0xFF, 0xA8, 0x00, 0x2D, 0xFF, 0x7E, 0x47, 0x47, 0x47, 0x47,
    0x8E, 0xFF, 0x0A, 0x00, 0x41, 0x6A, 0xC0, 0xC6, 0x40, 0x61, 0x5E, 0xD9, 0xCE, 0x5E, 0x61, 0x42,
    0x00, 0x38, 0xFF, 0xFF, 0xFF, 0xFF, 0xFF, 0xFF, 0xFF, 0xFF, 0x19, 0x00, 0x00, 0x00, 0xA5, 0xC6,
    0x00, 0x00, 0x00, 0xCC, 0xBC, 0x00, 0x00, 0x00, 0x00, 0x08, 0x0F, 0x00, 0x00, 0xB3, 0xBC, 0x0D,
    0x00, 0x20, 0x05, 0x00, 0x00, 0x00, 0xA5, 0xC6, 0x00, 0x00, 0x00, 0xCC, 0xBC, 0x00, 0x00, 0x00,
    0x00, 0x99, 0x9E, 0xB0, 0xD0, 0x60, 0xFB, 0x9C, 0x0D, 0xE3, 0x74, 0x00, 0x00, 0x00, 0xA5, 0xC6,
    0x44, 0x0F, 0x00, 0xCC, 0xBC, 0x00, 0x00, 0x00, 0x00, 0xDD, 0xA6, 0xA9, 0xCC, 0x00, 0x66, 0x4E,
    0x88, 0xAC, 0xE9, 0x11, 0x00, 0x00, 0xB4, 0xED, 0xF8, 0x1B, 0x00, 0xCC, 0xBC, 0x00, 0x00, 0x00,
    0x6F, 0xFF, 0x52, 0xA8, 0xE6, 0x5C, 0x57, 0xA5, 0xFD, 0x39, 0xFC, 0x7B, 0x00, 0x00, 0xE5, 0xF2,
    0x84, 0x00, 0x00, 0xCE, 0xBE, 0x00, 0x00, 0x00, 0x3B, 0x9A, 0x00, 0x71, 0xF3, 0xFE, 0xFE, 0xF5,
    0xAB, 0x00, 0x7F, 0x24, 0x00, 0x00, 0x65, 0x29, 0x00, 0x00, 0x00, 0xD7, 0xC7, 0x00, 0x00, 0x00,
    0x00, 0x00, 0x00, 0x00, 0x00, 0x00, 0x00, 0x00, 0x00, 0x00, 0x00, 0x00, 0x00, 0x00, 0x00, 0x00,
    0x00, 0x00, 0x00, 0x29, 0x26, 0x00, 0x00, 0x00,
};
const AlphaBitmap kLabelTotal = {kLabelTotalAlpha, 24, 13};

const uint8_t kTodayAmountFontDigit0Alpha[] = {
    0x00, 0x00, 0x00, 0x00, 0x00, 0x00, 0x00, 0x00, 0x00, 0x00, 0x00, 0x04, 0x2E, 0x5B, 0x6F, 0x7B,
    0x70, 0x5C, 0x30, 0x05, 0x00, 0x00, 0x00, 0x00, 0x00, 0x00, 0x00, 0x00, 0x00, 0x00, 0x00, 0x00,
    0x00, 0x00, 0x00, 0x00, 0x00, 0x00, 0x00, 0x00, 0x32, 0x9E, 0xEF, 0xFF, 0xFF, 0xFF, 0xFF, 0xFF,
    0xFF, 0xFF, 0xF1, 0xA0, 0x35, 0x00, 0x00, 0x00, 0x00, 0x00, 0x00, 0x00, 0x00, 0x00, 0x00, 0x00,
    0x00, 0x00, 0x00, 0x00, 0x00, 0x13, 0xA8, 0xFE, 0xFF, 0xFF, 0xFF, 0xFF, 0xFF, 0xFF, 0xFF, 0xFF,
    0xFF, 0xFF, 0xFF, 0xFF, 0xAB, 0x14, 0x00, 0x00, 0x00, 0x00, 0x00, 0x00, 0x00, 0x00, 0x00, 0x00,
    0x00, 0x00, 0x00, 0x32, 0xE4, 0xFF, 0xFF, 0xFF, 0xFF, 0xFF, 0xFF, 0xFF, 0xFF, 0xFF, 0xFF, 0xFF,
    0xFF, 0xFF, 0xFF, 0xFF, 0xE6, 0x33, 0x00, 0x00, 0x00, 0x00, 0x00, 0x00, 0x00, 0x00, 0x00, 0x00,
    0x00, 0x30, 0xEE, 0xFF, 0xFF, 0xFF, 0xFF, 0xFF, 0xFF, 0xFF, 0xFF, 0xFF, 0xFF, 0xFF, 0xFF, 0xFF,
    0xFF, 0xFF, 0xFF, 0xFF, 0xEF, 0x31, 0x00, 0x00, 0x00, 0x00, 0x00, 0x00, 0x00, 0x00, 0x00, 0x0F,
    0xDE, 0xFF, 0xFF, 0xFF, 0xFF, 0xFF, 0xFF, 0xFF, 0xFF, 0xFF, 0xFF, 0xFF, 0xFF, 0xFF, 0xFF, 0xFF,
    0xFF, 0xFF, 0xFF, 0xFF, 0xDE, 0x0F, 0x00, 0x00, 0x00, 0x00, 0x00, 0x00, 0x00, 0x00, 0x9A, 0xFF,
    0xFF, 0xFF, 0xFF, 0xFF, 0xFF, 0xFF, 0xFF, 0xFF, 0xFF, 0xFF, 0xFF, 0xFF, 0xFF, 0xFF, 0xFF, 0xFF,
    0xFF, 0xFF, 0xFF, 0xFF, 0x99, 0x00, 0x00, 0x00, 0x00, 0x00, 0x00, 0x00, 0x2A, 0xFC, 0xFF, 0xFF,
    0xFF, 0xFF, 0xFF, 0xFF, 0xFF, 0xFF, 0xF9, 0xAE, 0x8B, 0xAC, 0xF8, 0xFF, 0xFF, 0xFF, 0xFF, 0xFF,
    0xFF, 0xFF, 0xFF, 0xFC, 0x29, 0x00, 0x00, 0x00, 0x00, 0x00, 0x00, 0x99, 0xFF, 0xFF, 0xFF, 0xFF,
    0xFF, 0xFF, 0xFF, 0xFF, 0xD7, 0x27, 0x00, 0x00, 0x00, 0x23, 0xD2, 0xFF, 0xFF, 0xFF, 0xFF, 0xFF,
    0xFF, 0xFF, 0xFF, 0x97, 0x00, 0x00, 0x00, 0x00, 0x00, 0x09, 0xF1, 0xFF, 0xFF, 0xFF, 0xFF, 0xFF,
    0xFF, 0xFF, 0xFA, 0x27, 0x00, 0x00, 0x00, 0x00, 0x00, 0x22, 0xF7, 0xFF, 0xFF, 0xFF, 0xFF, 0xFF,
    0xFF, 0xFF, 0xF0, 0x08, 0x00, 0x00, 0x00, 0x00, 0x45, 0xFF, 0xFF, 0xFF, 0xFF, 0xFF, 0xFF, 0xFF,
    0xFF, 0xA1, 0x00, 0x00, 0x00, 0x00, 0x00, 0x00, 0x00, 0x9B, 0xFF, 0xFF, 0xFF, 0xFF, 0xFF, 0xFF,
    0xFF, 0xFF, 0x43, 0x00, 0x00, 0x00, 0x00, 0x84, 0xFF, 0xFF, 0xFF, 0xFF, 0xFF, 0xFF, 0xFF, 0xFF,
    0x4A, 0x00, 0x00, 0x00, 0x00, 0x00, 0x00, 0x00, 0x47, 0xFF, 0xFF, 0xFF, 0xFF, 0xFF, 0xFF, 0xFF,
    0xFF, 0x83, 0x00, 0x00, 0x00, 0x00, 0xB0, 0xFF, 0xFF, 0xFF, 0xFF, 0xFF, 0xFF, 0xFF, 0xFF, 0x0E,
    0x00, 0x00, 0x00, 0x00, 0x00, 0x00, 0x00, 0x0E, 0xFF, 0xFF, 0xFF, 0xFF, 0xFF, 0xFF, 0xFF, 0xFF,
    0xAF, 0x00, 0x00, 0x00, 0x00, 0xD4, 0xFF, 0xFF, 0xFF, 0xFF, 0xFF, 0xFF, 0xFF, 0xE6, 0x00, 0x00,
    0x00, 0x00, 0x00, 0x00, 0x00, 0x00, 0x00, 0xE6, 0xFF, 0xFF, 0xFF, 0xFF, 0xFF, 0xFF, 0xFF, 0xD3,
    0x00, 0x00, 0x00, 0x00, 0xEB, 0xFF, 0xFF, 0xFF, 0xFF, 0xFF, 0xFF, 0xFF, 0xCE, 0x00, 0x00, 0x00,
    0x00, 0x00, 0x00, 0x00, 0x00, 0x00, 0xCE, 0xFF, 0xFF, 0xFF, 0xFF, 0xFF, 0xFF, 0xFF, 0xEA, 0x00,
    0x00, 0x00, 0x00, 0xF6, 0xFF, 0xFF, 0xFF, 0xFF, 0xFF, 0xFF, 0xFF, 0xC1, 0x00, 0x00, 0x00, 0x00,
    0x00, 0x00, 0x00, 0x00, 0x00, 0xC2, 0xFF, 0xFF, 0xFF, 0xFF, 0xFF, 0xFF, 0xFF, 0xF5, 0x00, 0x00,
    0x00, 0x00, 0xFD, 0xFF, 0xFF, 0xFF, 0xFF, 0xFF, 0xFF, 0xFF, 0xBD, 0x00, 0x00, 0x00, 0x00, 0x00,
    0x00, 0x00, 0x00, 0x00, 0xBD, 0xFF, 0xFF, 0xFF, 0xFF, 0xFF, 0xFF, 0xFF, 0xFC, 0x00, 0x00, 0x00,
    0x00, 0xF5, 0xFF, 0xFF, 0xFF, 0xFF, 0xFF, 0xFF, 0xFF, 0xC2, 0x00, 0x00, 0x00, 0x00, 0x00, 0x00,
    0x00, 0x00, 0x00, 0xC3, 0xFF, 0xFF, 0xFF, 0xFF, 0xFF, 0xFF, 0xFF, 0xF3, 0x00, 0x00, 0x00, 0x00,
    0xE9, 0xFF, 0xFF, 0xFF, 0xFF, 0xFF, 0xFF, 0xFF, 0xD1, 0x00, 0x00, 0x00, 0x00, 0x00, 0x00, 0x00,
    0x00, 0x00, 0xD2, 0xFF, 0xFF, 0xFF, 0xFF, 0xFF, 0xFF, 0xFF, 0xE8, 0x00, 0x00, 0x00, 0x00, 0xCF,
    0xFF, 0xFF, 0xFF, 0xFF, 0xFF, 0xFF, 0xFF, 0xEB, 0x00, 0x00, 0x00, 0x00, 0x00, 0x00, 0x00, 0x00,
    0x00, 0xEA, 0xFF, 0xFF, 0xFF, 0xFF, 0xFF, 0xFF, 0xFF, 0xCD, 0x00, 0x00, 0x00, 0x00, 0xAC, 0xFF,
    0xFF, 0xFF, 0xFF, 0xFF, 0xFF, 0xFF, 0xFF, 0x14, 0x00, 0x00, 0x00, 0x00, 0x00, 0x00, 0x00, 0x13,
    0xFF, 0xFF, 0xFF, 0xFF, 0xFF, 0xFF, 0xFF, 0xFF, 0xAA, 0x00, 0x00, 0x00, 0x00, 0x7D, 0xFF, 0xFF,
    0xFF, 0xFF, 0xFF, 0xFF, 0xFF, 0xFF, 0x53, 0x00, 0x00, 0x00, 0x00, 0x00, 0x00, 0x00, 0x50, 0xFF,
    0xFF, 0xFF, 0xFF, 0xFF, 0xFF, 0xFF, 0xFF, 0x7B, 0x00, 0x00, 0x00, 0x00, 0x3E, 0xFF, 0xFF, 0xFF,
    0xFF, 0xFF, 0xFF, 0xFF, 0xFF, 0xAC, 0x00, 0x00, 0x00, 0x00, 0x00, 0x00, 0x00, 0xA7, 0xFF, 0xFF,
    0xFF, 0xFF, 0xFF, 0xFF, 0xFF, 0xFF, 0x3B, 0x00, 0x00, 0x00, 0x00, 0x05, 0xEC, 0xFF, 0xFF, 0xFF,
    0xFF, 0xFF, 0xFF, 0xFF, 0xFD, 0x30, 0x00, 0x00, 0x00, 0x00, 0x00, 0x2A, 0xFB, 0xFF, 0xFF, 0xFF,
    0xFF, 0xFF, 0xFF, 0xFF, 0xE9, 0x04, 0x00, 0x00, 0x00, 0x00, 0x00, 0x91, 0xFF, 0xFF, 0xFF, 0xFF,
    0xFF, 0xFF, 0xFF, 0xFF, 0xDC, 0x2B, 0x00, 0x00, 0x00, 0x27, 0xD8, 0xFF, 0xFF, 0xFF, 0xFF, 0xFF,
    0xFF, 0xFF, 0xFF, 0x8D, 0x00, 0x00, 0x00, 0x00, 0x00, 0x00, 0x23, 0xFA, 0xFF, 0xFF, 0xFF, 0xFF,
    0xFF, 0xFF, 0xFF, 0xFF, 0xFA, 0xAF, 0x8B, 0xAD, 0xF9, 0xFF, 0xFF, 0xFF, 0xFF, 0xFF, 0xFF, 0xFF,
    0xFF, 0xF9, 0x20, 0x00, 0x00, 0x00, 0x00, 0x00, 0x00, 0x00, 0x92, 0xFF, 0xFF, 0xFF, 0xFF, 0xFF,
    0xFF, 0xFF, 0xFF, 0xFF, 0xFF, 0xFF, 0xFF, 0xFF, 0xFF, 0xFF, 0xFF, 0xFF, 0xFF, 0xFF, 0xFF, 0xFF,
    0x8D, 0x00, 0x00, 0x00, 0x00, 0x00, 0x00, 0x00, 0x00, 0x0B, 0xD8, 0xFF, 0xFF, 0xFF, 0xFF, 0xFF,
    0xFF, 0xFF, 0xFF, 0xFF, 0xFF, 0xFF, 0xFF, 0xFF, 0xFF, 0xFF, 0xFF, 0xFF, 0xFF, 0xFF, 0xD6, 0x0A,
    0x00, 0x00, 0x00, 0x00, 0x00, 0x00, 0x00, 0x00, 0x00, 0x2A, 0xEB, 0xFF, 0xFF, 0xFF, 0xFF, 0xFF,
    0xFF, 0xFF, 0xFF, 0xFF, 0xFF, 0xFF, 0xFF, 0xFF, 0xFF, 0xFF, 0xFF, 0xFF, 0xE9, 0x28, 0x00, 0x00,
    0x00, 0x00, 0x00, 0x00, 0x00, 0x00, 0x00, 0x00, 0x00, 0x2E, 0xE2, 0xFF, 0xFF, 0xFF, 0xFF, 0xFF,
    0xFF, 0xFF, 0xFF, 0xFF, 0xFF, 0xFF, 0xFF, 0xFF, 0xFF, 0xFF, 0xDF, 0x2B, 0x00, 0x00, 0x00, 0x00,
    0x00, 0x00, 0x00, 0x00, 0x00, 0x00, 0x00, 0x00, 0x00, 0x13, 0xA8, 0xFF, 0xFF, 0xFF, 0xFF, 0xFF,
    0xFF, 0xFF, 0xFF, 0xFF, 0xFF, 0xFF, 0xFF, 0xFE, 0xA4, 0x10, 0x00, 0x00, 0x00, 0x00, 0x00, 0x00,
    0x00, 0x00, 0x00, 0x00, 0x00, 0x00, 0x00, 0x00, 0x00, 0x00, 0x34, 0xA0, 0xF0, 0xFF, 0xFF, 0xFF,
    0xFF, 0xFF, 0xFF, 0xFF, 0xF0, 0x9E, 0x31, 0x00, 0x00, 0x00, 0x00, 0x00, 0x00, 0x00, 0x00, 0x00,
    0x00, 0x00, 0x00, 0x00, 0x00, 0x00, 0x00, 0x00, 0x00, 0x00, 0x00, 0x05, 0x30, 0x5D, 0x71, 0x7C,
    0x71, 0x5D, 0x30, 0x05, 0x00, 0x00, 0x00, 0x00, 0x00, 0x00, 0x00, 0x00, 0x00, 0x00, 0x00,
};
const AlphaBitmap kTodayAmountFontDigit0 = {kTodayAmountFontDigit0Alpha, 31, 33};

const uint8_t kTodayAmountFontDigit1Alpha[] = {
    0x00, 0x00, 0x00, 0x00, 0x00, 0x00, 0x00, 0x00, 0x00, 0x11, 0x4A, 0x64, 0x79, 0x6E, 0x39, 0x00,
    0x00, 0x00, 0x00, 0x00, 0x00, 0x00, 0x00, 0x00, 0x00, 0x00, 0x00, 0x00, 0x00, 0x17, 0x9C, 0xFA,
    0xFF, 0xFF, 0xFF, 0xFF, 0xFF, 0xC7, 0x1D, 0x00, 0x00, 0x00, 0x00, 0x00, 0x00, 0x00, 0x00, 0x00,
    0x00, 0x00, 0x57, 0xED, 0xFF, 0xFF, 0xFF, 0xFF, 0xFF, 0xFF, 0xFF, 0xFF, 0xD4, 0x06, 0x00, 0x00,
    0x00, 0x00, 0x00, 0x00, 0x00, 0x00, 0x12, 0xA7, 0xFF, 0xFF, 0xFF, 0xFF, 0xFF, 0xFF, 0xFF, 0xFF,
    0xFF, 0xFF, 0xFF, 0x5F, 0x00, 0x00, 0x00, 0x00, 0x00, 0x00, 0x00, 0x49, 0xE6, 0xFF, 0xFF, 0xFF,
    0xFF, 0xFF, 0xFF, 0xFF, 0xFF, 0xFF, 0xFF, 0xFF, 0xFF, 0xA1, 0x00, 0x00, 0x00, 0x00, 0x00, 0x07,
    0x98, 0xFF, 0xFF, 0xFF, 0xFF, 0xFF, 0xFF, 0xFF, 0xFF, 0xFF, 0xFF, 0xFF, 0xFF, 0xFF, 0xFF, 0xB8,
    0x00, 0x00, 0x00, 0x00, 0x02, 0xBA, 0xFF, 0xFF, 0xFF, 0xFF, 0xFF, 0xFF, 0xFF, 0xFF, 0xFF, 0xFF,
    0xFF, 0xFF, 0xFF, 0xFF, 0xFF, 0xBC, 0x00, 0x00, 0x00, 0x00, 0x48, 0xFF, 0xFF, 0xFF, 0xFF, 0xFF,
    0xFF, 0xFF, 0xFF, 0xFF, 0xFF, 0xFF, 0xFF, 0xFF, 0xFF, 0xFF, 0xFF, 0xBC, 0x00, 0x00, 0x00, 0x00,
    0x77, 0xFF, 0xFF, 0xFF, 0xFF, 0xFF, 0xFF, 0xFF, 0xF2, 0xFF, 0xFF, 0xFF, 0xFF, 0xFF, 0xFF, 0xFF,
    0xFF, 0xBC, 0x00, 0x00, 0x00, 0x00, 0x5E, 0xFF, 0xFF, 0xFF, 0xFF, 0xFF, 0xFF, 0xBE, 0x1D, 0xFF,
    0xFF, 0xFF, 0xFF, 0xFF, 0xFF, 0xFF, 0xFF, 0xBC, 0x00, 0x00, 0x00, 0x00, 0x0D, 0xE2, 0xFF, 0xFF,
    0xFF, 0xF8, 0x73, 0x01, 0x00, 0xFF, 0xFF, 0xFF, 0xFF, 0xFF, 0xFF, 0xFF, 0xFF, 0xBC, 0x00, 0x00,
    0x00, 0x00, 0x00, 0x1B, 0x98, 0xC1, 0x97, 0x25, 0x00, 0x00, 0x00, 0xFF, 0xFF, 0xFF, 0xFF, 0xFF,
    0xFF, 0xFF, 0xFF, 0xBC, 0x00, 0x00, 0x00, 0x00, 0x00, 0x00, 0x00, 0x00, 0x00, 0x00, 0x00, 0x00,
    0x00, 0xFF, 0xFF, 0xFF, 0xFF, 0xFF, 0xFF, 0xFF, 0xFF, 0xBC, 0x00, 0x00, 0x00, 0x00, 0x00, 0x00,
    0x00, 0x00, 0x00, 0x00, 0x00, 0x00, 0x00, 0xFF, 0xFF, 0xFF, 0xFF, 0xFF, 0xFF, 0xFF, 0xFF, 0xBC,
    0x00, 0x00, 0x00, 0x00, 0x00, 0x00, 0x00, 0x00, 0x00, 0x00, 0x00, 0x00, 0x00, 0xFF, 0xFF, 0xFF,
    0xFF, 0xFF, 0xFF, 0xFF, 0xFF, 0xBC, 0x00, 0x00, 0x00, 0x00, 0x00, 0x00, 0x00, 0x00, 0x00, 0x00,
    0x00, 0x00, 0x00, 0xFF, 0xFF, 0xFF, 0xFF, 0xFF, 0xFF, 0xFF, 0xFF, 0xBC, 0x00, 0x00, 0x00, 0x00,
    0x00, 0x00, 0x00, 0x00, 0x00, 0x00, 0x00, 0x00, 0x00, 0xFF, 0xFF, 0xFF, 0xFF, 0xFF, 0xFF, 0xFF,
    0xFF, 0xBC, 0x00, 0x00, 0x00, 0x00, 0x00, 0x00, 0x00, 0x00, 0x00, 0x00, 0x00, 0x00, 0x00, 0xFF,
    0xFF, 0xFF, 0xFF, 0xFF, 0xFF, 0xFF, 0xFF, 0xBC, 0x00, 0x00, 0x00, 0x00, 0x00, 0x00, 0x00, 0x00,
    0x00, 0x00, 0x00, 0x00, 0x00, 0xFF, 0xFF, 0xFF, 0xFF, 0xFF, 0xFF, 0xFF, 0xFF, 0xBC, 0x00, 0x00,
    0x00, 0x00, 0x00, 0x00, 0x00, 0x00, 0x00, 0x00, 0x00, 0x00, 0x00, 0xFF, 0xFF, 0xFF, 0xFF, 0xFF,
    0xFF, 0xFF, 0xFF, 0xBC, 0x00, 0x00, 0x00, 0x00, 0x00, 0x00, 0x00, 0x00, 0x00, 0x00, 0x00, 0x00,
    0x00, 0xFF, 0xFF, 0xFF, 0xFF, 0xFF, 0xFF, 0xFF, 0xFF, 0xBC, 0x00, 0x00, 0x00, 0x00, 0x00, 0x00,
    0x00, 0x00, 0x00, 0x00, 0x00, 0x00, 0x00, 0xFF, 0xFF, 0xFF, 0xFF, 0xFF, 0xFF, 0xFF, 0xFF, 0xBC,
    0x00, 0x00, 0x00, 0x00, 0x00, 0x00, 0x00, 0x00, 0x00, 0x00, 0x00, 0x00, 0x00, 0xFF, 0xFF, 0xFF,
    0xFF, 0xFF, 0xFF, 0xFF, 0xFF, 0xBC, 0x00, 0x00, 0x00, 0x00, 0x00, 0x00, 0x00, 0x00, 0x00, 0x00,
    0x00, 0x00, 0x00, 0xFF, 0xFF, 0xFF, 0xFF, 0xFF, 0xFF, 0xFF, 0xFF, 0xBC, 0x00, 0x00, 0x00, 0x00,
    0x00, 0x00, 0x00, 0x00, 0x00, 0x00, 0x00, 0x00, 0x00, 0xFF, 0xFF, 0xFF, 0xFF, 0xFF, 0xFF, 0xFF,
    0xFF, 0xBC, 0x00, 0x00, 0x00, 0x00, 0x00, 0x00, 0x00, 0x00, 0x00, 0x00, 0x00, 0x00, 0x00, 0xFF,
    0xFF, 0xFF, 0xFF, 0xFF, 0xFF, 0xFF, 0xFF, 0xBC, 0x00, 0x00, 0x00, 0x00, 0x00, 0x00, 0x00, 0x00,
    0x00, 0x00, 0x00, 0x00, 0x00, 0xFF, 0xFF, 0xFF, 0xFF, 0xFF, 0xFF, 0xFF, 0xFF, 0xBC, 0x00, 0x00,
    0x00, 0x00, 0x00, 0x00, 0x00, 0x00, 0x00, 0x00, 0x00, 0x00, 0x00, 0xFF, 0xFF, 0xFF, 0xFF, 0xFF,
    0xFF, 0xFF, 0xFF, 0xBC, 0x00, 0x00, 0x00, 0x00, 0x00, 0x00, 0x00, 0x00, 0x00, 0x00, 0x00, 0x00,
    0x00, 0xF6, 0xFF, 0xFF, 0xFF, 0xFF, 0xFF, 0xFF, 0xFF, 0xB1, 0x00, 0x00, 0x00, 0x00, 0x00, 0x00,
    0x00, 0x00, 0x00, 0x00, 0x00, 0x00, 0x00, 0xC9, 0xFF, 0xFF, 0xFF, 0xFF, 0xFF, 0xFF, 0xFF, 0x84,
    0x00, 0x00, 0x00, 0x00, 0x00, 0x00, 0x00, 0x00, 0x00, 0x00, 0x00, 0x00, 0x00, 0x5C, 0xFF, 0xFF,
    0xFF, 0xFF, 0xFF, 0xFF, 0xF6, 0x20, 0x00, 0x00, 0x00, 0x00, 0x00, 0x00, 0x00, 0x00, 0x00, 0x00,
    0x00, 0x00, 0x00, 0x00, 0x83, 0xFD, 0xFF, 0xFF, 0xFF, 0xF0, 0x4B, 0x00, 0x00, 0x00, 0x00, 0x00,
    0x00, 0x00, 0x00, 0x00, 0x00, 0x00, 0x00, 0x00, 0x00, 0x00, 0x00, 0x23, 0x69, 0x7A, 0x5C, 0x10,
    0x00, 0x00, 0x00, 0x00, 0x00, 0x00,
};
const AlphaBitmap kTodayAmountFontDigit1 = {kTodayAmountFontDigit1Alpha, 22, 33};

const uint8_t kTodayAmountFontDigit2Alpha[] = {
    0x00, 0x00, 0x00, 0x00, 0x00, 0x00, 0x00, 0x00, 0x00, 0x04, 0x33, 0x5A, 0x6C, 0x7B, 0x76, 0x67,
    0x47, 0x1B, 0x00, 0x00, 0x00, 0x00, 0x00, 0x00, 0x00, 0x00, 0x00, 0x00, 0x00, 0x00, 0x00, 0x00,
    0x00, 0x04, 0x50, 0xB4, 0xF5, 0xFF, 0xFF, 0xFF, 0xFF, 0xFF, 0xFF, 0xFF, 0xFF, 0xDB, 0x86, 0x1F,
    0x00, 0x00, 0x00, 0x00, 0x00, 0x00, 0x00, 0x00, 0x00, 0x00, 0x00, 0x3F, 0xD9, 0xFF, 0xFF, 0xFF,
    0xFF, 0xFF, 0xFF, 0xFF, 0xFF, 0xFF, 0xFF, 0xFF, 0xFF, 0xFF, 0xFA, 0x90, 0x0A, 0x00, 0x00, 0x00,
    0x00, 0x00, 0x00, 0x00, 0x00, 0x7B, 0xFE, 0xFF, 0xFF, 0xFF, 0xFF, 0xFF, 0xFF, 0xFF, 0xFF, 0xFF,
    0xFF, 0xFF, 0xFF, 0xFF, 0xFF, 0xFF, 0xFF, 0xD3, 0x1B, 0x00, 0x00, 0x00, 0x00, 0x00, 0x00, 0x76,
    0xFF, 0xFF, 0xFF, 0xFF, 0xFF, 0xFF, 0xFF, 0xFF, 0xFF, 0xFF, 0xFF, 0xFF, 0xFF, 0xFF, 0xFF, 0xFF,
    0xFF, 0xFF, 0xFF, 0xD5, 0x0D, 0x00, 0x00, 0x00, 0x00, 0x29, 0xFA, 0xFF, 0xFF, 0xFF, 0xFF, 0xFF,
    0xFF, 0xFF, 0xFF, 0xFF, 0xFF, 0xFF, 0xFF, 0xFF, 0xFF, 0xFF, 0xFF, 0xFF, 0xFF, 0xFF, 0xFF, 0x95,
    0x00, 0x00, 0x00, 0x00, 0xAA, 0xFF, 0xFF, 0xFF, 0xFF, 0xFF, 0xFF, 0xFF, 0xFF, 0xFF, 0xD5, 0xBF,
    0xE1, 0xFF, 0xFF, 0xFF, 0xFF, 0xFF, 0xFF, 0xFF, 0xFF, 0xFF, 0xFB, 0x19, 0x00, 0x00, 0x00, 0xED,
    0xFF, 0xFF, 0xFF, 0xFF, 0xFF, 0xFF, 0xFF, 0xE4, 0x3C, 0x00, 0x00, 0x00, 0x50, 0xF4, 0xFF, 0xFF,
    0xFF, 0xFF, 0xFF, 0xFF, 0xFF, 0xFF, 0x6C, 0x00, 0x00, 0x00, 0xF1, 0xFF, 0xFF, 0xFF, 0xFF, 0xFF,
    0xFF, 0xF1, 0x26, 0x00, 0x00, 0x00, 0x00, 0x00, 0x68, 0xFF, 0xFF, 0xFF, 0xFF, 0xFF, 0xFF, 0xFF,
    0xFF, 0xA0, 0x00, 0x00, 0x00, 0xBB, 0xFF, 0xFF, 0xFF, 0xFF, 0xFF, 0xFF, 0x52, 0x00, 0x00, 0x00,
    0x00, 0x00, 0x00, 0x12, 0xFF, 0xFF, 0xFF, 0xFF, 0xFF, 0xFF, 0xFF, 0xFF, 0xB5, 0x00, 0x00, 0x00,
    0x2C, 0xEB, 0xFF, 0xFF, 0xFF, 0xFD, 0x70, 0x00, 0x00, 0x00, 0x00, 0x00, 0x00, 0x00, 0x0C, 0xFF,
    0xFF, 0xFF, 0xFF, 0xFF, 0xFF, 0xFF, 0xFF, 0xAA, 0x00, 0x00, 0x00, 0x00, 0x12, 0x6B, 0x8E, 0x7D,
    0x2C, 0x00, 0x00, 0x00, 0x00, 0x00, 0x00, 0x00, 0x00, 0x47, 0xFF, 0xFF, 0xFF, 0xFF, 0xFF, 0xFF,
    0xFF, 0xFF, 0x90, 0x00, 0x00, 0x00, 0x00, 0x00, 0x00, 0x00, 0x00, 0x00, 0x00, 0x00, 0x00, 0x00,
    0x00, 0x00, 0x00, 0x02, 0xC4, 0xFF, 0xFF, 0xFF, 0xFF, 0xFF, 0xFF, 0xFF, 0xFF, 0x4C, 0x00, 0x00,
    0x00, 0x00, 0x00, 0x00, 0x00, 0x00, 0x00, 0x00, 0x00, 0x00, 0x00, 0x00, 0x00, 0x00, 0x85, 0xFF,
    0xFF, 0xFF, 0xFF, 0xFF, 0xFF, 0xFF, 0xFF, 0xE6, 0x07, 0x00, 0x00, 0x00, 0x00, 0x00, 0x00, 0x00,
    0x00, 0x00, 0x00, 0x00, 0x00, 0x00, 0x00, 0x00, 0x74, 0xFF, 0xFF, 0xFF, 0xFF, 0xFF, 0xFF, 0xFF,
    0xFF, 0xFF, 0x5C, 0x00, 0x00, 0x00, 0x00, 0x00, 0x00, 0x00, 0x00, 0x00, 0x00, 0x00, 0x00, 0x00,
    0x00, 0x00, 0x7F, 0xFF, 0xFF, 0xFF, 0xFF, 0xFF, 0xFF, 0xFF, 0xFF, 0xFF, 0xA3, 0x00, 0x00, 0x00,
    0x00, 0x00, 0x00, 0x00, 0x00, 0x00, 0x00, 0x00, 0x00, 0x00, 0x00, 0x02, 0x94, 0xFF, 0xFF, 0xFF,
    0xFF, 0xFF, 0xFF, 0xFF, 0xFF, 0xFF, 0xC1, 0x07, 0x00, 0x00, 0x00, 0x00, 0x00, 0x00, 0x00, 0x00,
    0x00, 0x00, 0x00, 0x00, 0x00, 0x08, 0xAE, 0xFF, 0xFF, 0xFF, 0xFF, 0xFF, 0xFF, 0xFF, 0xFF, 0xFF,
    0xBE, 0x0B, 0x00, 0x00, 0x00, 0x00, 0x00, 0x00, 0x00, 0x00, 0x00, 0x00, 0x00, 0x00, 0x00, 0x12,
    0xC4, 0xFF, 0xFF, 0xFF, 0xFF, 0xFF, 0xFF, 0xFF, 0xFF, 0xFF, 0xB4, 0x09, 0x00, 0x00, 0x00, 0x00,
    0x00, 0x00, 0x00, 0x00, 0x00, 0x00, 0x00, 0x00, 0x00, 0x1F, 0xD7, 0xFF, 0xFF, 0xFF, 0xFF, 0xFF,
    0xFF, 0xFF, 0xFF, 0xFF, 0x9F, 0x04, 0x00, 0x00, 0x00, 0x00, 0x00, 0x00, 0x00, 0x00, 0x00, 0x00,
    0x00, 0x00, 0x00, 0x2F, 0xE6, 0xFF, 0xFF, 0xFF, 0xFF, 0xFF, 0xFF, 0xFF, 0xFF, 0xFF, 0x82, 0x00,
    0x00, 0x00, 0x00, 0x00, 0x00, 0x00, 0x00, 0x00, 0x00, 0x00, 0x00, 0x00, 0x00, 0x43, 0xF1, 0xFF,
    0xFF, 0xFF, 0xFF, 0xFF, 0xFF, 0xFF, 0xFF, 0xFA, 0x5F, 0x00, 0x00, 0x00, 0x00, 0x00, 0x00, 0x00,
    0x00, 0x00, 0x00, 0x00, 0x00, 0x00, 0x00, 0x5A, 0xF9, 0xFF, 0xFF, 0xFF, 0xFF, 0xFF, 0xFF, 0xFF,
    0xFF, 0xEF, 0x41, 0x00, 0x00, 0x00, 0x00, 0x00, 0x00, 0x00, 0x00, 0x00, 0x00, 0x00, 0x00, 0x00,
    0x00, 0x73, 0xFE, 0xFF, 0xFF, 0xFF, 0xFF, 0xFF, 0xFF, 0xFF, 0xFF, 0xDD, 0x28, 0x00, 0x00, 0x00,
    0x00, 0x00, 0x00, 0x00, 0x00, 0x00, 0x00, 0x00, 0x00, 0x00, 0x00, 0x78, 0xFF, 0xFF, 0xFF, 0xFF,
    0xFF, 0xFF, 0xFF, 0xFF, 0xFF, 0xC7, 0x15, 0x00, 0x00, 0x00, 0x00, 0x00, 0x00, 0x00, 0x00, 0x00,
    0x00, 0x00, 0x00, 0x00, 0x00, 0x40, 0xFE, 0xFF, 0xFF, 0xFF, 0xFF, 0xFF, 0xFF, 0xFF, 0xFF, 0xFF,
    0xFF, 0xFF, 0xFF, 0xFF, 0xFF, 0xFF, 0xFF, 0xFF, 0xFF, 0xFC, 0xDA, 0x74, 0x02, 0x00, 0x00, 0x00,
    0xB8, 0xFF, 0xFF, 0xFF, 0xFF, 0xFF, 0xFF, 0xFF, 0xFF, 0xFF, 0xFF, 0xFF, 0xFF, 0xFF, 0xFF, 0xFF,
    0xFF, 0xFF, 0xFF, 0xFF, 0xFF, 0xFF, 0xFF, 0x6F, 0x00, 0x00, 0x00, 0xF0, 0xFF, 0xFF, 0xFF, 0xFF,
    0xFF, 0xFF, 0xFF, 0xFF, 0xFF, 0xFF, 0xFF, 0xFF, 0xFF, 0xFF, 0xFF, 0xFF, 0xFF, 0xFF, 0xFF, 0xFF,
    0xFF, 0xFF, 0xD7, 0x00, 0x00, 0x00, 0xEE, 0xFF, 0xFF, 0xFF, 0xFF, 0xFF, 0xFF, 0xFF, 0xFF, 0xFF,
    0xFF, 0xFF, 0xFF, 0xFF, 0xFF, 0xFF, 0xFF, 0xFF, 0xFF, 0xFF, 0xFF, 0xFF, 0xFF, 0xF5, 0x00, 0x00,
    0x00, 0xBE, 0xFF, 0xFF, 0xFF, 0xFF, 0xFF, 0xFF, 0xFF, 0xFF, 0xFF, 0xFF, 0xFF, 0xFF, 0xFF, 0xFF,
    0xFF, 0xFF, 0xFF, 0xFF, 0xFF, 0xFF, 0xFF, 0xFF, 0xD6, 0x00, 0x00, 0x00, 0x3F, 0xFE, 0xFF, 0xFF,
    0xFF, 0xFF, 0xFF, 0xFF, 0xFF, 0xFF, 0xFF, 0xFF, 0xFF, 0xFF, 0xFF, 0xFF, 0xFF, 0xFF, 0xFF, 0xFF,
    0xFF, 0xFF, 0xFF, 0x6C, 0x00, 0x00, 0x00, 0x00, 0x4D, 0xC7, 0xF5, 0xFF, 0xFF, 0xFF, 0xFF, 0xFF,
    0xFF, 0xFF, 0xFF, 0xFF, 0xFF, 0xFF, 0xFF, 0xFF, 0xFF, 0xFF, 0xFF, 0xFC, 0xD9, 0x71, 0x01, 0x00,
    0x00, 0x00, 0x00, 0x00, 0x00, 0x00, 0x00, 0x00, 0x00, 0x00, 0x00, 0x00, 0x00, 0x00, 0x00, 0x00,
    0x00, 0x00, 0x00, 0x00, 0x00, 0x00, 0x00, 0x00, 0x00, 0x00, 0x00,
};
const AlphaBitmap kTodayAmountFontDigit2 = {kTodayAmountFontDigit2Alpha, 27, 33};

const uint8_t kTodayAmountFontDigit3Alpha[] = {
    0x00, 0x00, 0x00, 0x00, 0x00, 0x00, 0x00, 0x00, 0x00, 0x00, 0x10, 0x45, 0x5B, 0x6D, 0x7B, 0x6E,
    0x5C, 0x49, 0x1B, 0x00, 0x00, 0x00, 0x00, 0x00, 0x00, 0x00, 0x00, 0x00, 0x00, 0x00, 0x00, 0x00,
    0x00, 0x00, 0x00, 0x13, 0x7D, 0xCD, 0xFD, 0xFF, 0xFF, 0xFF, 0xFF, 0xFF, 0xFF, 0xFF, 0xFF, 0xDF,
    0xA1, 0x48, 0x02, 0x00, 0x00, 0x00, 0x00, 0x00, 0x00, 0x00, 0x00, 0x00, 0x00, 0x05, 0x85, 0xF4,
    0xFF, 0xFF, 0xFF, 0xFF, 0xFF, 0xFF, 0xFF, 0xFF, 0xFF, 0xFF, 0xFF, 0xFF, 0xFF, 0xFF, 0xD2, 0x40,
    0x00, 0x00, 0x00, 0x00, 0x00, 0x00, 0x00, 0x00, 0x1A, 0xC9, 0xFF, 0xFF, 0xFF, 0xFF, 0xFF, 0xFF,
    0xFF, 0xFF, 0xFF, 0xFF, 0xFF, 0xFF, 0xFF, 0xFF, 0xFF, 0xFF, 0xFF, 0xFD, 0x74, 0x00, 0x00, 0x00,
    0x00, 0x00, 0x00, 0x0E, 0xD1, 0xFF, 0xFF, 0xFF, 0xFF, 0xFF, 0xFF, 0xFF, 0xFF, 0xFF, 0xFF, 0xFF,
    0xFF, 0xFF, 0xFF, 0xFF, 0xFF, 0xFF, 0xFF, 0xFF, 0xFF, 0x62, 0x00, 0x00, 0x00, 0x00, 0x00, 0x9B,
    0xFF, 0xFF, 0xFF, 0xFF, 0xFF, 0xFF, 0xFF, 0xFF, 0xFF, 0xFF, 0xFF, 0xFF, 0xFF, 0xFF, 0xFF, 0xFF,
    0xFF, 0xFF, 0xFF, 0xFF, 0xFF, 0xF2, 0x11, 0x00, 0x00, 0x00, 0x21, 0xFC, 0xFF, 0xFF, 0xFF, 0xFF,
    0xFF, 0xFF, 0xFF, 0xFF, 0xF9, 0xD6, 0xBF, 0xDC, 0xFF, 0xFF, 0xFF, 0xFF, 0xFF, 0xFF, 0xFF, 0xFF,
    0xFF, 0xFF, 0x69, 0x00, 0x00, 0x00, 0x62, 0xFF, 0xFF, 0xFF, 0xFF, 0xFF, 0xFF, 0xFF, 0xFF, 0x98,
    0x10, 0x00, 0x00, 0x00, 0x39, 0xE4, 0xFF, 0xFF, 0xFF, 0xFF, 0xFF, 0xFF, 0xFF, 0xFF, 0xA2, 0x00,
    0x00, 0x00, 0x5A, 0xFF, 0xFF, 0xFF, 0xFF, 0xFF, 0xFF, 0xFF, 0xA0, 0x00, 0x00, 0x00, 0x00, 0x00,
    0x00, 0x47, 0xFF, 0xFF, 0xFF, 0xFF, 0xFF, 0xFF, 0xFF, 0xFF, 0xB5, 0x00, 0x00, 0x00, 0x1C, 0xF5,
    0xFF, 0xFF, 0xFF, 0xFF, 0xFF, 0xDA, 0x0C, 0x00, 0x00, 0x00, 0x00, 0x00, 0x00, 0x0A, 0xFF, 0xFF,
    0xFF, 0xFF, 0xFF, 0xFF, 0xFF, 0xFF, 0x9E, 0x00, 0x00, 0x00, 0x00, 0x54, 0xEC, 0xFF, 0xFF, 0xFF,
    0xC8, 0x20, 0x00, 0x00, 0x00, 0x00, 0x00, 0x00, 0x00, 0x27, 0xFF, 0xFF, 0xFF, 0xFF, 0xFF, 0xFF,
    0xFF, 0xFF, 0x6F, 0x00, 0x00, 0x00, 0x00, 0x00, 0x09, 0x31, 0x43, 0x25, 0x00, 0x00, 0x00, 0x00,
    0x00, 0x00, 0x00, 0x00, 0x05, 0xB3, 0xFF, 0xFF, 0xFF, 0xFF, 0xFF, 0xFF, 0xFF, 0xF3, 0x10, 0x00,
    0x00, 0x00, 0x00, 0x00, 0x00, 0x00, 0x00, 0x00, 0x00, 0x00, 0x00, 0x00, 0x13, 0x36, 0x48, 0x78,
    0xDA, 0xFF, 0xFF, 0xFF, 0xFF, 0xFF, 0xFF, 0xFF, 0xFF, 0x5F, 0x00, 0x00, 0x00, 0x00, 0x00, 0x00,
    0x00, 0x00, 0x00, 0x00, 0x00, 0x00, 0x07, 0xAA, 0xFF, 0xFF, 0xFF, 0xFF, 0xFF, 0xFF, 0xFF, 0xFF,
    0xFF, 0xFF, 0xFF, 0xFB, 0x70, 0x00, 0x00, 0x00, 0x00, 0x00, 0x00, 0x00, 0x00, 0x00, 0x00, 0x00,
    0x00, 0x00, 0x77, 0xFF, 0xFF, 0xFF, 0xFF, 0xFF, 0xFF, 0xFF, 0xFF, 0xFF, 0xFF, 0xFF, 0xBA, 0x36,
    0x00, 0x00, 0x00, 0x00, 0x00, 0x00, 0x00, 0x00, 0x00, 0x00, 0x00, 0x00, 0x00, 0x00, 0xB8, 0xFF,
    0xFF, 0xFF, 0xFF, 0xFF, 0xFF, 0xFF, 0xFF, 0xFF, 0x99, 0x2B, 0x00, 0x00, 0x00, 0x00, 0x00, 0x00,
    0x00, 0x00, 0x00, 0x00, 0x00, 0x00, 0x00, 0x00, 0x00, 0x00, 0xB0, 0xFF, 0xFF, 0xFF, 0xFF, 0xFF,
    0xFF, 0xFF, 0xFF, 0xFF, 0xFF, 0xF6, 0xAB, 0x36, 0x00, 0x00, 0x00, 0x00, 0x00, 0x00, 0x00, 0x00,
    0x00, 0x00, 0x00, 0x00, 0x00, 0x00, 0x61, 0xFF, 0xFF, 0xFF, 0xFF, 0xFF, 0xFF, 0xFF, 0xFF, 0xFF,
    0xFF, 0xFF, 0xFF, 0xFE, 0x8B, 0x02, 0x00, 0x00, 0x00, 0x00, 0x00, 0x00, 0x00, 0x00, 0x00, 0x00,
    0x00, 0x00, 0x01, 0x7A, 0xDF, 0xFD, 0xFF, 0xFF, 0xFF, 0xFF, 0xFF, 0xFF, 0xFF, 0xFF, 0xFF, 0xFF,
    0xFF, 0x8D, 0x00, 0x00, 0x00, 0x00, 0x00, 0x00, 0x00, 0x00, 0x00, 0x00, 0x00, 0x00, 0x00, 0x00,
    0x00, 0x01, 0x0E, 0x37, 0x8F, 0xFA, 0xFF, 0xFF, 0xFF, 0xFF, 0xFF, 0xFF, 0xFF, 0xFF, 0x35, 0x00,
    0x00, 0x00, 0x00, 0x00, 0x00, 0x00, 0x00, 0x00, 0x00, 0x00, 0x00, 0x00, 0x00, 0x00, 0x00, 0x00,
    0x00, 0x52, 0xFF, 0xFF, 0xFF, 0xFF, 0xFF, 0xFF, 0xFF, 0xFF, 0xA0, 0x00, 0x00, 0x00, 0x00, 0x41,
    0xBA, 0xE4, 0xE3, 0xAA, 0x2D, 0x00, 0x00, 0x00, 0x00, 0x00, 0x00, 0x00, 0x00, 0x00, 0xDA, 0xFF,
    0xFF, 0xFF, 0xFF, 0xFF, 0xFF, 0xFF, 0xDD, 0x00, 0x00, 0x00, 0x58, 0xFF, 0xFF, 0xFF, 0xFF, 0xFF,
    0xF7, 0x3D, 0x00, 0x00, 0x00, 0x00, 0x00, 0x00, 0x00, 0x00, 0xC6, 0xFF, 0xFF, 0xFF, 0xFF, 0xFF,
    0xFF, 0xFF, 0xF7, 0x00, 0x00, 0x00, 0xD5, 0xFF, 0xFF, 0xFF, 0xFF, 0xFF, 0xFF, 0xED, 0x23, 0x00,
    0x00, 0x00, 0x00, 0x00, 0x00, 0x11, 0xF3, 0xFF, 0xFF, 0xFF, 0xFF, 0xFF, 0xFF, 0xFF, 0xF4, 0x00,
    0x00, 0x00, 0xFA, 0xFF, 0xFF, 0xFF, 0xFF, 0xFF, 0xFF, 0xFF, 0xDB, 0x2F, 0x00, 0x00, 0x00, 0x00,
    0x0F, 0xB7, 0xFF, 0xFF, 0xFF, 0xFF, 0xFF, 0xFF, 0xFF, 0xFF, 0xD9, 0x00, 0x00, 0x00, 0xE7, 0xFF,
    0xFF, 0xFF, 0xFF, 0xFF, 0xFF, 0xFF, 0xFF, 0xFE, 0xC1, 0x90, 0x85, 0xA1, 0xED, 0xFF, 0xFF, 0xFF,
    0xFF, 0xFF, 0xFF, 0xFF, 0xFF, 0xFF, 0xA0, 0x00, 0x00, 0x00, 0x95, 0xFF, 0xFF, 0xFF, 0xFF, 0xFF,
    0xFF, 0xFF, 0xFF, 0xFF, 0xFF, 0xFF, 0xFF, 0xFF, 0xFF, 0xFF, 0xFF, 0xFF, 0xFF, 0xFF, 0xFF, 0xFF,
    0xFF, 0xFF, 0x42, 0x00, 0x00, 0x00, 0x1C, 0xF3, 0xFF, 0xFF, 0xFF, 0xFF, 0xFF, 0xFF, 0xFF, 0xFF,
    0xFF, 0xFF, 0xFF, 0xFF, 0xFF, 0xFF, 0xFF, 0xFF, 0xFF, 0xFF, 0xFF, 0xFF, 0xFF, 0xBA, 0x00, 0x00,
    0x00, 0x00, 0x00, 0x4F, 0xFE, 0xFF, 0xFF, 0xFF, 0xFF, 0xFF, 0xFF, 0xFF, 0xFF, 0xFF, 0xFF, 0xFF,
    0xFF, 0xFF, 0xFF, 0xFF, 0xFF, 0xFF, 0xFF, 0xFF, 0xE4, 0x1A, 0x00, 0x00, 0x00, 0x00, 0x00, 0x00,
    0x58, 0xF4, 0xFF, 0xFF, 0xFF, 0xFF, 0xFF, 0xFF, 0xFF, 0xFF, 0xFF, 0xFF, 0xFF, 0xFF, 0xFF, 0xFF,
    0xFF, 0xFF, 0xFF, 0xDA, 0x24, 0x00, 0x00, 0x00, 0x00, 0x00, 0x00, 0x00, 0x00, 0x2C, 0xBF, 0xFF,
    0xFF, 0xFF, 0xFF, 0xFF, 0xFF, 0xFF, 0xFF, 0xFF, 0xFF, 0xFF, 0xFF, 0xFF, 0xFF, 0xF8, 0x8F, 0x0C,
    0x00, 0x00, 0x00, 0x00, 0x00, 0x00, 0x00, 0x00, 0x00, 0x00, 0x00, 0x3F, 0xAC, 0xF5, 0xFF, 0xFF,
    0xFF, 0xFF, 0xFF, 0xFF, 0xFF, 0xFF, 0xFD, 0xCF, 0x7B, 0x19, 0x00, 0x00, 0x00, 0x00, 0x00, 0x00,
    0x00, 0x00, 0x00, 0x00, 0x00, 0x00, 0x00, 0x00, 0x00, 0x05, 0x31, 0x58, 0x71, 0x7B, 0x7C, 0x72,
    0x5E, 0x3D, 0x0E, 0x00, 0x00, 0x00, 0x00, 0x00, 0x00, 0x00, 0x00, 0x00,
};
const AlphaBitmap kTodayAmountFontDigit3 = {kTodayAmountFontDigit3Alpha, 28, 33};

const uint8_t kTodayAmountFontDigit4Alpha[] = {
    0x00, 0x00, 0x00, 0x00, 0x00, 0x00, 0x00, 0x00, 0x00, 0x00, 0x00, 0x00, 0x00, 0x00, 0x1A, 0x55,
    0x74, 0x7A, 0x69, 0x3D, 0x08, 0x00, 0x00, 0x00, 0x00, 0x00, 0x00, 0x00, 0x00, 0x00, 0x00, 0x00,
    0x00, 0x00, 0x00, 0x00, 0x00, 0x00, 0x00, 0x00, 0x00, 0x24, 0xB0, 0xFD, 0xFF, 0xFF, 0xFF, 0xFF,
    0xFF, 0xEF, 0x87, 0x0A, 0x00, 0x00, 0x00, 0x00, 0x00, 0x00, 0x00, 0x00, 0x00, 0x00, 0x00, 0x00,
    0x00, 0x00, 0x00, 0x00, 0x00, 0x42, 0xF1, 0xFF, 0xFF, 0xFF, 0xFF, 0xFF, 0xFF, 0xFF, 0xFF, 0xFF,
    0xD6, 0x18, 0x00, 0x00, 0x00, 0x00, 0x00, 0x00, 0x00, 0x00, 0x00, 0x00, 0x00, 0x00, 0x00, 0x00,
    0x00, 0x36, 0xF5, 0xFF, 0xFF, 0xFF, 0xFF, 0xFF, 0xFF, 0xFF, 0xFF, 0xFF, 0xFF, 0xFF, 0xC7, 0x01,
    0x00, 0x00, 0x00, 0x00, 0x00, 0x00, 0x00, 0x00, 0x00, 0x00, 0x00, 0x00, 0x00, 0x14, 0xE4, 0xFF,
    0xFF, 0xFF, 0xFF, 0xFF, 0xFF, 0xFF, 0xFF, 0xFF, 0xFF, 0xFF, 0xFF, 0xFF, 0x4D, 0x00, 0x00, 0x00,
    0x00, 0x00, 0x00, 0x00, 0x00, 0x00, 0x00, 0x00, 0x00, 0x00, 0xAB, 0xFF, 0xFF, 0xFF, 0xFF, 0xFF,
    0xFF, 0xFF, 0xFF, 0xFF, 0xFF, 0xFF, 0xFF, 0xFF, 0xFF, 0x97, 0x00, 0x00, 0x00, 0x00, 0x00, 0x00,
    0x00, 0x00, 0x00, 0x00, 0x00, 0x00, 0x52, 0xFF, 0xFF, 0xFF, 0xFF, 0xFF, 0xFF, 0xFF, 0xFF, 0xFF,
    0xFF, 0xFF, 0xFF, 0xFF, 0xFF, 0xFF, 0xB4, 0x00, 0x00, 0x00, 0x00, 0x00, 0x00, 0x00, 0x00, 0x00,
    0x00, 0x00, 0x0D, 0xE4, 0xFF, 0xFF, 0xFF, 0xFF, 0xFF, 0xFF, 0x91, 0xFF, 0xFF, 0xFF, 0xFF, 0xFF,
    0xFF, 0xFF, 0xFF, 0xBC, 0x00, 0x00, 0x00, 0x00, 0x00, 0x00, 0x00, 0x00, 0x00, 0x00, 0x00, 0x92,
    0xFF, 0xFF, 0xFF, 0xFF, 0xFF, 0xFF, 0xDF, 0x0B, 0xFF, 0xFF, 0xFF, 0xFF, 0xFF, 0xFF, 0xFF, 0xFF,
    0xBC, 0x00, 0x00, 0x00, 0x00, 0x00, 0x00, 0x00, 0x00, 0x00, 0x00, 0x33, 0xFD, 0xFF, 0xFF, 0xFF,
    0xFF, 0xFF, 0xFF, 0x48, 0x00, 0xFF, 0xFF, 0xFF, 0xFF, 0xFF, 0xFF, 0xFF, 0xFF, 0xBC, 0x00, 0x00,
    0x00, 0x00, 0x00, 0x00, 0x00, 0x00, 0x00, 0x02, 0xCA, 0xFF, 0xFF, 0xFF, 0xFF, 0xFF, 0xFF, 0xA4,
    0x00, 0x00, 0xFF, 0xFF, 0xFF, 0xFF, 0xFF, 0xFF, 0xFF, 0xFF, 0xBC, 0x00, 0x00, 0x00, 0x00, 0x00,
    0x00, 0x00, 0x00, 0x00, 0x67, 0xFF, 0xFF, 0xFF, 0xFF, 0xFF, 0xFF, 0xEE, 0x14, 0x00, 0x00, 0xFF,
    0xFF, 0xFF, 0xFF, 0xFF, 0xFF, 0xFF, 0xFF, 0xBC, 0x00, 0x00, 0x00, 0x00, 0x00, 0x00, 0x00, 0x00,
    0x13, 0xED, 0xFF, 0xFF, 0xFF, 0xFF, 0xFF, 0xFF, 0x6C, 0x00, 0x00, 0x00, 0xFF, 0xFF, 0xFF, 0xFF,
    0xFF, 0xFF, 0xFF, 0xFF, 0xBC, 0x00, 0x00, 0x00, 0x00, 0x00, 0x00, 0x00, 0x00, 0x97, 0xFF, 0xFF,
    0xFF, 0xFF, 0xFF, 0xFF, 0xD3, 0x03, 0x00, 0x00, 0x00, 0xFF, 0xFF, 0xFF, 0xFF, 0xFF, 0xFF, 0xFF,
    0xFF, 0xBC, 0x00, 0x00, 0x00, 0x00, 0x00, 0x00, 0x00, 0x2B, 0xFC, 0xFF, 0xFF, 0xFF, 0xFF, 0xFF,
    0xFF, 0x41, 0x00, 0x00, 0x00, 0x00, 0xFF, 0xFF, 0xFF, 0xFF, 0xFF, 0xFF, 0xFF, 0xFF, 0xBC, 0x00,
    0x00, 0x00, 0x00, 0x00, 0x00, 0x00, 0xB9, 0xFF, 0xFF, 0xFF, 0xFF, 0xFF, 0xFF, 0xAC, 0x00, 0x00,
    0x00, 0x00, 0x00, 0xFF, 0xFF, 0xFF, 0xFF, 0xFF, 0xFF, 0xFF, 0xFF, 0xBC, 0x00, 0x00, 0x00, 0x00,
    0x00, 0x00, 0x49, 0xFF, 0xFF, 0xFF, 0xFF, 0xFF, 0xFF, 0xFB, 0x26, 0x00, 0x00, 0x00, 0x00, 0x00,
    0xFF, 0xFF, 0xFF, 0xFF, 0xFF, 0xFF, 0xFF, 0xFF, 0xBC, 0x00, 0x00, 0x00, 0x00, 0x00, 0x00, 0xCC,
    0xFF, 0xFF, 0xFF, 0xFF, 0xFF, 0xFF, 0x98, 0x00, 0x00, 0x00, 0x00, 0x00, 0x00, 0xFF, 0xFF, 0xFF,
    0xFF, 0xFF, 0xFF, 0xFF, 0xFF, 0xBC, 0x00, 0x00, 0x00, 0x00, 0x00, 0x3F, 0xFF, 0xFF, 0xFF, 0xFF,
    0xFF, 0xFF, 0xF8, 0x1C, 0x00, 0x00, 0x00, 0x00, 0x00, 0x00, 0xFF, 0xFF, 0xFF, 0xFF, 0xFF, 0xFF,
    0xFF, 0xFF, 0xBC, 0x00, 0x00, 0x00, 0x00, 0x00, 0x9A, 0xFF, 0xFF, 0xFF, 0xFF, 0xFF, 0xFF, 0x94,
    0x00, 0x00, 0x00, 0x00, 0x00, 0x00, 0x00, 0xFF, 0xFF, 0xFF, 0xFF, 0xFF, 0xFF, 0xFF, 0xFF, 0xBC,
    0x00, 0x00, 0x00, 0x00, 0x00, 0xD8, 0xFF, 0xFF, 0xFF, 0xFF, 0xFF, 0xFF, 0xFF, 0xFF, 0xFF, 0xFF,
    0xFF, 0xFF, 0xFF, 0xFF, 0xFF, 0xFF, 0xFF, 0xFF, 0xFF, 0xFF, 0xFF, 0xFF, 0xFF, 0xF1, 0xA7, 0x0C,
    0x00, 0x00, 0xF7, 0xFF, 0xFF, 0xFF, 0xFF, 0xFF, 0xFF, 0xFF, 0xFF, 0xFF, 0xFF, 0xFF, 0xFF, 0xFF,
    0xFF, 0xFF, 0xFF, 0xFF, 0xFF, 0xFF, 0xFF, 0xFF, 0xFF, 0xFF, 0xFF, 0xFF, 0x8D, 0x00, 0x00, 0xF4,
    0xFF, 0xFF, 0xFF, 0xFF, 0xFF, 0xFF, 0xFF, 0xFF, 0xFF, 0xFF, 0xFF, 0xFF, 0xFF, 0xFF, 0xFF, 0xFF,
    0xFF, 0xFF, 0xFF, 0xFF, 0xFF, 0xFF, 0xFF, 0xFF, 0xFF, 0xE0, 0x00, 0x00, 0xC2, 0xFF, 0xFF, 0xFF,
    0xFF, 0xFF, 0xFF, 0xFF, 0xFF, 0xFF, 0xFF, 0xFF, 0xFF, 0xFF, 0xFF, 0xFF, 0xFF, 0xFF, 0xFF, 0xFF,
    0xFF, 0xFF, 0xFF, 0xFF, 0xFF, 0xFF, 0xF8, 0x00, 0x00, 0x53, 0xFF, 0xFF, 0xFF, 0xFF, 0xFF, 0xFF,
    0xFF, 0xFF, 0xFF, 0xFF, 0xFF, 0xFF, 0xFF, 0xFF, 0xFF, 0xFF, 0xFF, 0xFF, 0xFF, 0xFF, 0xFF, 0xFF,
    0xFF, 0xFF, 0xFF, 0xDF, 0x00, 0x00, 0x00, 0x88, 0xFF, 0xFF, 0xFF, 0xFF, 0xFF, 0xFF, 0xFF, 0xFF,
    0xFF, 0xFF, 0xFF, 0xFF, 0xFF, 0xFF, 0xFF, 0xFF, 0xFF, 0xFF, 0xFF, 0xFF, 0xFF, 0xFF, 0xFF, 0xFF,
    0x8C, 0x00, 0x00, 0x00, 0x00, 0x47, 0xB4, 0xEB, 0xFE, 0xFF, 0xFF, 0xFF, 0xFF, 0xFF, 0xFF, 0xFF,
    0xFF, 0xFF, 0xFF, 0xFF, 0xFF, 0xFF, 0xFF, 0xFF, 0xFF, 0xFF, 0xFF, 0xF2, 0xA6, 0x0C, 0x00, 0x00,
    0x00, 0x00, 0x00, 0x00, 0x00, 0x00, 0x00, 0x00, 0x00, 0x00, 0x00, 0x00, 0x00, 0x00, 0x00, 0xFF,
    0xFF, 0xFF, 0xFF, 0xFF, 0xFF, 0xFF, 0xFF, 0xBC, 0x00, 0x00, 0x00, 0x00, 0x00, 0x00, 0x00, 0x00,
    0x00, 0x00, 0x00, 0x00, 0x00, 0x00, 0x00, 0x00, 0x00, 0x00, 0x00, 0x00, 0xF9, 0xFF, 0xFF, 0xFF,
    0xFF, 0xFF, 0xFF, 0xFF, 0xB4, 0x00, 0x00, 0x00, 0x00, 0x00, 0x00, 0x00, 0x00, 0x00, 0x00, 0x00,
    0x00, 0x00, 0x00, 0x00, 0x00, 0x00, 0x00, 0x00, 0x00, 0xD6, 0xFF, 0xFF, 0xFF, 0xFF, 0xFF, 0xFF,
    0xFF, 0x91, 0x00, 0x00, 0x00, 0x00, 0x00, 0x00, 0x00, 0x00, 0x00, 0x00, 0x00, 0x00, 0x00, 0x00,
    0x00, 0x00, 0x00, 0x00, 0x00, 0x00, 0x78, 0xFF, 0xFF, 0xFF, 0xFF, 0xFF, 0xFF, 0xFD, 0x34, 0x00,
    0x00, 0x00, 0x00, 0x00, 0x00, 0x00, 0x00, 0x00, 0x00, 0x00, 0x00, 0x00, 0x00, 0x00, 0x00, 0x00,
    0x00, 0x00, 0x00, 0x03, 0x9C, 0xFF, 0xFF, 0xFF, 0xFF, 0xF6, 0x61, 0x00, 0x00, 0x00, 0x00, 0x00,
    0x00, 0x00, 0x00, 0x00, 0x00, 0x00, 0x00, 0x00, 0x00, 0x00, 0x00, 0x00, 0x00, 0x00, 0x00, 0x00,
    0x00, 0x00, 0x29, 0x6B, 0x7B, 0x5F, 0x15, 0x00, 0x00, 0x00, 0x00, 0x00, 0x00,
};
const AlphaBitmap kTodayAmountFontDigit4 = {kTodayAmountFontDigit4Alpha, 29, 33};

const uint8_t kTodayAmountFontDigit5Alpha[] = {
    0x00, 0x00, 0x00, 0x00, 0x00, 0x00, 0x00, 0x00, 0x00, 0x00, 0x00, 0x00, 0x00, 0x00, 0x00, 0x00,
    0x00, 0x00, 0x00, 0x00, 0x00, 0x00, 0x00, 0x00, 0x00, 0x00, 0x00, 0x00, 0x00, 0x00, 0x00, 0x00,
    0x26, 0x9D, 0xDB, 0xF9, 0xFF, 0xFF, 0xFF, 0xFF, 0xFF, 0xFF, 0xFF, 0xFF, 0xFF, 0xFF, 0xFF, 0xFF,
    0xFF, 0xFF, 0xE6, 0xA0, 0x18, 0x00, 0x00, 0x00, 0x00, 0x00, 0x00, 0x32, 0xF5, 0xFF, 0xFF, 0xFF,
    0xFF, 0xFF, 0xFF, 0xFF, 0xFF, 0xFF, 0xFF, 0xFF, 0xFF, 0xFF, 0xFF, 0xFF, 0xFF, 0xFF, 0xFF, 0xFF,
    0xCA, 0x03, 0x00, 0x00, 0x00, 0x00, 0x00, 0xB3, 0xFF, 0xFF, 0xFF, 0xFF, 0xFF, 0xFF, 0xFF, 0xFF,
    0xFF, 0xFF, 0xFF, 0xFF, 0xFF, 0xFF, 0xFF, 0xFF, 0xFF, 0xFF, 0xFF, 0xFF, 0xFF, 0x2B, 0x00, 0x00,
    0x00, 0x00, 0x00, 0xF0, 0xFF, 0xFF, 0xFF, 0xFF, 0xFF, 0xFF, 0xFF, 0xFF, 0xFF, 0xFF, 0xFF, 0xFF,
    0xFF, 0xFF, 0xFF, 0xFF, 0xFF, 0xFF, 0xFF, 0xFF, 0xFF, 0x34, 0x00, 0x00, 0x00, 0x00, 0x00, 0xFF,
    0xFF, 0xFF, 0xFF, 0xFF, 0xFF, 0xFF, 0xFF, 0xFF, 0xFF, 0xFF, 0xFF, 0xFF, 0xFF, 0xFF, 0xFF, 0xFF,
    0xFF, 0xFF, 0xFF, 0xFF, 0xE3, 0x08, 0x00, 0x00, 0x00, 0x00, 0x00, 0xFF, 0xFF, 0xFF, 0xFF, 0xFF,
    0xFF, 0xFF, 0xFF, 0xFF, 0xFF, 0xFF, 0xFF, 0xFF, 0xFF, 0xFF, 0xFF, 0xFF, 0xFF, 0xFF, 0xFF, 0xD4,
    0x34, 0x00, 0x00, 0x00, 0x00, 0x00, 0x00, 0xFF, 0xFF, 0xFF, 0xFF, 0xFF, 0xFF, 0xFF, 0x38, 0x38,
    0x38, 0x38, 0x38, 0x38, 0x38, 0x38, 0x38, 0x38, 0x38, 0x36, 0x1C, 0x01, 0x00, 0x00, 0x00, 0x00,
    0x00, 0x00, 0x00, 0xFF, 0xFF, 0xFF, 0xFF, 0xFF, 0xFF, 0xFF, 0x00, 0x00, 0x00, 0x00, 0x00, 0x00,
    0x00, 0x00, 0x00, 0x00, 0x00, 0x00, 0x00, 0x00, 0x00, 0x00, 0x00, 0x00, 0x00, 0x00, 0x00, 0xFF,
    0xFF, 0xFF, 0xFF, 0xFF, 0xFF, 0xFF, 0x00, 0x00, 0x00, 0x00, 0x00, 0x00, 0x00, 0x00, 0x00, 0x00,
    0x00, 0x00, 0x00, 0x00, 0x00, 0x00, 0x00, 0x00, 0x00, 0x00, 0x00, 0xFF, 0xFF, 0xFF, 0xFF, 0xFF,
    0xFF, 0xFF, 0x00, 0x00, 0x00, 0x00, 0x00, 0x00, 0x00, 0x00, 0x00, 0x00, 0x00, 0x00, 0x00, 0x00,
    0x00, 0x00, 0x00, 0x00, 0x00, 0x00, 0x00, 0xFF, 0xFF, 0xFF, 0xFF, 0xFF, 0xFF, 0xFF, 0x00, 0x00,
    0x01, 0x4F, 0xA8, 0xDE, 0xF7, 0xF8, 0xE5, 0xBA, 0x73, 0x17, 0x00, 0x00, 0x00, 0x00, 0x00, 0x00,
    0x00, 0x00, 0x00, 0xFF, 0xFF, 0xFF, 0xFF, 0xFF, 0xFF, 0xFF, 0x00, 0x18, 0xBE, 0xFF, 0xFF, 0xFF,
    0xFF, 0xFF, 0xFF, 0xFF, 0xFF, 0xF7, 0x7E, 0x02, 0x00, 0x00, 0x00, 0x00, 0x00, 0x00, 0x00, 0xFF,
    0xFF, 0xFF, 0xFF, 0xFF, 0xFF, 0xFF, 0x14, 0xE2, 0xFF, 0xFF, 0xFF, 0xFF, 0xFF, 0xFF, 0xFF, 0xFF,
    0xFF, 0xFF, 0xFF, 0xBC, 0x14, 0x00, 0x00, 0x00, 0x00, 0x00, 0x00, 0xFF, 0xFF, 0xFF, 0xFF, 0xFF,
    0xFF, 0xFF, 0xB8, 0xFF, 0xFF, 0xFF, 0xFF, 0xFF, 0xFF, 0xFF, 0xFF, 0xFF, 0xFF, 0xFF, 0xFF, 0xFF,
    0xBD, 0x02, 0x00, 0x00, 0x00, 0x00, 0x00, 0xFF, 0xFF, 0xFF, 0xFF, 0xFF, 0xFF, 0xFF, 0xFF, 0xFF,
    0xFF, 0xFF, 0xFF, 0xFF, 0xFF, 0xFF, 0xFF, 0xFF, 0xFF, 0xFF, 0xFF, 0xFF, 0xFF, 0x7F, 0x00, 0x00,
    0x00, 0x00, 0x00, 0xF9, 0xFF, 0xFF, 0xFF, 0xFF, 0xFF, 0xFF, 0xFF, 0xFF, 0xFF, 0xFF, 0xFF, 0xFF,
    0xFF, 0xFF, 0xFF, 0xFF, 0xFF, 0xFF, 0xFF, 0xFF, 0xFF, 0xF7, 0x18, 0x00, 0x00, 0x00, 0x00, 0xC8,
    0xFF, 0xFF, 0xFF, 0xFF, 0xFF, 0xFF, 0xFF, 0xFC, 0x98, 0x4B, 0x45, 0x7A, 0xE7, 0xFF, 0xFF, 0xFF,
    0xFF, 0xFF, 0xFF, 0xFF, 0xFF, 0xFF, 0x74, 0x00, 0x00, 0x00, 0x00, 0x5A, 0xFF, 0xFF, 0xFF, 0xFF,
    0xFF, 0xFF, 0xE6, 0x3F, 0x00, 0x00, 0x00, 0x00, 0x17, 0xD6, 0xFF, 0xFF, 0xFF, 0xFF, 0xFF, 0xFF,
    0xFF, 0xFF, 0xBA, 0x00, 0x00, 0x00, 0x00, 0x00, 0x80, 0xF9, 0xFF, 0xFF, 0xFE, 0xAE, 0x18, 0x00,
    0x00, 0x00, 0x00, 0x00, 0x00, 0x3A, 0xFF, 0xFF, 0xFF, 0xFF, 0xFF, 0xFF, 0xFF, 0xFF, 0xE5, 0x00,
    0x00, 0x00, 0x00, 0x00, 0x00, 0x0F, 0x3A, 0x3A, 0x15, 0x00, 0x00, 0x00, 0x00, 0x00, 0x00, 0x00,
    0x00, 0x00, 0xE1, 0xFF, 0xFF, 0xFF, 0xFF, 0xFF, 0xFF, 0xFF, 0xF8, 0x00, 0x00, 0x00, 0x00, 0x00,
    0x00, 0x10, 0x0D, 0x00, 0x00, 0x00, 0x00, 0x00, 0x00, 0x00, 0x00, 0x00, 0x00, 0x00, 0xC3, 0xFF,
    0xFF, 0xFF, 0xFF, 0xFF, 0xFF, 0xFF, 0xF7, 0x00, 0x00, 0x00, 0x00, 0x48, 0xDB, 0xFF, 0xFF, 0xCD,
    0x42, 0x00, 0x00, 0x00, 0x00, 0x00, 0x00, 0x00, 0x00, 0x00, 0xD4, 0xFF, 0xFF, 0xFF, 0xFF, 0xFF,
    0xFF, 0xFF, 0xE6, 0x00, 0x00, 0x00, 0x1E, 0xF5, 0xFF, 0xFF, 0xFF, 0xFF, 0xFC, 0x57, 0x00, 0x00,
    0x00, 0x00, 0x00, 0x00, 0x00, 0x1C, 0xFD, 0xFF, 0xFF, 0xFF, 0xFF, 0xFF, 0xFF, 0xFF, 0xBD, 0x00,
    0x00, 0x00, 0x63, 0xFF, 0xFF, 0xFF, 0xFF, 0xFF, 0xFF, 0xFA, 0x4A, 0x00, 0x00, 0x00, 0x00, 0x00,
    0x00, 0xA3, 0xFF, 0xFF, 0xFF, 0xFF, 0xFF, 0xFF, 0xFF, 0xFF, 0x81, 0x00, 0x00, 0x00, 0x74, 0xFF,
    0xFF, 0xFF, 0xFF, 0xFF, 0xFF, 0xFF, 0xF8, 0x6F, 0x05, 0x00, 0x00, 0x12, 0x9B, 0xFF, 0xFF, 0xFF,
    0xFF, 0xFF, 0xFF, 0xFF, 0xFF, 0xFF, 0x2A, 0x00, 0x00, 0x00, 0x44, 0xFF, 0xFF, 0xFF, 0xFF, 0xFF,
    0xFF, 0xFF, 0xFF, 0xFF, 0xF0, 0xC2, 0xC8, 0xF5, 0xFF, 0xFF, 0xFF, 0xFF, 0xFF, 0xFF, 0xFF, 0xFF,
    0xFF, 0xB1, 0x00, 0x00, 0x00, 0x00, 0x01, 0xCB, 0xFF, 0xFF, 0xFF, 0xFF, 0xFF, 0xFF, 0xFF, 0xFF,
    0xFF, 0xFF, 0xFF, 0xFF, 0xFF, 0xFF, 0xFF, 0xFF, 0xFF, 0xFF, 0xFF, 0xFF, 0xF3, 0x24, 0x00, 0x00,
    0x00, 0x00, 0x00, 0x24, 0xEE, 0xFF, 0xFF, 0xFF, 0xFF, 0xFF, 0xFF, 0xFF, 0xFF, 0xFF, 0xFF, 0xFF,
    0xFF, 0xFF, 0xFF, 0xFF, 0xFF, 0xFF, 0xFF, 0xFC, 0x54, 0x00, 0x00, 0x00, 0x00, 0x00, 0x00, 0x00,
    0x28, 0xDD, 0xFF, 0xFF, 0xFF, 0xFF, 0xFF, 0xFF, 0xFF, 0xFF, 0xFF, 0xFF, 0xFF, 0xFF, 0xFF, 0xFF,
    0xFF, 0xFF, 0xF6, 0x57, 0x00, 0x00, 0x00, 0x00, 0x00, 0x00, 0x00, 0x00, 0x00, 0x0D, 0x86, 0xF7,
    0xFF, 0xFF, 0xFF, 0xFF, 0xFF, 0xFF, 0xFF, 0xFF, 0xFF, 0xFF, 0xFF, 0xFF, 0xFF, 0xC4, 0x2D, 0x00,
    0x00, 0x00, 0x00, 0x00, 0x00, 0x00, 0x00, 0x00, 0x00, 0x00, 0x00, 0x16, 0x70, 0xCA, 0xFC, 0xFF,
    0xFF, 0xFF, 0xFF, 0xFF, 0xFF, 0xFF, 0xF4, 0xAF, 0x47, 0x00, 0x00, 0x00, 0x00, 0x00, 0x00, 0x00,
    0x00, 0x00, 0x00, 0x00, 0x00, 0x00, 0x00, 0x00, 0x00, 0x00, 0x0B, 0x3D, 0x5F, 0x70, 0x7C, 0x73,
    0x5E, 0x36, 0x07, 0x00, 0x00, 0x00, 0x00, 0x00, 0x00, 0x00, 0x00, 0x00,
};
const AlphaBitmap kTodayAmountFontDigit5 = {kTodayAmountFontDigit5Alpha, 28, 33};

const uint8_t kTodayAmountFontDigit6Alpha[] = {
    0x00, 0x00, 0x00, 0x00, 0x00, 0x00, 0x00, 0x00, 0x00, 0x00, 0x00, 0x01, 0x25, 0x54, 0x6C, 0x7B,
    0x77, 0x6C, 0x54, 0x31, 0x07, 0x00, 0x00, 0x00, 0x00, 0x00, 0x00, 0x00, 0x00, 0x00, 0x00, 0x00,
    0x00, 0x00, 0x00, 0x00, 0x00, 0x00, 0x00, 0x21, 0x8E, 0xE5, 0xFF, 0xFF, 0xFF, 0xFF, 0xFF, 0xFF,
    0xFF, 0xFF, 0xF6, 0xB9, 0x59, 0x06, 0x00, 0x00, 0x00, 0x00, 0x00, 0x00, 0x00, 0x00, 0x00, 0x00,
    0x00, 0x00, 0x00, 0x08, 0x8F, 0xFA, 0xFF, 0xFF, 0xFF, 0xFF, 0xFF, 0xFF, 0xFF, 0xFF, 0xFF, 0xFF,
    0xFF, 0xFF, 0xFF, 0xDC, 0x4A, 0x00, 0x00, 0x00, 0x00, 0x00, 0x00, 0x00, 0x00, 0x00, 0x00, 0x00,
    0x1E, 0xD1, 0xFF, 0xFF, 0xFF, 0xFF, 0xFF, 0xFF, 0xFF, 0xFF, 0xFF, 0xFF, 0xFF, 0xFF, 0xFF, 0xFF,
    0xFF, 0xFF, 0xFF, 0x86, 0x00, 0x00, 0x00, 0x00, 0x00, 0x00, 0x00, 0x00, 0x00, 0x1D, 0xDE, 0xFF,
    0xFF, 0xFF, 0xFF, 0xFF, 0xFF, 0xFF, 0xFF, 0xFF, 0xFF, 0xFF, 0xFF, 0xFF, 0xFF, 0xFF, 0xFF, 0xFF,
    0xFF, 0xFF, 0x73, 0x00, 0x00, 0x00, 0x00, 0x00, 0x00, 0x00, 0x05, 0xC9, 0xFF, 0xFF, 0xFF, 0xFF,
    0xFF, 0xFF, 0xFF, 0xFF, 0xFF, 0xFF, 0xFF, 0xFF, 0xFF, 0xFF, 0xFF, 0xFF, 0xFF, 0xFF, 0xFF, 0xFF,
    0xF5, 0x11, 0x00, 0x00, 0x00, 0x00, 0x00, 0x00, 0x81, 0xFF, 0xFF, 0xFF, 0xFF, 0xFF, 0xFF, 0xFF,
    0xFF, 0xFF, 0xEB, 0xC0, 0xC6, 0xF0, 0xFF, 0xFF, 0xFF, 0xFF, 0xFF, 0xFF, 0xFF, 0xFF, 0xFF, 0x4B,
    0x00, 0x00, 0x00, 0x00, 0x00, 0x1A, 0xF5, 0xFF, 0xFF, 0xFF, 0xFF, 0xFF, 0xFF, 0xFF, 0xFA, 0x6B,
    0x03, 0x00, 0x00, 0x04, 0x5D, 0xEB, 0xFF, 0xFF, 0xFF, 0xFF, 0xFF, 0xFF, 0xFF, 0x3A, 0x00, 0x00,
    0x00, 0x00, 0x00, 0x88, 0xFF, 0xFF, 0xFF, 0xFF, 0xFF, 0xFF, 0xFF, 0xFF, 0x75, 0x00, 0x00, 0x00,
    0x00, 0x00, 0x00, 0x1E, 0xCC, 0xFF, 0xFF, 0xFF, 0xFF, 0xFF, 0xD3, 0x05, 0x00, 0x00, 0x00, 0x00,
    0x04, 0xE7, 0xFF, 0xFF, 0xFF, 0xFF, 0xFF, 0xFF, 0xFF, 0xD5, 0x01, 0x00, 0x00, 0x00, 0x00, 0x00,
    0x00, 0x00, 0x07, 0x7D, 0xE0, 0xFE, 0xF0, 0xAE, 0x1E, 0x00, 0x00, 0x00, 0x00, 0x00, 0x3A, 0xFF,
    0xFF, 0xFF, 0xFF, 0xFF, 0xFF, 0xFF, 0xFF, 0x74, 0x00, 0x00, 0x00, 0x00, 0x00, 0x00, 0x00, 0x00,
    0x00, 0x00, 0x00, 0x04, 0x00, 0x00, 0x00, 0x00, 0x00, 0x00, 0x00, 0x00, 0x7B, 0xFF, 0xFF, 0xFF,
    0xFF, 0xFF, 0xFF, 0xFF, 0xFF, 0x2B, 0x00, 0x00, 0x0B, 0x68, 0xB0, 0xE0, 0xF5, 0xF8, 0xE5, 0xBA,
    0x72, 0x15, 0x00, 0x00, 0x00, 0x00, 0x00, 0x00, 0x00, 0x00, 0xAB, 0xFF, 0xFF, 0xFF, 0xFF, 0xFF,
    0xFF, 0xFF, 0xF8, 0x04, 0x00, 0x5F, 0xEB, 0xFF, 0xFF, 0xFF, 0xFF, 0xFF, 0xFF, 0xFF, 0xFF, 0xF4,
    0x6F, 0x00, 0x00, 0x00, 0x00, 0x00, 0x00, 0x00, 0xD0, 0xFF, 0xFF, 0xFF, 0xFF, 0xFF, 0xFF, 0xFF,
    0xD8, 0x00, 0x82, 0xFF, 0xFF, 0xFF, 0xFF, 0xFF, 0xFF, 0xFF, 0xFF, 0xFF, 0xFF, 0xFF, 0xFF, 0xA5,
    0x08, 0x00, 0x00, 0x00, 0x00, 0x00, 0xEA, 0xFF, 0xFF, 0xFF, 0xFF, 0xFF, 0xFF, 0xFF, 0xCA, 0x51,
    0xFF, 0xFF, 0xFF, 0xFF, 0xFF, 0xFF, 0xFF, 0xFF, 0xFF, 0xFF, 0xFF, 0xFF, 0xFF, 0xFF, 0x93, 0x00,
    0x00, 0x00, 0x00, 0x00, 0xF5, 0xFF, 0xFF, 0xFF, 0xFF, 0xFF, 0xFF, 0xFF, 0xC4, 0xDB, 0xFF, 0xFF,
    0xFF, 0xFF, 0xFF, 0xFF, 0xFF, 0xFF, 0xFF, 0xFF, 0xFF, 0xFF, 0xFF, 0xFF, 0xFF, 0x49, 0x00, 0x00,
    0x00, 0x00, 0xFD, 0xFF, 0xFF, 0xFF, 0xFF, 0xFF, 0xFF, 0xFF, 0xFF, 0xFF, 0xFF, 0xFF, 0xFF, 0xFF,
    0xFF, 0xFF, 0xFF, 0xFF, 0xFF, 0xFF, 0xFF, 0xFF, 0xFF, 0xFF, 0xFF, 0xD1, 0x00, 0x00, 0x00, 0x00,
    0xF3, 0xFF, 0xFF, 0xFF, 0xFF, 0xFF, 0xFF, 0xFF, 0xFF, 0xFF, 0xFF, 0xE9, 0x7C, 0x45, 0x4C, 0x95,
    0xFA, 0xFF, 0xFF, 0xFF, 0xFF, 0xFF, 0xFF, 0xFF, 0xFF, 0xFF, 0x32, 0x00, 0x00, 0x00, 0xE6, 0xFF,
    0xFF, 0xFF, 0xFF, 0xFF, 0xFF, 0xFF, 0xFF, 0xFF, 0xD9, 0x19, 0x00, 0x00, 0x00, 0x00, 0x42, 0xFA,
    0xFF, 0xFF, 0xFF, 0xFF, 0xFF, 0xFF, 0xFF, 0xFF, 0x76, 0x00, 0x00, 0x00, 0xD0, 0xFF, 0xFF, 0xFF,
    0xFF, 0xFF, 0xFF, 0xFF, 0xFF, 0xFF, 0x3B, 0x00, 0x00, 0x00, 0x00, 0x00, 0x00, 0x8A, 0xFF, 0xFF,
    0xFF, 0xFF, 0xFF, 0xFF, 0xFF, 0xFF, 0xA0, 0x00, 0x00, 0x00, 0xA6, 0xFF, 0xFF, 0xFF, 0xFF, 0xFF,
    0xFF, 0xFF, 0xFF, 0xE1, 0x00, 0x00, 0x00, 0x00, 0x00, 0x00, 0x00, 0x2C, 0xFF, 0xFF, 0xFF, 0xFF,
    0xFF, 0xFF, 0xFF, 0xFF, 0xB4, 0x00, 0x00, 0x00, 0x7A, 0xFF, 0xFF, 0xFF, 0xFF, 0xFF, 0xFF, 0xFF,
    0xFF, 0xC3, 0x00, 0x00, 0x00, 0x00, 0x00, 0x00, 0x00, 0x09, 0xFF, 0xFF, 0xFF, 0xFF, 0xFF, 0xFF,
    0xFF, 0xFF, 0xB3, 0x00, 0x00, 0x00, 0x37, 0xFF, 0xFF, 0xFF, 0xFF, 0xFF, 0xFF, 0xFF, 0xFF, 0xD4,
    0x00, 0x00, 0x00, 0x00, 0x00, 0x00, 0x00, 0x15, 0xFF, 0xFF, 0xFF, 0xFF, 0xFF, 0xFF, 0xFF, 0xFF,
    0xA1, 0x00, 0x00, 0x00, 0x01, 0xE8, 0xFF, 0xFF, 0xFF, 0xFF, 0xFF, 0xFF, 0xFF, 0xFD, 0x1B, 0x00,
    0x00, 0x00, 0x00, 0x00, 0x00, 0x57, 0xFF, 0xFF, 0xFF, 0xFF, 0xFF, 0xFF, 0xFF, 0xFF, 0x75, 0x00,
    0x00, 0x00, 0x00, 0x89, 0xFF, 0xFF, 0xFF, 0xFF, 0xFF, 0xFF, 0xFF, 0xFF, 0x9E, 0x00, 0x00, 0x00,
    0x00, 0x00, 0x09, 0xD4, 0xFF, 0xFF, 0xFF, 0xFF, 0xFF, 0xFF, 0xFF, 0xFF, 0x35, 0x00, 0x00, 0x00,
    0x00, 0x19, 0xF8, 0xFF, 0xFF, 0xFF, 0xFF, 0xFF, 0xFF, 0xFF, 0xFF, 0x8F, 0x0C, 0x00, 0x00, 0x21,
    0xC1, 0xFF, 0xFF, 0xFF, 0xFF, 0xFF, 0xFF, 0xFF, 0xFF, 0xD6, 0x00, 0x00, 0x00, 0x00, 0x00, 0x00,
    0x80, 0xFF, 0xFF, 0xFF, 0xFF, 0xFF, 0xFF, 0xFF, 0xFF, 0xFF, 0xF1, 0xC5, 0xCD, 0xFC, 0xFF, 0xFF,
    0xFF, 0xFF, 0xFF, 0xFF, 0xFF, 0xFF, 0xFF, 0x56, 0x00, 0x00, 0x00, 0x00, 0x00, 0x00, 0x06, 0xCD,
    0xFF, 0xFF, 0xFF, 0xFF, 0xFF, 0xFF, 0xFF, 0xFF, 0xFF, 0xFF, 0xFF, 0xFF, 0xFF, 0xFF, 0xFF, 0xFF,
    0xFF, 0xFF, 0xFF, 0xFF, 0xB1, 0x00, 0x00, 0x00, 0x00, 0x00, 0x00, 0x00, 0x00, 0x1A, 0xE2, 0xFF,
    0xFF, 0xFF, 0xFF, 0xFF, 0xFF, 0xFF, 0xFF, 0xFF, 0xFF, 0xFF, 0xFF, 0xFF, 0xFF, 0xFF, 0xFF, 0xFF,
    0xFF, 0xD1, 0x11, 0x00, 0x00, 0x00, 0x00, 0x00, 0x00, 0x00, 0x00, 0x00, 0x1F, 0xD5, 0xFF, 0xFF,
    0xFF, 0xFF, 0xFF, 0xFF, 0xFF, 0xFF, 0xFF, 0xFF, 0xFF, 0xFF, 0xFF, 0xFF, 0xFF, 0xFF, 0xC1, 0x14,
    0x00, 0x00, 0x00, 0x00, 0x00, 0x00, 0x00, 0x00, 0x00, 0x00, 0x00, 0x0C, 0x8F, 0xFC, 0xFF, 0xFF,
    0xFF, 0xFF, 0xFF, 0xFF, 0xFF, 0xFF, 0xFF, 0xFF, 0xFF, 0xFF, 0xF4, 0x7A, 0x04, 0x00, 0x00, 0x00,
    0x00, 0x00, 0x00, 0x00, 0x00, 0x00, 0x00, 0x00, 0x00, 0x00, 0x00, 0x1F, 0x8B, 0xDE, 0xFF, 0xFF,
    0xFF, 0xFF, 0xFF, 0xFF, 0xFF, 0xFF, 0xD7, 0x7D, 0x16, 0x00, 0x00, 0x00, 0x00, 0x00, 0x00, 0x00,
    0x00, 0x00, 0x00, 0x00, 0x00, 0x00, 0x00, 0x00, 0x00, 0x00, 0x00, 0x00, 0x21, 0x4E, 0x6C, 0x7A,
    0x79, 0x6B, 0x4B, 0x1C, 0x00, 0x00, 0x00, 0x00, 0x00, 0x00, 0x00, 0x00, 0x00, 0x00,
};
const AlphaBitmap kTodayAmountFontDigit6 = {kTodayAmountFontDigit6Alpha, 30, 33};

const uint8_t kTodayAmountFontDigit7Alpha[] = {
    0x00, 0x00, 0x00, 0x00, 0x00, 0x00, 0x00, 0x00, 0x00, 0x00, 0x00, 0x00, 0x00, 0x00, 0x00, 0x00,
    0x00, 0x00, 0x00, 0x00, 0x00, 0x00, 0x00, 0x00, 0x00, 0x00, 0x00, 0x00, 0x5F, 0xD2, 0xFA, 0xFF,
    0xFF, 0xFF, 0xFF, 0xFF, 0xFF, 0xFF, 0xFF, 0xFF, 0xFF, 0xFF, 0xFF, 0xFF, 0xFF, 0xFF, 0xF0, 0xBF,
    0x58, 0x00, 0x00, 0x00, 0x00, 0x61, 0xFF, 0xFF, 0xFF, 0xFF, 0xFF, 0xFF, 0xFF, 0xFF, 0xFF, 0xFF,
    0xFF, 0xFF, 0xFF, 0xFF, 0xFF, 0xFF, 0xFF, 0xFF, 0xFF, 0xFF, 0xFF, 0xA8, 0x03, 0x00, 0x00, 0xD4,
    0xFF, 0xFF, 0xFF, 0xFF, 0xFF, 0xFF, 0xFF, 0xFF, 0xFF, 0xFF, 0xFF, 0xFF, 0xFF, 0xFF, 0xFF, 0xFF,
    0xFF, 0xFF, 0xFF, 0xFF, 0xFF, 0xFF, 0x72, 0x00, 0x00, 0xF5, 0xFF, 0xFF, 0xFF, 0xFF, 0xFF, 0xFF,
    0xFF, 0xFF, 0xFF, 0xFF, 0xFF, 0xFF, 0xFF, 0xFF, 0xFF, 0xFF, 0xFF, 0xFF, 0xFF, 0xFF, 0xFF, 0xFF,
    0xD3, 0x00, 0x00, 0xD2, 0xFF, 0xFF, 0xFF, 0xFF, 0xFF, 0xFF, 0xFF, 0xFF, 0xFF, 0xFF, 0xFF, 0xFF,
    0xFF, 0xFF, 0xFF, 0xFF, 0xFF, 0xFF, 0xFF, 0xFF, 0xFF, 0xFF, 0xF8, 0x00, 0x00, 0x5D, 0xFF, 0xFF,
    0xFF, 0xFF, 0xFF, 0xFF, 0xFF, 0xFF, 0xFF, 0xFF, 0xFF, 0xFF, 0xFF, 0xFF, 0xFF, 0xFF, 0xFF, 0xFF,
    0xFF, 0xFF, 0xFF, 0xFF, 0xF0, 0x00, 0x00, 0x00, 0x5D, 0xD2, 0xFA, 0xFF, 0xFF, 0xFF, 0xFF, 0xFF,
    0xFF, 0xFF, 0xFF, 0xFF, 0xFF, 0xFF, 0xFF, 0xFF, 0xFF, 0xFF, 0xFF, 0xFF, 0xFF, 0xFF, 0xC4, 0x00,
    0x00, 0x00, 0x00, 0x00, 0x00, 0x00, 0x00, 0x00, 0x00, 0x00, 0x00, 0x00, 0x00, 0x00, 0x00, 0x3E,
    0xFF, 0xFF, 0xFF, 0xFF, 0xFF, 0xFF, 0xFF, 0xFF, 0x7A, 0x00, 0x00, 0x00, 0x00, 0x00, 0x00, 0x00,
    0x00, 0x00, 0x00, 0x00, 0x00, 0x00, 0x00, 0x00, 0x00, 0xC8, 0xFF, 0xFF, 0xFF, 0xFF, 0xFF, 0xFF,
    0xFF, 0xFA, 0x1B, 0x00, 0x00, 0x00, 0x00, 0x00, 0x00, 0x00, 0x00, 0x00, 0x00, 0x00, 0x00, 0x00,
    0x00, 0x00, 0x56, 0xFF, 0xFF, 0xFF, 0xFF, 0xFF, 0xFF, 0xFF, 0xFF, 0xA0, 0x00, 0x00, 0x00, 0x00,
    0x00, 0x00, 0x00, 0x00, 0x00, 0x00, 0x00, 0x00, 0x00, 0x00, 0x00, 0x05, 0xDB, 0xFF, 0xFF, 0xFF,
    0xFF, 0xFF, 0xFF, 0xFF, 0xFB, 0x25, 0x00, 0x00, 0x00, 0x00, 0x00, 0x00, 0x00, 0x00, 0x00, 0x00,
    0x00, 0x00, 0x00, 0x00, 0x00, 0x6E, 0xFF, 0xFF, 0xFF, 0xFF, 0xFF, 0xFF, 0xFF, 0xFF, 0x9B, 0x00,
    0x00, 0x00, 0x00, 0x00, 0x00, 0x00, 0x00, 0x00, 0x00, 0x00, 0x00, 0x00, 0x00, 0x00, 0x0E, 0xEB,
    0xFF, 0xFF, 0xFF, 0xFF, 0xFF, 0xFF, 0xFF, 0xF8, 0x1D, 0x00, 0x00, 0x00, 0x00, 0x00, 0x00, 0x00,
    0x00, 0x00, 0x00, 0x00, 0x00, 0x00, 0x00, 0x00, 0x85, 0xFF, 0xFF, 0xFF, 0xFF, 0xFF, 0xFF, 0xFF,
    0xFF, 0x90, 0x00, 0x00, 0x00, 0x00, 0x00, 0x00, 0x00, 0x00, 0x00, 0x00, 0x00, 0x00, 0x00, 0x00,
    0x00, 0x1A, 0xF5, 0xFF, 0xFF, 0xFF, 0xFF, 0xFF, 0xFF, 0xFF, 0xF4, 0x17, 0x00, 0x00, 0x00, 0x00,
    0x00, 0x00, 0x00, 0x00, 0x00, 0x00, 0x00, 0x00, 0x00, 0x00, 0x00, 0x9D, 0xFF, 0xFF, 0xFF, 0xFF,
    0xFF, 0xFF, 0xFF, 0xFF, 0x86, 0x00, 0x00, 0x00, 0x00, 0x00, 0x00, 0x00, 0x00, 0x00, 0x00, 0x00,
    0x00, 0x00, 0x00, 0x00, 0x2B, 0xFC, 0xFF, 0xFF, 0xFF, 0xFF, 0xFF, 0xFF, 0xFF, 0xEF, 0x11, 0x00,
    0x00, 0x00, 0x00, 0x00, 0x00, 0x00, 0x00, 0x00, 0x00, 0x00, 0x00, 0x00, 0x00, 0x00, 0xB5, 0xFF,
    0xFF, 0xFF, 0xFF, 0xFF, 0xFF, 0xFF, 0xFF, 0x7B, 0x00, 0x00, 0x00, 0x00, 0x00, 0x00, 0x00, 0x00,
    0x00, 0x00, 0x00, 0x00, 0x00, 0x00, 0x00, 0x40, 0xFF, 0xFF, 0xFF, 0xFF, 0xFF, 0xFF, 0xFF, 0xFF,
    0xEA, 0x0C, 0x00, 0x00, 0x00, 0x00, 0x00, 0x00, 0x00, 0x00, 0x00, 0x00, 0x00, 0x00, 0x00, 0x00,
    0x01, 0xCA, 0xFF, 0xFF, 0xFF, 0xFF, 0xFF, 0xFF, 0xFF, 0xFF, 0x70, 0x00, 0x00, 0x00, 0x00, 0x00,
    0x00, 0x00, 0x00, 0x00, 0x00, 0x00, 0x00, 0x00, 0x00, 0x00, 0x58, 0xFF, 0xFF, 0xFF, 0xFF, 0xFF,
    0xFF, 0xFF, 0xFF, 0xE3, 0x08, 0x00, 0x00, 0x00, 0x00, 0x00, 0x00, 0x00, 0x00, 0x00, 0x00, 0x00,
    0x00, 0x00, 0x00, 0x06, 0xDD, 0xFF, 0xFF, 0xFF, 0xFF, 0xFF, 0xFF, 0xFF, 0xFF, 0x66, 0x00, 0x00,
    0x00, 0x00, 0x00, 0x00, 0x00, 0x00, 0x00, 0x00, 0x00, 0x00, 0x00, 0x00, 0x00, 0x70, 0xFF, 0xFF,
    0xFF, 0xFF, 0xFF, 0xFF, 0xFF, 0xFF, 0xDC, 0x04, 0x00, 0x00, 0x00, 0x00, 0x00, 0x00, 0x00, 0x00,
    0x00, 0x00, 0x00, 0x00, 0x00, 0x00, 0x0E, 0xEC, 0xFF, 0xFF, 0xFF, 0xFF, 0xFF, 0xFF, 0xFF, 0xFF,
    0x5B, 0x00, 0x00, 0x00, 0x00, 0x00, 0x00, 0x00, 0x00, 0x00, 0x00, 0x00, 0x00, 0x00, 0x00, 0x00,
    0x86, 0xFF, 0xFF, 0xFF, 0xFF, 0xFF, 0xFF, 0xFF, 0xFF, 0xD4, 0x02, 0x00, 0x00, 0x00, 0x00, 0x00,
    0x00, 0x00, 0x00, 0x00, 0x00, 0x00, 0x00, 0x00, 0x00, 0x0F, 0xF3, 0xFF, 0xFF, 0xFF, 0xFF, 0xFF,
    0xFF, 0xFF, 0xFF, 0x51, 0x00, 0x00, 0x00, 0x00, 0x00, 0x00, 0x00, 0x00, 0x00, 0x00, 0x00, 0x00,
    0x00, 0x00, 0x00, 0x5E, 0xFF, 0xFF, 0xFF, 0xFF, 0xFF, 0xFF, 0xFF, 0xFF, 0xCB, 0x00, 0x00, 0x00,
    0x00, 0x00, 0x00, 0x00, 0x00, 0x00, 0x00, 0x00, 0x00, 0x00, 0x00, 0x00, 0x00, 0x81, 0xFF, 0xFF,
    0xFF, 0xFF, 0xFF, 0xFF, 0xFF, 0xFF, 0x46, 0x00, 0x00, 0x00, 0x00, 0x00, 0x00, 0x00, 0x00, 0x00,
    0x00, 0x00, 0x00, 0x00, 0x00, 0x00, 0x00, 0x76, 0xFF, 0xFF, 0xFF, 0xFF, 0xFF, 0xFF, 0xFF, 0xC1,
    0x00, 0x00, 0x00, 0x00, 0x00, 0x00, 0x00, 0x00, 0x00, 0x00, 0x00, 0x00, 0x00, 0x00, 0x00, 0x00,
    0x00, 0x22, 0xF9, 0xFF, 0xFF, 0xFF, 0xFF, 0xFF, 0xFB, 0x2E, 0x00, 0x00, 0x00, 0x00, 0x00, 0x00,
    0x00, 0x00, 0x00, 0x00, 0x00, 0x00, 0x00, 0x00, 0x00, 0x00, 0x00, 0x00, 0x56, 0xF5, 0xFF, 0xFF,
    0xFF, 0xFA, 0x5E, 0x00, 0x00, 0x00, 0x00, 0x00, 0x00, 0x00, 0x00, 0x00, 0x00, 0x00, 0x00, 0x00,
    0x00, 0x00, 0x00, 0x00, 0x00, 0x00, 0x00, 0x16, 0x61, 0x7A, 0x64, 0x1B, 0x00, 0x00, 0x00, 0x00,
    0x00, 0x00, 0x00, 0x00, 0x00, 0x00, 0x00, 0x00, 0x00, 0x00,
};
const AlphaBitmap kTodayAmountFontDigit7 = {kTodayAmountFontDigit7Alpha, 26, 33};

const uint8_t kTodayAmountFontDigit8Alpha[] = {
    0x00, 0x00, 0x00, 0x00, 0x00, 0x00, 0x00, 0x00, 0x00, 0x00, 0x00, 0x1E, 0x4A, 0x67, 0x76, 0x7D,
    0x76, 0x67, 0x4A, 0x1F, 0x00, 0x00, 0x00, 0x00, 0x00, 0x00, 0x00, 0x00, 0x00, 0x00, 0x00, 0x00,
    0x00, 0x00, 0x00, 0x00, 0x00, 0x00, 0x00, 0x37, 0x97, 0xE5, 0xFF, 0xFF, 0xFF, 0xFF, 0xFF, 0xFF,
    0xFF, 0xFF, 0xFF, 0xE5, 0x98, 0x38, 0x00, 0x00, 0x00, 0x00, 0x00, 0x00, 0x00, 0x00, 0x00, 0x00,
    0x00, 0x00, 0x00, 0x00, 0x2D, 0xBE, 0xFF, 0xFF, 0xFF, 0xFF, 0xFF, 0xFF, 0xFF, 0xFF, 0xFF, 0xFF,
    0xFF, 0xFF, 0xFF, 0xFF, 0xFF, 0xC0, 0x2F, 0x00, 0x00, 0x00, 0x00, 0x00, 0x00, 0x00, 0x00, 0x00,
    0x00, 0x00, 0x63, 0xF8, 0xFF, 0xFF, 0xFF, 0xFF, 0xFF, 0xFF, 0xFF, 0xFF, 0xFF, 0xFF, 0xFF, 0xFF,
    0xFF, 0xFF, 0xFF, 0xFF, 0xFF, 0xF9, 0x63, 0x00, 0x00, 0x00, 0x00, 0x00, 0x00, 0x00, 0x00, 0x00,
    0x60, 0xFF, 0xFF, 0xFF, 0xFF, 0xFF, 0xFF, 0xFF, 0xFF, 0xFF, 0xFF, 0xFF, 0xFF, 0xFF, 0xFF, 0xFF,
    0xFF, 0xFF, 0xFF, 0xFF, 0xFF, 0xFE, 0x5D, 0x00, 0x00, 0x00, 0x00, 0x00, 0x00, 0x00, 0x20, 0xF6,
    0xFF, 0xFF, 0xFF, 0xFF, 0xFF, 0xFF, 0xFF, 0xFF, 0xFF, 0xFF, 0xFF, 0xFF, 0xFF, 0xFF, 0xFF, 0xFF,
    0xFF, 0xFF, 0xFF, 0xFF, 0xFF, 0xF4, 0x1E, 0x00, 0x00, 0x00, 0x00, 0x00, 0x00, 0x91, 0xFF, 0xFF,
    0xFF, 0xFF, 0xFF, 0xFF, 0xFF, 0xFF, 0xFF, 0xFF, 0xD6, 0xBE, 0xD7, 0xFF, 0xFF, 0xFF, 0xFF, 0xFF,
    0xFF, 0xFF, 0xFF, 0xFF, 0xFF, 0x8E, 0x00, 0x00, 0x00, 0x00, 0x00, 0x00, 0xDA, 0xFF, 0xFF, 0xFF,
    0xFF, 0xFF, 0xFF, 0xFF, 0xFF, 0xD1, 0x2D, 0x00, 0x00, 0x00, 0x2F, 0xD4, 0xFF, 0xFF, 0xFF, 0xFF,
    0xFF, 0xFF, 0xFF, 0xFF, 0xD7, 0x00, 0x00, 0x00, 0x00, 0x00, 0x00, 0xF8, 0xFF, 0xFF, 0xFF, 0xFF,
    0xFF, 0xFF, 0xFF, 0xF9, 0x1D, 0x00, 0x00, 0x00, 0x00, 0x00, 0x1F, 0xF9, 0xFF, 0xFF, 0xFF, 0xFF,
    0xFF, 0xFF, 0xFF, 0xF7, 0x00, 0x00, 0x00, 0x00, 0x00, 0x00, 0xF1, 0xFF, 0xFF, 0xFF, 0xFF, 0xFF,
    0xFF, 0xFF, 0xC8, 0x00, 0x00, 0x00, 0x00, 0x00, 0x00, 0x00, 0xC9, 0xFF, 0xFF, 0xFF, 0xFF, 0xFF,
    0xFF, 0xFF, 0xF0, 0x00, 0x00, 0x00, 0x00, 0x00, 0x00, 0xC2, 0xFF, 0xFF, 0xFF, 0xFF, 0xFF, 0xFF,
    0xFF, 0xD5, 0x00, 0x00, 0x00, 0x00, 0x00, 0x00, 0x00, 0xD6, 0xFF, 0xFF, 0xFF, 0xFF, 0xFF, 0xFF,
    0xFF, 0xC0, 0x00, 0x00, 0x00, 0x00, 0x00, 0x00, 0x63, 0xFF, 0xFF, 0xFF, 0xFF, 0xFF, 0xFF, 0xFF,
    0xFF, 0x43, 0x00, 0x00, 0x00, 0x00, 0x00, 0x47, 0xFF, 0xFF, 0xFF, 0xFF, 0xFF, 0xFF, 0xFF, 0xFF,
    0x60, 0x00, 0x00, 0x00, 0x00, 0x00, 0x00, 0x04, 0xC4, 0xFF, 0xFF, 0xFF, 0xFF, 0xFF, 0xFF, 0xFF,
    0xF2, 0x73, 0x1D, 0x05, 0x1F, 0x76, 0xF4, 0xFF, 0xFF, 0xFF, 0xFF, 0xFF, 0xFF, 0xFF, 0xBF, 0x03,
    0x00, 0x00, 0x00, 0x00, 0x00, 0x00, 0x00, 0x15, 0xCA, 0xFF, 0xFF, 0xFF, 0xFF, 0xFF, 0xFF, 0xFF,
    0xFF, 0xFF, 0xFF, 0xFF, 0xFF, 0xFF, 0xFF, 0xFF, 0xFF, 0xFF, 0xFF, 0xFF, 0xC5, 0x12, 0x00, 0x00,
    0x00, 0x00, 0x00, 0x00, 0x00, 0x00, 0x00, 0x08, 0x82, 0xF2, 0xFF, 0xFF, 0xFF, 0xFF, 0xFF, 0xFF,
    0xFF, 0xFF, 0xFF, 0xFF, 0xFF, 0xFF, 0xFF, 0xFF, 0xFF, 0xF0, 0x7E, 0x06, 0x00, 0x00, 0x00, 0x00,
    0x00, 0x00, 0x00, 0x00, 0x00, 0x00, 0x00, 0x00, 0x0D, 0x6C, 0xED, 0xFF, 0xFF, 0xFF, 0xFF, 0xFF,
    0xFF, 0xFF, 0xFF, 0xFF, 0xFF, 0xFF, 0xEF, 0x6D, 0x0C, 0x00, 0x00, 0x00, 0x00, 0x00, 0x00, 0x00,
    0x00, 0x00, 0x00, 0x00, 0x00, 0x05, 0x60, 0xCE, 0xFE, 0xFF, 0xFF, 0xFF, 0xFF, 0xFF, 0xFF, 0xFF,
    0xFF, 0xFF, 0xFF, 0xFF, 0xFF, 0xFF, 0xFE, 0xD0, 0x63, 0x05, 0x00, 0x00, 0x00, 0x00, 0x00, 0x00,
    0x00, 0x00, 0x00, 0x26, 0xD5, 0xFF, 0xFF, 0xFF, 0xFF, 0xFF, 0xFF, 0xFF, 0xFF, 0xFF, 0xFF, 0xFF,
    0xFF, 0xFF, 0xFF, 0xFF, 0xFF, 0xFF, 0xFF, 0xFF, 0xD6, 0x27, 0x00, 0x00, 0x00, 0x00, 0x00, 0x00,
    0x00, 0x2A, 0xF0, 0xFF, 0xFF, 0xFF, 0xFF, 0xFF, 0xFF, 0xFF, 0xFF, 0xFF, 0xFF, 0xFF, 0xFF, 0xFF,
    0xFF, 0xFF, 0xFF, 0xFF, 0xFF, 0xFF, 0xFF, 0xFF, 0xF1, 0x2A, 0x00, 0x00, 0x00, 0x00, 0x00, 0x08,
    0xD7, 0xFF, 0xFF, 0xFF, 0xFF, 0xFF, 0xFF, 0xFF, 0xFF, 0xF3, 0x90, 0x50, 0x3E, 0x50, 0x90, 0xF3,
    0xFF, 0xFF, 0xFF, 0xFF, 0xFF, 0xFF, 0xFF, 0xFF, 0xD5, 0x07, 0x00, 0x00, 0x00, 0x00, 0x61, 0xFF,
    0xFF, 0xFF, 0xFF, 0xFF, 0xFF, 0xFF, 0xFF, 0xDB, 0x1D, 0x00, 0x00, 0x00, 0x00, 0x00, 0x1E, 0xDD,
    0xFF, 0xFF, 0xFF, 0xFF, 0xFF, 0xFF, 0xFF, 0xFF, 0x5E, 0x00, 0x00, 0x00, 0x00, 0xBE, 0xFF, 0xFF,
    0xFF, 0xFF, 0xFF, 0xFF, 0xFF, 0xFF, 0x46, 0x00, 0x00, 0x00, 0x00, 0x00, 0x00, 0x00, 0x48, 0xFF,
    0xFF, 0xFF, 0xFF, 0xFF, 0xFF, 0xFF, 0xFF, 0xBC, 0x00, 0x00, 0x00, 0x00, 0xE4, 0xFF, 0xFF, 0xFF,
    0xFF, 0xFF, 0xFF, 0xFF, 0xFF, 0x0A, 0x00, 0x00, 0x00, 0x00, 0x00, 0x00, 0x00, 0x0B, 0xFF, 0xFF,
    0xFF, 0xFF, 0xFF, 0xFF, 0xFF, 0xFF, 0xE2, 0x00, 0x00, 0x00, 0x00, 0xFA, 0xFF, 0xFF, 0xFF, 0xFF,
    0xFF, 0xFF, 0xFF, 0xFF, 0x21, 0x00, 0x00, 0x00, 0x00, 0x00, 0x00, 0x00, 0x23, 0xFF, 0xFF, 0xFF,
    0xFF, 0xFF, 0xFF, 0xFF, 0xFF, 0xF9, 0x00, 0x00, 0x00, 0x00, 0xE7, 0xFF, 0xFF, 0xFF, 0xFF, 0xFF,
    0xFF, 0xFF, 0xFF, 0x95, 0x00, 0x00, 0x00, 0x00, 0x00, 0x00, 0x00, 0x99, 0xFF, 0xFF, 0xFF, 0xFF,
    0xFF, 0xFF, 0xFF, 0xFF, 0xE8, 0x00, 0x00, 0x00, 0x00, 0xB1, 0xFF, 0xFF, 0xFF, 0xFF, 0xFF, 0xFF,
    0xFF, 0xFF, 0xFF, 0x96, 0x16, 0x00, 0x00, 0x00, 0x16, 0x99, 0xFF, 0xFF, 0xFF, 0xFF, 0xFF, 0xFF,
    0xFF, 0xFF, 0xFF, 0xB2, 0x00, 0x00, 0x00, 0x00, 0x54, 0xFF, 0xFF, 0xFF, 0xFF, 0xFF, 0xFF, 0xFF,
    0xFF, 0xFF, 0xFF, 0xFC, 0xD0, 0xBD, 0xD1, 0xFC, 0xFF, 0xFF, 0xFF, 0xFF, 0xFF, 0xFF, 0xFF, 0xFF,
    0xFF, 0xFF, 0x54, 0x00, 0x00, 0x00, 0x00, 0x02, 0xC4, 0xFF, 0xFF, 0xFF, 0xFF, 0xFF, 0xFF, 0xFF,
    0xFF, 0xFF, 0xFF, 0xFF, 0xFF, 0xFF, 0xFF, 0xFF, 0xFF, 0xFF, 0xFF, 0xFF, 0xFF, 0xFF, 0xFF, 0xFF,
    0xC3, 0x02, 0x00, 0x00, 0x00, 0x00, 0x00, 0x1D, 0xE0, 0xFF, 0xFF, 0xFF, 0xFF, 0xFF, 0xFF, 0xFF,
    0xFF, 0xFF, 0xFF, 0xFF, 0xFF, 0xFF, 0xFF, 0xFF, 0xFF, 0xFF, 0xFF, 0xFF, 0xFF, 0xFF, 0xDF, 0x1C,
    0x00, 0x00, 0x00, 0x00, 0x00, 0x00, 0x00, 0x1E, 0xCB, 0xFF, 0xFF, 0xFF, 0xFF, 0xFF, 0xFF, 0xFF,
    0xFF, 0xFF, 0xFF, 0xFF, 0xFF, 0xFF, 0xFF, 0xFF, 0xFF, 0xFF, 0xFF, 0xFF, 0xC8, 0x1D, 0x00, 0x00,
    0x00, 0x00, 0x00, 0x00, 0x00, 0x00, 0x00, 0x05, 0x75, 0xED, 0xFF, 0xFF, 0xFF, 0xFF, 0xFF, 0xFF,
    0xFF, 0xFF, 0xFF, 0xFF, 0xFF, 0xFF, 0xFF, 0xFF, 0xFF, 0xEB, 0x70, 0x04, 0x00, 0x00, 0x00, 0x00,
    0x00, 0x00, 0x00, 0x00, 0x00, 0x00, 0x00, 0x00, 0x0A, 0x62, 0xB6, 0xF4, 0xFF, 0xFF, 0xFF, 0xFF,
    0xFF, 0xFF, 0xFF, 0xFF, 0xFF, 0xF3, 0xB3, 0x5F, 0x08, 0x00, 0x00, 0x00, 0x00, 0x00, 0x00, 0x00,
    0x00, 0x00, 0x00, 0x00, 0x00, 0x00, 0x00, 0x00, 0x00, 0x00, 0x03, 0x2C, 0x50, 0x6B, 0x77, 0x7E,
    0x77, 0x6A, 0x4F, 0x2A, 0x02, 0x00, 0x00, 0x00, 0x00, 0x00, 0x00, 0x00, 0x00, 0x00, 0x00,
};
const AlphaBitmap kTodayAmountFontDigit8 = {kTodayAmountFontDigit8Alpha, 31, 33};

const uint8_t kTodayAmountFontDigit9Alpha[] = {
    0x00, 0x00, 0x00, 0x00, 0x00, 0x00, 0x00, 0x00, 0x00, 0x00, 0x02, 0x2C, 0x55, 0x6F, 0x7B, 0x75,
    0x65, 0x41, 0x13, 0x00, 0x00, 0x00, 0x00, 0x00, 0x00, 0x00, 0x00, 0x00, 0x00, 0x00, 0x00, 0x00,
    0x00, 0x00, 0x00, 0x00, 0x00, 0x00, 0x36, 0x9E, 0xEB, 0xFF, 0xFF, 0xFF, 0xFF, 0xFF, 0xFF, 0xFF,
    0xFE, 0xC9, 0x6D, 0x0C, 0x00, 0x00, 0x00, 0x00, 0x00, 0x00, 0x00, 0x00, 0x00, 0x00, 0x00, 0x00,
    0x00, 0x00, 0x21, 0xB2, 0xFF, 0xFF, 0xFF, 0xFF, 0xFF, 0xFF, 0xFF, 0xFF, 0xFF, 0xFF, 0xFF, 0xFF,
    0xFF, 0xED, 0x65, 0x01, 0x00, 0x00, 0x00, 0x00, 0x00, 0x00, 0x00, 0x00, 0x00, 0x00, 0x00, 0x4D,
    0xF0, 0xFF, 0xFF, 0xFF, 0xFF, 0xFF, 0xFF, 0xFF, 0xFF, 0xFF, 0xFF, 0xFF, 0xFF, 0xFF, 0xFF, 0xFF,
    0xFF, 0xAB, 0x08, 0x00, 0x00, 0x00, 0x00, 0x00, 0x00, 0x00, 0x00, 0x00, 0x50, 0xFB, 0xFF, 0xFF,
    0xFF, 0xFF, 0xFF, 0xFF, 0xFF, 0xFF, 0xFF, 0xFF, 0xFF, 0xFF, 0xFF, 0xFF, 0xFF, 0xFF, 0xFF, 0xFF,
    0xBA, 0x04, 0x00, 0x00, 0x00, 0x00, 0x00, 0x00, 0x00, 0x28, 0xF3, 0xFF, 0xFF, 0xFF, 0xFF, 0xFF,
    0xFF, 0xFF, 0xFF, 0xFF, 0xFF, 0xFF, 0xFF, 0xFF, 0xFF, 0xFF, 0xFF, 0xFF, 0xFF, 0xFF, 0xFF, 0x92,
    0x00, 0x00, 0x00, 0x00, 0x00, 0x00, 0x00, 0xBD, 0xFF, 0xFF, 0xFF, 0xFF, 0xFF, 0xFF, 0xFF, 0xFF,
    0xFF, 0xF1, 0xC5, 0xCC, 0xFA, 0xFF, 0xFF, 0xFF, 0xFF, 0xFF, 0xFF, 0xFF, 0xFF, 0xFE, 0x3F, 0x00,
    0x00, 0x00, 0x00, 0x00, 0x39, 0xFF, 0xFF, 0xFF, 0xFF, 0xFF, 0xFF, 0xFF, 0xFF, 0xFE, 0x82, 0x0A,
    0x00, 0x00, 0x19, 0xB2, 0xFF, 0xFF, 0xFF, 0xFF, 0xFF, 0xFF, 0xFF, 0xFF, 0xCF, 0x00, 0x00, 0x00,
    0x00, 0x00, 0x93, 0xFF, 0xFF, 0xFF, 0xFF, 0xFF, 0xFF, 0xFF, 0xFF, 0x83, 0x00, 0x00, 0x00, 0x00,
    0x00, 0x03, 0xC3, 0xFF, 0xFF, 0xFF, 0xFF, 0xFF, 0xFF, 0xFF, 0xFF, 0x45, 0x00, 0x00, 0x00, 0x00,
    0xCD, 0xFF, 0xFF, 0xFF, 0xFF, 0xFF, 0xFF, 0xFF, 0xF2, 0x0B, 0x00, 0x00, 0x00, 0x00, 0x00, 0x00,
    0x45, 0xFF, 0xFF, 0xFF, 0xFF, 0xFF, 0xFF, 0xFF, 0xFF, 0xA6, 0x00, 0x00, 0x00, 0x00, 0xEF, 0xFF,
    0xFF, 0xFF, 0xFF, 0xFF, 0xFF, 0xFF, 0xC7, 0x00, 0x00, 0x00, 0x00, 0x00, 0x00, 0x00, 0x0E, 0xFF,
    0xFF, 0xFF, 0xFF, 0xFF, 0xFF, 0xFF, 0xFF, 0xEE, 0x03, 0x00, 0x00, 0x00, 0xFC, 0xFF, 0xFF, 0xFF,
    0xFF, 0xFF, 0xFF, 0xFF, 0xCE, 0x00, 0x00, 0x00, 0x00, 0x00, 0x00, 0x00, 0x12, 0xFF, 0xFF, 0xFF,
    0xFF, 0xFF, 0xFF, 0xFF, 0xFF, 0xFF, 0x35, 0x00, 0x00, 0x00, 0xF1, 0xFF, 0xFF, 0xFF, 0xFF, 0xFF,
    0xFF, 0xFF, 0xF9, 0x14, 0x00, 0x00, 0x00, 0x00, 0x00, 0x00, 0x52, 0xFF, 0xFF, 0xFF, 0xFF, 0xFF,
    0xFF, 0xFF, 0xFF, 0xFF, 0x61, 0x00, 0x00, 0x00, 0xD1, 0xFF, 0xFF, 0xFF, 0xFF, 0xFF, 0xFF, 0xFF,
    0xFF, 0xA1, 0x00, 0x00, 0x00, 0x00, 0x00, 0x10, 0xD9, 0xFF, 0xFF, 0xFF, 0xFF, 0xFF, 0xFF, 0xFF,
    0xFF, 0xFF, 0x8B, 0x00, 0x00, 0x00, 0x95, 0xFF, 0xFF, 0xFF, 0xFF, 0xFF, 0xFF, 0xFF, 0xFF, 0xFF,
    0xB3, 0x39, 0x0A, 0x13, 0x57, 0xDC, 0xFF, 0xFF, 0xFF, 0xFF, 0xFF, 0xFF, 0xFF, 0xFF, 0xFF, 0xFF,
    0xA1, 0x00, 0x00, 0x00, 0x3A, 0xFF, 0xFF, 0xFF, 0xFF, 0xFF, 0xFF, 0xFF, 0xFF, 0xFF, 0xFF, 0xFF,
    0xFF, 0xFF, 0xFF, 0xFF, 0xFF, 0xFF, 0xFF, 0xFF, 0xFF, 0xFF, 0xFF, 0xFF, 0xFF, 0xFF, 0xAE, 0x00,
    0x00, 0x00, 0x00, 0xB6, 0xFF, 0xFF, 0xFF, 0xFF, 0xFF, 0xFF, 0xFF, 0xFF, 0xFF, 0xFF, 0xFF, 0xFF,
    0xFF, 0xFF, 0xFF, 0xC2, 0xFF, 0xFF, 0xFF, 0xFF, 0xFF, 0xFF, 0xFF, 0xFF, 0xB8, 0x00, 0x00, 0x00,
    0x00, 0x15, 0xDE, 0xFF, 0xFF, 0xFF, 0xFF, 0xFF, 0xFF, 0xFF, 0xFF, 0xFF, 0xFF, 0xFF, 0xFF, 0xFF,
    0xFF, 0x51, 0xFF, 0xFF, 0xFF, 0xFF, 0xFF, 0xFF, 0xFF, 0xFF, 0xAF, 0x00, 0x00, 0x00, 0x00, 0x00,
    0x2B, 0xE7, 0xFF, 0xFF, 0xFF, 0xFF, 0xFF, 0xFF, 0xFF, 0xFF, 0xFF, 0xFF, 0xFF, 0xFF, 0x94, 0x17,
    0xFF, 0xFF, 0xFF, 0xFF, 0xFF, 0xFF, 0xFF, 0xFF, 0xA4, 0x00, 0x00, 0x00, 0x00, 0x00, 0x00, 0x13,
    0xAA, 0xFF, 0xFF, 0xFF, 0xFF, 0xFF, 0xFF, 0xFF, 0xFF, 0xFF, 0xFE, 0x8C, 0x02, 0x2E, 0xFF, 0xFF,
    0xFF, 0xFF, 0xFF, 0xFF, 0xFF, 0xFF, 0x89, 0x00, 0x00, 0x00, 0x00, 0x00, 0x00, 0x00, 0x00, 0x3E,
    0xA3, 0xEA, 0xFF, 0xFF, 0xFF, 0xFF, 0xED, 0xA6, 0x32, 0x00, 0x00, 0x55, 0xFF, 0xFF, 0xFF, 0xFF,
    0xFF, 0xFF, 0xFF, 0xFF, 0x64, 0x00, 0x00, 0x00, 0x00, 0x00, 0x00, 0x00, 0x00, 0x00, 0x00, 0x00,
    0x19, 0x30, 0x2F, 0x1B, 0x02, 0x00, 0x00, 0x00, 0x00, 0x83, 0xFF, 0xFF, 0xFF, 0xFF, 0xFF, 0xFF,
    0xFF, 0xFF, 0x34, 0x00, 0x00, 0x00, 0x00, 0x00, 0x05, 0x69, 0x9D, 0x9E, 0x5E, 0x04, 0x00, 0x00,
    0x00, 0x00, 0x00, 0x00, 0x00, 0x00, 0x00, 0xD0, 0xFF, 0xFF, 0xFF, 0xFF, 0xFF, 0xFF, 0xFF, 0xEE,
    0x02, 0x00, 0x00, 0x00, 0x00, 0x04, 0xC6, 0xFF, 0xFF, 0xFF, 0xFF, 0xC4, 0x16, 0x00, 0x00, 0x00,
    0x00, 0x00, 0x00, 0x00, 0x2F, 0xFF, 0xFF, 0xFF, 0xFF, 0xFF, 0xFF, 0xFF, 0xFF, 0xA2, 0x00, 0x00,
    0x00, 0x00, 0x00, 0x5E, 0xFF, 0xFF, 0xFF, 0xFF, 0xFF, 0xFF, 0xDC, 0x25, 0x00, 0x00, 0x00, 0x00,
    0x00, 0x01, 0xC6, 0xFF, 0xFF, 0xFF, 0xFF, 0xFF, 0xFF, 0xFF, 0xFF, 0x3D, 0x00, 0x00, 0x00, 0x00,
    0x00, 0x90, 0xFF, 0xFF, 0xFF, 0xFF, 0xFF, 0xFF, 0xFF, 0xED, 0x5C, 0x03, 0x00, 0x00, 0x11, 0xA5,
    0xFF, 0xFF, 0xFF, 0xFF, 0xFF, 0xFF, 0xFF, 0xFF, 0xC4, 0x00, 0x00, 0x00, 0x00, 0x00, 0x00, 0x7E,
    0xFF, 0xFF, 0xFF, 0xFF, 0xFF, 0xFF, 0xFF, 0xFF, 0xFF, 0xE9, 0xC1, 0xC7, 0xF8, 0xFF, 0xFF, 0xFF,
    0xFF, 0xFF, 0xFF, 0xFF, 0xFF, 0xFD, 0x36, 0x00, 0x00, 0x00, 0x00, 0x00, 0x00, 0x28, 0xFB, 0xFF,
    0xFF, 0xFF, 0xFF, 0xFF, 0xFF, 0xFF, 0xFF, 0xFF, 0xFF, 0xFF, 0xFF, 0xFF, 0xFF, 0xFF, 0xFF, 0xFF,
    0xFF, 0xFF, 0xFF, 0x80, 0x00, 0x00, 0x00, 0x00, 0x00, 0x00, 0x00, 0x00, 0x88, 0xFF, 0xFF, 0xFF,
    0xFF, 0xFF, 0xFF, 0xFF, 0xFF, 0xFF, 0xFF, 0xFF, 0xFF, 0xFF, 0xFF, 0xFF, 0xFF, 0xFF, 0xFF, 0xFF,
    0xA7, 0x02, 0x00, 0x00, 0x00, 0x00, 0x00, 0x00, 0x00, 0x00, 0x02, 0x9C, 0xFF, 0xFF, 0xFF, 0xFF,
    0xFF, 0xFF, 0xFF, 0xFF, 0xFF, 0xFF, 0xFF, 0xFF, 0xFF, 0xFF, 0xFF, 0xFF, 0xFF, 0x98, 0x03, 0x00,
    0x00, 0x00, 0x00, 0x00, 0x00, 0x00, 0x00, 0x00, 0x00, 0x01, 0x61, 0xE9, 0xFF, 0xFF, 0xFF, 0xFF,
    0xFF, 0xFF, 0xFF, 0xFF, 0xFF, 0xFF, 0xFF, 0xFF, 0xFF, 0xE2, 0x54, 0x00, 0x00, 0x00, 0x00, 0x00,
    0x00, 0x00, 0x00, 0x00, 0x00, 0x00, 0x00, 0x00, 0x00, 0x0D, 0x65, 0xC4, 0xFB, 0xFF, 0xFF, 0xFF,
    0xFF, 0xFF, 0xFF, 0xFF, 0xFD, 0xC0, 0x66, 0x06, 0x00, 0x00, 0x00, 0x00, 0x00, 0x00, 0x00, 0x00,
    0x00, 0x00, 0x00, 0x00, 0x00, 0x00, 0x00, 0x00, 0x00, 0x00, 0x09, 0x3A, 0x5E, 0x6F, 0x7C, 0x73,
    0x63, 0x3D, 0x0E, 0x00, 0x00, 0x00, 0x00, 0x00, 0x00, 0x00, 0x00, 0x00, 0x00, 0x00,
};
const AlphaBitmap kTodayAmountFontDigit9 = {kTodayAmountFontDigit9Alpha, 30, 33};

const uint8_t kTodayAmountFontDotAlpha[] = {
    0x00, 0x00, 0x00, 0x00, 0x00, 0x00, 0x00, 0x00, 0x00, 0x00, 0x00, 0x00, 0x00, 0x00, 0x00, 0x00,
    0x00, 0x00, 0x00, 0x00, 0x00, 0x00, 0x00, 0x00, 0x00, 0x00, 0x00, 0x00, 0x00, 0x00, 0x00, 0x00,
    0x00, 0x00, 0x00, 0x00, 0x00, 0x00, 0x00, 0x00, 0x00, 0x00, 0x00, 0x00, 0x00, 0x00, 0x00, 0x00,
    0x00, 0x00, 0x00, 0x00, 0x00, 0x00, 0x00, 0x00, 0x00, 0x00, 0x00, 0x00, 0x00, 0x00, 0x00, 0x00,
    0x00, 0x00, 0x00, 0x00, 0x00, 0x00, 0x00, 0x00, 0x00, 0x00, 0x00, 0x00, 0x00, 0x00, 0x00, 0x00,
    0x00, 0x00, 0x00, 0x00, 0x00, 0x00, 0x00, 0x00, 0x00, 0x00, 0x00, 0x00, 0x00, 0x00, 0x00, 0x00,
    0x00, 0x00, 0x00, 0x00, 0x00, 0x00, 0x00, 0x00, 0x00, 0x00, 0x00, 0x00, 0x00, 0x00, 0x00, 0x00,
    0x00, 0x00, 0x00, 0x00, 0x00, 0x00, 0x00, 0x00, 0x00, 0x00, 0x00, 0x00, 0x00, 0x00, 0x00, 0x00,
    0x00, 0x00, 0x00, 0x00, 0x00, 0x00, 0x00, 0x00, 0x00, 0x00, 0x00, 0x00, 0x00, 0x00, 0x00, 0x00,
    0x00, 0x00, 0x00, 0x00, 0x00, 0x00, 0x00, 0x00, 0x00, 0x00, 0x00, 0x00, 0x00, 0x00, 0x00, 0x00,
    0x00, 0x00, 0x00, 0x00, 0x00, 0x00, 0x00, 0x00, 0x00, 0x00, 0x00, 0x00, 0x00, 0x00, 0x00, 0x00,
    0x00, 0x00, 0x00, 0x00, 0x00, 0x00, 0x00, 0x00, 0x00, 0x00, 0x00, 0x00, 0x00, 0x00, 0x00, 0x00,
    0x00, 0x00, 0x00, 0x00, 0x00, 0x00, 0x00, 0x00, 0x00, 0x00, 0x00, 0x00, 0x00, 0x00, 0x00, 0x00,
    0x00, 0x00, 0x00, 0x00, 0x00, 0x00, 0x00, 0x00, 0x00, 0x00, 0x00, 0x00, 0x00, 0x00, 0x00, 0x00,
    0x00, 0x00, 0x00, 0x00, 0x00, 0x00, 0x00, 0x00, 0x00, 0x00, 0x00, 0x00, 0x00, 0x00, 0x00, 0x00,
    0x00, 0x00, 0x00, 0x00, 0x00, 0x00, 0x00, 0x00, 0x00, 0x00, 0x00, 0x00, 0x00, 0x00, 0x00, 0x00,
    0x00, 0x00, 0x00, 0x00, 0x00, 0x00, 0x00, 0x00, 0x00, 0x00, 0x00, 0x00, 0x00, 0x00, 0x00, 0x00,
    0x00, 0x00, 0x00, 0x00, 0x00, 0x00, 0x00, 0x00, 0x00, 0x00, 0x00, 0x00, 0x00, 0x00, 0x00, 0x00,
    0x00, 0x00, 0x00, 0x00, 0x00, 0x00, 0x00, 0x00, 0x00, 0x00, 0x00, 0x00, 0x00, 0x00, 0x00, 0x17,
    0x63, 0x78, 0x53, 0x08, 0x00, 0x00, 0x00, 0x00, 0x00, 0x00, 0x00, 0x5B, 0xF4, 0xFF, 0xFF, 0xFF,
    0xDE, 0x2D, 0x00, 0x00, 0x00, 0x00, 0x00, 0x3E, 0xFC, 0xFF, 0xFF, 0xFF, 0xFF, 0xFF, 0xE5, 0x10,
    0x00, 0x00, 0x00, 0x00, 0xBC, 0xFF, 0xFF, 0xFF, 0xFF, 0xFF, 0xFF, 0xFF, 0x77, 0x00, 0x00, 0x00,
    0x00, 0xF4, 0xFF, 0xFF, 0xFF, 0xFF, 0xFF, 0xFF, 0xFF, 0xAF, 0x00, 0x00, 0x00, 0x00, 0xF4, 0xFF,
    0xFF, 0xFF, 0xFF, 0xFF, 0xFF, 0xFF, 0xB0, 0x00, 0x00, 0x00, 0x00, 0xBD, 0xFF, 0xFF, 0xFF, 0xFF,
    0xFF, 0xFF, 0xFF, 0x78, 0x00, 0x00, 0x00, 0x00, 0x40, 0xFD, 0xFF, 0xFF, 0xFF, 0xFF, 0xFF, 0xE6,
    0x11, 0x00, 0x00, 0x00, 0x00, 0x00, 0x5E, 0xF5, 0xFF, 0xFF, 0xFF, 0xDF, 0x2F, 0x00, 0x00, 0x00,
    0x00, 0x00, 0x00, 0x00, 0x18, 0x64, 0x79, 0x54, 0x08, 0x00, 0x00, 0x00, 0x00,
};
const AlphaBitmap kTodayAmountFontDot = {kTodayAmountFontDotAlpha, 13, 33};

const uint8_t kTodayAmountFontCharU004BAlpha[] = {
    0x00, 0x00, 0x00, 0x00, 0x28, 0x6A, 0x7A, 0x5E, 0x15, 0x00, 0x00, 0x00, 0x00, 0x00, 0x00, 0x00,
    0x00, 0x00, 0x00, 0x00, 0x00, 0x00, 0x1E, 0x67, 0x78, 0x4C, 0x03, 0x00, 0x00, 0x00, 0x00, 0x00,
    0x00, 0x8E, 0xFE, 0xFF, 0xFF, 0xFF, 0xF4, 0x55, 0x00, 0x00, 0x00, 0x00, 0x00, 0x00, 0x00, 0x00,
    0x00, 0x00, 0x03, 0x89, 0xFC, 0xFF, 0xFF, 0xFF, 0xD1, 0x1F, 0x00, 0x00, 0x00, 0x00, 0x5E, 0xFF,
    0xFF, 0xFF, 0xFF, 0xFF, 0xFF, 0xF7, 0x21, 0x00, 0x00, 0x00, 0x00, 0x00, 0x00, 0x00, 0x00, 0x02,
    0xA8, 0xFF, 0xFF, 0xFF, 0xFF, 0xFF, 0xFF, 0xD2, 0x04, 0x00, 0x00, 0x00, 0xC5, 0xFF, 0xFF, 0xFF,
    0xFF, 0xFF, 0xFF, 0xFF, 0x80, 0x00, 0x00, 0x00, 0x00, 0x00, 0x00, 0x00, 0x00, 0x90, 0xFF, 0xFF,
    0xFF, 0xFF, 0xFF, 0xFF, 0xFF, 0xFF, 0x4F, 0x00, 0x00, 0x00, 0xF2, 0xFF, 0xFF, 0xFF, 0xFF, 0xFF,
    0xFF, 0xFF, 0xAD, 0x00, 0x00, 0x00, 0x00, 0x00, 0x00, 0x00, 0x6F, 0xFF, 0xFF, 0xFF, 0xFF, 0xFF,
    0xFF, 0xFF, 0xFF, 0xFF, 0x78, 0x00, 0x00, 0x00, 0xFF, 0xFF, 0xFF, 0xFF, 0xFF, 0xFF, 0xFF, 0xFF,
    0xBB, 0x00, 0x00, 0x00, 0x00, 0x00, 0x00, 0x50, 0xFD, 0xFF, 0xFF, 0xFF, 0xFF, 0xFF, 0xFF, 0xFF,
    0xFF, 0xFF, 0x68, 0x00, 0x00, 0x00, 0xFF, 0xFF, 0xFF, 0xFF, 0xFF, 0xFF, 0xFF, 0xFF, 0xBC, 0x00,
    0x00, 0x00, 0x00, 0x00, 0x36, 0xF6, 0xFF, 0xFF, 0xFF, 0xFF, 0xFF, 0xFF, 0xFF, 0xFF, 0xFF, 0xFB,
    0x20, 0x00, 0x00, 0x00, 0xFF, 0xFF, 0xFF, 0xFF, 0xFF, 0xFF, 0xFF, 0xFF, 0xBC, 0x00, 0x00, 0x00,
    0x00, 0x22, 0xE9, 0xFF, 0xFF, 0xFF, 0xFF, 0xFF, 0xFF, 0xFF, 0xFF, 0xFF, 0xFF, 0x83, 0x00, 0x00,
    0x00, 0x00, 0xFF, 0xFF, 0xFF, 0xFF, 0xFF, 0xFF, 0xFF, 0xFF, 0xBC, 0x00, 0x00, 0x00, 0x12, 0xD8,
    0xFF, 0xFF, 0xFF, 0xFF, 0xFF, 0xFF, 0xFF, 0xFF, 0xFF, 0xFF, 0xAD, 0x02, 0x00, 0x00, 0x00, 0x00,
    0xFF, 0xFF, 0xFF, 0xFF, 0xFF, 0xFF, 0xFF, 0xFF, 0xBC, 0x00, 0x00, 0x07, 0xC2, 0xFF, 0xFF, 0xFF,
    0xFF, 0xFF, 0xFF, 0xFF, 0xFF, 0xFF, 0xFF, 0xBD, 0x07, 0x00, 0x00, 0x00, 0x00, 0x00, 0xFF, 0xFF,
    0xFF, 0xFF, 0xFF, 0xFF, 0xFF, 0xFF, 0xBC, 0x00, 0x01, 0xA7, 0xFF, 0xFF, 0xFF, 0xFF, 0xFF, 0xFF,
    0xFF, 0xFF, 0xFF, 0xFF, 0xCC, 0x0D, 0x00, 0x00, 0x00, 0x00, 0x00, 0x00, 0xFF, 0xFF, 0xFF, 0xFF,
    0xFF, 0xFF, 0xFF, 0xFF, 0xBC, 0x00, 0x88, 0xFF, 0xFF, 0xFF, 0xFF, 0xFF, 0xFF, 0xFF, 0xFF, 0xFF,
    0xFF, 0xD8, 0x14, 0x00, 0x00, 0x00, 0x00, 0x00, 0x00, 0x00, 0xFF, 0xFF, 0xFF, 0xFF, 0xFF, 0xFF,
    0xFF, 0xFF, 0xBC, 0x66, 0xFF, 0xFF, 0xFF, 0xFF, 0xFF, 0xFF, 0xFF, 0xFF, 0xFF, 0xFF, 0xE3, 0x1E,
    0x00, 0x00, 0x00, 0x00, 0x00, 0x00, 0x00, 0x00, 0xFF, 0xFF, 0xFF, 0xFF, 0xFF, 0xFF, 0xFF, 0xFF,
    0xED, 0xFB, 0xFF, 0xFF, 0xFF, 0xFF, 0xFF, 0xFF, 0xFF, 0xFF, 0xFF, 0xEC, 0x28, 0x00, 0x00, 0x00,
    0x00, 0x00, 0x00, 0x00, 0x00, 0x00, 0xFF, 0xFF, 0xFF, 0xFF, 0xFF, 0xFF, 0xFF, 0xFF, 0xFF, 0xFF,
    0xFF, 0xFF, 0xFF, 0xFF, 0xFF, 0xFF, 0xFF, 0xFF, 0xF3, 0x35, 0x00, 0x00, 0x00, 0x00, 0x00, 0x00,
    0x00, 0x00, 0x00, 0x00, 0xFF, 0xFF, 0xFF, 0xFF, 0xFF, 0xFF, 0xFF, 0xFF, 0xFF, 0xFF, 0xFF, 0xFF,
    0xFF, 0xFF, 0xFF, 0xFF, 0xFF, 0xFF, 0xB9, 0x01, 0x00, 0x00, 0x00, 0x00, 0x00, 0x00, 0x00, 0x00,
    0x00, 0x00, 0xFF, 0xFF, 0xFF, 0xFF, 0xFF, 0xFF, 0xFF, 0xFF, 0xFF, 0xFF, 0xFF, 0xFF, 0xFF, 0xFF,
    0xFF, 0xFF, 0xFF, 0xFF, 0xFF, 0x7E, 0x00, 0x00, 0x00, 0x00, 0x00, 0x00, 0x00, 0x00, 0x00, 0x00,
    0xFF, 0xFF, 0xFF, 0xFF, 0xFF, 0xFF, 0xFF, 0xFF, 0xFF, 0xFF, 0xFF, 0xFF, 0xFF, 0xFF, 0xFF, 0xFF,
    0xFF, 0xFF, 0xFF, 0xFE, 0x51, 0x00, 0x00, 0x00, 0x00, 0x00, 0x00, 0x00, 0x00, 0x00, 0xFF, 0xFF,
    0xFF, 0xFF, 0xFF, 0xFF, 0xFF, 0xFF, 0xFF, 0xFF, 0xFF, 0xFF, 0xFF, 0xFF, 0xFF, 0xFF, 0xFF, 0xFF,
    0xFF, 0xFF, 0xF4, 0x2E, 0x00, 0x00, 0x00, 0x00, 0x00, 0x00, 0x00, 0x00, 0xFF, 0xFF, 0xFF, 0xFF,
    0xFF, 0xFF, 0xFF, 0xFF, 0xFF, 0xFF, 0xFF, 0xFF, 0xFF, 0xFF, 0xFF, 0xFF, 0xFF, 0xFF, 0xFF, 0xFF,
    0xFF, 0xDF, 0x14, 0x00, 0x00, 0x00, 0x00, 0x00, 0x00, 0x00, 0xFF, 0xFF, 0xFF, 0xFF, 0xFF, 0xFF,
    0xFF, 0xFF, 0xFF, 0xFF, 0xFF, 0xFF, 0xFF, 0xFF, 0xFF, 0xFF, 0xFF, 0xFF, 0xFF, 0xFF, 0xFF, 0xFF,
    0xC0, 0x05, 0x00, 0x00, 0x00, 0x00, 0x00, 0x00, 0xFF, 0xFF, 0xFF, 0xFF, 0xFF, 0xFF, 0xFF, 0xFF,
    0xFF, 0xFF, 0xE1, 0x63, 0xFD, 0xFF, 0xFF, 0xFF, 0xFF, 0xFF, 0xFF, 0xFF, 0xFF, 0xFF, 0xFF, 0x98,
    0x00, 0x00, 0x00, 0x00, 0x00, 0x00, 0xFF, 0xFF, 0xFF, 0xFF, 0xFF, 0xFF, 0xFF, 0xFF, 0xFF, 0xE6,
    0x24, 0x00, 0x78, 0xFF, 0xFF, 0xFF, 0xFF, 0xFF, 0xFF, 0xFF, 0xFF, 0xFF, 0xFF, 0xFF, 0x6A, 0x00,
    0x00, 0x00, 0x00, 0x00, 0xFF, 0xFF, 0xFF, 0xFF, 0xFF, 0xFF, 0xFF, 0xFF, 0xED, 0x29, 0x00, 0x00,
    0x00, 0xAC, 0xFF, 0xFF, 0xFF, 0xFF, 0xFF, 0xFF, 0xFF, 0xFF, 0xFF, 0xFF, 0xFB, 0x3F, 0x00, 0x00,
    0x00, 0x00, 0xFF, 0xFF, 0xFF, 0xFF, 0xFF, 0xFF, 0xFF, 0xFF, 0xBC, 0x00, 0x00, 0x00, 0x00, 0x0C,
    0xD5, 0xFF, 0xFF, 0xFF, 0xFF, 0xFF, 0xFF, 0xFF, 0xFF, 0xFF, 0xFF, 0xE6, 0x17, 0x00, 0x00, 0x00,
    0xFF, 0xFF, 0xFF, 0xFF, 0xFF, 0xFF, 0xFF, 0xFF, 0xBC, 0x00, 0x00, 0x00, 0x00, 0x00, 0x26, 0xF1,
    0xFF, 0xFF, 0xFF, 0xFF, 0xFF, 0xFF, 0xFF, 0xFF, 0xFF, 0xFF, 0xA5, 0x00, 0x00, 0x00, 0xFF, 0xFF,
    0xFF, 0xFF, 0xFF, 0xFF, 0xFF, 0xFF, 0xBC, 0x00, 0x00, 0x00, 0x00, 0x00, 0x00, 0x4E, 0xFE, 0xFF,
    0xFF, 0xFF, 0xFF, 0xFF, 0xFF, 0xFF, 0xFF, 0xFF, 0xFF, 0x23, 0x00, 0x00, 0xFF, 0xFF, 0xFF, 0xFF,
    0xFF, 0xFF, 0xFF, 0xFF, 0xBB, 0x00, 0x00, 0x00, 0x00, 0x00, 0x00, 0x00, 0x82, 0xFF, 0xFF, 0xFF,
    0xFF, 0xFF, 0xFF, 0xFF, 0xFF, 0xFF, 0xFF, 0x6A, 0x00, 0x00, 0xF2, 0xFF, 0xFF, 0xFF, 0xFF, 0xFF,
    0xFF, 0xFF, 0xAD, 0x00, 0x00, 0x00, 0x00, 0x00, 0x00, 0x00, 0x02, 0xB5, 0xFF, 0xFF, 0xFF, 0xFF,
    0xFF, 0xFF, 0xFF, 0xFF, 0xFF, 0x76, 0x00, 0x00, 0xC5, 0xFF, 0xFF, 0xFF, 0xFF, 0xFF, 0xFF, 0xFF,
    0x80, 0x00, 0x00, 0x00, 0x00, 0x00, 0x00, 0x00, 0x00, 0x10, 0xDB, 0xFF, 0xFF, 0xFF, 0xFF, 0xFF,
    0xFF, 0xFF, 0xFF, 0x46, 0x00, 0x00, 0x5E, 0xFF, 0xFF, 0xFF, 0xFF, 0xFF, 0xFF, 0xF7, 0x21, 0x00,
    0x00, 0x00, 0x00, 0x00, 0x00, 0x00, 0x00, 0x00, 0x25, 0xEA, 0xFF, 0xFF, 0xFF, 0xFF, 0xFF, 0xFF,
    0xCB, 0x02, 0x00, 0x00, 0x00, 0x8F, 0xFE, 0xFF, 0xFF, 0xFF, 0xF4, 0x55, 0x00, 0x00, 0x00, 0x00,
    0x00, 0x00, 0x00, 0x00, 0x00, 0x00, 0x00, 0x27, 0xCF, 0xFF, 0xFF, 0xFF, 0xFF, 0xCC, 0x1B, 0x00,
    0x00, 0x00, 0x00, 0x00, 0x28, 0x6C, 0x7B, 0x5F, 0x15, 0x00, 0x00, 0x00, 0x00, 0x00, 0x00, 0x00,
    0x00, 0x00, 0x00, 0x00, 0x00, 0x00, 0x01, 0x3F, 0x6F, 0x77, 0x47, 0x02, 0x00, 0x00,
};
const AlphaBitmap kTodayAmountFontCharU004B = {kTodayAmountFontCharU004BAlpha, 30, 33};

const uint8_t kTodayAmountFontCharU004DAlpha[] = {
    0x00, 0x00, 0x00, 0x00, 0x00, 0x29, 0x64, 0x7A, 0x72, 0x4A, 0x07, 0x00, 0x00, 0x00, 0x00, 0x00,
    0x00, 0x00, 0x00, 0x00, 0x00, 0x00, 0x00, 0x00, 0x00, 0x00, 0x00, 0x09, 0x4C, 0x73, 0x79, 0x63,
    0x27, 0x00, 0x00, 0x00, 0x00, 0x00, 0x00, 0x00, 0x00, 0x17, 0xB7, 0xFF, 0xFF, 0xFF, 0xFF, 0xFF,
    0xEA, 0x51, 0x00, 0x00, 0x00, 0x00, 0x00, 0x00, 0x00, 0x00, 0x00, 0x00, 0x00, 0x00, 0x00, 0x00,
    0x5D, 0xEE, 0xFF, 0xFF, 0xFF, 0xFF, 0xFF, 0xB5, 0x15, 0x00, 0x00, 0x00, 0x00, 0x00, 0x0A, 0xD4,
    0xFF, 0xFF, 0xFF, 0xFF, 0xFF, 0xFF, 0xFF, 0xFD, 0x4A, 0x00, 0x00, 0x00, 0x00, 0x00, 0x00, 0x00,
    0x00, 0x00, 0x00, 0x00, 0x00, 0x58, 0xFF, 0xFF, 0xFF, 0xFF, 0xFF, 0xFF, 0xFF, 0xFF, 0xD2, 0x09,
    0x00, 0x00, 0x00, 0x00, 0x72, 0xFF, 0xFF, 0xFF, 0xFF, 0xFF, 0xFF, 0xFF, 0xFF, 0xFF, 0xE4, 0x0A,
    0x00, 0x00, 0x00, 0x00, 0x00, 0x00, 0x00, 0x00, 0x00, 0x00, 0x10, 0xED, 0xFF, 0xFF, 0xFF, 0xFF,
    0xFF, 0xFF, 0xFF, 0xFF, 0xFF, 0x6F, 0x00, 0x00, 0x00, 0x00, 0xC5, 0xFF, 0xFF, 0xFF, 0xFF, 0xFF,
    0xFF, 0xFF, 0xFF, 0xFF, 0xFF, 0x6B, 0x00, 0x00, 0x00, 0x00, 0x00, 0x00, 0x00, 0x00, 0x00, 0x00,
    0x7A, 0xFF, 0xFF, 0xFF, 0xFF, 0xFF, 0xFF, 0xFF, 0xFF, 0xFF, 0xFF, 0xC3, 0x00, 0x00, 0x00, 0x00,
    0xEF, 0xFF, 0xFF, 0xFF, 0xFF, 0xFF, 0xFF, 0xFF, 0xFF, 0xFF, 0xFF, 0xD4, 0x00, 0x00, 0x00, 0x00,
    0x00, 0x00, 0x00, 0x00, 0x00, 0x01, 0xDF, 0xFF, 0xFF, 0xFF, 0xFF, 0xFF, 0xFF, 0xFF, 0xFF, 0xFF,
    0xFF, 0xEE, 0x00, 0x00, 0x00, 0x00, 0xFE, 0xFF, 0xFF, 0xFF, 0xFF, 0xFF, 0xFF, 0xFF, 0xFF, 0xFF,
    0xFF, 0xFF, 0x32, 0x00, 0x00, 0x00, 0x00, 0x00, 0x00, 0x00, 0x00, 0x3F, 0xFF, 0xFF, 0xFF, 0xFF,
    0xFF, 0xFF, 0xFF, 0xFF, 0xFF, 0xFF, 0xFF, 0xFD, 0x00, 0x00, 0x00, 0x00, 0xFF, 0xFF, 0xFF, 0xFF,
    0xFF, 0xFF, 0xFF, 0xFF, 0xFF, 0xFF, 0xFF, 0xFF, 0x91, 0x00, 0x00, 0x00, 0x00, 0x00, 0x00, 0x00,
    0x00, 0x9E, 0xFF, 0xFF, 0xFF, 0xFF, 0xFF, 0xFF, 0xFF, 0xFF, 0xFF, 0xFF, 0xFF, 0xFF, 0x00, 0x00,
    0x00, 0x00, 0xFF, 0xFF, 0xFF, 0xFF, 0xFF, 0xFF, 0xFF, 0xFF, 0xFF, 0xFF, 0xFF, 0xFF, 0xEA, 0x05,
    0x00, 0x00, 0x00, 0x00, 0x00, 0x00, 0x0A, 0xF2, 0xFF, 0xFF, 0xFF, 0xFF, 0xFF, 0xFF, 0xFF, 0xFF,
    0xFF, 0xFF, 0xFF, 0xFF, 0x00, 0x00, 0x00, 0x00, 0xFF, 0xFF, 0xFF, 0xFF, 0xFF, 0xFF, 0xFF, 0xFF,
    0xFF, 0xFF, 0xFF, 0xFF, 0xFF, 0x4E, 0x00, 0x00, 0x00, 0x00, 0x00, 0x00, 0x5B, 0xFF, 0xFF, 0xFF,
    0xFF, 0xFF, 0xFF, 0xFF, 0xFF, 0xFF, 0xFF, 0xFF, 0xFF, 0xFF, 0x00, 0x00, 0x00, 0x00, 0xFF, 0xFF,
    0xFF, 0xFF, 0xFF, 0xFF, 0xFF, 0xFF, 0xFF, 0xFF, 0xFF, 0xFF, 0xFF, 0xAD, 0x00, 0x00, 0x00, 0x00,
    0x00, 0x00, 0xBA, 0xFF, 0xFF, 0xFF, 0xFF, 0xFF, 0xFF, 0xFF, 0xFF, 0xFF, 0xFF, 0xFF, 0xFF, 0xFF,
    0x00, 0x00, 0x00, 0x00, 0xFF, 0xFF, 0xFF, 0xFF, 0xFF, 0xFF, 0xFF, 0xFF, 0xFF, 0xFF, 0xFF, 0xFF,
    0xFF, 0xF9, 0x12, 0x00, 0x00, 0x00, 0x00, 0x1B, 0xFD, 0xFF, 0xFF, 0xFF, 0xFF, 0xFF, 0xFF, 0xFF,
    0xFF, 0xFF, 0xFF, 0xFF, 0xFF, 0xFF, 0x00, 0x00, 0x00, 0x00, 0xFF, 0xFF, 0xFF, 0xFF, 0xFF, 0xFF,
    0xFF, 0xFF, 0xFF, 0xFF, 0xFF, 0xFF, 0xFF, 0xFF, 0x6A, 0x00, 0x00, 0x00, 0x00, 0x77, 0xFF, 0xFF,
    0xFF, 0xFF, 0xFF, 0xFF, 0xFF, 0xFF, 0xFF, 0xFF, 0xFF, 0xFF, 0xFF, 0xFF, 0x00, 0x00, 0x00, 0x00,
    0xFF, 0xFF, 0xFF, 0xFF, 0xFF, 0xFF, 0xFF, 0xFF, 0xFF, 0xFF, 0xFF, 0xFF, 0xFF, 0xFF, 0xC9, 0x00,
    0x00, 0x00, 0x00, 0xD5, 0xFF, 0xFF, 0xFF, 0xFF, 0xFF, 0xFF, 0xFF, 0xFF, 0xFF, 0xFF, 0xFF, 0xFF,
    0xFF, 0xFF, 0x00, 0x00, 0x00, 0x00, 0xFF, 0xFF, 0xFF, 0xFF, 0xFF, 0xFF, 0xFF, 0xFF, 0xDB, 0xFF,
    0xFF, 0xFF, 0xFF, 0xFF, 0xFF, 0x28, 0x00, 0x00, 0x35, 0xFF, 0xFF, 0xFF, 0xFF, 0xFF, 0xFF, 0xB4,
    0xFF, 0xFF, 0xFF, 0xFF, 0xFF, 0xFF, 0xFF, 0xFF, 0x00, 0x00, 0x00, 0x00, 0xFF, 0xFF, 0xFF, 0xFF,
    0xFF, 0xFF, 0xFF, 0xFF, 0x7D, 0xFF, 0xFF, 0xFF, 0xFF, 0xFF, 0xFF, 0x86, 0x00, 0x00, 0x93, 0xFF,
    0xFF, 0xFF, 0xFF, 0xFF, 0xFF, 0x50, 0xFF, 0xFF, 0xFF, 0xFF, 0xFF, 0xFF, 0xFF, 0xFF, 0x00, 0x00,
    0x00, 0x00, 0xFF, 0xFF, 0xFF, 0xFF, 0xFF, 0xFF, 0xFF, 0xFF, 0x1E, 0xFE, 0xFF, 0xFF, 0xFF, 0xFF,
    0xFF, 0xE3, 0x02, 0x05, 0xEC, 0xFF, 0xFF, 0xFF, 0xFF, 0xFF, 0xEB, 0x05, 0xFF, 0xFF, 0xFF, 0xFF,
    0xFF, 0xFF, 0xFF, 0xFF, 0x00, 0x00, 0x00, 0x00, 0xFF, 0xFF, 0xFF, 0xFF, 0xFF, 0xFF, 0xFF, 0xFF,
    0x00, 0xBD, 0xFF, 0xFF, 0xFF, 0xFF, 0xFF, 0xFF, 0x43, 0x50, 0xFF, 0xFF, 0xFF, 0xFF, 0xFF, 0xFF,
    0x90, 0x00, 0xFF, 0xFF, 0xFF, 0xFF, 0xFF, 0xFF, 0xFF, 0xFF, 0x00, 0x00, 0x00, 0x00, 0xFF, 0xFF,
    0xFF, 0xFF, 0xFF, 0xFF, 0xFF, 0xFF, 0x00, 0x5D, 0xFF, 0xFF, 0xFF, 0xFF, 0xFF, 0xFF, 0xA2, 0xAF,
    0xFF, 0xFF, 0xFF, 0xFF, 0xFF, 0xFF, 0x31, 0x00, 0xFF, 0xFF, 0xFF, 0xFF, 0xFF, 0xFF, 0xFF, 0xFF,
    0x00, 0x00, 0x00, 0x00, 0xFF, 0xFF, 0xFF, 0xFF, 0xFF, 0xFF, 0xFF, 0xFF, 0x00, 0x0A, 0xF2, 0xFF,
    0xFF, 0xFF, 0xFF, 0xFF, 0xF9, 0xFB, 0xFF, 0xFF, 0xFF, 0xFF, 0xFF, 0xD1, 0x00, 0x00, 0xFF, 0xFF,
    0xFF, 0xFF, 0xFF, 0xFF, 0xFF, 0xFF, 0x00, 0x00, 0x00, 0x00, 0xFF, 0xFF, 0xFF, 0xFF, 0xFF, 0xFF,
    0xFF, 0xFF, 0x00, 0x00, 0x9D, 0xFF, 0xFF, 0xFF, 0xFF, 0xFF, 0xFF, 0xFF, 0xFF, 0xFF, 0xFF, 0xFF,
    0xFF, 0x71, 0x00, 0x00, 0xFF, 0xFF, 0xFF, 0xFF, 0xFF, 0xFF, 0xFF, 0xFF, 0x00, 0x00, 0x00, 0x00,
    0xFF, 0xFF, 0xFF, 0xFF, 0xFF, 0xFF, 0xFF, 0xFF, 0x00, 0x00, 0x3D, 0xFF, 0xFF, 0xFF, 0xFF, 0xFF,
    0xFF, 0xFF, 0xFF, 0xFF, 0xFF, 0xFF, 0xFB, 0x16, 0x00, 0x00, 0xFF, 0xFF, 0xFF, 0xFF, 0xFF, 0xFF,
    0xFF, 0xFF, 0x00, 0x00, 0x00, 0x00, 0xFF, 0xFF, 0xFF, 0xFF, 0xFF, 0xFF, 0xFF, 0xFF, 0x00, 0x00,
    0x00, 0xDC, 0xFF, 0xFF, 0xFF, 0xFF, 0xFF, 0xFF, 0xFF, 0xFF, 0xFF, 0xFF, 0xB2, 0x00, 0x00, 0x00,
    0xFF, 0xFF, 0xFF, 0xFF, 0xFF, 0xFF, 0xFF, 0xFF, 0x00, 0x00, 0x00, 0x00, 0xFF, 0xFF, 0xFF, 0xFF,
    0xFF, 0xFF, 0xFF, 0xFF, 0x00, 0x00, 0x00, 0x7D, 0xFF, 0xFF, 0xFF, 0xFF, 0xFF, 0xFF, 0xFF, 0xFF,
    0xFF, 0xFF, 0x52, 0x00, 0x00, 0x00, 0xFF, 0xFF, 0xFF, 0xFF, 0xFF, 0xFF, 0xFF, 0xFF, 0x00, 0x00,
    0x00, 0x00, 0xFF, 0xFF, 0xFF, 0xFF, 0xFF, 0xFF, 0xFF, 0xFF, 0x00, 0x00, 0x00, 0x1E, 0xFE, 0xFF,
    0xFF, 0xFF, 0xFF, 0xFF, 0xFF, 0xFF, 0xFF, 0xEC, 0x06, 0x00, 0x00, 0x00, 0xFF, 0xFF, 0xFF, 0xFF,
    0xFF, 0xFF, 0xFF, 0xFF, 0x00, 0x00, 0x00, 0x00, 0xFF, 0xFF, 0xFF, 0xFF, 0xFF, 0xFF, 0xFF, 0xFF,
    0x00, 0x00, 0x00, 0x00, 0xBD, 0xFF, 0xFF, 0xFF, 0xFF, 0xFF, 0xFF, 0xFF, 0xFF, 0x93, 0x00, 0x00,
    0x00, 0x00, 0xFF, 0xFF, 0xFF, 0xFF, 0xFF, 0xFF, 0xFF, 0xFF, 0x00, 0x00, 0x00, 0x00, 0xFF, 0xFF,
    0xFF, 0xFF, 0xFF, 0xFF, 0xFF, 0xFF, 0x00, 0x00, 0x00, 0x00, 0x5D, 0xFF, 0xFF, 0xFF, 0xFF, 0xFF,
    0xFF, 0xFF, 0xFF, 0x33, 0x00, 0x00, 0x00, 0x00, 0xFF, 0xFF, 0xFF, 0xFF, 0xFF, 0xFF, 0xFF, 0xFF,
    0x00, 0x00, 0x00, 0x00, 0xFF, 0xFF, 0xFF, 0xFF, 0xFF, 0xFF, 0xFF, 0xFF, 0x00, 0x00, 0x00, 0x00,
    0x0A, 0xF2, 0xFF, 0xFF, 0xFF, 0xFF, 0xFF, 0xFF, 0xD4, 0x00, 0x00, 0x00, 0x00, 0x00, 0xFF, 0xFF,
    0xFF, 0xFF, 0xFF, 0xFF, 0xFF, 0xFF, 0x00, 0x00, 0x00, 0x00, 0xFC, 0xFF, 0xFF, 0xFF, 0xFF, 0xFF,
    0xFF, 0xFB, 0x00, 0x00, 0x00, 0x00, 0x00, 0x9D, 0xFF, 0xFF, 0xFF, 0xFF, 0xFF, 0xFF, 0x74, 0x00,
    0x00, 0x00, 0x00, 0x00, 0xFC, 0xFF, 0xFF, 0xFF, 0xFF, 0xFF, 0xFF, 0xFB, 0x00, 0x00, 0x00, 0x00,
    0xDF, 0xFF, 0xFF, 0xFF, 0xFF, 0xFF, 0xFF, 0xDF, 0x00, 0x00, 0x00, 0x00, 0x00, 0x3B, 0xFF, 0xFF,
    0xFF, 0xFF, 0xFF, 0xFA, 0x18, 0x00, 0x00, 0x00, 0x00, 0x00, 0xE0, 0xFF, 0xFF, 0xFF, 0xFF, 0xFF,
    0xFF, 0xDE, 0x00, 0x00, 0x00, 0x00, 0x8C, 0xFF, 0xFF, 0xFF, 0xFF, 0xFF, 0xFF, 0x8C, 0x00, 0x00,
    0x00, 0x00, 0x00, 0x00, 0xBE, 0xFF, 0xFF, 0xFF, 0xFF, 0x94, 0x00, 0x00, 0x00, 0x00, 0x00, 0x00,
    0x8D, 0xFF, 0xFF, 0xFF, 0xFF, 0xFF, 0xFF, 0x8C, 0x00, 0x00, 0x00, 0x00, 0x0C, 0xC2, 0xFF, 0xFF,
    0xFF, 0xFF, 0xC3, 0x0C, 0x00, 0x00, 0x00, 0x00, 0x00, 0x00, 0x13, 0xA8, 0xF0, 0xEC, 0x93, 0x06,
    0x00, 0x00, 0x00, 0x00, 0x00, 0x00, 0x0C, 0xC3, 0xFF, 0xFF, 0xFF, 0xFF, 0xC3, 0x0C, 0x00, 0x00,
    0x00, 0x00, 0x00, 0x01, 0x44, 0x76, 0x76, 0x45, 0x01, 0x00, 0x00, 0x00, 0x00, 0x00, 0x00, 0x00,
    0x00, 0x00, 0x00, 0x00, 0x00, 0x00, 0x00, 0x00, 0x00, 0x00, 0x00, 0x00, 0x00, 0x01, 0x45, 0x76,
    0x76, 0x45, 0x01, 0x00, 0x00, 0x00,
};
const AlphaBitmap kTodayAmountFontCharU004D = {kTodayAmountFontCharU004DAlpha, 38, 33};

const AlphaGlyph kTodayAmountFontGlyphs[] = {
    {'0', kTodayAmountFontDigit0, 31},
    {'1', kTodayAmountFontDigit1, 22},
    {'2', kTodayAmountFontDigit2, 27},
    {'3', kTodayAmountFontDigit3, 28},
    {'4', kTodayAmountFontDigit4, 29},
    {'5', kTodayAmountFontDigit5, 28},
    {'6', kTodayAmountFontDigit6, 30},
    {'7', kTodayAmountFontDigit7, 26},
    {'8', kTodayAmountFontDigit8, 31},
    {'9', kTodayAmountFontDigit9, 30},
    {'.', kTodayAmountFontDot, 13},
    {'K', kTodayAmountFontCharU004B, 30},
    {'M', kTodayAmountFontCharU004D, 38},
};
const AlphaFont kTodayAmountFont = {kTodayAmountFontGlyphs, sizeof(kTodayAmountFontGlyphs) / sizeof(kTodayAmountFontGlyphs[0]), 33};

const uint8_t kPeriodAmountFontCurrencyAlpha[] = {
    0x00, 0x00, 0x00, 0x00, 0x00, 0x00, 0xD5, 0x00, 0x00, 0x00, 0x00, 0x00, 0x00, 0x00, 0x00, 0x01,
    0x5F, 0xBE, 0xEC, 0xFF, 0xDF, 0x99, 0x26, 0x00, 0x00, 0x00, 0x00, 0x06, 0xB7, 0xFF, 0xFF, 0xFF,
    0xFF, 0xFF, 0xFF, 0xF6, 0x4A, 0x00, 0x00, 0x00, 0x80, 0xFF, 0xFF, 0xCF, 0x63, 0xFF, 0x8A, 0xFB,
    0xFF, 0xEE, 0x0C, 0x00, 0x00, 0xDD, 0xFF, 0xF6, 0x0C, 0x00, 0xF8, 0x00, 0x79, 0xFF, 0xFF, 0x46,
    0x00, 0x00, 0xF9, 0xFF, 0xF9, 0x11, 0x00, 0xF8, 0x00, 0x03, 0x96, 0xB4, 0x11, 0x00, 0x00, 0xDD,
    0xFF, 0xFF, 0xD2, 0x56, 0xFF, 0x00, 0x00, 0x00, 0x00, 0x00, 0x00, 0x00, 0x74, 0xFF, 0xFF, 0xFF,
    0xFF, 0xFF, 0xCF, 0x87, 0x26, 0x00, 0x00, 0x00, 0x00, 0x01, 0x7A, 0xF9, 0xFF, 0xFF, 0xFF, 0xFF,
    0xFF, 0xFC, 0x89, 0x01, 0x00, 0x00, 0x00, 0x00, 0x1A, 0x71, 0xBF, 0xFF, 0xFF, 0xFF, 0xFF, 0xFF,
    0x6B, 0x00, 0x00, 0x00, 0x00, 0x00, 0x00, 0x00, 0xFF, 0x4C, 0xCD, 0xFF, 0xFF, 0xC7, 0x00, 0x00,
    0x5E, 0xC3, 0x43, 0x00, 0x00, 0xF8, 0x00, 0x1B, 0xFF, 0xFF, 0xDC, 0x00, 0x00, 0xC6, 0xFF, 0xE7,
    0x0E, 0x00, 0xF8, 0x00, 0x22, 0xFF, 0xFF, 0xBB, 0x00, 0x00, 0x7E, 0xFF, 0xFF, 0xD1, 0x5F, 0xFF,
    0x5F, 0xD6, 0xFF, 0xFF, 0x56, 0x00, 0x00, 0x07, 0xBD, 0xFF, 0xFF, 0xFF, 0xFF, 0xFF, 0xFF, 0xFF,
    0x8C, 0x00, 0x00, 0x00, 0x00, 0x03, 0x64, 0xC2, 0xEF, 0xFF, 0xE4, 0xA9, 0x41, 0x00, 0x00, 0x00,
    0x00, 0x00, 0x00, 0x00, 0x00, 0x00, 0xF7, 0x00, 0x00, 0x00, 0x00, 0x00, 0x00, 0x00, 0x00, 0x00,
    0x00, 0x00, 0x00, 0x5A, 0x00, 0x00, 0x00, 0x00, 0x00, 0x00,
};
const AlphaBitmap kPeriodAmountFontCurrency = {kPeriodAmountFontCurrencyAlpha, 13, 18};

const uint8_t kPeriodAmountFontDigit0Alpha[] = {
    0x00, 0x00, 0x00, 0x00, 0x00, 0x00, 0x00, 0x00, 0x00, 0x00, 0x00, 0x00, 0x00, 0x00, 0x00, 0x00,
    0x00, 0x09, 0x6D, 0xCB, 0xF0, 0xEC, 0xC5, 0x60, 0x04, 0x00, 0x00, 0x00, 0x00, 0x00, 0x13, 0xC9,
    0xFF, 0xFF, 0xFF, 0xFF, 0xFF, 0xFF, 0xB6, 0x0A, 0x00, 0x00, 0x00, 0x00, 0xB3, 0xFF, 0xFF, 0xBB,
    0x4F, 0x55, 0xCA, 0xFF, 0xFF, 0x97, 0x00, 0x00, 0x00, 0x40, 0xFF, 0xFF, 0xC8, 0x04, 0x00, 0x00,
    0x0D, 0xDD, 0xFF, 0xFD, 0x26, 0x00, 0x00, 0x95, 0xFF, 0xFF, 0x51, 0x00, 0x00, 0x00, 0x00, 0x71,
    0xFF, 0xFF, 0x78, 0x00, 0x00, 0xD3, 0xFF, 0xFF, 0x12, 0x00, 0x00, 0x00, 0x00, 0x2F, 0xFF, 0xFF,
    0xB6, 0x00, 0x00, 0xEB, 0xFF, 0xF1, 0x00, 0x00, 0x00, 0x00, 0x00, 0x0F, 0xFF, 0xFF, 0xCE, 0x00,
    0x00, 0xFA, 0xFF, 0xE7, 0x00, 0x00, 0x00, 0x00, 0x00, 0x04, 0xFF, 0xFF, 0xDE, 0x00, 0x00, 0xEA,
    0xFF, 0xF2, 0x00, 0x00, 0x00, 0x00, 0x00, 0x10, 0xFF, 0xFF, 0xCD, 0x00, 0x00, 0xD1, 0xFF, 0xFF,
    0x13, 0x00, 0x00, 0x00, 0x00, 0x31, 0xFF, 0xFF, 0xB4, 0x00, 0x00, 0x91, 0xFF, 0xFF, 0x53, 0x00,
    0x00, 0x00, 0x00, 0x73, 0xFF, 0xFF, 0x74, 0x00, 0x00, 0x3B, 0xFF, 0xFF, 0xCA, 0x04, 0x00, 0x00,
    0x0D, 0xDE, 0xFF, 0xFB, 0x23, 0x00, 0x00, 0x00, 0xAE, 0xFF, 0xFF, 0xBA, 0x4F, 0x55, 0xCA, 0xFF,
    0xFF, 0x91, 0x00, 0x00, 0x00, 0x00, 0x11, 0xC7, 0xFF, 0xFF, 0xFF, 0xFF, 0xFF, 0xFF, 0xB1, 0x08,
    0x00, 0x00, 0x00, 0x00, 0x00, 0x08, 0x6D, 0xCC, 0xF0, 0xED, 0xC5, 0x5E, 0x03, 0x00, 0x00, 0x00,
    0x00, 0x00, 0x00, 0x00, 0x00, 0x00, 0x00, 0x00, 0x00, 0x00, 0x00, 0x00, 0x00, 0x00, 0x00, 0x00,
    0x00, 0x00, 0x00, 0x00, 0x00, 0x00, 0x00, 0x00, 0x00, 0x00, 0x00, 0x00,
};
const AlphaBitmap kPeriodAmountFontDigit0 = {kPeriodAmountFontDigit0Alpha, 14, 18};

const uint8_t kPeriodAmountFontDigit1Alpha[] = {
    0x00, 0x00, 0x00, 0x00, 0x00, 0x00, 0x00, 0x00, 0x00, 0x00, 0x00, 0x00, 0x00, 0x01, 0x6E, 0xE2,
    0xF2, 0x67, 0x00, 0x00, 0x00, 0x00, 0x17, 0xB7, 0xFF, 0xFF, 0xFF, 0xDA, 0x00, 0x00, 0x00, 0x3E,
    0xE8, 0xFF, 0xFF, 0xFF, 0xFF, 0xE4, 0x00, 0x00, 0x00, 0xDE, 0xFF, 0xF1, 0x5C, 0xFF, 0xFF, 0xE4,
    0x00, 0x00, 0x00, 0x82, 0xAC, 0x20, 0x00, 0xFF, 0xFF, 0xE4, 0x00, 0x00, 0x00, 0x00, 0x00, 0x00,
    0x00, 0xFF, 0xFF, 0xE4, 0x00, 0x00, 0x00, 0x00, 0x00, 0x00, 0x00, 0xFF, 0xFF, 0xE4, 0x00, 0x00,
    0x00, 0x00, 0x00, 0x00, 0x00, 0xFF, 0xFF, 0xE4, 0x00, 0x00, 0x00, 0x00, 0x00, 0x00, 0x00, 0xFF,
    0xFF, 0xE4, 0x00, 0x00, 0x00, 0x00, 0x00, 0x00, 0x00, 0xFF, 0xFF, 0xE4, 0x00, 0x00, 0x00, 0x00,
    0x00, 0x00, 0x00, 0xFF, 0xFF, 0xE4, 0x00, 0x00, 0x00, 0x00, 0x00, 0x00, 0x00, 0xFF, 0xFF, 0xE4,
    0x00, 0x00, 0x00, 0x00, 0x00, 0x00, 0x00, 0xFF, 0xFF, 0xE4, 0x00, 0x00, 0x00, 0x00, 0x00, 0x00,
    0x00, 0xFA, 0xFF, 0xDD, 0x00, 0x00, 0x00, 0x00, 0x00, 0x00, 0x00, 0x92, 0xF4, 0x76, 0x00, 0x00,
    0x00, 0x00, 0x00, 0x00, 0x00, 0x00, 0x00, 0x00, 0x00, 0x00, 0x00, 0x00, 0x00, 0x00, 0x00, 0x00,
    0x00, 0x00, 0x00, 0x00,
};
const AlphaBitmap kPeriodAmountFontDigit1 = {kPeriodAmountFontDigit1Alpha, 10, 18};

const uint8_t kPeriodAmountFontDigit2Alpha[] = {
    0x00, 0x00, 0x00, 0x00, 0x00, 0x00, 0x00, 0x00, 0x00, 0x00, 0x00, 0x00, 0x00, 0x00, 0x09, 0x75,
    0xCE, 0xF4, 0xF2, 0xCE, 0x76, 0x07, 0x00, 0x00, 0x00, 0x14, 0xD1, 0xFF, 0xFF, 0xFF, 0xFF, 0xFF,
    0xFF, 0xCB, 0x0B, 0x00, 0x00, 0xA5, 0xFF, 0xFF, 0xC2, 0x53, 0x53, 0xD7, 0xFF, 0xFF, 0x8A, 0x00,
    0x01, 0xF8, 0xFF, 0xD7, 0x06, 0x00, 0x00, 0x1C, 0xFC, 0xFF, 0xE1, 0x00, 0x00, 0xBA, 0xE8, 0x38,
    0x00, 0x00, 0x00, 0x00, 0xF0, 0xFF, 0xF8, 0x00, 0x00, 0x00, 0x00, 0x00, 0x00, 0x00, 0x00, 0x2E,
    0xFF, 0xFF, 0xD7, 0x00, 0x00, 0x00, 0x00, 0x00, 0x00, 0x00, 0x08, 0xCA, 0xFF, 0xFF, 0x73, 0x00,
    0x00, 0x00, 0x00, 0x00, 0x00, 0x03, 0xAD, 0xFF, 0xFF, 0xC3, 0x04, 0x00, 0x00, 0x00, 0x00, 0x00,
    0x02, 0xA6, 0xFF, 0xFF, 0xDB, 0x15, 0x00, 0x00, 0x00, 0x00, 0x00, 0x02, 0xA1, 0xFF, 0xFF, 0xE3,
    0x20, 0x00, 0x00, 0x00, 0x00, 0x00, 0x01, 0x9E, 0xFF, 0xFF, 0xE6, 0x25, 0x00, 0x00, 0x00, 0x00,
    0x00, 0x01, 0x9A, 0xFF, 0xFF, 0xE8, 0x28, 0x00, 0x00, 0x00, 0x00, 0x00, 0x00, 0x83, 0xFF, 0xFF,
    0xFC, 0x67, 0x3C, 0x3C, 0x3C, 0x3B, 0x14, 0x00, 0x00, 0xF1, 0xFF, 0xFF, 0xFF, 0xFF, 0xFF, 0xFF,
    0xFF, 0xFF, 0xE3, 0x00, 0x00, 0xAB, 0xFE, 0xFF, 0xFF, 0xFF, 0xFF, 0xFF, 0xFF, 0xFF, 0xBA, 0x00,
    0x00, 0x00, 0x00, 0x00, 0x00, 0x00, 0x00, 0x00, 0x00, 0x00, 0x00, 0x00, 0x00, 0x00, 0x00, 0x00,
    0x00, 0x00, 0x00, 0x00, 0x00, 0x00, 0x00, 0x00,
};
const AlphaBitmap kPeriodAmountFontDigit2 = {kPeriodAmountFontDigit2Alpha, 12, 18};

const uint8_t kPeriodAmountFontDigit3Alpha[] = {
    0x00, 0x00, 0x00, 0x00, 0x00, 0x00, 0x00, 0x00, 0x00, 0x00, 0x00, 0x00, 0x00, 0x00, 0x21, 0x97,
    0xDE, 0xF9, 0xF0, 0xCB, 0x79, 0x0C, 0x00, 0x00, 0x00, 0x3B, 0xF2, 0xFF, 0xFF, 0xFF, 0xFF, 0xFF,
    0xFF, 0xD9, 0x19, 0x00, 0x03, 0xDF, 0xFF, 0xFE, 0x96, 0x4B, 0x5F, 0xD5, 0xFF, 0xFF, 0x9E, 0x00,
    0x16, 0xFF, 0xFF, 0x94, 0x00, 0x00, 0x00, 0x29, 0xFF, 0xFF, 0xD8, 0x00, 0x00, 0x69, 0x7D, 0x0B,
    0x00, 0x00, 0x00, 0x15, 0xFF, 0xFF, 0xC2, 0x00, 0x00, 0x00, 0x00, 0x00, 0x00, 0x04, 0x2C, 0xB3,
    0xFF, 0xFD, 0x4B, 0x00, 0x00, 0x00, 0x00, 0x0D, 0xDD, 0xFF, 0xFF, 0xFE, 0xC9, 0x45, 0x00, 0x00,
    0x00, 0x00, 0x00, 0x17, 0xFA, 0xFF, 0xFF, 0xFD, 0xC7, 0x56, 0x00, 0x00, 0x00, 0x00, 0x00, 0x00,
    0x21, 0x40, 0x68, 0xE0, 0xFF, 0xFF, 0x5B, 0x00, 0x00, 0x00, 0x00, 0x00, 0x00, 0x00, 0x00, 0x29,
    0xFF, 0xFF, 0xD2, 0x00, 0x25, 0xB9, 0x79, 0x00, 0x00, 0x00, 0x00, 0x00, 0xEE, 0xFF, 0xF6, 0x00,
    0x72, 0xFF, 0xFF, 0x50, 0x00, 0x00, 0x00, 0x25, 0xFD, 0xFF, 0xDD, 0x00, 0x30, 0xFE, 0xFF, 0xF5,
    0x7D, 0x47, 0x5D, 0xE3, 0xFF, 0xFF, 0x7E, 0x00, 0x00, 0x77, 0xFE, 0xFF, 0xFF, 0xFF, 0xFF, 0xFF,
    0xFF, 0xB6, 0x06, 0x00, 0x00, 0x00, 0x3F, 0xAF, 0xE8, 0xFB, 0xEC, 0xBD, 0x5F, 0x01, 0x00, 0x00,
    0x00, 0x00, 0x00, 0x00, 0x00, 0x00, 0x00, 0x00, 0x00, 0x00, 0x00, 0x00, 0x00, 0x00, 0x00, 0x00,
    0x00, 0x00, 0x00, 0x00, 0x00, 0x00, 0x00, 0x00,
};
const AlphaBitmap kPeriodAmountFontDigit3 = {kPeriodAmountFontDigit3Alpha, 12, 18};

const uint8_t kPeriodAmountFontDigit4Alpha[] = {
    0x00, 0x00, 0x00, 0x00, 0x00, 0x00, 0x00, 0x00, 0x00, 0x00, 0x00, 0x00, 0x00, 0x00, 0x00, 0x00,
    0x00, 0x00, 0x00, 0x00, 0x39, 0xCF, 0xF6, 0xC7, 0x29, 0x00, 0x00, 0x00, 0x00, 0x00, 0x00, 0x00,
    0x00, 0x22, 0xF1, 0xFF, 0xFF, 0xFF, 0xBD, 0x00, 0x00, 0x00, 0x00, 0x00, 0x00, 0x00, 0x01, 0xC2,
    0xFF, 0xD8, 0xFF, 0xFF, 0xE3, 0x00, 0x00, 0x00, 0x00, 0x00, 0x00, 0x00, 0x6B, 0xFF, 0xFD, 0x3A,
    0xFF, 0xFF, 0xE4, 0x00, 0x00, 0x00, 0x00, 0x00, 0x00, 0x1D, 0xF3, 0xFF, 0x8F, 0x00, 0xFF, 0xFF,
    0xE4, 0x00, 0x00, 0x00, 0x00, 0x00, 0x00, 0xB1, 0xFF, 0xE0, 0x0B, 0x00, 0xFF, 0xFF, 0xE4, 0x00,
    0x00, 0x00, 0x00, 0x00, 0x50, 0xFF, 0xFF, 0x4D, 0x00, 0x00, 0xFF, 0xFF, 0xE4, 0x00, 0x00, 0x00,
    0x00, 0x08, 0xDF, 0xFF, 0xB2, 0x00, 0x00, 0x00, 0xFF, 0xFF, 0xE4, 0x00, 0x00, 0x00, 0x00, 0x75,
    0xFF, 0xFC, 0x29, 0x00, 0x00, 0x00, 0xFF, 0xFF, 0xE4, 0x00, 0x00, 0x00, 0x00, 0xDA, 0xFF, 0xD6,
    0x6C, 0x6C, 0x6C, 0x6C, 0xFF, 0xFF, 0xEF, 0x6A, 0x2E, 0x00, 0x00, 0xF3, 0xFF, 0xFF, 0xFF, 0xFF,
    0xFF, 0xFF, 0xFF, 0xFF, 0xFF, 0xFF, 0xEB, 0x00, 0x00, 0x73, 0xF3, 0xFF, 0xFF, 0xFF, 0xFF, 0xFF,
    0xFF, 0xFF, 0xFF, 0xFE, 0xAD, 0x00, 0x00, 0x00, 0x00, 0x00, 0x00, 0x00, 0x00, 0x00, 0xFF, 0xFF,
    0xE4, 0x00, 0x00, 0x00, 0x00, 0x00, 0x00, 0x00, 0x00, 0x00, 0x00, 0x00, 0xFA, 0xFF, 0xDD, 0x00,
    0x00, 0x00, 0x00, 0x00, 0x00, 0x00, 0x00, 0x00, 0x00, 0x00, 0x94, 0xF5, 0x78, 0x00, 0x00, 0x00,
    0x00, 0x00, 0x00, 0x00, 0x00, 0x00, 0x00, 0x00, 0x00, 0x00, 0x00, 0x00, 0x00, 0x00, 0x00, 0x00,
    0x00, 0x00, 0x00, 0x00, 0x00, 0x00, 0x00, 0x00, 0x00, 0x00, 0x00, 0x00,
};
const AlphaBitmap kPeriodAmountFontDigit4 = {kPeriodAmountFontDigit4Alpha, 14, 18};

const uint8_t kPeriodAmountFontDigit5Alpha[] = {
    0x00, 0x00, 0x00, 0x00, 0x00, 0x00, 0x00, 0x00, 0x00, 0x00, 0x00, 0x00, 0x00, 0x00, 0x00, 0x85,
    0xF5, 0xFF, 0xFF, 0xFF, 0xFF, 0xFF, 0xFF, 0xD2, 0x09, 0x00, 0x00, 0x09, 0xFB, 0xFF, 0xFF, 0xFF,
    0xFF, 0xFF, 0xFF, 0xFF, 0xF6, 0x12, 0x00, 0x00, 0x23, 0xFF, 0xFF, 0x7F, 0x3C, 0x3C, 0x3C, 0x3C,
    0x3B, 0x1B, 0x00, 0x00, 0x00, 0x37, 0xFF, 0xFF, 0x47, 0x00, 0x00, 0x00, 0x00, 0x00, 0x00, 0x00,
    0x00, 0x00, 0x4B, 0xFF, 0xFF, 0x33, 0x00, 0x00, 0x00, 0x00, 0x00, 0x00, 0x00, 0x00, 0x00, 0x5F,
    0xFF, 0xFF, 0x34, 0x9B, 0xE9, 0xF6, 0xD2, 0x6E, 0x02, 0x00, 0x00, 0x00, 0x73, 0xFF, 0xFF, 0xDA,
    0xFF, 0xFF, 0xFF, 0xFF, 0xFF, 0xAC, 0x01, 0x00, 0x00, 0x76, 0xFF, 0xFF, 0xEE, 0x74, 0x46, 0x7F,
    0xF8, 0xFF, 0xFF, 0x5B, 0x00, 0x00, 0x1F, 0xC3, 0xB9, 0x21, 0x00, 0x00, 0x00, 0x66, 0xFF, 0xFF,
    0xB8, 0x00, 0x00, 0x00, 0x00, 0x00, 0x00, 0x00, 0x00, 0x00, 0x0E, 0xFF, 0xFF, 0xDA, 0x00, 0x00,
    0x4F, 0xB1, 0x42, 0x00, 0x00, 0x00, 0x00, 0x12, 0xFF, 0xFF, 0xCC, 0x00, 0x00, 0xBB, 0xFF, 0xF1,
    0x1D, 0x00, 0x00, 0x00, 0x7A, 0xFF, 0xFF, 0x96, 0x00, 0x00, 0x76, 0xFF, 0xFF, 0xE1, 0x66, 0x45,
    0x86, 0xFE, 0xFF, 0xF7, 0x28, 0x00, 0x00, 0x05, 0xAB, 0xFF, 0xFF, 0xFF, 0xFF, 0xFF, 0xFF, 0xF7,
    0x57, 0x00, 0x00, 0x00, 0x00, 0x00, 0x45, 0xB8, 0xEE, 0xF9, 0xE0, 0x9C, 0x2A, 0x00, 0x00, 0x00,
    0x00, 0x00, 0x00, 0x00, 0x00, 0x00, 0x00, 0x00, 0x00, 0x00, 0x00, 0x00, 0x00, 0x00, 0x00, 0x00,
    0x00, 0x00, 0x00, 0x00, 0x00, 0x00, 0x00, 0x00, 0x00, 0x00,
};
const AlphaBitmap kPeriodAmountFontDigit5 = {kPeriodAmountFontDigit5Alpha, 13, 18};

const uint8_t kPeriodAmountFontDigit6Alpha[] = {
    0x00, 0x00, 0x00, 0x00, 0x00, 0x00, 0x00, 0x00, 0x00, 0x00, 0x00, 0x00, 0x00, 0x00, 0x00, 0x00,
    0x0F, 0x7E, 0xD4, 0xF5, 0xEB, 0xC0, 0x5F, 0x01, 0x00, 0x00, 0x00, 0x00, 0x18, 0xD6, 0xFF, 0xFF,
    0xFF, 0xFF, 0xFF, 0xFF, 0xAC, 0x01, 0x00, 0x00, 0x00, 0xBC, 0xFF, 0xFF, 0xA8, 0x4A, 0x5A, 0xD6,
    0xFF, 0xFF, 0x52, 0x00, 0x00, 0x42, 0xFF, 0xFF, 0xB6, 0x00, 0x00, 0x00, 0x13, 0xCF, 0xFE, 0x4C,
    0x00, 0x00, 0x94, 0xFF, 0xFF, 0x43, 0x00, 0x00, 0x00, 0x00, 0x02, 0x14, 0x00, 0x00, 0x00, 0xD1,
    0xFF, 0xFD, 0x0B, 0x64, 0xD8, 0xF9, 0xE1, 0x8C, 0x0D, 0x00, 0x00, 0x00, 0xEA, 0xFF, 0xED, 0x8F,
    0xFF, 0xFF, 0xFF, 0xFF, 0xFF, 0xCF, 0x08, 0x00, 0x00, 0xFA, 0xFF, 0xF7, 0xFC, 0xA7, 0x46, 0x68,
    0xEC, 0xFF, 0xFF, 0x7B, 0x00, 0x00, 0xEC, 0xFF, 0xFF, 0xB5, 0x01, 0x00, 0x00, 0x47, 0xFF, 0xFF,
    0xD4, 0x00, 0x00, 0xD5, 0xFF, 0xFF, 0x59, 0x00, 0x00, 0x00, 0x01, 0xF2, 0xFF, 0xF6, 0x00, 0x00,
    0x9D, 0xFF, 0xFF, 0x5D, 0x00, 0x00, 0x00, 0x01, 0xF2, 0xFF, 0xE9, 0x00, 0x00, 0x48, 0xFF, 0xFF,
    0xB6, 0x00, 0x00, 0x00, 0x58, 0xFF, 0xFF, 0xB4, 0x00, 0x00, 0x01, 0xC0, 0xFF, 0xFF, 0xA5, 0x46,
    0x6C, 0xF6, 0xFF, 0xFE, 0x43, 0x00, 0x00, 0x00, 0x1E, 0xD8, 0xFF, 0xFF, 0xFF, 0xFF, 0xFF, 0xFE,
    0x78, 0x00, 0x00, 0x00, 0x00, 0x00, 0x10, 0x80, 0xD6, 0xF6, 0xEA, 0xB2, 0x40, 0x00, 0x00, 0x00,
    0x00, 0x00, 0x00, 0x00, 0x00, 0x00, 0x00, 0x00, 0x00, 0x00, 0x00, 0x00, 0x00, 0x00, 0x00, 0x00,
    0x00, 0x00, 0x00, 0x00, 0x00, 0x00, 0x00, 0x00, 0x00, 0x00,
};
const AlphaBitmap kPeriodAmountFontDigit6 = {kPeriodAmountFontDigit6Alpha, 13, 18};

const uint8_t kPeriodAmountFontDigit7Alpha[] = {
    0x00, 0x00, 0x00, 0x00, 0x00, 0x00, 0x00, 0x00, 0x00, 0x00, 0x00, 0x00, 0x00, 0xB7, 0xFF, 0xFF,
    0xFF, 0xFF, 0xFF, 0xFF, 0xFF, 0xF5, 0x77, 0x00, 0x00, 0xE1, 0xFF, 0xFF, 0xFF, 0xFF, 0xFF, 0xFF,
    0xFF, 0xFF, 0xF3, 0x00, 0x00, 0x13, 0x3B, 0x3C, 0x3C, 0x3C, 0x3C, 0x50, 0xFD, 0xFF, 0xD5, 0x00,
    0x00, 0x00, 0x00, 0x00, 0x00, 0x00, 0x00, 0x85, 0xFF, 0xFF, 0x71, 0x00, 0x00, 0x00, 0x00, 0x00,
    0x00, 0x00, 0x0F, 0xF0, 0xFF, 0xEC, 0x0C, 0x00, 0x00, 0x00, 0x00, 0x00, 0x00, 0x00, 0x7D, 0xFF,
    0xFF, 0x7E, 0x00, 0x00, 0x00, 0x00, 0x00, 0x00, 0x00, 0x0B, 0xEC, 0xFF, 0xF2, 0x11, 0x00, 0x00,
    0x00, 0x00, 0x00, 0x00, 0x00, 0x74, 0xFF, 0xFF, 0x88, 0x00, 0x00, 0x00, 0x00, 0x00, 0x00, 0x00,
    0x08, 0xE7, 0xFF, 0xF7, 0x17, 0x00, 0x00, 0x00, 0x00, 0x00, 0x00, 0x00, 0x6C, 0xFF, 0xFF, 0x93,
    0x00, 0x00, 0x00, 0x00, 0x00, 0x00, 0x00, 0x05, 0xE1, 0xFF, 0xFA, 0x1E, 0x00, 0x00, 0x00, 0x00,
    0x00, 0x00, 0x00, 0x63, 0xFF, 0xFF, 0x9D, 0x00, 0x00, 0x00, 0x00, 0x00, 0x00, 0x00, 0x02, 0xDB,
    0xFF, 0xFD, 0x26, 0x00, 0x00, 0x00, 0x00, 0x00, 0x00, 0x00, 0x30, 0xFF, 0xFF, 0xA8, 0x00, 0x00,
    0x00, 0x00, 0x00, 0x00, 0x00, 0x00, 0x0C, 0xD1, 0xE0, 0x25, 0x00, 0x00, 0x00, 0x00, 0x00, 0x00,
    0x00, 0x00, 0x00, 0x00, 0x00, 0x00, 0x00, 0x00, 0x00, 0x00, 0x00, 0x00, 0x00, 0x00, 0x00, 0x00,
    0x00, 0x00, 0x00, 0x00, 0x00, 0x00, 0x00, 0x00,
};
const AlphaBitmap kPeriodAmountFontDigit7 = {kPeriodAmountFontDigit7Alpha, 12, 18};

const uint8_t kPeriodAmountFontDigit8Alpha[] = {
    0x00, 0x00, 0x00, 0x00, 0x00, 0x00, 0x00, 0x00, 0x00, 0x00, 0x00, 0x00, 0x00, 0x00, 0x00, 0x03,
    0x61, 0xBA, 0xEA, 0xFA, 0xEB, 0xBD, 0x66, 0x04, 0x00, 0x00, 0x00, 0x0E, 0xC3, 0xFF, 0xFF, 0xFF,
    0xFF, 0xFF, 0xFF, 0xFF, 0xC7, 0x0E, 0x00, 0x00, 0x90, 0xFF, 0xFF, 0xEA, 0x71, 0x48, 0x71, 0xEA,
    0xFF, 0xFF, 0x8F, 0x00, 0x00, 0xD6, 0xFF, 0xFF, 0x2C, 0x00, 0x00, 0x00, 0x2C, 0xFF, 0xFF, 0xD5,
    0x00, 0x00, 0xC1, 0xFF, 0xFF, 0x15, 0x00, 0x00, 0x00, 0x15, 0xFF, 0xFF, 0xC0, 0x00, 0x00, 0x49,
    0xFD, 0xFF, 0xC0, 0x31, 0x0B, 0x31, 0xC1, 0xFF, 0xFC, 0x46, 0x00, 0x00, 0x00, 0x41, 0xC1, 0xFF,
    0xFF, 0xFF, 0xFF, 0xFF, 0xC0, 0x3F, 0x00, 0x00, 0x00, 0x00, 0x54, 0xDC, 0xFF, 0xFF, 0xFF, 0xFF,
    0xFF, 0xDC, 0x51, 0x00, 0x00, 0x00, 0x4E, 0xFE, 0xFF, 0xEE, 0x6A, 0x43, 0x6A, 0xEE, 0xFF, 0xFE,
    0x4B, 0x00, 0x00, 0xCD, 0xFF, 0xFE, 0x2F, 0x00, 0x00, 0x00, 0x32, 0xFE, 0xFF, 0xC9, 0x00, 0x00,
    0xF8, 0xFF, 0xEC, 0x00, 0x00, 0x00, 0x00, 0x00, 0xED, 0xFF, 0xF7, 0x00, 0x00, 0xE1, 0xFF, 0xFE,
    0x2F, 0x00, 0x00, 0x00, 0x32, 0xFF, 0xFF, 0xE2, 0x00, 0x00, 0x84, 0xFF, 0xFF, 0xEC, 0x68, 0x42,
    0x68, 0xED, 0xFF, 0xFF, 0x86, 0x00, 0x00, 0x07, 0xB4, 0xFF, 0xFF, 0xFF, 0xFF, 0xFF, 0xFF, 0xFF,
    0xB7, 0x08, 0x00, 0x00, 0x00, 0x01, 0x59, 0xB8, 0xE9, 0xFA, 0xE9, 0xB8, 0x5A, 0x01, 0x00, 0x00,
    0x00, 0x00, 0x00, 0x00, 0x00, 0x00, 0x00, 0x00, 0x00, 0x00, 0x00, 0x00, 0x00, 0x00, 0x00, 0x00,
    0x00, 0x00, 0x00, 0x00, 0x00, 0x00, 0x00, 0x00, 0x00, 0x00,
};
const AlphaBitmap kPeriodAmountFontDigit8 = {kPeriodAmountFontDigit8Alpha, 13, 18};

const uint8_t kPeriodAmountFontDigit9Alpha[] = {
    0x00, 0x00, 0x00, 0x00, 0x00, 0x00, 0x00, 0x00, 0x00, 0x00, 0x00, 0x00, 0x00, 0x00, 0x00, 0x00,
    0x41, 0xB1, 0xE8, 0xF6, 0xD6, 0x7F, 0x10, 0x00, 0x00, 0x00, 0x00, 0x00, 0x7A, 0xFE, 0xFF, 0xFF,
    0xFF, 0xFF, 0xFF, 0xD9, 0x20, 0x00, 0x00, 0x00, 0x45, 0xFF, 0xFF, 0xF1, 0x6D, 0x47, 0xA6, 0xFF,
    0xFF, 0xC2, 0x01, 0x00, 0x00, 0xB6, 0xFF, 0xFF, 0x4E, 0x00, 0x00, 0x00, 0xB9, 0xFF, 0xFF, 0x49,
    0x00, 0x00, 0xEB, 0xFF, 0xF2, 0x01, 0x00, 0x00, 0x00, 0x5E, 0xFF, 0xFF, 0x9E, 0x00, 0x00, 0xF6,
    0xFF, 0xF2, 0x01, 0x00, 0x00, 0x00, 0x5A, 0xFF, 0xFF, 0xD5, 0x00, 0x00, 0xD4, 0xFF, 0xFF, 0x48,
    0x00, 0x00, 0x02, 0xB8, 0xFF, 0xFF, 0xEC, 0x00, 0x00, 0x79, 0xFF, 0xFF, 0xEC, 0x67, 0x46, 0xA7,
    0xFC, 0xF7, 0xFF, 0xFA, 0x00, 0x00, 0x07, 0xC8, 0xFF, 0xFF, 0xFF, 0xFF, 0xFF, 0x94, 0xEE, 0xFF,
    0xE9, 0x00, 0x00, 0x00, 0x09, 0x85, 0xDD, 0xF9, 0xDC, 0x6B, 0x0C, 0xFD, 0xFF, 0xD1, 0x00, 0x00,
    0x00, 0x15, 0x01, 0x00, 0x00, 0x00, 0x00, 0x45, 0xFF, 0xFF, 0x93, 0x00, 0x00, 0x52, 0xFF, 0xCA,
    0x10, 0x00, 0x00, 0x00, 0xB7, 0xFF, 0xFF, 0x43, 0x00, 0x00, 0x5B, 0xFF, 0xFF, 0xD0, 0x56, 0x4A,
    0xA8, 0xFF, 0xFF, 0xBC, 0x00, 0x00, 0x00, 0x03, 0xB3, 0xFF, 0xFF, 0xFF, 0xFF, 0xFF, 0xFF, 0xD6,
    0x19, 0x00, 0x00, 0x00, 0x00, 0x02, 0x62, 0xC5, 0xF3, 0xF4, 0xD3, 0x7D, 0x0F, 0x00, 0x00, 0x00,
    0x00, 0x00, 0x00, 0x00, 0x00, 0x00, 0x00, 0x00, 0x00, 0x00, 0x00, 0x00, 0x00, 0x00, 0x00, 0x00,
    0x00, 0x00, 0x00, 0x00, 0x00, 0x00, 0x00, 0x00, 0x00, 0x00,
};
const AlphaBitmap kPeriodAmountFontDigit9 = {kPeriodAmountFontDigit9Alpha, 13, 18};

const uint8_t kPeriodAmountFontDotAlpha[] = {
    0x00, 0x00, 0x00, 0x00, 0x00, 0x00, 0x00, 0x00, 0x00, 0x00, 0x00, 0x00, 0x00, 0x00, 0x00, 0x00,
    0x00, 0x00, 0x00, 0x00, 0x00, 0x00, 0x00, 0x00, 0x00, 0x00, 0x00, 0x00, 0x00, 0x00, 0x00, 0x00,
    0x00, 0x00, 0x00, 0x00, 0x00, 0x00, 0x00, 0x00, 0x00, 0x00, 0x00, 0x00, 0x00, 0x00, 0x00, 0x00,
    0x00, 0x00, 0x00, 0x00, 0x00, 0x00, 0x00, 0x00, 0x00, 0x00, 0x00, 0x00, 0x00, 0x00, 0x00, 0x00,
    0x00, 0x00, 0x8D, 0xF3, 0x71, 0x00, 0x00, 0xF5, 0xFF, 0xD8, 0x00, 0x00, 0x8C, 0xF3, 0x70, 0x00,
    0x00, 0x00, 0x00, 0x00, 0x00, 0x00, 0x00, 0x00, 0x00, 0x00,
};
const AlphaBitmap kPeriodAmountFontDot = {kPeriodAmountFontDotAlpha, 5, 18};

const uint8_t kPeriodAmountFontCharU004BAlpha[] = {
    0x00, 0x00, 0x00, 0x00, 0x00, 0x00, 0x00, 0x00, 0x00, 0x00, 0x00, 0x00, 0x00, 0x00, 0x94, 0xF4,
    0x78, 0x00, 0x00, 0x00, 0x00, 0x00, 0x77, 0xF0, 0x95, 0x00, 0x00, 0xF9, 0xFF, 0xDC, 0x00, 0x00,
    0x00, 0x00, 0x6C, 0xFF, 0xFF, 0xF2, 0x00, 0x00, 0xFF, 0xFF, 0xE4, 0x00, 0x00, 0x00, 0x53, 0xFD,
    0xFF, 0xFF, 0x81, 0x00, 0x00, 0xFF, 0xFF, 0xE4, 0x00, 0x00, 0x3E, 0xF8, 0xFF, 0xFF, 0x9C, 0x00,
    0x00, 0x00, 0xFF, 0xFF, 0xE4, 0x00, 0x2B, 0xEF, 0xFF, 0xFF, 0xAD, 0x03, 0x00, 0x00, 0x00, 0xFF,
    0xFF, 0xE4, 0x1C, 0xE3, 0xFF, 0xFF, 0xBC, 0x07, 0x00, 0x00, 0x00, 0x00, 0xFF, 0xFF, 0xED, 0xD3,
    0xFF, 0xFF, 0xD3, 0x0C, 0x00, 0x00, 0x00, 0x00, 0x00, 0xFF, 0xFF, 0xFF, 0xFF, 0xFF, 0xFF, 0xF4,
    0x2D, 0x00, 0x00, 0x00, 0x00, 0x00, 0xFF, 0xFF, 0xFF, 0xFF, 0xF8, 0xFF, 0xFF, 0xDD, 0x12, 0x00,
    0x00, 0x00, 0x00, 0xFF, 0xFF, 0xFF, 0xA9, 0x31, 0xF5, 0xFF, 0xFF, 0xBB, 0x03, 0x00, 0x00, 0x00,
    0xFF, 0xFF, 0xEB, 0x06, 0x00, 0x58, 0xFF, 0xFF, 0xFF, 0x8E, 0x00, 0x00, 0x00, 0xFF, 0xFF, 0xE4,
    0x00, 0x00, 0x00, 0x8B, 0xFF, 0xFF, 0xFF, 0x5D, 0x00, 0x00, 0xFF, 0xFF, 0xE4, 0x00, 0x00, 0x00,
    0x03, 0xBB, 0xFF, 0xFF, 0xF6, 0x24, 0x00, 0xFA, 0xFF, 0xDD, 0x00, 0x00, 0x00, 0x00, 0x13, 0xDF,
    0xFF, 0xFF, 0x72, 0x00, 0x97, 0xF5, 0x7B, 0x00, 0x00, 0x00, 0x00, 0x00, 0x29, 0xD9, 0xE1, 0x27,
    0x00, 0x00, 0x00, 0x00, 0x00, 0x00, 0x00, 0x00, 0x00, 0x00, 0x00, 0x00, 0x00, 0x00, 0x00, 0x00,
    0x00, 0x00, 0x00, 0x00, 0x00, 0x00, 0x00, 0x00, 0x00, 0x00,
};
const AlphaBitmap kPeriodAmountFontCharU004B = {kPeriodAmountFontCharU004BAlpha, 13, 18};

const uint8_t kPeriodAmountFontCharU004DAlpha[] = {
    0x00, 0x00, 0x00, 0x00, 0x00, 0x00, 0x00, 0x00, 0x00, 0x00, 0x00, 0x00, 0x00, 0x00, 0x00, 0x00,
    0x00, 0x00, 0x64, 0xEE, 0xE3, 0x43, 0x00, 0x00, 0x00, 0x00, 0x00, 0x00, 0x00, 0x48, 0xE4, 0xED,
    0x62, 0x00, 0x00, 0xEC, 0xFF, 0xFF, 0xDD, 0x02, 0x00, 0x00, 0x00, 0x00, 0x00, 0x04, 0xE3, 0xFF,
    0xFF, 0xEC, 0x00, 0x00, 0xFF, 0xFF, 0xFF, 0xFF, 0x47, 0x00, 0x00, 0x00, 0x00, 0x00, 0x50, 0xFF,
    0xFF, 0xFF, 0xFF, 0x00, 0x00, 0xFF, 0xFF, 0xFF, 0xFF, 0xA8, 0x00, 0x00, 0x00, 0x00, 0x00, 0xB2,
    0xFF, 0xFF, 0xFF, 0xFF, 0x00, 0x00, 0xFF, 0xFF, 0xFF, 0xFF, 0xF8, 0x11, 0x00, 0x00, 0x00, 0x18,
    0xFB, 0xFF, 0xFF, 0xFF, 0xFF, 0x00, 0x00, 0xFF, 0xFF, 0xE9, 0xEB, 0xFF, 0x6C, 0x00, 0x00, 0x00,
    0x77, 0xFF, 0xDC, 0xE5, 0xFF, 0xFF, 0x00, 0x00, 0xFF, 0xFF, 0xE4, 0x92, 0xFF, 0xCE, 0x00, 0x00,
    0x00, 0xD8, 0xFF, 0x7D, 0xE4, 0xFF, 0xFF, 0x00, 0x00, 0xFF, 0xFF, 0xE4, 0x34, 0xFF, 0xFF, 0x30,
    0x00, 0x3B, 0xFF, 0xFE, 0x20, 0xE4, 0xFF, 0xFF, 0x00, 0x00, 0xFF, 0xFF, 0xE4, 0x00, 0xD5, 0xFF,
    0x92, 0x00, 0x9E, 0xFF, 0xBF, 0x00, 0xE4, 0xFF, 0xFF, 0x00, 0x00, 0xFF, 0xFF, 0xE4, 0x00, 0x76,
    0xFF, 0xEC, 0x12, 0xF3, 0xFF, 0x60, 0x00, 0xE4, 0xFF, 0xFF, 0x00, 0x00, 0xFF, 0xFF, 0xE4, 0x00,
    0x1A, 0xFC, 0xFF, 0xB7, 0xFF, 0xF4, 0x0C, 0x00, 0xE4, 0xFF, 0xFF, 0x00, 0x00, 0xFF, 0xFF, 0xE4,
    0x00, 0x00, 0xB8, 0xFF, 0xFF, 0xFF, 0xA1, 0x00, 0x00, 0xE4, 0xFF, 0xFF, 0x00, 0x00, 0xFF, 0xFF,
    0xE4, 0x00, 0x00, 0x5A, 0xFF, 0xFF, 0xFF, 0x42, 0x00, 0x00, 0xE4, 0xFF, 0xFF, 0x00, 0x00, 0xFC,
    0xFF, 0xE0, 0x00, 0x00, 0x09, 0xF1, 0xFF, 0xE1, 0x01, 0x00, 0x00, 0xE0, 0xFF, 0xFC, 0x00, 0x00,
    0xA1, 0xF6, 0x87, 0x00, 0x00, 0x00, 0x6F, 0xEB, 0x5B, 0x00, 0x00, 0x00, 0x87, 0xF6, 0xA1, 0x00,
    0x00, 0x00, 0x00, 0x00, 0x00, 0x00, 0x00, 0x00, 0x00, 0x00, 0x00, 0x00, 0x00, 0x00, 0x00, 0x00,
    0x00, 0x00, 0x00, 0x00, 0x00, 0x00, 0x00, 0x00, 0x00, 0x00, 0x00, 0x00, 0x00, 0x00, 0x00, 0x00,
    0x00, 0x00,
};
const AlphaBitmap kPeriodAmountFontCharU004D = {kPeriodAmountFontCharU004DAlpha, 17, 18};

const AlphaGlyph kPeriodAmountFontGlyphs[] = {
    {'$', kPeriodAmountFontCurrency, 13},
    {'0', kPeriodAmountFontDigit0, 14},
    {'1', kPeriodAmountFontDigit1, 10},
    {'2', kPeriodAmountFontDigit2, 12},
    {'3', kPeriodAmountFontDigit3, 12},
    {'4', kPeriodAmountFontDigit4, 14},
    {'5', kPeriodAmountFontDigit5, 13},
    {'6', kPeriodAmountFontDigit6, 13},
    {'7', kPeriodAmountFontDigit7, 12},
    {'8', kPeriodAmountFontDigit8, 13},
    {'9', kPeriodAmountFontDigit9, 13},
    {'.', kPeriodAmountFontDot, 5},
    {'K', kPeriodAmountFontCharU004B, 13},
    {'M', kPeriodAmountFontCharU004D, 17},
};
const AlphaFont kPeriodAmountFont = {kPeriodAmountFontGlyphs, sizeof(kPeriodAmountFontGlyphs) / sizeof(kPeriodAmountFontGlyphs[0]), 18};

const uint8_t kTodayTokenFontDigit0Alpha[] = {
    0x00, 0x00, 0x3E, 0xC4, 0xF5, 0xE7, 0x8E, 0x08, 0x00, 0x00, 0x30, 0xF9, 0xA6, 0x35, 0x55, 0xEC,
    0xAB, 0x00, 0x00, 0xAA, 0xDE, 0x03, 0x00, 0x00, 0x60, 0xFF, 0x2A, 0x00, 0xE8, 0x97, 0x00, 0x00,
    0x00, 0x18, 0xFF, 0x68, 0x00, 0xFA, 0x84, 0x00, 0x00, 0x00, 0x04, 0xFF, 0x7A, 0x00, 0xE8, 0x97,
    0x00, 0x00, 0x00, 0x18, 0xFF, 0x67, 0x00, 0xAA, 0xDE, 0x03, 0x00, 0x00, 0x60, 0xFF, 0x29, 0x00,
    0x30, 0xF9, 0xA6, 0x34, 0x55, 0xEB, 0xAB, 0x00, 0x00, 0x00, 0x40, 0xC6, 0xF6, 0xE7, 0x8F, 0x08,
    0x00,
};
const AlphaBitmap kTodayTokenFontDigit0 = {kTodayTokenFontDigit0Alpha, 9, 9};

const uint8_t kTodayTokenFontDigit1Alpha[] = {
    0x00, 0x0D, 0x91, 0xF1, 0x58, 0x00, 0x45, 0xE3, 0xC8, 0xFF, 0x80, 0x00, 0x6F, 0x67, 0x02, 0xFF,
    0x80, 0x00, 0x00, 0x00, 0x00, 0xFF, 0x80, 0x00, 0x00, 0x00, 0x00, 0xFF, 0x80, 0x00, 0x00, 0x00,
    0x00, 0xFF, 0x80, 0x00, 0x00, 0x00, 0x00, 0xFF, 0x80, 0x00, 0x00, 0x00, 0x00, 0xFF, 0x80, 0x00,
    0x00, 0x00, 0x00, 0xD8, 0x5D, 0x00,
};
const AlphaBitmap kTodayTokenFontDigit1 = {kTodayTokenFontDigit1Alpha, 6, 9};

const uint8_t kTodayTokenFontDigit2Alpha[] = {
    0x00, 0x11, 0x9B, 0xEA, 0xF8, 0xCF, 0x53, 0x00, 0x00, 0xC2, 0xE5, 0x56, 0x37, 0xA2, 0xFE, 0x3B,
    0x04, 0xCF, 0x42, 0x00, 0x00, 0x12, 0xFF, 0x74, 0x00, 0x00, 0x00, 0x00, 0x00, 0x51, 0xFF, 0x3B,
    0x00, 0x00, 0x00, 0x00, 0x37, 0xF0, 0x88, 0x00, 0x00, 0x00, 0x00, 0x47, 0xF4, 0x8A, 0x00, 0x00,
    0x00, 0x00, 0x5C, 0xF9, 0x75, 0x00, 0x00, 0x00, 0x00, 0x71, 0xFE, 0x85, 0x28, 0x28, 0x28, 0x0B,
    0x09, 0xF0, 0xFF, 0xFF, 0xFF, 0xFF, 0xFF, 0x99,
};
const AlphaBitmap kTodayTokenFontDigit2 = {kTodayTokenFontDigit2Alpha, 8, 9};

const uint8_t kTodayTokenFontDigit3Alpha[] = {
    0x00, 0x2B, 0xB2, 0xEB, 0xFA, 0xDB, 0x7E, 0x03, 0x00, 0x00, 0xE6, 0xBA, 0x3F, 0x31, 0x77, 0xFF,
    0x64, 0x00, 0x00, 0x25, 0x06, 0x00, 0x09, 0x5C, 0xFA, 0x44, 0x00, 0x00, 0x00, 0x0C, 0xEF, 0xFF,
    0xE2, 0x52, 0x00, 0x00, 0x00, 0x00, 0x00, 0x21, 0x38, 0x87, 0xFB, 0x66, 0x00, 0x00, 0x02, 0x00,
    0x00, 0x00, 0x00, 0xA5, 0xE7, 0x00, 0x00, 0xE1, 0x5F, 0x00, 0x00, 0x00, 0x96, 0xEE, 0x00, 0x00,
    0xA6, 0xEF, 0x61, 0x33, 0x71, 0xF9, 0x8B, 0x00, 0x00, 0x0A, 0x88, 0xDF, 0xF9, 0xDE, 0x7C, 0x03,
    0x00,
};
const AlphaBitmap kTodayTokenFontDigit3 = {kTodayTokenFontDigit3Alpha, 9, 9};

const uint8_t kTodayTokenFontDigit4Alpha[] = {
    0x00, 0x00, 0x00, 0x00, 0x16, 0xC4, 0xF1, 0x48, 0x00, 0x00, 0x00, 0x00, 0x03, 0xC1, 0xBA, 0xFF,
    0x7F, 0x00, 0x00, 0x00, 0x00, 0x89, 0xE1, 0x13, 0xFF, 0x80, 0x00, 0x00, 0x00, 0x48, 0xF9, 0x37,
    0x00, 0xFF, 0x80, 0x00, 0x00, 0x16, 0xE9, 0x76, 0x00, 0x00, 0xFF, 0x80, 0x00, 0x00, 0xA9, 0xC7,
    0x06, 0x04, 0x04, 0xFF, 0x82, 0x01, 0x00, 0xEA, 0xFF, 0xFF, 0xFF, 0xFF, 0xFF, 0xFF, 0xD0, 0x00,
    0x16, 0x34, 0x34, 0x34, 0x34, 0xFF, 0x9A, 0x1D, 0x00, 0x00, 0x00, 0x00, 0x00, 0x00, 0xDA, 0x5F,
    0x00,
};
const AlphaBitmap kTodayTokenFontDigit4 = {kTodayTokenFontDigit4Alpha, 9, 9};

const uint8_t kTodayTokenFontDigit5Alpha[] = {
    0x01, 0xD2, 0xFF, 0xFF, 0xFF, 0xFF, 0xD9, 0x00, 0x1A, 0xFF, 0x5B, 0x28, 0x28, 0x28, 0x16, 0x00,
    0x32, 0xFF, 0x25, 0x00, 0x00, 0x00, 0x00, 0x00, 0x4B, 0xFF, 0x72, 0xD7, 0xF2, 0xC2, 0x39, 0x00,
    0x52, 0xFF, 0x9F, 0x3E, 0x4E, 0xD0, 0xF4, 0x1F, 0x01, 0x1D, 0x00, 0x00, 0x00, 0x1C, 0xFF, 0x71,
    0x4A, 0x9E, 0x01, 0x00, 0x00, 0x1C, 0xFF, 0x69, 0x3F, 0xFD, 0x9D, 0x37, 0x49, 0xCE, 0xEA, 0x15,
    0x00, 0x4C, 0xC7, 0xF3, 0xF0, 0xAF, 0x27, 0x00,
};
const AlphaBitmap kTodayTokenFontDigit5 = {kTodayTokenFontDigit5Alpha, 8, 9};

const uint8_t kTodayTokenFontDigit6Alpha[] = {
    0x00, 0x00, 0x33, 0xB9, 0xF1, 0xF1, 0xB5, 0x30, 0x00, 0x00, 0x28, 0xF5, 0xAE, 0x39, 0x46, 0xC5,
    0xF0, 0x0D, 0x00, 0xA4, 0xDD, 0x04, 0x00, 0x00, 0x05, 0x49, 0x01, 0x00, 0xE5, 0x97, 0x79, 0xDB,
    0xF2, 0xC0, 0x37, 0x00, 0x00, 0xFA, 0xE6, 0xAD, 0x43, 0x4C, 0xD0, 0xF3, 0x1E, 0x00, 0xEA, 0xE3,
    0x02, 0x00, 0x00, 0x1D, 0xFF, 0x70, 0x00, 0xAF, 0xE6, 0x03, 0x00, 0x00, 0x1D, 0xFF, 0x68, 0x00,
    0x32, 0xF9, 0xAF, 0x3F, 0x4D, 0xD2, 0xE7, 0x13, 0x00, 0x00, 0x39, 0xBE, 0xF4, 0xEF, 0xAC, 0x23,
    0x00,
};
const AlphaBitmap kTodayTokenFontDigit6 = {kTodayTokenFontDigit6Alpha, 9, 9};

const uint8_t kTodayTokenFontDigit7Alpha[] = {
    0xB6, 0xFF, 0xFF, 0xFF, 0xFF, 0xFF, 0xD1, 0x00, 0x10, 0x28, 0x28, 0x28, 0x29, 0xD8, 0xC0, 0x00,
    0x00, 0x00, 0x00, 0x00, 0x5C, 0xFE, 0x35, 0x00, 0x00, 0x00, 0x00, 0x0B, 0xE4, 0xA2, 0x00, 0x00,
    0x00, 0x00, 0x00, 0x85, 0xF4, 0x1B, 0x00, 0x00, 0x00, 0x00, 0x21, 0xF7, 0x7E, 0x00, 0x00, 0x00,
    0x00, 0x00, 0xAE, 0xE2, 0x09, 0x00, 0x00, 0x00, 0x00, 0x41, 0xFF, 0x5A, 0x00, 0x00, 0x00, 0x00,
    0x00, 0x8E, 0xBC, 0x00, 0x00, 0x00, 0x00, 0x00,
};
const AlphaBitmap kTodayTokenFontDigit7 = {kTodayTokenFontDigit7Alpha, 8, 9};

const uint8_t kTodayTokenFontDigit8Alpha[] = {
    0x00, 0x02, 0x77, 0xCF, 0xF3, 0xE3, 0xB1, 0x2D, 0x00, 0x00, 0x61, 0xFF, 0x80, 0x33, 0x48, 0xD7,
    0xE1, 0x00, 0x00, 0x49, 0xFF, 0x51, 0x05, 0x19, 0xC0, 0xC6, 0x00, 0x00, 0x00, 0x58, 0xF5, 0xFF,
    0xFF, 0xBC, 0x0F, 0x00, 0x00, 0x50, 0xFA, 0x89, 0x3C, 0x53, 0xD6, 0xC2, 0x08, 0x00, 0xE4, 0x9F,
    0x00, 0x00, 0x00, 0x1F, 0xFF, 0x63, 0x00, 0xF0, 0x9C, 0x00, 0x00, 0x00, 0x1C, 0xFF, 0x6F, 0x00,
    0x8D, 0xFD, 0x83, 0x38, 0x4F, 0xD2, 0xEE, 0x1A, 0x00, 0x02, 0x75, 0xD7, 0xF9, 0xEE, 0xAF, 0x2A,
    0x00,
};
const AlphaBitmap kTodayTokenFontDigit8 = {kTodayTokenFontDigit8Alpha, 9, 9};

const uint8_t kTodayTokenFontDigit9Alpha[] = {
    0x00, 0x06, 0x80, 0xDB, 0xF9, 0xE0, 0x83, 0x06, 0x00, 0x00, 0xA1, 0xF2, 0x6F, 0x34, 0x5A, 0xE1,
    0xA8, 0x00, 0x00, 0xF5, 0x8D, 0x00, 0x00, 0x00, 0x5B, 0xFF, 0x2A, 0x00, 0xCB, 0xDF, 0x3C, 0x07,
    0x2A, 0xBD, 0xFF, 0x67, 0x00, 0x25, 0xC7, 0xFF, 0xFF, 0xEB, 0x60, 0xFF, 0x79, 0x00, 0x00, 0x00,
    0x16, 0x21, 0x03, 0x2D, 0xFF, 0x64, 0x00, 0x80, 0x8B, 0x00, 0x00, 0x00, 0x84, 0xFF, 0x22, 0x00,
    0x60, 0xFF, 0x82, 0x30, 0x6A, 0xF9, 0x9C, 0x00, 0x00, 0x00, 0x5F, 0xD0, 0xF6, 0xDF, 0x80, 0x04,
    0x00,
};
const AlphaBitmap kTodayTokenFontDigit9 = {kTodayTokenFontDigit9Alpha, 9, 9};

const uint8_t kTodayTokenFontDotAlpha[] = {
    0x00, 0x00, 0x00, 0x00, 0x00, 0x00, 0x00, 0x00, 0x00, 0x00, 0x00, 0x00, 0x00, 0x00, 0x00, 0x00,
    0x00, 0x00, 0x00, 0x00, 0x00, 0x00, 0x11, 0x02, 0x00, 0xD0, 0x55,
};
const AlphaBitmap kTodayTokenFontDot = {kTodayTokenFontDotAlpha, 3, 9};

const uint8_t kTodayTokenFontCharU004BAlpha[] = {
    0x00, 0xDA, 0x5E, 0x00, 0x00, 0x00, 0x7F, 0xE2, 0x02, 0x00, 0xFF, 0x80, 0x00, 0x00, 0x8D, 0xFD,
    0x66, 0x00, 0x00, 0xFF, 0x80, 0x01, 0x98, 0xF9, 0x55, 0x00, 0x00, 0x00, 0xFF, 0x83, 0xA2, 0xF4,
    0x46, 0x00, 0x00, 0x00, 0x00, 0xFF, 0xF3, 0xFF, 0xEF, 0x2F, 0x00, 0x00, 0x00, 0x00, 0xFF, 0xDD,
    0x36, 0xDA, 0xE8, 0x24, 0x00, 0x00, 0x00, 0xFF, 0x80, 0x00, 0x20, 0xE5, 0xDF, 0x1A, 0x00, 0x00,
    0xFF, 0x80, 0x00, 0x00, 0x2C, 0xEE, 0xD5, 0x11, 0x00, 0xDA, 0x5E, 0x00, 0x00, 0x00, 0x3A, 0xE9,
    0x4B,
};
const AlphaBitmap kTodayTokenFontCharU004B = {kTodayTokenFontCharU004BAlpha, 9, 9};

const uint8_t kTodayTokenFontCharU004DAlpha[] = {
    0x00, 0xCB, 0xC8, 0x07, 0x00, 0x00, 0x00, 0x00, 0x07, 0xC8, 0xCB, 0x00, 0x00, 0xFF, 0xFF, 0x66,
    0x00, 0x00, 0x00, 0x00, 0x67, 0xFF, 0xFF, 0x00, 0x00, 0xFF, 0xED, 0xDA, 0x02, 0x00, 0x00, 0x02,
    0xDB, 0xE5, 0xFF, 0x00, 0x00, 0xFF, 0x91, 0xF4, 0x53, 0x00, 0x00, 0x56, 0xED, 0x8B, 0xFF, 0x00,
    0x00, 0xFF, 0x80, 0x93, 0xC9, 0x00, 0x00, 0xCC, 0x86, 0x80, 0xFF, 0x00, 0x00, 0xFF, 0x80, 0x23,
    0xFD, 0x40, 0x44, 0xFA, 0x1A, 0x80, 0xFF, 0x00, 0x00, 0xFF, 0x80, 0x00, 0xAF, 0xB6, 0xBB, 0xA2,
    0x00, 0x80, 0xFF, 0x00, 0x00, 0xFF, 0x80, 0x00, 0x3D, 0xFF, 0xFF, 0x30, 0x00, 0x80, 0xFF, 0x00,
    0x00, 0xDB, 0x61, 0x00, 0x00, 0xB7, 0xAC, 0x00, 0x00, 0x60, 0xDC, 0x00,
};
const AlphaBitmap kTodayTokenFontCharU004D = {kTodayTokenFontCharU004DAlpha, 12, 9};

const uint8_t kTodayTokenFontCharU0042Alpha[] = {
    0x00, 0xD9, 0xFF, 0xFF, 0xFF, 0xF4, 0xB4, 0x22, 0x00, 0x00, 0xFF, 0x94, 0x28, 0x29, 0x50, 0xE6,
    0xCB, 0x00, 0x00, 0xFF, 0x80, 0x00, 0x00, 0x00, 0x8E, 0xF0, 0x00, 0x00, 0xFF, 0x80, 0x00, 0x03,
    0x33, 0xDE, 0x93, 0x00, 0x00, 0xFF, 0xFE, 0xFC, 0xFE, 0xFF, 0xC5, 0x23, 0x00, 0x00, 0xFF, 0x96,
    0x2C, 0x2D, 0x42, 0xA7, 0xF0, 0x2A, 0x00, 0xFF, 0x80, 0x00, 0x00, 0x00, 0x10, 0xFF, 0x77, 0x00,
    0xFF, 0x94, 0x28, 0x28, 0x3B, 0xA1, 0xFF, 0x42, 0x00, 0xDA, 0xFF, 0xFF, 0xFF, 0xF8, 0xD1, 0x5D,
    0x00,
};
const AlphaBitmap kTodayTokenFontCharU0042 = {kTodayTokenFontCharU0042Alpha, 9, 9};

const uint8_t kTodayTokenFontCharU0054Alpha[] = {
    0xF1, 0xFF, 0xFF, 0xFF, 0xFF, 0xFF, 0xFF, 0x77, 0x1B, 0x28, 0x28, 0xFF, 0x94, 0x28, 0x27, 0x06,
    0x00, 0x00, 0x00, 0xFF, 0x80, 0x00, 0x00, 0x00, 0x00, 0x00, 0x00, 0xFF, 0x80, 0x00, 0x00, 0x00,
    0x00, 0x00, 0x00, 0xFF, 0x80, 0x00, 0x00, 0x00, 0x00, 0x00, 0x00, 0xFF, 0x80, 0x00, 0x00, 0x00,
    0x00, 0x00, 0x00, 0xFF, 0x80, 0x00, 0x00, 0x00, 0x00, 0x00, 0x00, 0xFF, 0x80, 0x00, 0x00, 0x00,
    0x00, 0x00, 0x00, 0xDA, 0x5E, 0x00, 0x00, 0x00,
};
const AlphaBitmap kTodayTokenFontCharU0054 = {kTodayTokenFontCharU0054Alpha, 8, 9};

const uint8_t kTodayTokenFontCharU0074Alpha[] = {
    0x00, 0x5D, 0x22, 0x00, 0x00, 0xFE, 0x7E, 0x00, 0xF5, 0xFF, 0xFF, 0xD4, 0x1D, 0xFF, 0x94, 0x16,
    0x00, 0xFF, 0x80, 0x00, 0x00, 0xFF, 0x80, 0x00, 0x00, 0xFF, 0x80, 0x00, 0x00, 0xF5, 0xBD, 0x1F,
    0x00, 0x7E, 0xF3, 0xD2,
};
const AlphaBitmap kTodayTokenFontCharU0074 = {kTodayTokenFontCharU0074Alpha, 4, 9};

const uint8_t kTodayTokenFontCharU006FAlpha[] = {
    0x00, 0x00, 0x00, 0x00, 0x00, 0x00, 0x00, 0x00, 0x00, 0x00, 0x00, 0x00, 0x00, 0x00, 0x00, 0x00,
    0x00, 0x00, 0x00, 0x00, 0x6C, 0xD9, 0xF8, 0xDA, 0x6D, 0x01, 0x00, 0x00, 0x6E, 0xFD, 0x73, 0x30,
    0x73, 0xFD, 0x6E, 0x00, 0x00, 0xDB, 0xB2, 0x00, 0x00, 0x00, 0xB5, 0xDB, 0x00, 0x00, 0xF9, 0x8B,
    0x00, 0x00, 0x00, 0x8D, 0xF9, 0x00, 0x00, 0xDC, 0xB3, 0x00, 0x00, 0x00, 0xB7, 0xDB, 0x00, 0x00,
    0x71, 0xFF, 0x77, 0x2F, 0x78, 0xFF, 0x71, 0x00, 0x00, 0x01, 0x71, 0xDB, 0xF9, 0xDC, 0x71, 0x01,
    0x00,
};
const AlphaBitmap kTodayTokenFontCharU006F = {kTodayTokenFontCharU006FAlpha, 9, 9};

const uint8_t kTodayTokenFontCharU006BAlpha[] = {
    0x00, 0xD8, 0x5E, 0x00, 0x00, 0x00, 0x00, 0x00, 0xFF, 0x80, 0x00, 0x00, 0x00, 0x00, 0x00, 0xFF,
    0x80, 0x00, 0x0A, 0xB3, 0x8F, 0x00, 0xFF, 0x80, 0x12, 0xC6, 0xDB, 0x23, 0x00, 0xFF, 0x9B, 0xD4,
    0xC9, 0x15, 0x00, 0x00, 0xFF, 0xFF, 0xFC, 0x9D, 0x00, 0x00, 0x00, 0xFF, 0xA0, 0x53, 0xFE, 0x78,
    0x00, 0x00, 0xFF, 0x80, 0x00, 0x74, 0xFE, 0x56, 0x00, 0xD8, 0x5B, 0x00, 0x00, 0x92, 0xB7,
};
const AlphaBitmap kTodayTokenFontCharU006B = {kTodayTokenFontCharU006BAlpha, 7, 9};

const uint8_t kTodayTokenFontCharU0065Alpha[] = {
    0x00, 0x00, 0x00, 0x00, 0x00, 0x00, 0x00, 0x00, 0x00, 0x00, 0x00, 0x00, 0x00, 0x00, 0x00, 0x00,
    0x00, 0x02, 0x7B, 0xE3, 0xF6, 0xC1, 0x2D, 0x00, 0x00, 0x78, 0xFC, 0x70, 0x3B, 0xB5, 0xE8, 0x10,
    0x00, 0xDD, 0xA6, 0x00, 0x00, 0x17, 0xFF, 0x5F, 0x00, 0xF8, 0xFE, 0xFC, 0xFC, 0xFC, 0xFF, 0x6C,
    0x00, 0xD9, 0xA6, 0x2C, 0x2C, 0x2C, 0x39, 0x04, 0x00, 0x76, 0xF1, 0x5C, 0x32, 0x6D, 0xF4, 0x49,
    0x00, 0x03, 0x77, 0xDB, 0xF8, 0xDE, 0x78, 0x00,
};
const AlphaBitmap kTodayTokenFontCharU0065 = {kTodayTokenFontCharU0065Alpha, 8, 9};

const uint8_t kTodayTokenFontCharU006EAlpha[] = {
    0x00, 0x00, 0x00, 0x00, 0x00, 0x00, 0x00, 0x00, 0x00, 0x00, 0x00, 0x00, 0x00, 0x00, 0x00, 0x00,
    0x00, 0xD8, 0x62, 0xBE, 0xF8, 0xD7, 0x38, 0x00, 0x00, 0xFF, 0xEB, 0x55, 0x40, 0xE2, 0xD3, 0x00,
    0x00, 0xFF, 0x95, 0x00, 0x00, 0x89, 0xFC, 0x00, 0x00, 0xFF, 0x80, 0x00, 0x00, 0x80, 0xFF, 0x00,
    0x00, 0xFF, 0x80, 0x00, 0x00, 0x80, 0xFF, 0x00, 0x00, 0xFF, 0x80, 0x00, 0x00, 0x80, 0xFF, 0x00,
    0x00, 0xD6, 0x5A, 0x00, 0x00, 0x5C, 0xD5, 0x00,
};
const AlphaBitmap kTodayTokenFontCharU006E = {kTodayTokenFontCharU006EAlpha, 8, 9};

const uint8_t kTodayTokenFontCharU0073Alpha[] = {
    0x00, 0x00, 0x00, 0x00, 0x00, 0x00, 0x00, 0x00, 0x00, 0x00, 0x00, 0x00, 0x00, 0x00, 0x00, 0x00,
    0x00, 0x30, 0xBE, 0xF3, 0xE5, 0x8E, 0x07, 0x00, 0x00, 0xDC, 0xC8, 0x40, 0x54, 0xEA, 0x66, 0x00,
    0x00, 0xDC, 0xC0, 0x24, 0x00, 0x15, 0x0A, 0x00, 0x00, 0x28, 0xAA, 0xEF, 0xE8, 0xA5, 0x2D, 0x00,
    0x00, 0x23, 0x0A, 0x01, 0x2B, 0xC2, 0xE2, 0x00, 0x00, 0xBC, 0xCC, 0x3B, 0x37, 0xCB, 0xDC, 0x00,
    0x00, 0x24, 0xB8, 0xF3, 0xEC, 0xBA, 0x2F, 0x00,
};
const AlphaBitmap kTodayTokenFontCharU0073 = {kTodayTokenFontCharU0073Alpha, 8, 9};

const AlphaGlyph kTodayTokenFontGlyphs[] = {
    {'0', kTodayTokenFontDigit0, 9},
    {'1', kTodayTokenFontDigit1, 6},
    {'2', kTodayTokenFontDigit2, 8},
    {'3', kTodayTokenFontDigit3, 9},
    {'4', kTodayTokenFontDigit4, 9},
    {'5', kTodayTokenFontDigit5, 8},
    {'6', kTodayTokenFontDigit6, 9},
    {'7', kTodayTokenFontDigit7, 8},
    {'8', kTodayTokenFontDigit8, 9},
    {'9', kTodayTokenFontDigit9, 9},
    {'.', kTodayTokenFontDot, 3},
    {' ', {nullptr, 3, 9}, 3},
    {'K', kTodayTokenFontCharU004B, 9},
    {'M', kTodayTokenFontCharU004D, 12},
    {'B', kTodayTokenFontCharU0042, 9},
    {'T', kTodayTokenFontCharU0054, 8},
    {'t', kTodayTokenFontCharU0074, 4},
    {'o', kTodayTokenFontCharU006F, 9},
    {'k', kTodayTokenFontCharU006B, 7},
    {'e', kTodayTokenFontCharU0065, 8},
    {'n', kTodayTokenFontCharU006E, 8},
    {'s', kTodayTokenFontCharU0073, 8},
};
const AlphaFont kTodayTokenFont = {kTodayTokenFontGlyphs, sizeof(kTodayTokenFontGlyphs) / sizeof(kTodayTokenFontGlyphs[0]), 9};

const uint8_t kPeriodTokenFontDigit0Alpha[] = {
    0x00, 0x0A, 0x9E, 0xF1, 0xEA, 0x80, 0x01, 0x00, 0x00, 0x9C, 0xBF, 0x17, 0x29, 0xE0, 0x6B, 0x00,
    0x08, 0xF7, 0x3B, 0x00, 0x00, 0x6F, 0xCE, 0x00, 0x26, 0xFF, 0x11, 0x00, 0x00, 0x43, 0xF5, 0x00,
    0x26, 0xFF, 0x11, 0x00, 0x00, 0x42, 0xF4, 0x00, 0x08, 0xF7, 0x3A, 0x00, 0x00, 0x6A, 0xCC, 0x00,
    0x00, 0x9B, 0xBC, 0x16, 0x27, 0xDD, 0x69, 0x00, 0x00, 0x0A, 0x9E, 0xF1, 0xEA, 0x80, 0x01, 0x00,
};
const AlphaBitmap kPeriodTokenFontDigit0 = {kPeriodTokenFontDigit0Alpha, 8, 8};

const uint8_t kPeriodTokenFontDigit1Alpha[] = {
    0x00, 0x14, 0xAD, 0xDD, 0x00, 0x2A, 0xE2, 0xA7, 0xFF, 0x00, 0x16, 0x2F, 0x30, 0xFF, 0x00, 0x00,
    0x00, 0x30, 0xFF, 0x00, 0x00, 0x00, 0x30, 0xFF, 0x00, 0x00, 0x00, 0x30, 0xFF, 0x00, 0x00, 0x00,
    0x30, 0xFF, 0x00, 0x00, 0x00, 0x1E, 0xDD, 0x00,
};
const AlphaBitmap kPeriodTokenFontDigit1 = {kPeriodTokenFontDigit1Alpha, 5, 8};

const uint8_t kPeriodTokenFontDigit2Alpha[] = {
    0x00, 0x3B, 0xD4, 0xF9, 0xCB, 0x26, 0x00, 0x0D, 0xEF, 0x64, 0x0F, 0x8F, 0xD6, 0x00, 0x0C, 0x70,
    0x00, 0x00, 0x3F, 0xF1, 0x00, 0x00, 0x00, 0x00, 0x01, 0xB2, 0x98, 0x00, 0x00, 0x00, 0x00, 0x94,
    0xCC, 0x0C, 0x00, 0x00, 0x00, 0x8E, 0xD2, 0x13, 0x00, 0x00, 0x00, 0x89, 0xD6, 0x16, 0x00, 0x00,
    0x00, 0x1D, 0xFA, 0xFF, 0xFF, 0xFF, 0xF4, 0x14,
};
const AlphaBitmap kPeriodTokenFontDigit2 = {kPeriodTokenFontDigit2Alpha, 7, 8};

const uint8_t kPeriodTokenFontDigit3Alpha[] = {
    0x00, 0x56, 0xD9, 0xF5, 0xCF, 0x4B, 0x00, 0x0E, 0xF5, 0x48, 0x0A, 0x73, 0xEC, 0x00, 0x00, 0x10,
    0x00, 0x09, 0x80, 0xB3, 0x00, 0x00, 0x00, 0x84, 0xFF, 0xC2, 0x12, 0x00, 0x00, 0x00, 0x00, 0x08,
    0x8E, 0xB6, 0x00, 0x32, 0x3F, 0x00, 0x00, 0x3C, 0xF6, 0x00, 0x56, 0xE4, 0x2D, 0x11, 0xA3, 0xC3,
    0x00, 0x00, 0x7C, 0xE3, 0xF7, 0xB9, 0x1F, 0x00,
};
const AlphaBitmap kPeriodTokenFontDigit3 = {kPeriodTokenFontDigit3Alpha, 7, 8};

const uint8_t kPeriodTokenFontDigit4Alpha[] = {
    0x00, 0x00, 0x18, 0xD4, 0xCD, 0x00, 0x00, 0x01, 0xB8, 0xA3, 0xFF, 0x00, 0x00, 0x6C, 0xBC, 0x31,
    0xFF, 0x00, 0x23, 0xE5, 0x1C, 0x30, 0xFF, 0x00, 0xB8, 0x67, 0x00, 0x30, 0xFF, 0x00, 0xF8, 0xED,
    0xEC, 0xEF, 0xFF, 0xE4, 0x0F, 0x1C, 0x1C, 0x46, 0xFF, 0x15, 0x00, 0x00, 0x00, 0x1C, 0xD9, 0x00,
};
const AlphaBitmap kPeriodTokenFontDigit4 = {kPeriodTokenFontDigit4Alpha, 6, 8};

const uint8_t kPeriodTokenFontDigit5Alpha[] = {
    0x10, 0xE5, 0xFF, 0xFF, 0xFF, 0x73, 0x00, 0x34, 0xD9, 0x00, 0x00, 0x00, 0x00, 0x00, 0x48, 0xC6,
    0x00, 0x00, 0x00, 0x00, 0x00, 0x5B, 0xCC, 0xC0, 0xF6, 0xC5, 0x1E, 0x00, 0x42, 0xB0, 0x28, 0x16,
    0xAA, 0xCC, 0x00, 0x1A, 0x1E, 0x00, 0x00, 0x42, 0xF7, 0x00, 0x66, 0xD8, 0x26, 0x14, 0xA9, 0xBA,
    0x00, 0x02, 0x88, 0xE6, 0xF5, 0xB1, 0x19, 0x00,
};
const AlphaBitmap kPeriodTokenFontDigit5 = {kPeriodTokenFontDigit5Alpha, 7, 8};

const uint8_t kPeriodTokenFontDigit6Alpha[] = {
    0x00, 0x09, 0x9D, 0xF1, 0xEA, 0x81, 0x00, 0x00, 0x00, 0x99, 0xC1, 0x17, 0x34, 0xE6, 0x4E, 0x00,
    0x06, 0xF5, 0x3C, 0x00, 0x00, 0x1F, 0x10, 0x00, 0x24, 0xFF, 0x56, 0xD8, 0xF7, 0xBC, 0x21, 0x00,
    0x27, 0xFF, 0x86, 0x14, 0x1D, 0xB4, 0xC4, 0x00, 0x09, 0xF7, 0x14, 0x00, 0x00, 0x40, 0xF6, 0x00,
    0x00, 0x9B, 0x94, 0x15, 0x21, 0xB8, 0xB9, 0x00, 0x00, 0x09, 0x98, 0xEF, 0xF2, 0xAA, 0x16, 0x00,
};
const AlphaBitmap kPeriodTokenFontDigit6 = {kPeriodTokenFontDigit6Alpha, 8, 8};

const uint8_t kPeriodTokenFontDigit7Alpha[] = {
    0x85, 0xFF, 0xFF, 0xFF, 0xFF, 0x91, 0x00, 0x00, 0x00, 0x00, 0xC5, 0x72, 0x00, 0x00, 0x00, 0x49,
    0xE8, 0x0A, 0x00, 0x00, 0x00, 0xCB, 0x72, 0x00, 0x00, 0x00, 0x50, 0xE8, 0x09, 0x00, 0x00, 0x01,
    0xD1, 0x71, 0x00, 0x00, 0x00, 0x56, 0xE7, 0x09, 0x00, 0x00, 0x00, 0xA2, 0x68, 0x00, 0x00, 0x00,
};
const AlphaBitmap kPeriodTokenFontDigit7 = {kPeriodTokenFontDigit7Alpha, 6, 8};

const uint8_t kPeriodTokenFontDigit8Alpha[] = {
    0x00, 0x4F, 0xC4, 0xEE, 0xEA, 0xBA, 0x34, 0x00, 0x19, 0xFC, 0x63, 0x0D, 0x13, 0x8F, 0xE5, 0x00,
    0x0D, 0xE8, 0x63, 0x0D, 0x13, 0x8F, 0xBA, 0x00, 0x00, 0x3C, 0xF4, 0xFF, 0xFF, 0xC0, 0x0D, 0x00,
    0x03, 0xDF, 0x8F, 0x16, 0x20, 0xB7, 0xA1, 0x00, 0x24, 0xFF, 0x13, 0x00, 0x00, 0x44, 0xF1, 0x00,
    0x09, 0xEA, 0x8C, 0x14, 0x1D, 0xB4, 0xC0, 0x00, 0x00, 0x2F, 0xBD, 0xF6, 0xF2, 0xAC, 0x19, 0x00,
};
const AlphaBitmap kPeriodTokenFontDigit8 = {kPeriodTokenFontDigit8Alpha, 8, 8};

const uint8_t kPeriodTokenFontDigit9Alpha[] = {
    0x00, 0x2A, 0xBC, 0xF6, 0xE4, 0x74, 0x00, 0x00, 0x05, 0xE2, 0x92, 0x16, 0x21, 0xB9, 0x66, 0x00,
    0x27, 0xFF, 0x13, 0x00, 0x00, 0x45, 0xCC, 0x00, 0x09, 0xEB, 0x8C, 0x13, 0x1E, 0xAB, 0xF4, 0x00,
    0x00, 0x2E, 0xCE, 0xF7, 0xCC, 0x70, 0xF2, 0x00, 0x00, 0x23, 0x0E, 0x00, 0x00, 0x70, 0xC8, 0x00,
    0x00, 0x8E, 0xC3, 0x1B, 0x28, 0xE2, 0x62, 0x00, 0x00, 0x0D, 0xA4, 0xEF, 0xE8, 0x7C, 0x00, 0x00,
};
const AlphaBitmap kPeriodTokenFontDigit9 = {kPeriodTokenFontDigit9Alpha, 8, 8};

const uint8_t kPeriodTokenFontDotAlpha[] = {
    0x00, 0x00, 0x00, 0x00, 0x00, 0x00, 0x00, 0x00, 0x00, 0x00, 0x00, 0x00, 0x00, 0x00, 0x00, 0x00,
    0x00, 0x00, 0x00, 0x00, 0x00, 0x12, 0xC4, 0x00,
};
const AlphaBitmap kPeriodTokenFontDot = {kPeriodTokenFontDotAlpha, 3, 8};

const uint8_t kPeriodTokenFontCharU004BAlpha[] = {
    0x1E, 0xDC, 0x00, 0x00, 0x15, 0xCE, 0x3F, 0x30, 0xFF, 0x00, 0x0D, 0xCC, 0xAB, 0x03, 0x30, 0xFF,
    0x07, 0xBE, 0xB5, 0x05, 0x00, 0x30, 0xFF, 0xAE, 0xE6, 0x08, 0x00, 0x00, 0x30, 0xFF, 0xC0, 0xF1,
    0x75, 0x00, 0x00, 0x30, 0xFF, 0x0A, 0x4B, 0xFA, 0x4A, 0x00, 0x30, 0xFF, 0x00, 0x00, 0x78, 0xF1,
    0x28, 0x1E, 0xDE, 0x00, 0x00, 0x00, 0xA0, 0x88,
};
const AlphaBitmap kPeriodTokenFontCharU004B = {kPeriodTokenFontCharU004BAlpha, 7, 8};

const uint8_t kPeriodTokenFontCharU004DAlpha[] = {
    0x17, 0xEA, 0x5E, 0x00, 0x00, 0x00, 0x00, 0x8E, 0xD4, 0x00, 0x30, 0xFF, 0xDA, 0x01, 0x00, 0x00,
    0x17, 0xF9, 0xFF, 0x00, 0x30, 0xFF, 0xDA, 0x48, 0x00, 0x00, 0x7D, 0xD3, 0xFF, 0x00, 0x30, 0xFF,
    0x70, 0xB5, 0x00, 0x04, 0xE4, 0x68, 0xFF, 0x00, 0x30, 0xFF, 0x10, 0xF3, 0x23, 0x56, 0xCE, 0x30,
    0xFF, 0x00, 0x30, 0xFF, 0x00, 0x9A, 0x8D, 0xC2, 0x63, 0x30, 0xFF, 0x00, 0x30, 0xFF, 0x00, 0x2F,
    0xF5, 0xEE, 0x0A, 0x30, 0xFF, 0x00, 0x1F, 0xDF, 0x00, 0x00, 0xB6, 0x81, 0x00, 0x1F, 0xE0, 0x00,
};
const AlphaBitmap kPeriodTokenFontCharU004D = {kPeriodTokenFontCharU004DAlpha, 10, 8};

const uint8_t kPeriodTokenFontCharU0042Alpha[] = {
    0x1E, 0xF7, 0xFF, 0xFF, 0xDD, 0x54, 0x00, 0x00, 0x30, 0xFF, 0x00, 0x03, 0x6C, 0xEF, 0x00, 0x00,
    0x30, 0xFF, 0x00, 0x06, 0x77, 0xBC, 0x00, 0x00, 0x30, 0xFF, 0xFF, 0xFF, 0xF0, 0x66, 0x05, 0x00,
    0x30, 0xFF, 0x00, 0x00, 0x18, 0xA4, 0xA7, 0x00, 0x30, 0xFF, 0x00, 0x00, 0x00, 0x3C, 0xF7, 0x00,
    0x30, 0xFF, 0x00, 0x00, 0x14, 0xA0, 0xCB, 0x00, 0x1D, 0xF6, 0xFF, 0xFF, 0xF7, 0xBE, 0x26, 0x00,
};
const AlphaBitmap kPeriodTokenFontCharU0042 = {kPeriodTokenFontCharU0042Alpha, 8, 8};

const uint8_t kPeriodTokenFontCharU0054Alpha[] = {
    0x80, 0xFF, 0xFF, 0xFF, 0xFF, 0xFE, 0x4D, 0x00, 0x00, 0x30, 0xFF, 0x00, 0x00, 0x00, 0x00, 0x00,
    0x30, 0xFF, 0x00, 0x00, 0x00, 0x00, 0x00, 0x30, 0xFF, 0x00, 0x00, 0x00, 0x00, 0x00, 0x30, 0xFF,
    0x00, 0x00, 0x00, 0x00, 0x00, 0x30, 0xFF, 0x00, 0x00, 0x00, 0x00, 0x00, 0x30, 0xFF, 0x00, 0x00,
    0x00, 0x00, 0x00, 0x1E, 0xDC, 0x00, 0x00, 0x00,
};
const AlphaBitmap kPeriodTokenFontCharU0054 = {kPeriodTokenFontCharU0054Alpha, 7, 8};

const AlphaGlyph kPeriodTokenFontGlyphs[] = {
    {'0', kPeriodTokenFontDigit0, 8},
    {'1', kPeriodTokenFontDigit1, 5},
    {'2', kPeriodTokenFontDigit2, 7},
    {'3', kPeriodTokenFontDigit3, 7},
    {'4', kPeriodTokenFontDigit4, 6},
    {'5', kPeriodTokenFontDigit5, 7},
    {'6', kPeriodTokenFontDigit6, 8},
    {'7', kPeriodTokenFontDigit7, 6},
    {'8', kPeriodTokenFontDigit8, 8},
    {'9', kPeriodTokenFontDigit9, 8},
    {'.', kPeriodTokenFontDot, 3},
    {' ', {nullptr, 2, 8}, 2},
    {'K', kPeriodTokenFontCharU004B, 7},
    {'M', kPeriodTokenFontCharU004D, 10},
    {'B', kPeriodTokenFontCharU0042, 8},
    {'T', kPeriodTokenFontCharU0054, 7},
};
const AlphaFont kPeriodTokenFont = {kPeriodTokenFontGlyphs, sizeof(kPeriodTokenFontGlyphs) / sizeof(kPeriodTokenFontGlyphs[0]), 8};

const uint16_t kBackgroundPixels[] = {
    0x0003, 0x0003, 0x0003, 0x0003, 0x0003, 0x0003, 0x0003, 0x0003, 0x0003, 0x0003, 0x0023, 0x0024,
    0x0024, 0x0003, 0x0003, 0x0003, 0x0003, 0x0003, 0x0003, 0x0003, 0x0003, 0x0003, 0x0003, 0x0003,
    0x0003, 0x0003, 0x0003, 0x0003, 0x0003, 0x0003, 0x0003, 0x0003, 0x0003, 0x0003, 0x0003, 0x0003,
    0x0003, 0x0003, 0x0003, 0x0003, 0x0003, 0x0003, 0x0003, 0x0004, 0x0003, 0x0003, 0x0003, 0x0003,
    0x0003, 0x0003, 0x0003, 0x0003, 0x0003, 0x0003, 0x0003, 0x0003, 0x0003, 0x0003, 0x0003, 0x0003,
    0x0003, 0x0003, 0x0003, 0x0003, 0x0003, 0x0003, 0x0003, 0x0003, 0x0003, 0x0003, 0x0003, 0x0003,
    0x0003, 0x0003, 0x0003, 0x0003, 0x0003, 0x0003, 0x0003, 0x0003, 0x0003, 0x0003, 0x0003, 0x0003,
    0x0003, 0x0003, 0x0003, 0x0003, 0x0003, 0x0004, 0x0004, 0x0004, 0x0004, 0x0004, 0x0004, 0x0003,
    0x0003, 0x0003, 0x0003, 0x0003, 0x0003, 0x0003, 0x0003, 0x0003, 0x0003, 0x0004, 0x0003, 0x0003,
    0x0003, 0x0003, 0x0003, 0x0003, 0x0003, 0x0003, 0x0003, 0x0003, 0x0003, 0x0003, 0x0004, 0x0003,
    0x0003, 0x0003, 0x0004, 0x0004, 0x0004, 0x0004, 0x0003, 0x0003, 0x0003, 0x0003, 0x0003, 0x0003,
    0x0003, 0x0003, 0x0003, 0x0004, 0x0003, 0x0003, 0x0003, 0x0003, 0x0003, 0x0003, 0x0003, 0x0003,
    0x0003, 0x0004, 0x0024, 0x0004, 0x0004, 0x0004, 0x0004, 0x0003, 0x0004, 0x0003, 0x0003, 0x0003,
    0x0003, 0x0004, 0x0003, 0x0004, 0x0003, 0x0024, 0x0004, 0x0003, 0x0024, 0x0004, 0x0003, 0x0003,
    0x0003, 0x0003, 0x0003, 0x0003, 0x0003, 0x0003, 0x0003, 0x0003, 0x0003, 0x0003, 0x0003, 0x0004,
    0x0004, 0x0004, 0x0023, 0x0004, 0x0004, 0x0004, 0x0004, 0x0004, 0x0004, 0x0004, 0x0004, 0x0003,
    0x0003, 0x0003, 0x0003, 0x0003, 0x0003, 0x0003, 0x0004, 0x0003, 0x0003, 0x0024, 0x0003, 0x0003,
    0x0003, 0x0003, 0x0004, 0x0004, 0x0004, 0x0004, 0x0004, 0x0003, 0x0003, 0x0003, 0x0003, 0x0003,
    0x0003, 0x0003, 0x0003, 0x0003, 0x0003, 0x0003, 0x0003, 0x0003, 0x0003, 0x0003, 0x0004, 0x0003,
    0x0003, 0x0003, 0x0003, 0x0003, 0x0003, 0x0004, 0x0003, 0x0003, 0x0003, 0x0003, 0x0003, 0x0003,
    0x0003, 0x0003, 0x0004, 0x0004, 0x0003, 0x0003, 0x0004, 0x0004, 0x0003, 0x0004, 0x0004, 0x0024,
    0x0004, 0x0004, 0x0004, 0x0004, 0x0003, 0x0004, 0x0004, 0x0004, 0x0004, 0x0003, 0x0004, 0x0004,
    0x0004, 0x0004, 0x0004, 0x0004, 0x0004, 0x0004, 0x0003, 0x0003, 0x0003, 0x0003, 0x0003, 0x0003,
    0x0004, 0x0004, 0x0024, 0x0004, 0x0024, 0x0004, 0x0004, 0x0004, 0x0004, 0x0003, 0x0003, 0x0003,
    0x0024, 0x0004, 0x0004, 0x0003, 0x0024, 0x0004, 0x0004, 0x0003, 0x0003, 0x0004, 0x0024, 0x0004,
    0x0004, 0x0004, 0x0004, 0x0024, 0x0004, 0x0004, 0x0024, 0x0004, 0x0004, 0x0004, 0x0004, 0x0004,
    0x0004, 0x0004, 0x0003, 0x0004, 0x0004, 0x0004, 0x0003, 0x0004, 0x0003, 0x0003, 0x0003, 0x0003,
    0x0003, 0x0003, 0x0003, 0x0003, 0x0003, 0x0003, 0x0004, 0x0003, 0x0024, 0x0004, 0x0003, 0x0003,
    0x0003, 0x0003, 0x0003, 0x0003, 0x0003, 0x0003, 0x0003, 0x0003, 0x0003, 0x0003, 0x0003, 0x0003,
    0x0003, 0x0003, 0x0003, 0x0003, 0x0003, 0x0003, 0x0003, 0x0003, 0x0003, 0x0003, 0x0003, 0x0003,
    0x0003, 0x0003, 0x0004, 0x0003, 0x0003, 0x0003, 0x0003, 0x0003, 0x0003, 0x0003, 0x0003, 0x0004,
    0x0003, 0x0003, 0x0003, 0x0003, 0x0003, 0x0003, 0x0003, 0x0003, 0x0003, 0x0003, 0x0003, 0x0003,
    0x0003, 0x0003, 0x0003, 0x0003, 0x0003, 0x0003, 0x0003, 0x0003, 0x0003, 0x0003, 0x0003, 0x0003,
    0x0003, 0x0003, 0x0003, 0x0003, 0x0003, 0x0003, 0x0003, 0x0003, 0x0003, 0x0003, 0x0003, 0x0003,
    0x0003, 0x0004, 0x0004, 0x0004, 0x0003, 0x0004, 0x0003, 0x0003, 0x0003, 0x0003, 0x0003, 0x0003,
    0x0004, 0x0004, 0x0003, 0x0003, 0x0003, 0x0003, 0x0003, 0x0003, 0x0003, 0x0003, 0x0003, 0x0003,
    0x0003, 0x0003, 0x0003, 0x0003, 0x0003, 0x0003, 0x0003, 0x0003, 0x0003, 0x0003, 0x0003, 0x0004,
    0x0003, 0x0003, 0x0003, 0x0003, 0x0003, 0x0003, 0x0003, 0x0003, 0x0003, 0x0003, 0x0003, 0x0003,
    0x0003, 0x0003, 0x0004, 0x0004, 0x0003, 0x0003, 0x0003, 0x0004, 0x0003, 0x0003, 0x0004, 0x0003,
    0x0004, 0x0004, 0x0004, 0x0004, 0x0004, 0x0003, 0x0004, 0x0003, 0x0003, 0x0003, 0x0003, 0x0003,
    0x0003, 0x0003, 0x0004, 0x0003, 0x0024, 0x0004, 0x0003, 0x0003, 0x0003, 0x0003, 0x0003, 0x0003,
    0x0003, 0x0003, 0x0003, 0x0003, 0x0003, 0x0003, 0x0003, 0x0004, 0x0004, 0x0004, 0x0004, 0x0003,
    0x0003, 0x0004, 0x0004, 0x0004, 0x0003, 0x0004, 0x0003, 0x0003, 0x0003, 0x0003, 0x0003, 0x0003,
    0x0003, 0x0004, 0x0004, 0x0004, 0x0003, 0x0004, 0x0003, 0x0003, 0x0003, 0x0003, 0x0004, 0x0004,
    0x0004, 0x0024, 0x0004, 0x0003, 0x0003, 0x0003, 0x0003, 0x0003, 0x0003, 0x0003, 0x0003, 0x0003,
    0x0004, 0x0024, 0x0003, 0x0003, 0x0003, 0x0003, 0x0003, 0x0003, 0x0003, 0x0003, 0x0003, 0x0004,
    0x0004, 0x0003, 0x0003, 0x0003, 0x0003, 0x0003, 0x0003, 0x0003, 0x0003, 0x0003, 0x0004, 0x0004,
    0x0004, 0x0004, 0x0003, 0x0003, 0x0003, 0x0004, 0x0004, 0x0004, 0x0004, 0x0004, 0x0004, 0x0004,
    0x0004, 0x0024, 0x0004, 0x0004, 0x0003, 0x0003, 0x0004, 0x0004, 0x0003, 0x0004, 0x0004, 0x0004,
    0x0004, 0x0003, 0x0003, 0x0003, 0x0003, 0x0003, 0x0004, 0x0004, 0x0004, 0x0004, 0x0024, 0x0004,
    0x0024, 0x0004, 0x0004, 0x0004, 0x0004, 0x0004, 0x0004, 0x0004, 0x0004, 0x0004, 0x0024, 0x0024,
    0x0024, 0x0024, 0x0004, 0x0003, 0x0004, 0x0004, 0x0004, 0x0004, 0x0004, 0x0004, 0x0004, 0x0024,
    0x0003, 0x0004, 0x0004, 0x0004, 0x0004, 0x0004, 0x0004, 0x0004, 0x0024, 0x0004, 0x0003, 0x0003,
    0x0004, 0x0024, 0x0004, 0x0003, 0x0003, 0x0003, 0x0003, 0x0003, 0x0003, 0x0003, 0x0003, 0x0003,
    0x0003, 0x0003, 0x0004, 0x0003, 0x0024, 0x0024, 0x0003, 0x0004, 0x0003, 0x0003, 0x0003, 0x0003,
    0x0003, 0x0003, 0x0003, 0x0003, 0x0003, 0x0003, 0x0003, 0x0003, 0x0003, 0x0003, 0x0003, 0x0003,
    0x0003, 0x0003, 0x0003, 0x0003, 0x0003, 0x0003, 0x0003, 0x0003, 0x0003, 0x0003, 0x0003, 0x0003,
    0x0003, 0x0003, 0x0003, 0x0003, 0x0003, 0x0003, 0x0003, 0x0003, 0x0003, 0x0003, 0x0003, 0x0003,
    0x0003, 0x0003, 0x0003, 0x0003, 0x0003, 0x0003, 0x0003, 0x0003, 0x0003, 0x0003, 0x0003, 0x0003,
    0x0003, 0x0003, 0x0003, 0x0003, 0x0003, 0x0003, 0x0003, 0x0004, 0x0003, 0x0003, 0x0004, 0x0003,
    0x0003, 0x0003, 0x0003, 0x0004, 0x0004, 0x0003, 0x0003, 0x0003, 0x0003, 0x0004, 0x0004, 0x0003,
    0x0003, 0x0004, 0x0003, 0x0003, 0x0004, 0x0003, 0x0004, 0x0004, 0x0004, 0x0003, 0x0003, 0x0003,
    0x0003, 0x0003, 0x0003, 0x0004, 0x0003, 0x0003, 0x0003, 0x0003, 0x0003, 0x0003, 0x0003, 0x0003,
    0x0003, 0x0003, 0x0003, 0x0003, 0x0004, 0x0003, 0x0003, 0x0003, 0x0003, 0x0004, 0x0003, 0x0004,
    0x0003, 0x0003, 0x0003, 0x0003, 0x0003, 0x0003, 0x0003, 0x0003, 0x0003, 0x0003, 0x0003, 0x0003,
    0x0003, 0x0003, 0x0003, 0x0003, 0x0003, 0x0003, 0x0003, 0x0003, 0x0003, 0x0004, 0x0003, 0x0004,
    0x0004, 0x0004, 0x0004, 0x0003, 0x0003, 0x0003, 0x0003, 0x0003, 0x0003, 0x0003, 0x0003, 0x0004,
    0x0003, 0x0004, 0x0004, 0x0003, 0x0003, 0x0003, 0x0003, 0x0003, 0x0003, 0x0003, 0x0003, 0x0003,
    0x0003, 0x0004, 0x0024, 0x0004, 0x0004, 0x0004, 0x0004, 0x0003, 0x0003, 0x0004, 0x0004, 0x0003,
    0x0003, 0x0003, 0x0024, 0x0004, 0x0003, 0x0003, 0x0004, 0x0004, 0x0003, 0x0003, 0x0003, 0x0003,
    0x0003, 0x0003, 0x0003, 0x0003, 0x0003, 0x0003, 0x0004, 0x0004, 0x0004, 0x0004, 0x0004, 0x0003,
    0x0003, 0x0004, 0x0003, 0x0003, 0x0003, 0x0003, 0x0003, 0x0003, 0x0004, 0x0003, 0x0003, 0x0003,
    0x0003, 0x0003, 0x0003, 0x0003, 0x0003, 0x0003, 0x0004, 0x0003, 0x0003, 0x0003, 0x0003, 0x0003,
    0x0003, 0x0003, 0x0003, 0x0003, 0x0003, 0x0003, 0x0004, 0x0004, 0x0004, 0x0004, 0x0003, 0x0003,
    0x0003, 0x0003, 0x0004, 0x0024, 0x0004, 0x0003, 0x0024, 0x0003, 0x0003, 0x0003, 0x0003, 0x0004,
    0x0003, 0x0003, 0x0003, 0x0003, 0x0004, 0x0004, 0x0004, 0x0024, 0x0024, 0x0004, 0x0004, 0x0003,
    0x0003, 0x0003, 0x0024, 0x0004, 0x0024, 0x0004, 0x0004, 0x0003, 0x0004, 0x0004, 0x0004, 0x0004,
    0x0004, 0x0004, 0x0004, 0x0004, 0x0004, 0x0004, 0x0004, 0x0024, 0x0024, 0x0004, 0x0004, 0x0003,
    0x0003, 0x0003, 0x0004, 0x0004, 0x0004, 0x0004, 0x0004, 0x0024, 0x0024, 0x0004, 0x0004, 0x0003,
    0x0004, 0x0024, 0x0004, 0x0024, 0x0024, 0x0004, 0x0004, 0x0004, 0x0004, 0x0004, 0x0004, 0x0004,
    0x0003, 0x0003, 0x0003, 0x0003, 0x0003, 0x0003, 0x0003, 0x0003, 0x0003, 0x0003, 0x0003, 0x0003,
    0x0003, 0x0024, 0x0003, 0x0003, 0x0003, 0x0003, 0x0003, 0x0003, 0x0003, 0x0003, 0x0003, 0x0003,
    0x0003, 0x0003, 0x0003, 0x0003, 0x0004, 0x0003, 0x0003, 0x0003, 0x0004, 0x0003, 0x0003, 0x0003,
    0x0003, 0x0003, 0x0003, 0x0003, 0x0003, 0x0004, 0x0003, 0x0003, 0x0003, 0x0003, 0x0003, 0x0003,
    0x0003, 0x0003, 0x0003, 0x0003, 0x0003, 0x0003, 0x0003, 0x0003, 0x0003, 0x0003, 0x0003, 0x0003,
    0x0003, 0x0003, 0x0003, 0x0003, 0x0003, 0x0003, 0x0003, 0x0003, 0x0003, 0x0003, 0x0003, 0x0003,
    0x0003, 0x0003, 0x0003, 0x0003, 0x0003, 0x0003, 0x0003, 0x0004, 0x0024, 0x0004, 0x0003, 0x0003,
    0x0003, 0x0004, 0x0004, 0x0003, 0x0003, 0x0024, 0x0024, 0x0003, 0x0003, 0x0003, 0x0003, 0x0003,
    0x0003, 0x0004, 0x0004, 0x0004, 0x0004, 0x0003, 0x0003, 0x0003, 0x0003, 0x0003, 0x0003, 0x0003,
    0x0003, 0x0003, 0x0003, 0x0003, 0x0003, 0x0003, 0x0003, 0x0003, 0x0003, 0x0003, 0x0003, 0x0003,
    0x0003, 0x0003, 0x0003, 0x0023, 0x0003, 0x0003, 0x0004, 0x0004, 0x0003, 0x0003, 0x0003, 0x0003,
    0x0003, 0x0003, 0x0003, 0x0003, 0x0003, 0x0003, 0x0003, 0x0003, 0x0003, 0x0003, 0x0003, 0x0003,
    0x0023, 0x0003, 0x0003, 0x0003, 0x0003, 0x0003, 0x0004, 0x0003, 0x0004, 0x0003, 0x0003, 0x0003,
    0x0003, 0x0003, 0x0004, 0x0004, 0x0003, 0x0003, 0x0003, 0x0003, 0x0003, 0x0003, 0x0003, 0x0003,
    0x0003, 0x0003, 0x0003, 0x0003, 0x0004, 0x0003, 0x0003, 0x0003, 0x0003, 0x0004, 0x0024, 0x0004,
    0x0024, 0x0004, 0x0003, 0x0003, 0x0003, 0x0003, 0x0003, 0x0003, 0x0003, 0x0003, 0x0004, 0x0004,
    0x0004, 0x0003, 0x0004, 0x0004, 0x0003, 0x0003, 0x0003, 0x0003, 0x0003, 0x0003, 0x0003, 0x0003,
    0x0003, 0x0003, 0x0003, 0x0003, 0x0004, 0x0004, 0x0004, 0x0003, 0x0003, 0x0003, 0x0003, 0x0003,
    0x0003, 0x0003, 0x0003, 0x0003, 0x0003, 0x0004, 0x0004, 0x0003, 0x0003, 0x0003, 0x0003, 0x0003,
    0x0003, 0x0003, 0x0003, 0x0003, 0x0003, 0x0003, 0x0003, 0x0003, 0x0003, 0x0003, 0x0003, 0x0003,
    0x0003, 0x0003, 0x0004, 0x0004, 0x0004, 0x0004, 0x0003, 0x0003, 0x0003, 0x0003, 0x0003, 0x0024,
    0x0003, 0x0003, 0x0003, 0x0003, 0x0004, 0x0024, 0x0003, 0x0003, 0x0003, 0x0004, 0x0003, 0x0003,
    0x0004, 0x0004, 0x0004, 0x0003, 0x0003, 0x0004, 0x0004, 0x0003, 0x0003, 0x0004, 0x0024, 0x0004,
    0x0004, 0x0004, 0x0004, 0x0004, 0x0004, 0x0004, 0x0004, 0x0004, 0x0024, 0x0004, 0x0004, 0x0024,
    0x0024, 0x0004, 0x0004, 0x0004, 0x0024, 0x0003, 0x0003, 0x0003, 0x0003, 0x0003, 0x0004, 0x0004,
    0x0024, 0x0004, 0x0004, 0x0004, 0x0024, 0x0004, 0x0004, 0x0004, 0x0024, 0x0004, 0x0004, 0x0024,
    0x0004, 0x0003, 0x0004, 0x0004, 0x0004, 0x0004, 0x0003, 0x0003, 0x0003, 0x0003, 0x0003, 0x0003,
    0x0003, 0x0003, 0x0003, 0x0003, 0x0003, 0x0003, 0x0003, 0x0003, 0x0003, 0x0003, 0x0003, 0x0004,
    0x0003, 0x0003, 0x0004, 0x0004, 0x0003, 0x0004, 0x0003, 0x0003, 0x0003, 0x0003, 0x0003, 0x0003,
    0x0003, 0x0003, 0x0003, 0x0004, 0x0003, 0x0004, 0x0003, 0x0003, 0x0003, 0x0003, 0x0003, 0x0003,
    0x0003, 0x0004, 0x0003, 0x0003, 0x0003, 0x0003, 0x0003, 0x0003, 0x0003, 0x0003, 0x0003, 0x0003,
    0x0003, 0x0003, 0x0024, 0x0004, 0x0003, 0x0023, 0x0003, 0x0003, 0x0003, 0x0003, 0x0003, 0x0003,
    0x0003, 0x0003, 0x0003, 0x0003, 0x0003, 0x0003, 0x0003, 0x0003, 0x0003, 0x0003, 0x0003, 0x0003,
    0x0003, 0x0003, 0x0003, 0x0003, 0x0003, 0x0004, 0x0003, 0x0004, 0x0003, 0x0003, 0x0004, 0x0003,
    0x0003, 0x0003, 0x0024, 0x0003, 0x0004, 0x0003, 0x0003, 0x0003, 0x0003, 0x0003, 0x0003, 0x0004,
    0x0004, 0x0003, 0x0003, 0x0003, 0x0003, 0x0023, 0x0004, 0x0004, 0x0024, 0x0003, 0x0024, 0x0004,
    0x0004, 0x0003, 0x0024, 0x0024, 0x0004, 0x0003, 0x0003, 0x0004, 0x0004, 0x0024, 0x0003, 0x0003,
    0x0004, 0x0004, 0x0004, 0x0004, 0x0004, 0x0004, 0x0003, 0x0003, 0x0003, 0x0003, 0x0003, 0x0003,
    0x0003, 0x0003, 0x0003, 0x0003, 0x0003, 0x0003, 0x0003, 0x0003, 0x0003, 0x0003, 0x0004, 0x0004,
    0x0003, 0x0003, 0x0004, 0x0004, 0x0003, 0x0004, 0x0003, 0x0003, 0x0003, 0x0004, 0x0004, 0x0004,
    0x0003, 0x0003, 0x0003, 0x0023, 0x0003, 0x0003, 0x0003, 0x0003, 0x0003, 0x0003, 0x0003, 0x0003,
    0x0004, 0x0003, 0x0003, 0x0003, 0x0004, 0x0004, 0x0004, 0x0004, 0x0004, 0x0003, 0x0003, 0x0003,
    0x0003, 0x0004, 0x0004, 0x0003, 0x0003, 0x0003, 0x0003, 0x0004, 0x0004, 0x0004, 0x0003, 0x0004,
    0x0004, 0x0004, 0x0004, 0x0003, 0x0024, 0x0003, 0x0003, 0x0003, 0x0003, 0x0003, 0x0003, 0x0003,
    0x0023, 0x0024, 0x0003, 0x0024, 0x0024, 0x0003, 0x0003, 0x0003, 0x0004, 0x0003, 0x0003, 0x0003,
    0x0003, 0x0024, 0x0003, 0x0003, 0x0003, 0x0003, 0x0003, 0x0003, 0x0003, 0x0003, 0x0003, 0x0003,
    0x0003, 0x0003, 0x0003, 0x0003, 0x0003, 0x0003, 0x0003, 0x0003, 0x0003, 0x0003, 0x0003, 0x0003,
    0x0003, 0x0004, 0x0003, 0x0003, 0x0003, 0x0004, 0x0004, 0x0003, 0x0003, 0x0003, 0x0023, 0x0003,
    0x0003, 0x0003, 0x0003, 0x0003, 0x0003, 0x0003, 0x0003, 0x0003, 0x0003, 0x0003, 0x0024, 0x0004,
    0x0003, 0x0004, 0x0003, 0x0003, 0x0003, 0x0004, 0x0024, 0x0024, 0x0004, 0x0004, 0x0004, 0x0024,
    0x0024, 0x0004, 0x0024, 0x0004, 0x0003, 0x0004, 0x0004, 0x0024, 0x0024, 0x0004, 0x0004, 0x0004,
    0x0024, 0x0004, 0x0003, 0x0003, 0x0003, 0x0003, 0x0004, 0x0024, 0x0024, 0x0004, 0x0024, 0x0004,
    0x0004, 0x0004, 0x0004, 0x0024, 0x0024, 0x0004, 0x0004, 0x0004, 0x0003, 0x0003, 0x0003, 0x0004,
    0x0004, 0x0024, 0x0004, 0x0003, 0x0003, 0x0003, 0x0003, 0x0003, 0x0003, 0x0003, 0x0003, 0x0003,
    0x0003, 0x0003, 0x0003, 0x0003, 0x0003, 0x0004, 0x0003, 0x0003, 0x0003, 0x0004, 0x0003, 0x0004,
    0x0004, 0x0004, 0x0003, 0x0003, 0x0003, 0x0003, 0x0003, 0x0003, 0x0003, 0x0003, 0x0003, 0x0003,
    0x0003, 0x0003, 0x0003, 0x0003, 0x0003, 0x0003, 0x0003, 0x0003, 0x0003, 0x0003, 0x0003, 0x0003,
    0x0003, 0x0003, 0x0003, 0x0003, 0x0003, 0x0003, 0x0003, 0x0003, 0x0003, 0x0003, 0x0003, 0x0003,
    0x0003, 0x0004, 0x0003, 0x0003, 0x0003, 0x0003, 0x0004, 0x0003, 0x0003, 0x0003, 0x0003, 0x0003,
    0x0003, 0x0003, 0x0003, 0x0003, 0x0003, 0x0003, 0x0003, 0x0003, 0x0003, 0x0003, 0x0003, 0x0003,
    0x0003, 0x0003, 0x0003, 0x0003, 0x0003, 0x0003, 0x0003, 0x0004, 0x0004, 0x0003, 0x0003, 0x0003,
    0x0003, 0x0003, 0x0003, 0x0003, 0x0004, 0x0003, 0x0003, 0x0003, 0x0004, 0x0003, 0x0003, 0x0003,
    0x0003, 0x0003, 0x0003, 0x0003, 0x0004, 0x0004, 0x0024, 0x0004, 0x0004, 0x0004, 0x0004, 0x0004,
    0x0004, 0x0003, 0x0004, 0x0003, 0x0003, 0x0003, 0x0004, 0x0003, 0x0004, 0x0004, 0x0004, 0x0004,
    0x0004, 0x0004, 0x0003, 0x0003, 0x0003, 0x0003, 0x0003, 0x0003, 0x0003, 0x0023, 0x0003, 0x0003,
    0x0003, 0x0003, 0x0003, 0x0023, 0x0004, 0x0004, 0x0004, 0x0004, 0x0003, 0x0004, 0x0024, 0x0004,
    0x0003, 0x0004, 0x0003, 0x0003, 0x0003, 0x0004, 0x0004, 0x0004, 0x0024, 0x0004, 0x0004, 0x0003,
    0x0003, 0x0003, 0x0003, 0x0004, 0x0023, 0x0003, 0x0004, 0x0004, 0x0004, 0x0004, 0x0004, 0x0004,
    0x0004, 0x0004, 0x0004, 0x0003, 0x0003, 0x0004, 0x0003, 0x0004, 0x0003, 0x0004, 0x0004, 0x0003,
    0x0003, 0x0024, 0x0003, 0x0004, 0x0004, 0x0003, 0x0004, 0x0004, 0x0004, 0x0004, 0x0003, 0x0004,
    0x0004, 0x0004, 0x0003, 0x0003, 0x0003, 0x0004, 0x0003, 0x0003, 0x0004, 0x0004, 0x0003, 0x0003,
    0x0003, 0x0023, 0x0003, 0x0003, 0x0003, 0x0003, 0x0004, 0x0003, 0x0003, 0x0003, 0x0003, 0x0003,
    0x0003, 0x0003, 0x0003, 0x0003, 0x0003, 0x0003, 0x0003, 0x0003, 0x0003, 0x0003, 0x0003, 0x0003,
    0x0003, 0x0003, 0x0003, 0x0003, 0x0003, 0x0003, 0x0003, 0x0003, 0x0024, 0x0004, 0x0003, 0x0003,
    0x0003, 0x0003, 0x0004, 0x0004, 0x0004, 0x0004, 0x0024, 0x0003, 0x0003, 0x0003, 0x0003, 0x0003,
    0x0003, 0x0003, 0x0003, 0x0024, 0x0004, 0x0004, 0x0004, 0x0004, 0x0003, 0x0004, 0x0004, 0x0024,
    0x0003, 0x0004, 0x0024, 0x0024, 0x0024, 0x0024, 0x0004, 0x0024, 0x0004, 0x0004, 0x0024, 0x0004,
    0x0003, 0x0024, 0x0004, 0x0004, 0x0024, 0x0004, 0x0004, 0x0004, 0x0004, 0x0004, 0x0003, 0x0004,
    0x0004, 0x0004, 0x0024, 0x0024, 0x0004, 0x0004, 0x0024, 0x0004, 0x0024, 0x0004, 0x0004, 0x0024,
    0x0004, 0x0024, 0x0004, 0x0003, 0x0003, 0x0003, 0x0003, 0x0024, 0x0003, 0x0003, 0x0003, 0x0003,
    0x0003, 0x0003, 0x0003, 0x0003, 0x0003, 0x0003, 0x0003, 0x0003, 0x0003, 0x0003, 0x0003, 0x0003,
    0x0003, 0x0003, 0x0003, 0x0003, 0x0004, 0x0004, 0x0004, 0x0004, 0x0004, 0x0024, 0x0004, 0x0003,
    0x0003, 0x0024, 0x0003, 0x0023, 0x0003, 0x0003, 0x0003, 0x0003, 0x0003, 0x0003, 0x0003, 0x0003,
    0x0003, 0x0003, 0x0003, 0x0003, 0x0003, 0x0003, 0x0003, 0x0003, 0x0003, 0x0003, 0x0003, 0x0003,
    0x0003, 0x0003, 0x0003, 0x0003, 0x0004, 0x0004, 0x0003, 0x0003, 0x0003, 0x0003, 0x0003, 0x0003,
    0x0003, 0x0003, 0x0003, 0x0003, 0x0003, 0x0003, 0x0003, 0x0003, 0x0003, 0x0003, 0x0003, 0x0003,
    0x0003, 0x0003, 0x0003, 0x0003, 0x0003, 0x0003, 0x0003, 0x0003, 0x0003, 0x0003, 0x0003, 0x0004,
    0x0003, 0x0003, 0x0003, 0x0003, 0x0004, 0x0003, 0x0003, 0x0003, 0x0003, 0x0003, 0x0003, 0x0003,
    0x0003, 0x0003, 0x0003, 0x0003, 0x0003, 0x0003, 0x0003, 0x0003, 0x0003, 0x0003, 0x0004, 0x0004,
    0x0004, 0x0004, 0x0004, 0x0004, 0x0004, 0x0024, 0x0003, 0x0003, 0x0003, 0x0003, 0x0024, 0x0003,
    0x0003, 0x0003, 0x0004, 0x0024, 0x0024, 0x0004, 0x0004, 0x0004, 0x0004, 0x0004, 0x0004, 0x0003,
    0x0003, 0x0003, 0x0003, 0x0003, 0x0003, 0x0003, 0x0003, 0x0003, 0x0003, 0x0003, 0x0003, 0x0024,
    0x0004, 0x0004, 0x0004, 0x0003, 0x0004, 0x0004, 0x0004, 0x0004, 0x0004, 0x0024, 0x0003, 0x0003,
    0x0004, 0x0003, 0x0004, 0x0024, 0x0024, 0x0004, 0x0004, 0x0003, 0x0003, 0x0003, 0x0003, 0x0003,
    0x0023, 0x0024, 0x0004, 0x0004, 0x0004, 0x0004, 0x0004, 0x0024, 0x0004, 0x0004, 0x0004, 0x0004,
    0x0004, 0x0004, 0x0004, 0x0003, 0x0003, 0x0003, 0x0003, 0x0003, 0x0004, 0x0004, 0x0004, 0x0004,
    0x0024, 0x0004, 0x0004, 0x0004, 0x0004, 0x0004, 0x0003, 0x0004, 0x0004, 0x0004, 0x0003, 0x0003,
    0x0004, 0x0004, 0x0003, 0x0004, 0x0004, 0x0003, 0x0003, 0x0024, 0x0023, 0x0003, 0x0024, 0x0003,
    0x0003, 0x0003, 0x0003, 0x0004, 0x0003, 0x0003, 0x0003, 0x0003, 0x0003, 0x0003, 0x0003, 0x0003,
    0x0003, 0x0003, 0x0003, 0x0003, 0x0003, 0x0003, 0x0003, 0x0003, 0x0003, 0x0024, 0x0004, 0x0003,
    0x0003, 0x0003, 0x0003, 0x0003, 0x0003, 0x0003, 0x0003, 0x0003, 0x0004, 0x0004, 0x0004, 0x0004,
    0x0004, 0x0024, 0x0003, 0x0003, 0x0003, 0x0003, 0x0003, 0x0003, 0x0003, 0x0003, 0x0003, 0x0003,
    0x0003, 0x0004, 0x0004, 0x0004, 0x0004, 0x0003, 0x0004, 0x0024, 0x0004, 0x0004, 0x0003, 0x0004,
    0x0024, 0x0004, 0x0003, 0x0024, 0x0024, 0x0004, 0x0004, 0x0004, 0x0024, 0x0004, 0x0024, 0x0024,
    0x0004, 0x0024, 0x0004, 0x0004, 0x0004, 0x0003, 0x0003, 0x0024, 0x0003, 0x0004, 0x0004, 0x0004,
    0x0024, 0x0004, 0x0004, 0x0004, 0x0024, 0x0004, 0x0024, 0x0024, 0x0024, 0x0004, 0x0003, 0x0003,
    0x0003, 0x0003, 0x0003, 0x0003, 0x0003, 0x0003, 0x0003, 0x0003, 0x0003, 0x0003, 0x0003, 0x0003,
    0x0004, 0x0004, 0x0004, 0x0004, 0x0003, 0x0003, 0x0003, 0x0003, 0x0003, 0x0003, 0x0003, 0x0003,
    0x0003, 0x0003, 0x0003, 0x0004, 0x0004, 0x0004, 0x0003, 0x0003, 0x0004, 0x0024, 0x0004, 0x0004,
    0x0003, 0x0003, 0x0004, 0x0004, 0x0003, 0x0003, 0x0004, 0x0003, 0x0003, 0x0003, 0x0003, 0x0003,
    0x0004, 0x0003, 0x0003, 0x0003, 0x0003, 0x0003, 0x0003, 0x0003, 0x0003, 0x0003, 0x0003, 0x0003,
    0x0003, 0x0003, 0x0003, 0x0003, 0x0003, 0x0003, 0x0003, 0x0003, 0x0003, 0x0003, 0x0003, 0x0003,
    0x0003, 0x0023, 0x0003, 0x0003, 0x0003, 0x0003, 0x0003, 0x0003, 0x0003, 0x0003, 0x0003, 0x0003,
    0x0003, 0x0003, 0x0003, 0x0003, 0x0003, 0x0003, 0x0004, 0x0003, 0x0004, 0x0003, 0x0004, 0x0003,
    0x0003, 0x0003, 0x0003, 0x0004, 0x0004, 0x0003, 0x0003, 0x0003, 0x0003, 0x0003, 0x0003, 0x0003,
    0x0003, 0x0003, 0x0003, 0x0003, 0x0004, 0x0003, 0x0004, 0x0024, 0x0004, 0x0024, 0x0004, 0x0004,
    0x0004, 0x0003, 0x0003, 0x0003, 0x0003, 0x0003, 0x0003, 0x0003, 0x0003, 0x0003, 0x0003, 0x0003,
    0x0004, 0x0004, 0x0003, 0x0003, 0x0023, 0x0024, 0x0024, 0x0003, 0x0003, 0x0003, 0x0003, 0x0003,
    0x0003, 0x0003, 0x0003, 0x0003, 0x0024, 0x0004, 0x0003, 0x0003, 0x0003, 0x0003, 0x0003, 0x0004,
    0x0004, 0x0024, 0x0004, 0x0004, 0x0004, 0x0004, 0x0003, 0x0004, 0x0003, 0x0003, 0x0004, 0x0004,
    0x0024, 0x0004, 0x0004, 0x0024, 0x0003, 0x0003, 0x0003, 0x0003, 0x0024, 0x0004, 0x0004, 0x0004,
    0x0024, 0x0004, 0x0004, 0x0004, 0x0004, 0x0004, 0x0004, 0x0004, 0x0024, 0x0003, 0x0003, 0x0003,
    0x0004, 0x0004, 0x0003, 0x0004, 0x0003, 0x0004, 0x0004, 0x0004, 0x0024, 0x0004, 0x0004, 0x0004,
    0x0024, 0x0004, 0x0003, 0x0004, 0x0004, 0x0024, 0x0024, 0x0024, 0x0004, 0x0003, 0x0003, 0x0004,
    0x0004, 0x0003, 0x0003, 0x0003, 0x0023, 0x0004, 0x0004, 0x0003, 0x0003, 0x0003, 0x0003, 0x0003,
    0x0004, 0x0003, 0x0003, 0x0003, 0x0023, 0x0003, 0x0004, 0x0003, 0x0003, 0x0003, 0x0003, 0x0003,
    0x0003, 0x0003, 0x0003, 0x0004, 0x0003, 0x0003, 0x0003, 0x0003, 0x0003, 0x0003, 0x0003, 0x0003,
    0x0003, 0x0003, 0x0003, 0x0003, 0x0004, 0x0004, 0x0004, 0x0024, 0x0004, 0x0003, 0x0003, 0x0004,
    0x0004, 0x0003, 0x0003, 0x0003, 0x0023, 0x0003, 0x0003, 0x0003, 0x0003, 0x0004, 0x0003, 0x0004,
    0x0003, 0x0003, 0x0003, 0x0003, 0x0004, 0x0003, 0x0024, 0x0004, 0x0024, 0x0024, 0x0004, 0x0004,
    0x0004, 0x0004, 0x0004, 0x0004, 0x0024, 0x0024, 0x0004, 0x0004, 0x0024, 0x0024, 0x0004, 0x0024,
    0x0024, 0x0004, 0x0004, 0x0024, 0x0004, 0x0004, 0x0024, 0x0004, 0x0024, 0x0024, 0x0004, 0x0004,
    0x0004, 0x0024, 0x0024, 0x0024, 0x0004, 0x0004, 0x0004, 0x0004, 0x0004, 0x0004, 0x0023, 0x0023,
    0x0003, 0x0004, 0x0003, 0x0003, 0x0003, 0x0003, 0x0003, 0x0003, 0x0004, 0x0004, 0x0003, 0x0004,
    0x0003, 0x0003, 0x0003, 0x0003, 0x0003, 0x0003, 0x0003, 0x0003, 0x0003, 0x0004, 0x0004, 0x0004,
    0x0004, 0x0004, 0x0003, 0x0004, 0x0003, 0x0004, 0x0004, 0x0003, 0x0003, 0x0004, 0x0003, 0x0003,
    0x0003, 0x0003, 0x0004, 0x0004, 0x0003, 0x0003, 0x0003, 0x0004, 0x0004, 0x0003, 0x0003, 0x0003,
    0x0003, 0x0003, 0x0003, 0x0003, 0x0003, 0x0003, 0x0003, 0x0003, 0x0003, 0x0004, 0x0003, 0x0003,
    0x0003, 0x0004, 0x0003, 0x0003, 0x0004, 0x0003, 0x0003, 0x0004, 0x0003, 0x0004, 0x0003, 0x0004,
    0x0003, 0x0003, 0x0003, 0x0003, 0x0003, 0x0003, 0x0003, 0x0003, 0x0003, 0x0003, 0x0003, 0x0003,
    0x0003, 0x0003, 0x0003, 0x0003, 0x0003, 0x0003, 0x0004, 0x0003, 0x0003, 0x0004, 0x0004, 0x0003,
    0x0003, 0x0003, 0x0003, 0x0003, 0x0003, 0x0003, 0x0003, 0x0003, 0x0003, 0x0003, 0x0003, 0x0004,
    0x0004, 0x0024, 0x0024, 0x0004, 0x0004, 0x0024, 0x0024, 0x0004, 0x0004, 0x0004, 0x0004, 0x0003,
    0x0003, 0x0003, 0x0003, 0x0003, 0x0004, 0x0004, 0x0004, 0x0004, 0x0004, 0x0004, 0x0004, 0x0004,
    0x0024, 0x0004, 0x0003, 0x0003, 0x0003, 0x0003, 0x0004, 0x0003, 0x0003, 0x0023, 0x0003, 0x0003,
    0x0003, 0x0004, 0x0004, 0x0003, 0x0003, 0x0003, 0x0003, 0x0023, 0x0004, 0x0004, 0x0004, 0x0004,
    0x0004, 0x0004, 0x0003, 0x0003, 0x0004, 0x0024, 0x0003, 0x0004, 0x0004, 0x0004, 0x0024, 0x0004,
    0x0003, 0x0003, 0x0003, 0x0003, 0x0004, 0x0004, 0x0024, 0x0004, 0x0004, 0x0004, 0x0004, 0x0004,
    0x0004, 0x0004, 0x0024, 0x0004, 0x0004, 0x0004, 0x0003, 0x0004, 0x0004, 0x0024, 0x0004, 0x0004,
    0x0004, 0x0004, 0x0004, 0x0003, 0x0024, 0x0003, 0x0004, 0x0004, 0x0004, 0x0004, 0x0003, 0x0004,
    0x0004, 0x0024, 0x0024, 0x0024, 0x0004, 0x0004, 0x0024, 0x0004, 0x0003, 0x0003, 0x0003, 0x0003,
    0x0003, 0x0003, 0x0004, 0x0003, 0x0003, 0x0003, 0x0003, 0x0003, 0x0004, 0x0003, 0x0024, 0x0004,
    0x0004, 0x0004, 0x0004, 0x0003, 0x0003, 0x0003, 0x0003, 0x0003, 0x0004, 0x0003, 0x0024, 0x0003,
    0x0004, 0x0004, 0x0004, 0x0003, 0x0003, 0x0003, 0x0003, 0x0003, 0x0003, 0x0004, 0x0003, 0x0004,
    0x0024, 0x0024, 0x0004, 0x0024, 0x0024, 0x0004, 0x0024, 0x0004, 0x0004, 0x0003, 0x0003, 0x0023,
    0x0003, 0x0003, 0x0003, 0x0003, 0x0004, 0x0004, 0x0004, 0x0003, 0x0003, 0x0004, 0x0004, 0x0003,
    0x0003, 0x0004, 0x0004, 0x0024, 0x0004, 0x0003, 0x0004, 0x0004, 0x0004, 0x0004, 0x0024, 0x0024,
    0x0024, 0x0003, 0x0004, 0x0024, 0x0024, 0x0004, 0x0024, 0x0024, 0x0024, 0x0004, 0x0024, 0x0004,
    0x0003, 0x0003, 0x0024, 0x0024, 0x0024, 0x0024, 0x0004, 0x0003, 0x0024, 0x0004, 0x0024, 0x0024,
    0x0004, 0x0004, 0x0004, 0x0004, 0x0004, 0x0004, 0x0003, 0x0003, 0x0003, 0x0003, 0x0003, 0x0003,
    0x0003, 0x0003, 0x0003, 0x0003, 0x0003, 0x0003, 0x0004, 0x0004, 0x0004, 0x0003, 0x0003, 0x0003,
    0x0003, 0x0003, 0x0003, 0x0003, 0x0004, 0x0004, 0x0004, 0x0004, 0x0004, 0x0004, 0x0004, 0x0004,
    0x0004, 0x0003, 0x0004, 0x0003, 0x0003, 0x0004, 0x0003, 0x0003, 0x0003, 0x0003, 0x0003, 0x0003,
    0x0003, 0x0003, 0x0003, 0x0003, 0x0004, 0x0004, 0x0003, 0x0003, 0x0003, 0x0003, 0x0003, 0x0003,
    0x0003, 0x0003, 0x0003, 0x0003, 0x0003, 0x0004, 0x0003, 0x0003, 0x0003, 0x0003, 0x0003, 0x0003,
    0x0004, 0x0004, 0x0003, 0x0004, 0x0003, 0x0003, 0x0003, 0x0003, 0x0003, 0x0003, 0x0003, 0x0003,
    0x0003, 0x0004, 0x0003, 0x0003, 0x0004, 0x0004, 0x0003, 0x0003, 0x0003, 0x0003, 0x0003, 0x0003,
    0x0003, 0x0003, 0x0003, 0x0003, 0x0004, 0x0004, 0x0003, 0x0004, 0x0004, 0x0003, 0x0003, 0x0003,
    0x0003, 0x0003, 0x0003, 0x0003, 0x0003, 0x0003, 0x0003, 0x0004, 0x0004, 0x0003, 0x0004, 0x0004,
    0x0004, 0x0004, 0x0004, 0x0004, 0x0004, 0x0003, 0x0003, 0x0003, 0x0003, 0x0003, 0x0003, 0x0004,
    0x0003, 0x0003, 0x0003, 0x0003, 0x0004, 0x0003, 0x0004, 0x0004, 0x0024, 0x0004, 0x0003, 0x0003,
    0x0003, 0x0003, 0x0004, 0x0003, 0x0023, 0x0003, 0x0003, 0x0003, 0x0004, 0x0023, 0x0024, 0x0004,
    0x0003, 0x0004, 0x0003, 0x0003, 0x0003, 0x0024, 0x0024, 0x0004, 0x0004, 0x0004, 0x0003, 0x0003,
    0x0023, 0x0003, 0x0003, 0x0004, 0x0004, 0x0004, 0x0004, 0x0004, 0x0003, 0x0003, 0x0003, 0x0004,
    0x0004, 0x0004, 0x0004, 0x0004, 0x0004, 0x0004, 0x0004, 0x0004, 0x0004, 0x0004, 0x0004, 0x0003,
    0x0003, 0x0004, 0x0004, 0x0004, 0x0004, 0x0024, 0x0004, 0x0024, 0x0004, 0x0004, 0x0004, 0x0024,
    0x0024, 0x0004, 0x0004, 0x0004, 0x0004, 0x0004, 0x0003, 0x0004, 0x0024, 0x0024, 0x0024, 0x0004,
    0x0004, 0x0004, 0x0004, 0x0003, 0x0003, 0x0023, 0x0003, 0x0003, 0x0003, 0x0003, 0x0003, 0x0003,
    0x0003, 0x0003, 0x0003, 0x0003, 0x0003, 0x0004, 0x0024, 0x0004, 0x0004, 0x0024, 0x0004, 0x0024,
    0x0024, 0x0004, 0x0004, 0x0024, 0x0004, 0x0004, 0x0024, 0x0024, 0x0024, 0x0024, 0x0024, 0x0024,
    0x0024, 0x0024, 0x0024, 0x0024, 0x0004, 0x0004, 0x0024, 0x0024, 0x0004, 0x0024, 0x0024, 0x0024,
    0x0004, 0x0003, 0x0004, 0x0004, 0x0024, 0x0004, 0x0023, 0x0003, 0x0003, 0x0023, 0x0003, 0x0003,
    0x0004, 0x0004, 0x0004, 0x0024, 0x0004, 0x0004, 0x0004, 0x0003, 0x0003, 0x0024, 0x0003, 0x0004,
    0x0024, 0x0024, 0x0004, 0x0004, 0x0004, 0x0004, 0x0004, 0x0003, 0x0004, 0x0024, 0x0024, 0x0004,
    0x0004, 0x0024, 0x0004, 0x0024, 0x0004, 0x0004, 0x0004, 0x0024, 0x0024, 0x0004, 0x0024, 0x0004,
    0x0024, 0x0024, 0x0024, 0x0004, 0x0024, 0x0024, 0x0004, 0x0003, 0x0003, 0x0004, 0x0004, 0x0004,
    0x0004, 0x0004, 0x0004, 0x0003, 0x0003, 0x0003, 0x0024, 0x0003, 0x0003, 0x0003, 0x0003, 0x0003,
    0x0003, 0x0003, 0x0003, 0x0003, 0x0004, 0x0003, 0x0003, 0x0003, 0x0003, 0x0003, 0x0003, 0x0003,
    0x0003, 0x0003, 0x0004, 0x0004, 0x0004, 0x0004, 0x0004, 0x0004, 0x0003, 0x0004, 0x0003, 0x0003,
    0x0003, 0x0003, 0x0003, 0x0003, 0x0003, 0x0003, 0x0003, 0x0003, 0x0004, 0x0003, 0x0003, 0x0003,
    0x0003, 0x0004, 0x0003, 0x0003, 0x0003, 0x0003, 0x0003, 0x0003, 0x0003, 0x0003, 0x0004, 0x0003,
    0x0003, 0x0003, 0x0003, 0x0003, 0x0003, 0x0003, 0x0004, 0x0003, 0x0004, 0x0003, 0x0003, 0x0003,
    0x0003, 0x0003, 0x0003, 0x0003, 0x0003, 0x0003, 0x0003, 0x0004, 0x0003, 0x0004, 0x0003, 0x0004,
    0x0003, 0x0003, 0x0004, 0x0003, 0x0003, 0x0003, 0x0003, 0x0003, 0x0003, 0x0004, 0x0004, 0x0003,
    0x0003, 0x0003, 0x0004, 0x0003, 0x0003, 0x0003, 0x0003, 0x0003, 0x0003, 0x0003, 0x0003, 0x0003,
    0x0003, 0x0004, 0x0003, 0x0003, 0x0003, 0x0004, 0x0004, 0x0004, 0x0004, 0x0003, 0x0004, 0x0004,
    0x0004, 0x0024, 0x0024, 0x0004, 0x0004, 0x0003, 0x0003, 0x0004, 0x0004, 0x0003, 0x0003, 0x0004,
    0x0003, 0x0003, 0x0004, 0x0024, 0x0004, 0x0004, 0x0004, 0x0004, 0x0003, 0x0003, 0x0004, 0x0003,
    0x0003, 0x0003, 0x0003, 0x0003, 0x0003, 0x0003, 0x0004, 0x0003, 0x0003, 0x0003, 0x0004, 0x0003,
    0x0004, 0x0004, 0x0004, 0x0004, 0x0004, 0x0003, 0x0003, 0x0003, 0x0003, 0x0003, 0x0004, 0x0004,
    0x0004, 0x0004, 0x0004, 0x0024, 0x0004, 0x0004, 0x0003, 0x0004, 0x0004, 0x0004, 0x0004, 0x0004,
    0x0004, 0x0004, 0x0004, 0x0004, 0x0004, 0x0004, 0x0024, 0x0004, 0x0004, 0x0024, 0x0004, 0x0004,
    0x0004, 0x0004, 0x0004, 0x0004, 0x0004, 0x0004, 0x0004, 0x0004, 0x0004, 0x0004, 0x0004, 0x0004,
    0x0004, 0x0004, 0x0004, 0x0004, 0x0004, 0x0024, 0x0024, 0x0004, 0x0004, 0x0004, 0x0003, 0x0003,
    0x0003, 0x0003, 0x0003, 0x0003, 0x0003, 0x0003, 0x0003, 0x0004, 0x0004, 0x0003, 0x0003, 0x0003,
    0x0004, 0x0024, 0x0024, 0x0024, 0x0003, 0x0003, 0x0003, 0x0003, 0x0003, 0x0003, 0x0003, 0x0003,
    0x0003, 0x0003, 0x0003, 0x0003, 0x0003, 0x0003, 0x0003, 0x0003, 0x0003, 0x0003, 0x0003, 0x0003,
    0x0003, 0x0003, 0x0003, 0x0003, 0x0004, 0x0024, 0x0024, 0x0024, 0x0004, 0x0004, 0x0004, 0x0004,
    0x0004, 0x0004, 0x0004, 0x0003, 0x0003, 0x0024, 0x0024, 0x0004, 0x0003, 0x0003, 0x0004, 0x0004,
    0x0003, 0x0003, 0x0003, 0x0003, 0x0003, 0x0003, 0x0003, 0x0004, 0x0004, 0x0004, 0x0004, 0x0024,
    0x0024, 0x0004, 0x0024, 0x0003, 0x0004, 0x0024, 0x0004, 0x0004, 0x0024, 0x0024, 0x0024, 0x0024,
    0x0024, 0x0004, 0x0004, 0x0004, 0x0023, 0x0004, 0x0004, 0x0004, 0x0004, 0x0004, 0x0004, 0x0004,
    0x0004, 0x0004, 0x0004, 0x0004, 0x0003, 0x0003, 0x0004, 0x0003, 0x0004, 0x0004, 0x0003, 0x0003,
    0x0003, 0x0003, 0x0004, 0x0003, 0x0004, 0x0003, 0x0003, 0x0003, 0x0003, 0x0003, 0x0003, 0x0003,
    0x0003, 0x0004, 0x0003, 0x0003, 0x0003, 0x0003, 0x0003, 0x0003, 0x0003, 0x0004, 0x0003, 0x0004,
    0x0004, 0x0004, 0x0003, 0x0003, 0x0003, 0x0003, 0x0003, 0x0003, 0x0003, 0x0003, 0x0003, 0x0003,
    0x0003, 0x0003, 0x0003, 0x0003, 0x0004, 0x0003, 0x0004, 0x0004, 0x0004, 0x0004, 0x0003, 0x0003,
    0x0003, 0x0003, 0x0003, 0x0003, 0x0003, 0x0003, 0x0004, 0x0004, 0x0003, 0x0003, 0x0004, 0x0004,
    0x0004, 0x0004, 0x0004, 0x0004, 0x0004, 0x0003, 0x0003, 0x0003, 0x0003, 0x0003, 0x0003, 0x0003,
    0x0003, 0x0003, 0x0004, 0x0004, 0x0003, 0x0004, 0x0004, 0x0004, 0x0004, 0x0003, 0x0003, 0x0003,
    0x0003, 0x0003, 0x0003, 0x0003, 0x0004, 0x0003, 0x0004, 0x0024, 0x0003, 0x0003, 0x0003, 0x0003,
    0x0003, 0x0003, 0x0003, 0x0003, 0x0003, 0x0003, 0x0003, 0x0004, 0x0004, 0x0003, 0x0003, 0x0004,
    0x0004, 0x0004, 0x0004, 0x0024, 0x0003, 0x0003, 0x0003, 0x0003, 0x0004, 0x0004, 0x0024, 0x0003,
    0x0003, 0x0024, 0x0024, 0x0004, 0x0003, 0x0003, 0x0003, 0x0003, 0x0003, 0x0003, 0x0024, 0x0024,
    0x0024, 0x0004, 0x0004, 0x0023, 0x0003, 0x0003, 0x0003, 0x0003, 0x0003, 0x0003, 0x0024, 0x0003,
    0x0003, 0x0024, 0x0004, 0x0003, 0x0004, 0x0003, 0x0024, 0x0004, 0x0004, 0x0004, 0x0004, 0x0004,
    0x0003, 0x0003, 0x0003, 0x0003, 0x0003, 0x0003, 0x0003, 0x0003, 0x0004, 0x0004, 0x0024, 0x0004,
    0x0003, 0x0004, 0x0003, 0x0003, 0x0004, 0x0004, 0x0004, 0x0004, 0x0004, 0x0004, 0x0004, 0x0024,
    0x0004, 0x0004, 0x0004, 0x0004, 0x0004, 0x0004, 0x0004, 0x0003, 0x0024, 0x0024, 0x0024, 0x0024,
    0x0004, 0x0004, 0x0004, 0x0004, 0x0024, 0x0004, 0x0004, 0x0004, 0x0024, 0x0004, 0x0004, 0x0024,
    0x0004, 0x0004, 0x0024, 0x0004, 0x0004, 0x0024, 0x0004, 0x0024, 0x0024, 0x0003, 0x0023, 0x0003,
    0x0003, 0x0023, 0x0003, 0x0003, 0x0003, 0x0023, 0x0004, 0x0004, 0x0024, 0x0003, 0x0003, 0x0003,
    0x1087, 0x18A7, 0x18A7, 0x18A7, 0x18A7, 0x18A7, 0x18A7, 0x1086, 0x10A7, 0x18A7, 0x18A7, 0x18A7,
    0x18A7, 0x18A7, 0x18A7, 0x18A7, 0x18A7, 0x18A7, 0x18A7, 0x18A7, 0x18A7, 0x18C7, 0x18C7, 0x10A7,
    0x0024, 0x0003, 0x0003, 0x0003, 0x0024, 0x0024, 0x0004, 0x0003, 0x0003, 0x0003, 0x0003, 0x0003,
    0x0004, 0x0003, 0x0003, 0x0004, 0x0004, 0x0004, 0x0004, 0x0004, 0x0004, 0x0003, 0x0003, 0x0003,
    0x0003, 0x0003, 0x0003, 0x0004, 0x0024, 0x0003, 0x0004, 0x0024, 0x0004, 0x0004, 0x0024, 0x0004,
    0x0004, 0x0003, 0x0003, 0x0024, 0x0024, 0x0004, 0x0024, 0x0024, 0x0024, 0x0024, 0x0024, 0x0004,
    0x0024, 0x0004, 0x0024, 0x0024, 0x0024, 0x0024, 0x0004, 0x0004, 0x0004, 0x0004, 0x0003, 0x0004,
    0x0003, 0x0004, 0x0003, 0x0003, 0x0004, 0x0024, 0x0024, 0x0024, 0x0003, 0x0003, 0x0003, 0x0003,
    0x0003, 0x0003, 0x0003, 0x0003, 0x0003, 0x0003, 0x0003, 0x0003, 0x0003, 0x0003, 0x0003, 0x0003,
    0x0003, 0x0003, 0x0003, 0x0003, 0x0004, 0x0003, 0x0003, 0x0003, 0x0003, 0x0004, 0x0003, 0x0003,
    0x0003, 0x0003, 0x0003, 0x0003, 0x0003, 0x0003, 0x0003, 0x0003, 0x0004, 0x0004, 0x0004, 0x0003,
    0x0003, 0x0003, 0x0003, 0x0003, 0x0003, 0x0003, 0x0003, 0x0003, 0x0003, 0x0003, 0x0003, 0x0003,
    0x0003, 0x0004, 0x0004, 0x0004, 0x0004, 0x0004, 0x0024, 0x0004, 0x0004, 0x0024, 0x0024, 0x0004,
    0x0004, 0x0003, 0x0004, 0x0004, 0x0003, 0x0004, 0x0004, 0x0004, 0x0004, 0x0004, 0x0004, 0x0003,
    0x0004, 0x0024, 0x0004, 0x0004, 0x0003, 0x0003, 0x0003, 0x0003, 0x0003, 0x0003, 0x0003, 0x0003,
    0x0004, 0x0004, 0x0004, 0x0004, 0x0003, 0x0003, 0x0003, 0x0003, 0x0003, 0x0003, 0x0004, 0x0003,
    0x0003, 0x0003, 0x0003, 0x0003, 0x0003, 0x0003, 0x0004, 0x0024, 0x0004, 0x0003, 0x0003, 0x0004,
    0x0004, 0x0003, 0x0004, 0x0003, 0x0003, 0x0003, 0x0004, 0x0003, 0x0003, 0x0003, 0x0024, 0x0003,
    0x0003, 0x0003, 0x0003, 0x0003, 0x0003, 0x0004, 0x0004, 0x0024, 0x0024, 0x0004, 0x0024, 0x0024,
    0x0003, 0x0004, 0x0003, 0x0003, 0x0003, 0x0003, 0x0024, 0x0023, 0x0003, 0x0003, 0x0004, 0x0004,
    0x0004, 0x0004, 0x0024, 0x0024, 0x0004, 0x0004, 0x0004, 0x0004, 0x0003, 0x0003, 0x0003, 0x0003,
    0x0003, 0x0003, 0x0003, 0x0003, 0x0024, 0x0004, 0x0024, 0x0024, 0x0004, 0x0004, 0x0024, 0x0024,
    0x0004, 0x0004, 0x0003, 0x0004, 0x0004, 0x0004, 0x0004, 0x0004, 0x0024, 0x0004, 0x0004, 0x0004,
    0x0004, 0x0004, 0x0003, 0x0004, 0x0024, 0x0004, 0x0024, 0x0024, 0x0004, 0x0004, 0x0004, 0x0004,
    0x0024, 0x0004, 0x0024, 0x0004, 0x0024, 0x0004, 0x0003, 0x0003, 0x0004, 0x0004, 0x0004, 0x0004,
    0x0004, 0x0004, 0x0004, 0x0024, 0x0004, 0x0003, 0x0004, 0x0024, 0x0004, 0x0003, 0x0003, 0x0003,
    0x0003, 0x0003, 0x0023, 0x0003, 0x0003, 0x18A7, 0x18C8, 0x18C8, 0x292B, 0x210A, 0x18E9, 0x210A,
    0x210A, 0x18E9, 0x18E9, 0x10A7, 0x18C8, 0x20EA, 0x210A, 0x210A, 0x210A, 0x210A, 0x210A, 0x20EA,
    0x18E9, 0x18E9, 0x210A, 0x210A, 0x210A, 0x210A, 0x210A, 0x210A, 0x18C8, 0x18C7, 0x18A7, 0x1086,
    0x0003, 0x0003, 0x0024, 0x0024, 0x0023, 0x0003, 0x0023, 0x0024, 0x0003, 0x18C8, 0x20E8, 0x0003,
    0x0024, 0x0024, 0x0004, 0x0004, 0x0024, 0x0003, 0x0003, 0x0003, 0x0003, 0x0003, 0x0004, 0x0003,
    0x0004, 0x0004, 0x0024, 0x0004, 0x0004, 0x0024, 0x0023, 0x0004, 0x0004, 0x0004, 0x0003, 0x0004,
    0x0004, 0x0024, 0x0024, 0x0024, 0x0024, 0x0003, 0x0024, 0x0024, 0x0024, 0x0004, 0x0004, 0x0004,
    0x0004, 0x0004, 0x0024, 0x0004, 0x0004, 0x0004, 0x0004, 0x0024, 0x0004, 0x0004, 0x0003, 0x0004,
    0x0004, 0x0004, 0x0003, 0x0003, 0x0004, 0x0003, 0x0003, 0x0003, 0x0003, 0x0003, 0x0003, 0x0003,
    0x0003, 0x0003, 0x0003, 0x0003, 0x0003, 0x0003, 0x0003, 0x0003, 0x0003, 0x0003, 0x0003, 0x0003,
    0x0003, 0x0003, 0x0003, 0x0003, 0x0003, 0x0003, 0x0003, 0x0003, 0x0003, 0x0003, 0x0003, 0x0003,
    0x0003, 0x0003, 0x0003, 0x0003, 0x0003, 0x0003, 0x0003, 0x0003, 0x0003, 0x0003, 0x0003, 0x0003,
    0x0003, 0x0003, 0x0003, 0x0003, 0x0003, 0x0003, 0x0003, 0x0003, 0x0003, 0x0004, 0x0004, 0x0004,
    0x0004, 0x0004, 0x0004, 0x0004, 0x0004, 0x0004, 0x0004, 0x0003, 0x0004, 0x0004, 0x0003, 0x0004,
    0x0004, 0x0003, 0x0003, 0x0004, 0x0003, 0x0004, 0x0004, 0x0024, 0x0024, 0x0004, 0x0004, 0x0004,
    0x0003, 0x0003, 0x0003, 0x0003, 0x0003, 0x0003, 0x0003, 0x0003, 0x0003, 0x0004, 0x0003, 0x0003,
    0x0003, 0x0003, 0x0003, 0x0003, 0x0003, 0x0003, 0x0003, 0x0003, 0x0004, 0x0004, 0x0003, 0x0003,
    0x0004, 0x0004, 0x0004, 0x0004, 0x0004, 0x0003, 0x0003, 0x0003, 0x0003, 0x0003, 0x0023, 0x0004,
    0x0004, 0x0004, 0x0003, 0x0004, 0x0003, 0x0003, 0x0003, 0x0003, 0x0003, 0x0003, 0x0003, 0x0003,
    0x0003, 0x0003, 0x0004, 0x0004, 0x0024, 0x0004, 0x0024, 0x0024, 0x0024, 0x0004, 0x0003, 0x0003,
    0x0003, 0x0003, 0x0003, 0x0003, 0x0003, 0x0003, 0x0003, 0x0003, 0x0003, 0x0004, 0x0004, 0x0004,
    0x0004, 0x0004, 0x0004, 0x0024, 0x0004, 0x0003, 0x0003, 0x0003, 0x0003, 0x0003, 0x0003, 0x0003,
    0x0004, 0x0004, 0x0024, 0x0024, 0x0004, 0x0024, 0x0004, 0x0024, 0x0004, 0x0004, 0x0004, 0x0004,
    0x0004, 0x0004, 0x0004, 0x0004, 0x0024, 0x0004, 0x0004, 0x0004, 0x0004, 0x0024, 0x0004, 0x0004,
    0x0024, 0x0024, 0x0024, 0x0004, 0x0004, 0x0024, 0x0004, 0x0004, 0x0004, 0x0004, 0x0024, 0x0003,
    0x0004, 0x0004, 0x0024, 0x0003, 0x0003, 0x0004, 0x0004, 0x0024, 0x0004, 0x0024, 0x0024, 0x0024,
    0x0003, 0x0003, 0x0003, 0x0004, 0x0004, 0x0003, 0x0003, 0x0003, 0x0003, 0x0024, 0x0023, 0x0003,
    0x18A7, 0x314C, 0x210A, 0x18E9, 0x18E8, 0x08A7, 0x0886, 0x0886, 0x0886, 0x0886, 0x0886, 0x0886,
    0x0886, 0x0886, 0x0886, 0x0866, 0x0886, 0x0886, 0x0886, 0x0886, 0x0886, 0x0886, 0x0886, 0x0886,
    0x0886, 0x0886, 0x0886, 0x1086, 0x18C8, 0x18E9, 0x210A, 0x292A, 0x18C8, 0x1086, 0x0003, 0x0004,
    0x0004, 0x0004, 0x0024, 0x0024, 0x0002, 0x398C, 0x41AE, 0x0002, 0x0024, 0x0004, 0x0004, 0x0004,
    0x0004, 0x0024, 0x0003, 0x0003, 0x0003, 0x0003, 0x0004, 0x0003, 0x0003, 0x0004, 0x0024, 0x0004,
    0x0004, 0x0003, 0x0003, 0x0003, 0x0004, 0x0004, 0x0003, 0x0004, 0x0004, 0x0004, 0x0024, 0x0024,
    0x0004, 0x0003, 0x0004, 0x0004, 0x0024, 0x0024, 0x0004, 0x0024, 0x0024, 0x0024, 0x0024, 0x0004,
    0x0004, 0x0004, 0x0024, 0x0003, 0x0004, 0x0004, 0x0004, 0x0004, 0x0004, 0x0003, 0x0003, 0x0003,
    0x0004, 0x0004, 0x0004, 0x0004, 0x0003, 0x0003, 0x0003, 0x0003, 0x0003, 0x0003, 0x0003, 0x0003,
    0x0003, 0x0003, 0x0003, 0x0003, 0x0003, 0x0003, 0x0003, 0x0003, 0x0003, 0x0003, 0x0003, 0x0003,
    0x0003, 0x0003, 0x0003, 0x0003, 0x0003, 0x0003, 0x0004, 0x0003, 0x0003, 0x0003, 0x0003, 0x0003,
    0x0003, 0x0003, 0x0003, 0x0004, 0x0003, 0x0004, 0x0003, 0x0003, 0x0003, 0x0003, 0x0003, 0x0003,
    0x0003, 0x0003, 0x0003, 0x0003, 0x0003, 0x0003, 0x0003, 0x0004, 0x0003, 0x0003, 0x0004, 0x0004,
    0x0004, 0x0004, 0x0004, 0x0004, 0x0003, 0x0003, 0x0003, 0x0003, 0x0004, 0x0004, 0x0003, 0x0004,
    0x0004, 0x0004, 0x0004, 0x0004, 0x0004, 0x0004, 0x0004, 0x0004, 0x0003, 0x0003, 0x0003, 0x0003,
    0x0003, 0x0003, 0x0004, 0x0003, 0x0003, 0x0003, 0x0004, 0x0003, 0x0003, 0x0003, 0x0004, 0x0003,
    0x0003, 0x0003, 0x0003, 0x0003, 0x0003, 0x0003, 0x0003, 0x0003, 0x0004, 0x0004, 0x0004, 0x0004,
    0x0003, 0x0003, 0x0003, 0x0003, 0x0003, 0x0004, 0x0003, 0x0004, 0x0003, 0x0003, 0x0004, 0x0024,
    0x0004, 0x0003, 0x0003, 0x0003, 0x0003, 0x0003, 0x0003, 0x0003, 0x0003, 0x0004, 0x0004, 0x0004,
    0x0004, 0x0004, 0x0024, 0x0004, 0x0004, 0x0003, 0x0004, 0x0003, 0x0004, 0x0004, 0x0003, 0x0003,
    0x0003, 0x0003, 0x0003, 0x0003, 0x0003, 0x0003, 0x0003, 0x0004, 0x0024, 0x0003, 0x0004, 0x0004,
    0x0004, 0x0004, 0x0004, 0x0004, 0x0004, 0x0003, 0x0003, 0x0003, 0x0003, 0x0003, 0x0024, 0x0024,
    0x0004, 0x0004, 0x0004, 0x0004, 0x0004, 0x0003, 0x0003, 0x0024, 0x0004, 0x0004, 0x0024, 0x0004,
    0x0004, 0x0004, 0x0004, 0x0004, 0x0004, 0x0004, 0x0004, 0x0004, 0x0004, 0x0024, 0x0024, 0x0004,
    0x0004, 0x0004, 0x0024, 0x0004, 0x0004, 0x0004, 0x0024, 0x0004, 0x0004, 0x0004, 0x0004, 0x0004,
    0x0003, 0x0024, 0x0024, 0x0004, 0x0004, 0x0024, 0x0024, 0x0024, 0x0003, 0x0003, 0x0003, 0x0004,
    0x0003, 0x0003, 0x0023, 0x0004, 0x0024, 0x0024, 0x0003, 0x1086, 0x292B, 0x18C8, 0x0886, 0x0886,
    0x0887, 0x08A7, 0x10A7, 0x0887, 0x0887, 0x0887, 0x1087, 0x0887, 0x0887, 0x0886, 0x0886, 0x0887,
    0x0887, 0x0887, 0x0887, 0x0887, 0x0887, 0x0887, 0x0887, 0x0887, 0x0886, 0x0887, 0x0887, 0x0887,
    0x0886, 0x0887, 0x08A7, 0x10C8, 0x18E8, 0x294B, 0x20E8, 0x0024, 0x0004, 0x0024, 0x0024, 0x0024,
    0x0003, 0x0003, 0x0003, 0x0004, 0x0004, 0x0004, 0x0004, 0x0004, 0x0004, 0x0004, 0x0024, 0x0003,
    0x0003, 0x0024, 0x0003, 0x0003, 0x0004, 0x0004, 0x0024, 0x0004, 0x0003, 0x0003, 0x0003, 0x0003,
    0x0003, 0x0024, 0x0003, 0x0003, 0x0003, 0x0003, 0x0004, 0x0004, 0x0024, 0x0024, 0x0004, 0x0004,
    0x0004, 0x0004, 0x0003, 0x0004, 0x0024, 0x0004, 0x0024, 0x0004, 0x0004, 0x0004, 0x0024, 0x0003,
    0x0003, 0x0004, 0x0024, 0x0004, 0x0004, 0x0004, 0x0004, 0x0004, 0x0004, 0x0004, 0x0004, 0x0004,
    0x0003, 0x0003, 0x0003, 0x0003, 0x0003, 0x0003, 0x0003, 0x0004, 0x0003, 0x0003, 0x0003, 0x0003,
    0x0003, 0x0003, 0x0003, 0x0003, 0x0003, 0x0003, 0x0003, 0x0003, 0x0003, 0x0003, 0x0003, 0x0003,
    0x0003, 0x0003, 0x0003, 0x0003, 0x0004, 0x0003, 0x0003, 0x0003, 0x0003, 0x0003, 0x0003, 0x0003,
    0x0003, 0x0003, 0x0003, 0x0003, 0x0003, 0x0003, 0x0003, 0x0003, 0x0003, 0x0003, 0x0003, 0x0003,
    0x0003, 0x0003, 0x0003, 0x0003, 0x0003, 0x0003, 0x0004, 0x0004, 0x0004, 0x0003, 0x0004, 0x0004,
    0x0003, 0x0003, 0x0003, 0x0003, 0x0004, 0x0004, 0x0004, 0x0004, 0x0004, 0x0003, 0x0004, 0x0004,
    0x0004, 0x0004, 0x0004, 0x0004, 0x0004, 0x0003, 0x0003, 0x0004, 0x0024, 0x0004, 0x0004, 0x0003,
    0x0003, 0x0003, 0x0003, 0x0004, 0x0003, 0x0003, 0x0003, 0x0003, 0x0003, 0x0003, 0x0003, 0x0003,
    0x0003, 0x0003, 0x0003, 0x0003, 0x0003, 0x0004, 0x0003, 0x0003, 0x0003, 0x0003, 0x0003, 0x0003,
    0x0003, 0x0003, 0x0024, 0x0004, 0x0004, 0x0024, 0x0024, 0x0004, 0x0003, 0x0004, 0x0003, 0x0003,
    0x0003, 0x0004, 0x0004, 0x0024, 0x0004, 0x0024, 0x0024, 0x0004, 0x0024, 0x0024, 0x0024, 0x0004,
    0x0004, 0x0003, 0x0003, 0x0003, 0x0004, 0x0003, 0x0003, 0x0003, 0x0003, 0x0003, 0x0003, 0x0003,
    0x0003, 0x0003, 0x0003, 0x0004, 0x0003, 0x0003, 0x0004, 0x0024, 0x0004, 0x0004, 0x0024, 0x0024,
    0x0004, 0x0003, 0x0003, 0x0003, 0x0024, 0x0003, 0x0003, 0x0004, 0x0024, 0x0004, 0x0003, 0x0004,
    0x0004, 0x0003, 0x0004, 0x0004, 0x0004, 0x0004, 0x0004, 0x0024, 0x0024, 0x0004, 0x0004, 0x0024,
    0x0004, 0x0004, 0x0004, 0x0004, 0x0004, 0x0004, 0x0024, 0x0004, 0x0024, 0x0004, 0x0004, 0x0004,
    0x0004, 0x0004, 0x0024, 0x0004, 0x0003, 0x0004, 0x0004, 0x0004, 0x0004, 0x0004, 0x0003, 0x0004,
    0x0024, 0x0004, 0x0004, 0x0024, 0x0003, 0x0003, 0x0003, 0x0003, 0x0003, 0x0003, 0x0003, 0x0004,
    0x0024, 0x0003, 0x18C8, 0x314C, 0x18E9, 0x0886, 0x0886, 0x0887, 0x1087, 0x0887, 0x0886, 0x0886,
    0x0887, 0x0886, 0x0886, 0x0886, 0x0886, 0x0886, 0x0886, 0x0886, 0x0886, 0x0886, 0x0886, 0x0886,
    0x0886, 0x0886, 0x0886, 0x0886, 0x0887, 0x0887, 0x0886, 0x08A7, 0x08A7, 0x0887, 0x0886, 0x0886,
    0x0886, 0x18E8, 0x294B, 0x290A, 0x0844, 0x0003, 0x0024, 0x0024, 0x0003, 0x0024, 0x0024, 0x0024,
    0x0004, 0x0004, 0x0024, 0x0004, 0x0004, 0x0004, 0x0003, 0x0003, 0x0024, 0x0024, 0x0003, 0x0003,
    0x0003, 0x0003, 0x0004, 0x0004, 0x0024, 0x0004, 0x0003, 0x0003, 0x0003, 0x0004, 0x0003, 0x0003,
    0x0003, 0x0003, 0x0003, 0x0003, 0x0003, 0x0003, 0x0003, 0x0003, 0x0004, 0x0004, 0x0004, 0x0004,
    0x0003, 0x0003, 0x0004, 0x0024, 0x0004, 0x0004, 0x0024, 0x0003, 0x0003, 0x0004, 0x0004, 0x0024,
    0x0004, 0x0004, 0x0024, 0x0004, 0x0003, 0x0024, 0x0004, 0x0004, 0x0003, 0x0003, 0x0003, 0x0003,
    0x0003, 0x0003, 0x0003, 0x0003, 0x0003, 0x0003, 0x0003, 0x0003, 0x0003, 0x0003, 0x0003, 0x0003,
    0x0003, 0x0003, 0x0003, 0x0003, 0x0003, 0x0003, 0x0003, 0x0003, 0x0003, 0x0004, 0x0004, 0x0004,
    0x0003, 0x0003, 0x0003, 0x0003, 0x0003, 0x0003, 0x0003, 0x0003, 0x0003, 0x0004, 0x0004, 0x0003,
    0x0003, 0x0003, 0x0003, 0x0003, 0x0003, 0x0003, 0x0003, 0x0003, 0x0003, 0x0003, 0x0003, 0x0003,
    0x0003, 0x0003, 0x0004, 0x0004, 0x0004, 0x0003, 0x0004, 0x0004, 0x0003, 0x0003, 0x0004, 0x0003,
    0x0004, 0x0004, 0x0004, 0x0003, 0x0003, 0x0003, 0x0004, 0x0004, 0x0024, 0x0004, 0x0004, 0x0004,
    0x0004, 0x0004, 0x0003, 0x0003, 0x0003, 0x0004, 0x0004, 0x0003, 0x0003, 0x0004, 0x0003, 0x0003,
    0x0003, 0x0003, 0x0003, 0x0003, 0x0003, 0x0003, 0x0003, 0x0003, 0x0003, 0x0003, 0x0003, 0x0003,
    0x0003, 0x0003, 0x0003, 0x0003, 0x0003, 0x0003, 0x0003, 0x0004, 0x0003, 0x0003, 0x0004, 0x0004,
    0x0004, 0x0024, 0x0004, 0x0003, 0x0004, 0x0004, 0x0003, 0x0003, 0x0003, 0x0003, 0x0024, 0x0024,
    0x0004, 0x0003, 0x0024, 0x0004, 0x0003, 0x0004, 0x0004, 0x0004, 0x0004, 0x0004, 0x0003, 0x0003,
    0x0003, 0x0003, 0x0003, 0x0003, 0x0003, 0x0003, 0x0003, 0x0004, 0x0003, 0x0003, 0x0003, 0x0003,
    0x0003, 0x0003, 0x0003, 0x0003, 0x0024, 0x0004, 0x0004, 0x0024, 0x0004, 0x0024, 0x0004, 0x0003,
    0x0024, 0x0024, 0x0004, 0x0004, 0x0004, 0x0004, 0x0004, 0x0003, 0x0004, 0x0004, 0x0004, 0x0004,
    0x0004, 0x0004, 0x0004, 0x0024, 0x0024, 0x0004, 0x0004, 0x0004, 0x0004, 0x0004, 0x0004, 0x0004,
    0x0024, 0x0024, 0x0004, 0x0024, 0x0004, 0x0004, 0x0004, 0x0003, 0x0004, 0x0004, 0x0024, 0x0004,
    0x0004, 0x0004, 0x0004, 0x0024, 0x0004, 0x0004, 0x0024, 0x0004, 0x0004, 0x0004, 0x0004, 0x0004,
    0x0003, 0x0003, 0x0003, 0x0003, 0x0003, 0x0003, 0x0004, 0x0004, 0x0024, 0x18A8, 0x292B, 0x10C8,
    0x0886, 0x10A7, 0x0887, 0x0887, 0x0887, 0x0887, 0x20EA, 0x290C, 0x290C, 0x290C, 0x290C, 0x290C,
    0x290C, 0x290C, 0x290C, 0x290C, 0x290C, 0x290C, 0x290C, 0x290C, 0x290C, 0x290B, 0x290C, 0x290C,
    0x292C, 0x290C, 0x20EA, 0x0887, 0x0887, 0x0887, 0x0886, 0x0886, 0x0887, 0x0887, 0x10C8, 0x290A,
    0x20E9, 0x0044, 0x0004, 0x0024, 0x0024, 0x0004, 0x0004, 0x0004, 0x0024, 0x0004, 0x0003, 0x0004,
    0x0004, 0x0004, 0x0004, 0x0003, 0x0004, 0x0004, 0x0004, 0x0004, 0x0003, 0x0003, 0x0024, 0x0024,
    0x0004, 0x0004, 0x0004, 0x0024, 0x0004, 0x0004, 0x0003, 0x0003, 0x0003, 0x0003, 0x0003, 0x0004,
    0x0003, 0x0003, 0x0024, 0x0004, 0x0004, 0x0003, 0x0004, 0x0003, 0x0003, 0x0004, 0x0003, 0x0004,
    0x0024, 0x0024, 0x0003, 0x0003, 0x0003, 0x0003, 0x0004, 0x0004, 0x0024, 0x0024, 0x0004, 0x0024,
    0x0003, 0x0004, 0x0003, 0x0004, 0x0003, 0x0003, 0x0003, 0x0003, 0x0003, 0x0024, 0x0003, 0x0023,
    0x0003, 0x0003, 0x0003, 0x0003, 0x0003, 0x0003, 0x0023, 0x0003, 0x0003, 0x0003, 0x0003, 0x0003,
    0x0003, 0x0003, 0x0003, 0x0003, 0x0003, 0x0004, 0x0004, 0x0004, 0x0003, 0x0003, 0x0003, 0x0003,
    0x0003, 0x0003, 0x0003, 0x0003, 0x0003, 0x0003, 0x0004, 0x0003, 0x0003, 0x0003, 0x0003, 0x0003,
    0x0003, 0x0003, 0x0003, 0x0003, 0x0003, 0x0003, 0x0003, 0x0003, 0x0003, 0x0003, 0x0003, 0x0004,
    0x0004, 0x0003, 0x0003, 0x0004, 0x0004, 0x0003, 0x0004, 0x0003, 0x0004, 0x0024, 0x0004, 0x0003,
    0x0004, 0x0004, 0x0024, 0x0024, 0x0024, 0x0004, 0x0003, 0x0004, 0x0004, 0x0004, 0x0003, 0x0003,
    0x0003, 0x0003, 0x0003, 0x0003, 0x0003, 0x0003, 0x0003, 0x0003, 0x0003, 0x0003, 0x0003, 0x0003,
    0x0003, 0x0003, 0x0003, 0x0003, 0x0003, 0x0003, 0x0003, 0x0003, 0x0003, 0x0003, 0x0003, 0x0003,
    0x0003, 0x0003, 0x0003, 0x0003, 0x0003, 0x0003, 0x0003, 0x0024, 0x0004, 0x0004, 0x0004, 0x0004,
    0x0004, 0x0004, 0x0003, 0x0003, 0x0004, 0x0004, 0x0004, 0x0024, 0x0004, 0x0003, 0x0003, 0x0004,
    0x0003, 0x0003, 0x0003, 0x0004, 0x0024, 0x0004, 0x0004, 0x0004, 0x0004, 0x0004, 0x0003, 0x0003,
    0x0003, 0x0003, 0x0003, 0x0003, 0x0003, 0x0003, 0x0003, 0x0003, 0x0003, 0x0003, 0x0003, 0x0003,
    0x0004, 0x0004, 0x0004, 0x0024, 0x0004, 0x0004, 0x0004, 0x0024, 0x0004, 0x0004, 0x0024, 0x0004,
    0x0004, 0x0004, 0x0004, 0x0003, 0x0003, 0x0004, 0x0004, 0x0024, 0x0024, 0x0004, 0x0003, 0x0004,
    0x0024, 0x0004, 0x0004, 0x0004, 0x0024, 0x0004, 0x0003, 0x0003, 0x0024, 0x0004, 0x0004, 0x0004,
    0x0004, 0x0004, 0x0024, 0x0004, 0x0004, 0x0024, 0x0024, 0x0004, 0x0004, 0x0004, 0x0004, 0x0004,
    0x0004, 0x0024, 0x0004, 0x0004, 0x0004, 0x0004, 0x0024, 0x0024, 0x0003, 0x0003, 0x0003, 0x0003,
    0x0003, 0x0004, 0x0024, 0x0004, 0x0024, 0x290B, 0x10A7, 0x0866, 0x0887, 0x0887, 0x0887, 0x0887,
    0x0886, 0x290B, 0x394E, 0x394E, 0x394E, 0x314E, 0x394E, 0x314E, 0x314E, 0x394E, 0x394E, 0x394E,
    0x394E, 0x394E, 0x314E, 0x314E, 0x314E, 0x314E, 0x314E, 0x314E, 0x314D, 0x314D, 0x394E, 0x290B,
    0x0887, 0x0886, 0x0886, 0x0886, 0x0887, 0x0887, 0x0886, 0x10A7, 0x210A, 0x290A, 0x0024, 0x0004,
    0x0024, 0x0024, 0x0024, 0x0004, 0x0004, 0x0003, 0x0004, 0x0004, 0x0004, 0x0004, 0x0004, 0x0004,
    0x0024, 0x0024, 0x0004, 0x0004, 0x0023, 0x0003, 0x0003, 0x0004, 0x0004, 0x0003, 0x0004, 0x0004,
    0x0024, 0x0024, 0x0004, 0x0003, 0x0004, 0x0003, 0x0003, 0x0004, 0x0003, 0x0003, 0x0004, 0x0004,
    0x0003, 0x0003, 0x0003, 0x0003, 0x0003, 0x0004, 0x0003, 0x0004, 0x0004, 0x0004, 0x0024, 0x0023,
    0x0003, 0x0003, 0x0004, 0x0004, 0x0024, 0x0024, 0x0024, 0x0004, 0x0024, 0x0004, 0x0004, 0x0024,
    0x0003, 0x0003, 0x0003, 0x0003, 0x0003, 0x0003, 0x0003, 0x0003, 0x0003, 0x0003, 0x0003, 0x0003,
    0x0003, 0x0003, 0x0003, 0x0003, 0x0003, 0x0003, 0x0003, 0x0003, 0x0003, 0x0003, 0x0003, 0x0003,
    0x0004, 0x0004, 0x0004, 0x0024, 0x0004, 0x0003, 0x0003, 0x0003, 0x0003, 0x0003, 0x0004, 0x0003,
    0x0003, 0x0003, 0x0003, 0x0003, 0x0003, 0x0003, 0x0003, 0x0003, 0x0003, 0x0003, 0x0003, 0x0003,
    0x0003, 0x0003, 0x0003, 0x0003, 0x0003, 0x0004, 0x0003, 0x0004, 0x0003, 0x0004, 0x0003, 0x0003,
    0x0003, 0x0003, 0x0003, 0x0003, 0x0003, 0x0003, 0x0003, 0x0003, 0x0003, 0x0003, 0x0004, 0x0004,
    0x0004, 0x0004, 0x0003, 0x0024, 0x0004, 0x0004, 0x0003, 0x0003, 0x0004, 0x0003, 0x0003, 0x0003,
    0x0003, 0x0003, 0x0003, 0x0003, 0x0003, 0x0003, 0x0003, 0x0003, 0x0003, 0x0003, 0x0003, 0x0003,
    0x0003, 0x0003, 0x0003, 0x0003, 0x0003, 0x0003, 0x0003, 0x0003, 0x0003, 0x0003, 0x0003, 0x0003,
    0x0003, 0x0003, 0x0003, 0x0023, 0x0024, 0x0004, 0x0004, 0x0004, 0x0004, 0x0024, 0x0003, 0x0004,
    0x0003, 0x0003, 0x0024, 0x0024, 0x0004, 0x0003, 0x0003, 0x0003, 0x0003, 0x0003, 0x0003, 0x0003,
    0x0004, 0x0004, 0x0004, 0x0003, 0x0003, 0x0004, 0x0003, 0x0003, 0x0003, 0x0003, 0x0003, 0x0003,
    0x0003, 0x0003, 0x0003, 0x0003, 0x0003, 0x0024, 0x0003, 0x0004, 0x0024, 0x0024, 0x0004, 0x0003,
    0x0004, 0x0004, 0x0004, 0x0004, 0x0004, 0x0004, 0x0024, 0x0004, 0x0004, 0x0004, 0x0003, 0x0003,
    0x0003, 0x0004, 0x0004, 0x0024, 0x0004, 0x0004, 0x0024, 0x0024, 0x0024, 0x0024, 0x0004, 0x0004,
    0x0004, 0x0004, 0x0024, 0x0004, 0x0024, 0x0004, 0x0004, 0x0024, 0x0004, 0x0004, 0x0004, 0x0024,
    0x0024, 0x0024, 0x0004, 0x0004, 0x0004, 0x0024, 0x0024, 0x0024, 0x0004, 0x0024, 0x0004, 0x0024,
    0x0004, 0x0004, 0x0024, 0x0004, 0x0003, 0x0024, 0x0003, 0x0003, 0x0003, 0x0004, 0x0003, 0x0023,
    0x0003, 0x210A, 0x10A8, 0x0887, 0x0887, 0x0887, 0x0886, 0x0886, 0x10A8, 0x314E, 0x314D, 0x312D,
    0x312D, 0x312D, 0x314D, 0x314D, 0x312D, 0x312D, 0x312D, 0x314D, 0x314D, 0x314D, 0x312D, 0x312D,
    0x312D, 0x314D, 0x314D, 0x312D, 0x314D, 0x314D, 0x314D, 0x394E, 0x10A8, 0x0886, 0x0886, 0x0886,
    0x0887, 0x0886, 0x0886, 0x0886, 0x18C8, 0x292B, 0x18C7, 0x0003, 0x0004, 0x0024, 0x0024, 0x0024,
    0x0024, 0x0004, 0x0004, 0x0004, 0x0024, 0x0024, 0x0004, 0x0024, 0x0024, 0x0024, 0x0004, 0x0004,
    0x0004, 0x0004, 0x0004, 0x0004, 0x0024, 0x0004, 0x0003, 0x0003, 0x0003, 0x0003, 0x0024, 0x0024,
    0x0004, 0x0024, 0x0024, 0x0024, 0x0024, 0x0004, 0x0004, 0x0003, 0x0003, 0x0003, 0x0003, 0x0003,
    0x0003, 0x0003, 0x0003, 0x0003, 0x0004, 0x0024, 0x0024, 0x0023, 0x0004, 0x0004, 0x0003, 0x0004,
    0x0004, 0x0004, 0x0004, 0x0004, 0x0004, 0x0024, 0x0024, 0x0024, 0x0003, 0x0003, 0x0003, 0x0003,
    0x0003, 0x0003, 0x0003, 0x0003, 0x0003, 0x0003, 0x0003, 0x0003, 0x0003, 0x0003, 0x0003, 0x0003,
    0x0003, 0x0003, 0x0003, 0x0003, 0x0003, 0x0003, 0x0004, 0x0004, 0x0004, 0x0004, 0x0004, 0x0004,
    0x0003, 0x0003, 0x0003, 0x0003, 0x0003, 0x0003, 0x0003, 0x0003, 0x0003, 0x0003, 0x0003, 0x0004,
    0x0003, 0x0003, 0x0003, 0x0003, 0x0003, 0x0003, 0x0003, 0x0003, 0x0003, 0x0003, 0x0003, 0x0003,
    0x0003, 0x0003, 0x0003, 0x0004, 0x0004, 0x0003, 0x0003, 0x0003, 0x0003, 0x0003, 0x0003, 0x0003,
    0x0003, 0x0003, 0x0003, 0x0003, 0x0003, 0x0003, 0x0003, 0x0003, 0x0004, 0x0003, 0x0003, 0x0004,
    0x0004, 0x0004, 0x0004, 0x0003, 0x0003, 0x0003, 0x0003, 0x0003, 0x0003, 0x0003, 0x0003, 0x0003,
    0x0004, 0x0003, 0x0003, 0x0004, 0x0003, 0x0003, 0x0003, 0x0003, 0x0004, 0x0003, 0x0003, 0x0003,
    0x0003, 0x0004, 0x0004, 0x0003, 0x0003, 0x0003, 0x0003, 0x0003, 0x0004, 0x0004, 0x0003, 0x0003,
    0x0004, 0x0024, 0x0004, 0x0004, 0x0003, 0x0004, 0x0003, 0x0004, 0x0003, 0x0003, 0x0003, 0x0004,
    0x0004, 0x0004, 0x0003, 0x0003, 0x0003, 0x0004, 0x0003, 0x0003, 0x0003, 0x0004, 0x0004, 0x0003,
    0x0004, 0x0003, 0x0003, 0x0003, 0x0024, 0x0003, 0x0003, 0x0003, 0x0003, 0x0004, 0x0003, 0x0003,
    0x0003, 0x0003, 0x0003, 0x0003, 0x0023, 0x0024, 0x0004, 0x0004, 0x0024, 0x0004, 0x0024, 0x0004,
    0x0004, 0x0024, 0x0004, 0x0004, 0x0024, 0x0004, 0x0004, 0x0024, 0x0003, 0x0003, 0x0004, 0x0004,
    0x0003, 0x0024, 0x0024, 0x0024, 0x0024, 0x0024, 0x0004, 0x0004, 0x0004, 0x0024, 0x0024, 0x0004,
    0x0004, 0x0004, 0x0004, 0x0004, 0x0004, 0x0024, 0x0004, 0x0004, 0x0024, 0x0004, 0x0004, 0x0004,
    0x0004, 0x0004, 0x0004, 0x0004, 0x0004, 0x0004, 0x0024, 0x0024, 0x0004, 0x0004, 0x0003, 0x0024,
    0x0003, 0x0024, 0x0003, 0x0003, 0x0003, 0x0024, 0x0023, 0x0003, 0x10A7, 0x210A, 0x10A8, 0x0887,
    0x0887, 0x0886, 0x0886, 0x0886, 0x18C9, 0x394E, 0x312D, 0x312D, 0x312D, 0x314E, 0x314E, 0x314E,
    0x312D, 0x314D, 0x394D, 0x314E, 0x314E, 0x312E, 0x314E, 0x314E, 0x314E, 0x312D, 0x314D, 0x314D,
    0x314D, 0x394E, 0x394E, 0x394E, 0x18C8, 0x0886, 0x0887, 0x0887, 0x0886, 0x0886, 0x0886, 0x0887,
    0x0886, 0x18C8, 0x294B, 0x10A7, 0x0024, 0x0003, 0x0003, 0x0003, 0x0003, 0x0024, 0x0024, 0x0003,
    0x0003, 0x0003, 0x0003, 0x0003, 0x0003, 0x0003, 0x0003, 0x0003, 0x0004, 0x0024, 0x0024, 0x0024,
    0x0003, 0x0003, 0x0865, 0x0845, 0x0865, 0x0865, 0x0003, 0x0003, 0x0004, 0x0024, 0x0004, 0x0003,
    0x0003, 0x0004, 0x0024, 0x0004, 0x0004, 0x0004, 0x0003, 0x0003, 0x0003, 0x0003, 0x0003, 0x0003,
    0x0003, 0x0004, 0x0003, 0x0003, 0x0003, 0x0024, 0x0003, 0x0004, 0x0004, 0x0003, 0x0004, 0x0004,
    0x0004, 0x0004, 0x0004, 0x0004, 0x0003, 0x0003, 0x0003, 0x0003, 0x0003, 0x0003, 0x0004, 0x0003,
    0x0003, 0x0003, 0x0003, 0x0003, 0x0003, 0x0003, 0x0003, 0x0024, 0x0003, 0x0003, 0x0003, 0x0003,
    0x0004, 0x0004, 0x0024, 0x0004, 0x0004, 0x0004, 0x0024, 0x0004, 0x0004, 0x0003, 0x0003, 0x0003,
    0x0003, 0x0003, 0x0003, 0x0003, 0x0003, 0x0004, 0x0003, 0x0003, 0x0003, 0x0003, 0x0003, 0x0003,
    0x0003, 0x0003, 0x0004, 0x0003, 0x0004, 0x0004, 0x0003, 0x0003, 0x0003, 0x0003, 0x0004, 0x0004,
    0x0004, 0x0003, 0x0003, 0x0003, 0x0003, 0x0003, 0x0003, 0x0003, 0x0004, 0x0003, 0x0003, 0x0003,
    0x0003, 0x0003, 0x0004, 0x0004, 0x0003, 0x0003, 0x0003, 0x0003, 0x0003, 0x0003, 0x0003, 0x0024,
    0x0004, 0x0003, 0x0003, 0x0003, 0x0003, 0x0003, 0x0003, 0x0003, 0x0003, 0x0003, 0x0003, 0x0003,
    0x0003, 0x0003, 0x0003, 0x0003, 0x0003, 0x0003, 0x0003, 0x0003, 0x0003, 0x0004, 0x0004, 0x0003,
    0x0003, 0x0003, 0x0003, 0x0003, 0x0003, 0x0004, 0x0003, 0x0004, 0x0004, 0x0004, 0x0024, 0x0004,
    0x0003, 0x0003, 0x0024, 0x0004, 0x0003, 0x0003, 0x0004, 0x0003, 0x0004, 0x0004, 0x0004, 0x0003,
    0x0003, 0x0003, 0x0003, 0x0003, 0x0003, 0x0024, 0x0004, 0x0003, 0x0003, 0x0003, 0x0024, 0x0004,
    0x0024, 0x0024, 0x0004, 0x0003, 0x0003, 0x0004, 0x0024, 0x0003, 0x0004, 0x0024, 0x0003, 0x0003,
    0x0023, 0x0004, 0x0003, 0x0004, 0x0003, 0x0003, 0x0024, 0x0004, 0x0004, 0x0004, 0x0004, 0x0004,
    0x0024, 0x0004, 0x0004, 0x0003, 0x0003, 0x0003, 0x0003, 0x0003, 0x0004, 0x0004, 0x0024, 0x0004,
    0x0004, 0x0004, 0x0004, 0x0004, 0x0004, 0x0004, 0x0024, 0x0004, 0x0004, 0x0004, 0x0024, 0x0004,
    0x0024, 0x0004, 0x0004, 0x0004, 0x0003, 0x0004, 0x0004, 0x0004, 0x0003, 0x0024, 0x0024, 0x0004,
    0x0003, 0x0004, 0x0004, 0x0024, 0x0004, 0x0004, 0x0003, 0x0003, 0x0003, 0x0004, 0x0023, 0x0003,
    0x0003, 0x0023, 0x0024, 0x0003, 0x20E9, 0x18C9, 0x10A7, 0x0887, 0x0886, 0x0886, 0x0886, 0x0866,
    0x18C9, 0x394E, 0x312D, 0x314D, 0x314D, 0x314E, 0x314E, 0x314E, 0x312E, 0x314E, 0x314E, 0x314E,
    0x312E, 0x314E, 0x312E, 0x392E, 0x314E, 0x314E, 0x314D, 0x314D, 0x394E, 0x394E, 0x394D, 0x394E,
    0x18A8, 0x0886, 0x0886, 0x0887, 0x0886, 0x0886, 0x0886, 0x0887, 0x0886, 0x10C8, 0x210A, 0x294B,
    0x20C8, 0x1065, 0x1086, 0x1086, 0x0845, 0x0003, 0x0003, 0x0024, 0x1087, 0x1086, 0x1086, 0x1086,
    0x1086, 0x1086, 0x1086, 0x1086, 0x0023, 0x0003, 0x0003, 0x0003, 0x0865, 0x1087, 0x210A, 0x294B,
    0x294B, 0x292A, 0x10A6, 0x1086, 0x0024, 0x0004, 0x0024, 0x0024, 0x0004, 0x0004, 0x0024, 0x0004,
    0x0024, 0x0004, 0x0004, 0x0003, 0x0003, 0x0003, 0x0003, 0x0003, 0x0003, 0x0004, 0x0003, 0x0003,
    0x0004, 0x0004, 0x0024, 0x0004, 0x0004, 0x0004, 0x0024, 0x0024, 0x0004, 0x0004, 0x0024, 0x0004,
    0x0003, 0x0004, 0x0003, 0x0003, 0x0003, 0x0003, 0x0003, 0x0003, 0x0004, 0x0003, 0x0003, 0x0003,
    0x0003, 0x0003, 0x0003, 0x0003, 0x0003, 0x0003, 0x0003, 0x0004, 0x0004, 0x0004, 0x0024, 0x0004,
    0x0004, 0x0004, 0x0004, 0x0004, 0x0004, 0x0003, 0x0003, 0x0003, 0x0003, 0x0003, 0x0003, 0x0004,
    0x0003, 0x0024, 0x0004, 0x0003, 0x0003, 0x0003, 0x0003, 0x0003, 0x0003, 0x0003, 0x0003, 0x0004,
    0x0004, 0x0004, 0x0004, 0x0004, 0x0004, 0x0003, 0x0004, 0x0004, 0x0004, 0x0004, 0x0003, 0x0004,
    0x0004, 0x0003, 0x0003, 0x0003, 0x0003, 0x0003, 0x0003, 0x0003, 0x0003, 0x0003, 0x0003, 0x0003,
    0x0004, 0x0024, 0x0003, 0x0004, 0x0003, 0x0003, 0x0003, 0x0003, 0x0003, 0x0004, 0x0003, 0x0003,
    0x0003, 0x0003, 0x0003, 0x0003, 0x0003, 0x0004, 0x0004, 0x0004, 0x0003, 0x0003, 0x0003, 0x0003,
    0x0003, 0x0003, 0x0004, 0x0004, 0x0004, 0x0024, 0x0003, 0x0004, 0x0004, 0x0004, 0x0003, 0x0004,
    0x0003, 0x0004, 0x0003, 0x0004, 0x0004, 0x0004, 0x0003, 0x0004, 0x0004, 0x0004, 0x0004, 0x0004,
    0x0003, 0x0003, 0x0003, 0x0003, 0x0003, 0x0003, 0x0004, 0x0004, 0x0003, 0x0003, 0x0003, 0x0003,
    0x0004, 0x0003, 0x0024, 0x0004, 0x0004, 0x0003, 0x0024, 0x0024, 0x0004, 0x0024, 0x0024, 0x0004,
    0x0004, 0x0004, 0x0004, 0x0003, 0x0004, 0x0003, 0x0003, 0x0003, 0x0003, 0x0004, 0x0004, 0x0004,
    0x0004, 0x0024, 0x0004, 0x0004, 0x0004, 0x0003, 0x0004, 0x0024, 0x0024, 0x0004, 0x0003, 0x0004,
    0x0024, 0x0004, 0x0004, 0x0004, 0x0004, 0x0003, 0x0024, 0x0004, 0x0004, 0x0004, 0x0004, 0x0004,
    0x0004, 0x0004, 0x0004, 0x0004, 0x0004, 0x0004, 0x0024, 0x0004, 0x0004, 0x0004, 0x0004, 0x0004,
    0x0004, 0x0024, 0x0004, 0x0024, 0x0024, 0x0024, 0x0024, 0x0004, 0x0004, 0x0004, 0x0004, 0x0024,
    0x0004, 0x0003, 0x0003, 0x0023, 0x0004, 0x0024, 0x0024, 0x0024, 0x0004, 0x0004, 0x0024, 0x0003,
    0x20E9, 0x10A7, 0x0887, 0x0887, 0x0886, 0x0886, 0x0886, 0x0886, 0x18C9, 0x394E, 0x312D, 0x312D,
    0x314E, 0x314E, 0x314E, 0x394E, 0x394E, 0x394E, 0x394E, 0x394E, 0x312E, 0x312E, 0x392E, 0x392E,
    0x394E, 0x394E, 0x314E, 0x314E, 0x394E, 0x394E, 0x394D, 0x394E, 0x18C8, 0x0886, 0x0887, 0x0886,
    0x0886, 0x0886, 0x0886, 0x0886, 0x0887, 0x0887, 0x0886, 0x10A7, 0x210A, 0x292B, 0x292A, 0x314C,
    0x292B, 0x10A7, 0x0845, 0x18C9, 0x316D, 0x292B, 0x290B, 0x210A, 0x210A, 0x292B, 0x314C, 0x294C,
    0x18C7, 0x18A7, 0x10A7, 0x1086, 0x210A, 0x314C, 0x292B, 0x18E9, 0x18E9, 0x18C8, 0x292A, 0x314C,
    0x210A, 0x0866, 0x0003, 0x0003, 0x0003, 0x0003, 0x0024, 0x0024, 0x0024, 0x0024, 0x0004, 0x0003,
    0x0004, 0x0004, 0x0024, 0x0003, 0x0023, 0x0003, 0x0023, 0x0003, 0x0003, 0x0003, 0x0003, 0x0004,
    0x0003, 0x0004, 0x0024, 0x0004, 0x0004, 0x0004, 0x0004, 0x0004, 0x0003, 0x0003, 0x0003, 0x0003,
    0x0003, 0x0024, 0x0003, 0x0003, 0x0024, 0x0004, 0x0003, 0x0003, 0x0003, 0x0003, 0x0003, 0x0003,
    0x0003, 0x0003, 0x0004, 0x0004, 0x0024, 0x0024, 0x0024, 0x0004, 0x0004, 0x0004, 0x0004, 0x0004,
    0x0003, 0x0003, 0x0003, 0x0003, 0x0003, 0x0003, 0x0003, 0x0003, 0x0003, 0x0003, 0x0003, 0x0004,
    0x0003, 0x0003, 0x0003, 0x0003, 0x0003, 0x0003, 0x0003, 0x0004, 0x0003, 0x0003, 0x0004, 0x0004,
    0x0004, 0x0003, 0x0024, 0x0024, 0x0003, 0x0004, 0x0003, 0x0003, 0x0003, 0x0004, 0x0003, 0x0003,
    0x0004, 0x0003, 0x0003, 0x0003, 0x0003, 0x0004, 0x0003, 0x0004, 0x0004, 0x0004, 0x0003, 0x0004,
    0x0003, 0x0003, 0x0003, 0x0003, 0x0004, 0x0004, 0x0003, 0x0004, 0x0003, 0x0003, 0x0003, 0x0003,
    0x0003, 0x0004, 0x0003, 0x0004, 0x0003, 0x0003, 0x0003, 0x0003, 0x0003, 0x0024, 0x0004, 0x0004,
    0x0004, 0x0024, 0x0024, 0x0024, 0x0004, 0x0004, 0x0004, 0x0004, 0x0004, 0x0024, 0x0024, 0x0024,
    0x0004, 0x0004, 0x0003, 0x0024, 0x0024, 0x0003, 0x0024, 0x0004, 0x0004, 0x0004, 0x0003, 0x0003,
    0x0004, 0x0003, 0x0004, 0x0004, 0x0024, 0x0004, 0x0003, 0x0003, 0x0003, 0x0003, 0x0004, 0x0024,
    0x0024, 0x0003, 0x0024, 0x0024, 0x0004, 0x0003, 0x0004, 0x0024, 0x0024, 0x0024, 0x0003, 0x0004,
    0x0003, 0x0003, 0x0003, 0x0003, 0x0003, 0x0003, 0x0004, 0x0003, 0x0004, 0x0024, 0x0024, 0x0004,
    0x0004, 0x0004, 0x0024, 0x0004, 0x0004, 0x0004, 0x0004, 0x0004, 0x0024, 0x0004, 0x0003, 0x0024,
    0x0024, 0x0024, 0x0004, 0x0004, 0x0024, 0x0004, 0x0004, 0x0004, 0x0004, 0x0024, 0x0004, 0x0024,
    0x0004, 0x0004, 0x0024, 0x0024, 0x0004, 0x0004, 0x0004, 0x0004, 0x0024, 0x0024, 0x0004, 0x0004,
    0x0004, 0x0004, 0x0004, 0x0024, 0x0004, 0x0004, 0x0004, 0x0024, 0x0004, 0x0004, 0x0003, 0x0003,
    0x0004, 0x0024, 0x0024, 0x0004, 0x0023, 0x0024, 0x0024, 0x0003, 0x20E9, 0x10A8, 0x0886, 0x0887,
    0x0886, 0x0886, 0x0886, 0x0886, 0x18C9, 0x394E, 0x314D, 0x312D, 0x312E, 0x314E, 0x314E, 0x394E,
    0x394E, 0x394E, 0x394E, 0x394E, 0x312E, 0x312E, 0x394E, 0x392E, 0x394E, 0x394E, 0x394E, 0x394E,
    0x394E, 0x394E, 0x394D, 0x394E, 0x18C8, 0x0886, 0x0887, 0x0886, 0x0886, 0x0886, 0x0886, 0x0887,
    0x0886, 0x0886, 0x08A7, 0x0886, 0x10A7, 0x18C8, 0x18C8, 0x18E8, 0x2109, 0x18E9, 0x18C8, 0x212A,
    0x18C8, 0x10A7, 0x10A8, 0x10A7, 0x10A7, 0x10C8, 0x18C8, 0x292B, 0x316C, 0x316C, 0x314C, 0x294B,
    0x294B, 0x210A, 0x10C8, 0x0886, 0x0887, 0x0886, 0x10C8, 0x18E9, 0x294C, 0x294A, 0x18C8, 0x18C8,
    0x18C8, 0x20C8, 0x0845, 0x0003, 0x0024, 0x0024, 0x0024, 0x0004, 0x0024, 0x0004, 0x0004, 0x0003,
    0x0004, 0x0003, 0x0003, 0x0003, 0x0003, 0x0004, 0x0004, 0x0004, 0x0024, 0x0004, 0x0004, 0x0004,
    0x0004, 0x0004, 0x0004, 0x0004, 0x0004, 0x0003, 0x0003, 0x0003, 0x0003, 0x0003, 0x0003, 0x0003,
    0x0003, 0x0003, 0x0003, 0x0003, 0x0003, 0x0003, 0x0003, 0x0003, 0x0004, 0x0003, 0x0004, 0x0024,
    0x0024, 0x0003, 0x0004, 0x0004, 0x0004, 0x0004, 0x0004, 0x0004, 0x0003, 0x0003, 0x0003, 0x0003,
    0x0003, 0x0023, 0x0003, 0x0003, 0x0003, 0x0003, 0x0003, 0x0003, 0x0024, 0x0003, 0x0003, 0x0003,
    0x0003, 0x0003, 0x0004, 0x0003, 0x0003, 0x0003, 0x0004, 0x0004, 0x0004, 0x0004, 0x0004, 0x0004,
    0x0024, 0x0004, 0x0004, 0x0003, 0x0004, 0x0004, 0x0004, 0x0003, 0x0004, 0x0003, 0x0003, 0x0003,
    0x0004, 0x0004, 0x0004, 0x0004, 0x0004, 0x0004, 0x0004, 0x0003, 0x0003, 0x0023, 0x0023, 0x0003,
    0x0004, 0x0003, 0x0003, 0x0004, 0x0004, 0x0024, 0x0003, 0x0003, 0x0003, 0x0024, 0x0024, 0x0004,
    0x0004, 0x0004, 0x0003, 0x0003, 0x0003, 0x0003, 0x0004, 0x0004, 0x0004, 0x0004, 0x0003, 0x0003,
    0x0003, 0x0004, 0x0003, 0x0004, 0x0004, 0x0003, 0x0004, 0x0004, 0x0004, 0x0024, 0x0003, 0x0004,
    0x0024, 0x0024, 0x0024, 0x0004, 0x0003, 0x0004, 0x0004, 0x0004, 0x0004, 0x0004, 0x0023, 0x0004,
    0x0004, 0x0004, 0x0003, 0x0003, 0x0003, 0x0004, 0x0004, 0x0024, 0x0024, 0x0004, 0x0003, 0x0003,
    0x0003, 0x0003, 0x0004, 0x0004, 0x0024, 0x0004, 0x0004, 0x0004, 0x0003, 0x0003, 0x0003, 0x0003,
    0x0003, 0x0003, 0x0003, 0x0003, 0x0004, 0x0024, 0x0004, 0x0004, 0x0004, 0x0004, 0x0004, 0x0024,
    0x0003, 0x0003, 0x0004, 0x0003, 0x0024, 0x0004, 0x0004, 0x0024, 0x0024, 0x0024, 0x0004, 0x0004,
    0x0004, 0x0024, 0x0024, 0x0004, 0x0004, 0x0024, 0x0004, 0x0004, 0x0024, 0x0004, 0x0003, 0x0004,
    0x0024, 0x0004, 0x0004, 0x0004, 0x0024, 0x0004, 0x0024, 0x0004, 0x0004, 0x0004, 0x0004, 0x0024,
    0x0004, 0x0024, 0x0024, 0x0004, 0x0003, 0x0024, 0x0024, 0x0024, 0x0024, 0x0004, 0x0004, 0x0024,
    0x0024, 0x0024, 0x0024, 0x1066, 0x290A, 0x10A7, 0x0886, 0x0886, 0x0886, 0x0886, 0x0886, 0x0886,
    0x18C9, 0x394E, 0x314D, 0x394E, 0x312E, 0x314E, 0x394E, 0x394E, 0x394E, 0x394E, 0x394E, 0x394E,
    0x312E, 0x392E, 0x312E, 0x394E, 0x394E, 0x394E, 0x394E, 0x394E, 0x394E, 0x394E, 0x394D, 0x394E,
    0x18C8, 0x0886, 0x0886, 0x0886, 0x0886, 0x0886, 0x0886, 0x0887, 0x0886, 0x0886, 0x0886, 0x0887,
    0x0886, 0x0886, 0x0886, 0x0886, 0x08A6, 0x18C8, 0x18E8, 0x10A7, 0x0886, 0x0886, 0x0886, 0x0886,
    0x0886, 0x0886, 0x0886, 0x10A7, 0x10C8, 0x10C8, 0x10C8, 0x10C7, 0x18C8, 0x10A7, 0x0886, 0x0886,
    0x0887, 0x0887, 0x0887, 0x0886, 0x10A7, 0x18C8, 0x18E8, 0x294B, 0x314C, 0x294B, 0x20E9, 0x0024,
    0x0003, 0x0004, 0x0024, 0x0024, 0x0004, 0x0004, 0x0024, 0x0004, 0x0004, 0x0004, 0x0004, 0x0004,
    0x0003, 0x0003, 0x0004, 0x0004, 0x0024, 0x0004, 0x0004, 0x0004, 0x0004, 0x0024, 0x0024, 0x0004,
    0x0003, 0x0003, 0x0003, 0x0003, 0x0003, 0x0003, 0x0003, 0x0004, 0x0003, 0x0003, 0x0003, 0x0024,
    0x0003, 0x0003, 0x0003, 0x0003, 0x0023, 0x0003, 0x0004, 0x0024, 0x0003, 0x0003, 0x0003, 0x0003,
    0x0003, 0x0004, 0x0003, 0x0004, 0x0003, 0x0003, 0x0023, 0x0003, 0x0003, 0x0003, 0x0003, 0x0003,
    0x0003, 0x0004, 0x0004, 0x0003, 0x0003, 0x0023, 0x0003, 0x0003, 0x0004, 0x0003, 0x0004, 0x0003,
    0x0003, 0x0004, 0x0004, 0x0004, 0x0004, 0x0003, 0x0003, 0x0003, 0x0003, 0x0003, 0x0003, 0x0004,
    0x0004, 0x0003, 0x0024, 0x0024, 0x0004, 0x0004, 0x0003, 0x0003, 0x0004, 0x0003, 0x0004, 0x0004,
    0x0003, 0x0004, 0x0024, 0x0004, 0x0003, 0x0024, 0x0004, 0x0003, 0x0003, 0x0003, 0x0024, 0x0024,
    0x0004, 0x0003, 0x0003, 0x0003, 0x0004, 0x0024, 0x0004, 0x0024, 0x0003, 0x0003, 0x0003, 0x0003,
    0x0003, 0x0003, 0x0003, 0x0003, 0x0024, 0x0024, 0x0004, 0x0003, 0x0003, 0x0004, 0x0024, 0x0004,
    0x0004, 0x0024, 0x0004, 0x0004, 0x0004, 0x0004, 0x0004, 0x0024, 0x0023, 0x0004, 0x0024, 0x0024,
    0x0003, 0x0024, 0x0004, 0x0004, 0x0024, 0x0004, 0x0004, 0x0004, 0x0004, 0x0003, 0x0003, 0x0004,
    0x0004, 0x0024, 0x0004, 0x0024, 0x0024, 0x0024, 0x0024, 0x0003, 0x0003, 0x0003, 0x0004, 0x0024,
    0x0024, 0x0024, 0x0004, 0x0003, 0x0003, 0x0003, 0x0003, 0x0003, 0x0003, 0x0003, 0x0003, 0x0003,
    0x0003, 0x0004, 0x0003, 0x0004, 0x0004, 0x0024, 0x0004, 0x0004, 0x0003, 0x0003, 0x0003, 0x0004,
    0x0024, 0x0004, 0x0004, 0x0024, 0x0024, 0x0024, 0x0004, 0x0004, 0x0004, 0x0004, 0x0004, 0x0004,
    0x0004, 0x0004, 0x0004, 0x0004, 0x0024, 0x0004, 0x0003, 0x0004, 0x0004, 0x0024, 0x0024, 0x0004,
    0x0024, 0x0024, 0x0024, 0x0004, 0x0004, 0x0004, 0x0004, 0x0024, 0x0024, 0x0004, 0x0024, 0x0004,
    0x0004, 0x0024, 0x0004, 0x0004, 0x0003, 0x0004, 0x0004, 0x0024, 0x0024, 0x0024, 0x0003, 0x20E9,
    0x18E8, 0x0886, 0x0886, 0x0886, 0x0886, 0x0886, 0x0886, 0x0886, 0x18C9, 0x394E, 0x314D, 0x394E,
    0x392E, 0x394E, 0x314E, 0x394E, 0x394E, 0x394E, 0x394E, 0x314E, 0x312E, 0x392E, 0x394E, 0x394E,
    0x394E, 0x394E, 0x394E, 0x394E, 0x394E, 0x394E, 0x394D, 0x394E, 0x18C8, 0x0886, 0x0886, 0x0886,
    0x0886, 0x0886, 0x0886, 0x0886, 0x0886, 0x0886, 0x0886, 0x0887, 0x0886, 0x08A7, 0x0887, 0x0886,
    0x10A7, 0x18C8, 0x18E8, 0x0886, 0x0887, 0x0886, 0x0886, 0x0886, 0x0886, 0x0887, 0x0887, 0x0886,
    0x0886, 0x0886, 0x0886, 0x0886, 0x0886, 0x0886, 0x0887, 0x0886, 0x0886, 0x0886, 0x0886, 0x0886,
    0x0886, 0x0886, 0x0886, 0x18C8, 0x10C8, 0x20E9, 0x314B, 0x20E9, 0x20E9, 0x20E9, 0x0023, 0x0003,
    0x0004, 0x0003, 0x0004, 0x0024, 0x0024, 0x0024, 0x0003, 0x0003, 0x0003, 0x0003, 0x0003, 0x0003,
    0x0004, 0x0003, 0x0003, 0x0004, 0x0024, 0x0024, 0x0024, 0x0024, 0x0003, 0x0003, 0x0003, 0x0003,
    0x0003, 0x0003, 0x0003, 0x0003, 0x0003, 0x0003, 0x0003, 0x0024, 0x0024, 0x0003, 0x0003, 0x0003,
    0x0003, 0x0024, 0x0024, 0x0003, 0x0003, 0x0003, 0x0024, 0x0004, 0x0004, 0x0003, 0x0004, 0x0003,
    0x0003, 0x0004, 0x0024, 0x0003, 0x0003, 0x0003, 0x0003, 0x0003, 0x0003, 0x0003, 0x0004, 0x0004,
    0x0003, 0x0024, 0x0003, 0x0003, 0x0003, 0x0003, 0x0003, 0x0003, 0x0003, 0x0003, 0x0003, 0x0003,
    0x0024, 0x0004, 0x0024, 0x0024, 0x0004, 0x0003, 0x0003, 0x0003, 0x0003, 0x0003, 0x0004, 0x0003,
    0x0003, 0x0003, 0x0003, 0x0003, 0x0024, 0x0003, 0x0003, 0x0003, 0x0004, 0x0004, 0x0004, 0x0003,
    0x0003, 0x0003, 0x0004, 0x0024, 0x0024, 0x0004, 0x0024, 0x0004, 0x0004, 0x0004, 0x0004, 0x0004,
    0x0003, 0x0004, 0x0004, 0x0004, 0x0024, 0x0003, 0x0024, 0x0003, 0x0003, 0x0003, 0x0003, 0x0003,
    0x0004, 0x0024, 0x0004, 0x0004, 0x0004, 0x0004, 0x0004, 0x0004, 0x0024, 0x0024, 0x0004, 0x0024,
    0x0004, 0x0004, 0x0004, 0x0004, 0x0024, 0x0003, 0x0004, 0x0004, 0x0004, 0x0004, 0x0003, 0x0003,
    0x0003, 0x0003, 0x0004, 0x0004, 0x0004, 0x0004, 0x0003, 0x0003, 0x0004, 0x0024, 0x0004, 0x0024,
    0x0024, 0x0004, 0x0024, 0x0004, 0x0003, 0x0003, 0x0004, 0x0003, 0x0004, 0x0004, 0x0003, 0x0024,
    0x0003, 0x0003, 0x0003, 0x0003, 0x0003, 0x0024, 0x0003, 0x0003, 0x0024, 0x0004, 0x0024, 0x0024,
    0x0024, 0x0004, 0x0004, 0x0004, 0x0004, 0x0003, 0x0003, 0x0004, 0x0004, 0x0004, 0x0004, 0x0024,
    0x0024, 0x0004, 0x0004, 0x0024, 0x0024, 0x0004, 0x0004, 0x0004, 0x0004, 0x0024, 0x0004, 0x0004,
    0x0004, 0x0004, 0x0024, 0x0024, 0x0024, 0x0004, 0x0024, 0x0004, 0x0024, 0x0004, 0x0004, 0x0004,
    0x0004, 0x0024, 0x0004, 0x0004, 0x0004, 0x0004, 0x0004, 0x0024, 0x0004, 0x0024, 0x0003, 0x0003,
    0x0004, 0x0003, 0x0003, 0x0023, 0x0024, 0x0003, 0x18A7, 0x292B, 0x10A7, 0x0886, 0x0886, 0x0886,
    0x0886, 0x0886, 0x0886, 0x0886, 0x18C9, 0x394E, 0x314D, 0x394E, 0x394E, 0x312E, 0x394E, 0x394E,
    0x394E, 0x394E, 0x314E, 0x314E, 0x392E, 0x314E, 0x394E, 0x394E, 0x394E, 0x394E, 0x394E, 0x394E,
    0x394E, 0x394E, 0x394D, 0x394E, 0x18C8, 0x0886, 0x0886, 0x0886, 0x0886, 0x0887, 0x0886, 0x0886,
    0x0886, 0x0886, 0x0886, 0x0886, 0x0886, 0x0887, 0x0886, 0x0887, 0x0886, 0x0886, 0x0886, 0x0886,
    0x0886, 0x0886, 0x0886, 0x0886, 0x0886, 0x0886, 0x0886, 0x0886, 0x0886, 0x0886, 0x0886, 0x0886,
    0x0886, 0x0886, 0x0886, 0x0886, 0x0886, 0x0886, 0x0886, 0x0886, 0x0886, 0x0886, 0x08A7, 0x0886,
    0x0886, 0x10A7, 0x18C8, 0x316C, 0x398D, 0x314B, 0x20E8, 0x1065, 0x0003, 0x0024, 0x0023, 0x0003,
    0x0024, 0x0004, 0x0003, 0x0023, 0x0003, 0x0003, 0x0003, 0x0003, 0x0003, 0x0024, 0x0024, 0x0004,
    0x0024, 0x0004, 0x0004, 0x0004, 0x0003, 0x0003, 0x0003, 0x0003, 0x0003, 0x0004, 0x0003, 0x0003,
    0x0003, 0x0003, 0x0003, 0x0003, 0x0023, 0x0024, 0x0003, 0x0004, 0x0004, 0x0003, 0x0024, 0x0003,
    0x0004, 0x0003, 0x0003, 0x0024, 0x0004, 0x0004, 0x0003, 0x0003, 0x0003, 0x0003, 0x0004, 0x0003,
    0x0003, 0x0003, 0x0003, 0x0003, 0x0003, 0x0003, 0x0003, 0x0024, 0x0003, 0x0003, 0x0003, 0x0003,
    0x0003, 0x0003, 0x0003, 0x0003, 0x0003, 0x0003, 0x0003, 0x0003, 0x0024, 0x0024, 0x0024, 0x0024,
    0x0004, 0x0003, 0x0003, 0x0003, 0x0024, 0x0003, 0x0003, 0x0003, 0x0003, 0x0003, 0x0003, 0x0003,
    0x0004, 0x0003, 0x0004, 0x0004, 0x0004, 0x0004, 0x0004, 0x0003, 0x0003, 0x0004, 0x0003, 0x0003,
    0x0003, 0x0003, 0x0003, 0x0024, 0x0004, 0x0004, 0x0024, 0x0024, 0x0004, 0x0004, 0x0003, 0x0003,
    0x0004, 0x0004, 0x0004, 0x0004, 0x0003, 0x0003, 0x0003, 0x0003, 0x0004, 0x0004, 0x0024, 0x0024,
    0x0004, 0x0004, 0x0004, 0x0004, 0x0004, 0x0004, 0x0004, 0x0024, 0x0004, 0x0024, 0x0024, 0x0003,
    0x0024, 0x0003, 0x0004, 0x0024, 0x0004, 0x0003, 0x0024, 0x0004, 0x0004, 0x0003, 0x0003, 0x0003,
    0x0003, 0x0003, 0x0003, 0x0024, 0x0024, 0x0024, 0x0003, 0x0024, 0x0004, 0x0003, 0x0004, 0x0003,
    0x0003, 0x0003, 0x0003, 0x0004, 0x0004, 0x0003, 0x0003, 0x0003, 0x0003, 0x0003, 0x0003, 0x0023,
    0x0024, 0x0024, 0x0004, 0x0024, 0x0004, 0x0003, 0x0004, 0x0004, 0x0004, 0x0004, 0x0004, 0x0024,
    0x0004, 0x0004, 0x0004, 0x0004, 0x0003, 0x0004, 0x0004, 0x0004, 0x0024, 0x0004, 0x0024, 0x0024,
    0x0004, 0x0004, 0x0004, 0x0003, 0x0004, 0x0004, 0x0004, 0x0004, 0x0024, 0x0004, 0x0003, 0x0024,
    0x0024, 0x0024, 0x0024, 0x0004, 0x0004, 0x0004, 0x0004, 0x0024, 0x0024, 0x0024, 0x0004, 0x0004,
    0x0024, 0x0004, 0x0004, 0x0004, 0x0004, 0x0004, 0x0003, 0x0003, 0x0003, 0x0003, 0x0024, 0x0023,
    0x0003, 0x18A8, 0x294B, 0x2109, 0x0887, 0x0886, 0x0886, 0x0886, 0x0886, 0x0886, 0x0886, 0x0886,
    0x18C8, 0x394E, 0x314D, 0x314D, 0x314E, 0x394E, 0x394E, 0x394E, 0x394E, 0x394D, 0x314E, 0x314E,
    0x314D, 0x394E, 0x394E, 0x394E, 0x394E, 0x394E, 0x394E, 0x394D, 0x394E, 0x394E, 0x394D, 0x394E,
    0x10A8, 0x0886, 0x0886, 0x0886, 0x0887, 0x0887, 0x0886, 0x0886, 0x0886, 0x0886, 0x0886, 0x0886,
    0x0886, 0x0886, 0x0886, 0x0886, 0x0886, 0x0886, 0x0886, 0x0886, 0x0886, 0x0886, 0x0886, 0x0886,
    0x0886, 0x0886, 0x0886, 0x0886, 0x0886, 0x0886, 0x0886, 0x0886, 0x0886, 0x0886, 0x0886, 0x0886,
    0x0886, 0x0886, 0x0886, 0x0886, 0x0886, 0x0886, 0x0886, 0x0887, 0x08A7, 0x0886, 0x0886, 0x18C8,
    0x18E9, 0x292B, 0x316C, 0x294B, 0x10A7, 0x0003, 0x0024, 0x0003, 0x0003, 0x0004, 0x0004, 0x0004,
    0x0003, 0x0003, 0x0004, 0x0003, 0x0004, 0x0024, 0x0004, 0x0004, 0x0004, 0x0024, 0x0004, 0x0024,
    0x0004, 0x0003, 0x0003, 0x0003, 0x0003, 0x0003, 0x0003, 0x0003, 0x0003, 0x0003, 0x0003, 0x0003,
    0x0004, 0x0024, 0x0003, 0x0004, 0x0004, 0x0004, 0x0004, 0x0004, 0x0003, 0x0003, 0x0003, 0x0004,
    0x0004, 0x0004, 0x0004, 0x0004, 0x0003, 0x0004, 0x0004, 0x0003, 0x0003, 0x0003, 0x0003, 0x0003,
    0x0003, 0x0003, 0x0003, 0x0004, 0x0023, 0x0023, 0x0003, 0x0004, 0x0003, 0x0003, 0x0003, 0x0003,
    0x0003, 0x0003, 0x0003, 0x0003, 0x0024, 0x0024, 0x0004, 0x0004, 0x0004, 0x0003, 0x0003, 0x0003,
    0x0004, 0x0003, 0x0003, 0x0003, 0x0003, 0x0003, 0x0003, 0x0003, 0x0003, 0x0003, 0x0004, 0x0004,
    0x0004, 0x0003, 0x0004, 0x0004, 0x0024, 0x0024, 0x0003, 0x0003, 0x0004, 0x0003, 0x0004, 0x0023,
    0x0004, 0x0004, 0x0004, 0x0004, 0x0004, 0x0024, 0x0024, 0x0004, 0x0004, 0x0004, 0x0004, 0x0003,
    0x0003, 0x0003, 0x0003, 0x0004, 0x0004, 0x0003, 0x0003, 0x0004, 0x0004, 0x0024, 0x0004, 0x0004,
    0x0024, 0x0004, 0x0004, 0x0004, 0x0004, 0x0004, 0x0024, 0x0003, 0x0003, 0x0003, 0x0004, 0x0004,
    0x0004, 0x0004, 0x0024, 0x0024, 0x0004, 0x0003, 0x0003, 0x0004, 0x0004, 0x0003, 0x0003, 0x0003,
    0x0004, 0x0004, 0x0003, 0x0024, 0x0004, 0x0024, 0x0004, 0x0003, 0x0003, 0x0003, 0x0003, 0x0024,
    0x0024, 0x0003, 0x0003, 0x0003, 0x0024, 0x0024, 0x0004, 0x0004, 0x0004, 0x0024, 0x0024, 0x0004,
    0x0003, 0x0004, 0x0024, 0x0024, 0x0003, 0x0003, 0x0004, 0x0024, 0x0003, 0x0003, 0x0004, 0x0003,
    0x0003, 0x0004, 0x0004, 0x0004, 0x0004, 0x0004, 0x0024, 0x0004, 0x0004, 0x0024, 0x0004, 0x0004,
    0x0004, 0x0004, 0x0024, 0x0004, 0x0024, 0x0004, 0x0004, 0x0004, 0x0004, 0x0024, 0x0024, 0x0004,
    0x0004, 0x0003, 0x0003, 0x0004, 0x0003, 0x0004, 0x0024, 0x0004, 0x0024, 0x0024, 0x0004, 0x0024,
    0x0024, 0x0004, 0x0024, 0x0003, 0x0003, 0x0024, 0x0023, 0x0003, 0x18A7, 0x292C, 0x18E9, 0x0886,
    0x0886, 0x0886, 0x0886, 0x0886, 0x0886, 0x0886, 0x0886, 0x0886, 0x0887, 0x312D, 0x394E, 0x312D,
    0x314D, 0x394E, 0x394E, 0x394E, 0x394E, 0x394E, 0x314E, 0x394E, 0x394E, 0x394E, 0x394E, 0x394E,
    0x394E, 0x394E, 0x394D, 0x394D, 0x394E, 0x394D, 0x394E, 0x292C, 0x0887, 0x0887, 0x0887, 0x0887,
    0x0887, 0x0887, 0x0887, 0x0886, 0x0886, 0x0886, 0x0886, 0x0886, 0x0886, 0x0886, 0x0886, 0x0887,
    0x0887, 0x0886, 0x0886, 0x0886, 0x0886, 0x0886, 0x0886, 0x0886, 0x0886, 0x0886, 0x0886, 0x0886,
    0x0886, 0x0886, 0x0886, 0x0886, 0x0886, 0x0886, 0x0886, 0x0886, 0x0886, 0x0886, 0x0886, 0x0886,
    0x0886, 0x0886, 0x0886, 0x0886, 0x0886, 0x0886, 0x0887, 0x0886, 0x0886, 0x10C7, 0x210A, 0x316C,
    0x20E8, 0x0003, 0x0024, 0x0024, 0x0003, 0x0003, 0x0024, 0x0004, 0x0024, 0x0004, 0x0003, 0x0004,
    0x0024, 0x0004, 0x0004, 0x0024, 0x0004, 0x0003, 0x0003, 0x0003, 0x0004, 0x0003, 0x0003, 0x0003,
    0x0003, 0x0003, 0x0023, 0x0003, 0x0003, 0x0003, 0x0003, 0x0003, 0x0003, 0x0003, 0x0003, 0x0024,
    0x0004, 0x0004, 0x0004, 0x0004, 0x0004, 0x0003, 0x0004, 0x0004, 0x0004, 0x0004, 0x0004, 0x0004,
    0x0004, 0x0004, 0x0003, 0x0004, 0x0003, 0x0003, 0x0003, 0x0003, 0x0003, 0x0003, 0x0003, 0x0003,
    0x0024, 0x0003, 0x0003, 0x0003, 0x0024, 0x0003, 0x0003, 0x0003, 0x0003, 0x0003, 0x0003, 0x0003,
    0x0003, 0x0004, 0x0024, 0x0024, 0x0024, 0x0003, 0x0003, 0x0004, 0x0004, 0x0003, 0x0003, 0x0003,
    0x0003, 0x0003, 0x0003, 0x0003, 0x0003, 0x0004, 0x0003, 0x0024, 0x0004, 0x0003, 0x0003, 0x0003,
    0x0003, 0x0024, 0x0003, 0x0003, 0x0004, 0x0004, 0x0024, 0x0004, 0x0003, 0x0024, 0x0004, 0x0004,
    0x0004, 0x0004, 0x0004, 0x0004, 0x0004, 0x0004, 0x0004, 0x0004, 0x0004, 0x0003, 0x0003, 0x0004,
    0x0004, 0x0003, 0x0003, 0x0004, 0x0004, 0x0004, 0x0003, 0x0004, 0x0004, 0x0024, 0x0004, 0x0004,
    0x0003, 0x0003, 0x0024, 0x0003, 0x0003, 0x0003, 0x0024, 0x0004, 0x0024, 0x0004, 0x0004, 0x0004,
    0x0003, 0x0024, 0x0004, 0x0003, 0x0003, 0x0003, 0x0003, 0x0004, 0x0004, 0x0004, 0x0003, 0x0004,
    0x0024, 0x0004, 0x0003, 0x0003, 0x0004, 0x0003, 0x0003, 0x0003, 0x0024, 0x0004, 0x0003, 0x0004,
    0x0004, 0x0004, 0x0004, 0x0024, 0x0004, 0x0024, 0x0003, 0x0003, 0x0004, 0x0003, 0x0004, 0x0004,
    0x0003, 0x0003, 0x0004, 0x0004, 0x0003, 0x0003, 0x0003, 0x0003, 0x0004, 0x0003, 0x0004, 0x0004,
    0x0004, 0x0004, 0x0024, 0x0004, 0x0004, 0x0004, 0x0004, 0x0004, 0x0004, 0x0024, 0x0024, 0x0004,
    0x0004, 0x0024, 0x0004, 0x0004, 0x0024, 0x0024, 0x0004, 0x0003, 0x0024, 0x0003, 0x0004, 0x0024,
    0x0004, 0x0004, 0x0004, 0x0024, 0x0024, 0x0004, 0x0004, 0x0024, 0x0004, 0x0003, 0x0003, 0x0003,
    0x0024, 0x0003, 0x0844, 0x20E9, 0x20EA, 0x10C8, 0x0887, 0x0887, 0x0886, 0x0886, 0x0886, 0x0886,
    0x0886, 0x0886, 0x0886, 0x0886, 0x0886, 0x1087, 0x290B, 0x312D, 0x314D, 0x312D, 0x314D, 0x312D,
    0x312D, 0x312D, 0x312D, 0x312D, 0x314D, 0x314D, 0x314D, 0x314D, 0x314D, 0x314D, 0x314D, 0x314D,
    0x314D, 0x314D, 0x290C, 0x10A8, 0x0886, 0x0887, 0x0887, 0x0887, 0x0887, 0x0887, 0x0886, 0x0886,
    0x0886, 0x0886, 0x0886, 0x0886, 0x0886, 0x0886, 0x0886, 0x0886, 0x0886, 0x0886, 0x0886, 0x0886,
    0x0886, 0x0886, 0x0886, 0x0886, 0x0886, 0x0886, 0x0886, 0x0886, 0x0886, 0x0886, 0x0886, 0x0886,
    0x0886, 0x0886, 0x0886, 0x0886, 0x0886, 0x0886, 0x0886, 0x0886, 0x0886, 0x0886, 0x0886, 0x0886,
    0x0886, 0x0886, 0x0886, 0x08A7, 0x08A7, 0x0886, 0x10A7, 0x292B, 0x18C8, 0x0002, 0x0024, 0x0024,
    0x0024, 0x0004, 0x0024, 0x0023, 0x0004, 0x0004, 0x0004, 0x0003, 0x0004, 0x0004, 0x0024, 0x0003,
    0x0004, 0x0003, 0x0003, 0x0004, 0x0003, 0x0003, 0x0003, 0x0003, 0x0003, 0x0003, 0x0003, 0x0003,
    0x0003, 0x0003, 0x0003, 0x0003, 0x0003, 0x0003, 0x0004, 0x0024, 0x0024, 0x0004, 0x0024, 0x0004,
    0x0004, 0x0024, 0x0024, 0x0024, 0x0024, 0x0024, 0x0004, 0x0003, 0x0004, 0x0004, 0x0004, 0x0024,
    0x0003, 0x0003, 0x0003, 0x0003, 0x0003, 0x0003, 0x0003, 0x0003, 0x0003, 0x0003, 0x0003, 0x0003,
    0x0003, 0x0003, 0x0004, 0x0023, 0x0003, 0x0003, 0x0003, 0x0003, 0x0003, 0x0004, 0x0004, 0x0024,
    0x0004, 0x0004, 0x0004, 0x0003, 0x0004, 0x0003, 0x0003, 0x0003, 0x0003, 0x0004, 0x0003, 0x0003,
    0x0003, 0x0004, 0x0004, 0x0004, 0x0004, 0x0003, 0x0003, 0x0003, 0x0023, 0x0003, 0x0004, 0x0024,
    0x0004, 0x0004, 0x0024, 0x0024, 0x0023, 0x0003, 0x0003, 0x0004, 0x0024, 0x0003, 0x0003, 0x0003,
    0x0024, 0x0003, 0x0004, 0x0004, 0x0004, 0x0004, 0x0003, 0x0003, 0x0003, 0x0004, 0x0003, 0x0003,
    0x0004, 0x0004, 0x0004, 0x0004, 0x0004, 0x0004, 0x0004, 0x0003, 0x0003, 0x0024, 0x0024, 0x0003,
    0x0003, 0x0004, 0x0004, 0x0004, 0x0004, 0x0004, 0x0024, 0x0024, 0x0003, 0x0004, 0x0004, 0x0003,
    0x0003, 0x0003, 0x0003, 0x0004, 0x0004, 0x0004, 0x0004, 0x0024, 0x0024, 0x0004, 0x0004, 0x0004,
    0x0004, 0x0003, 0x0004, 0x0023, 0x0003, 0x0003, 0x0003, 0x0004, 0x0024, 0x0003, 0x0024, 0x0003,
    0x0003, 0x0023, 0x0003, 0x0003, 0x0003, 0x0024, 0x0004, 0x0004, 0x0004, 0x0003, 0x0003, 0x0004,
    0x0023, 0x0003, 0x0004, 0x0004, 0x0004, 0x0004, 0x0004, 0x0004, 0x0024, 0x0004, 0x0003, 0x0003,
    0x0004, 0x0004, 0x0004, 0x0004, 0x0024, 0x0024, 0x0004, 0x0024, 0x0024, 0x0024, 0x0004, 0x0004,
    0x0024, 0x0024, 0x0024, 0x0004, 0x0003, 0x0004, 0x0003, 0x0024, 0x0024, 0x0024, 0x0004, 0x0024,
    0x0024, 0x0024, 0x0003, 0x0024, 0x0003, 0x0003, 0x0003, 0x0024, 0x0024, 0x0023, 0x18C8, 0x314B,
    0x10A7, 0x0886, 0x0886, 0x0886, 0x0886, 0x0886, 0x0886, 0x0886, 0x0886, 0x0886, 0x0886, 0x0886,
    0x0886, 0x0886, 0x0886, 0x0887, 0x10A7, 0x10A7, 0x1087, 0x1087, 0x08A7, 0x10A7, 0x10A7, 0x10A7,
    0x10A7, 0x10A7, 0x10A7, 0x10A7, 0x10A7, 0x10A7, 0x10A7, 0x10A7, 0x10A7, 0x10A7, 0x0886, 0x0887,
    0x0886, 0x0886, 0x0887, 0x0887, 0x0887, 0x0886, 0x0886, 0x0886, 0x0886, 0x0886, 0x0886, 0x0886,
    0x0886, 0x0886, 0x0886, 0x0886, 0x0886, 0x0886, 0x0886, 0x0886, 0x0886, 0x0886, 0x0886, 0x0886,
    0x0886, 0x0886, 0x0886, 0x0886, 0x0886, 0x0886, 0x0886, 0x0886, 0x0886, 0x0886, 0x0886, 0x0886,
    0x0886, 0x0886, 0x0886, 0x0886, 0x0886, 0x0886, 0x0886, 0x0886, 0x0886, 0x0886, 0x0886, 0x0886,
    0x0886, 0x0886, 0x0886, 0x18C8, 0x20E9, 0x0844, 0x0045, 0x0003, 0x0003, 0x0024, 0x0004, 0x0024,
    0x0003, 0x0023, 0x0004, 0x0024, 0x0024, 0x0024, 0x0003, 0x0003, 0x0003, 0x0003, 0x0003, 0x0003,
    0x0003, 0x0003, 0x0003, 0x0003, 0x0003, 0x0003, 0x0003, 0x0003, 0x0003, 0x0003, 0x0003, 0x0003,
    0x0003, 0x0024, 0x0004, 0x0004, 0x0024, 0x0004, 0x0024, 0x0024, 0x0024, 0x0004, 0x0024, 0x0004,
    0x0004, 0x0024, 0x0004, 0x0004, 0x0004, 0x0004, 0x0003, 0x0024, 0x0003, 0x0003, 0x0003, 0x0003,
    0x0003, 0x0003, 0x0003, 0x0003, 0x0004, 0x0004, 0x0003, 0x0003, 0x0003, 0x0004, 0x0004, 0x0003,
    0x0004, 0x0004, 0x0004, 0x0003, 0x0004, 0x0004, 0x0003, 0x0004, 0x0004, 0x0024, 0x0004, 0x0003,
    0x0003, 0x0004, 0x0004, 0x0003, 0x0004, 0x0004, 0x0004, 0x0004, 0x0003, 0x0024, 0x0003, 0x0004,
    0x0004, 0x0004, 0x0004, 0x0003, 0x0003, 0x0003, 0x0004, 0x0004, 0x0024, 0x0024, 0x0004, 0x0003,
    0x0003, 0x0003, 0x0003, 0x0024, 0x0003, 0x0003, 0x0003, 0x0003, 0x0023, 0x0004, 0x0004, 0x0003,
    0x0004, 0x0003, 0x0003, 0x0024, 0x0003, 0x0003, 0x0024, 0x0003, 0x0003, 0x0003, 0x0003, 0x0003,
    0x0003, 0x0004, 0x0004, 0x0003, 0x0004, 0x0003, 0x0004, 0x0003, 0x0004, 0x0003, 0x0004, 0x0024,
    0x0024, 0x0003, 0x0004, 0x0003, 0x0003, 0x0003, 0x0003, 0x0003, 0x0003, 0x0003, 0x0003, 0x0003,
    0x0024, 0x0024, 0x0024, 0x0004, 0x0004, 0x0004, 0x0004, 0x0003, 0x0004, 0x0004, 0x0003, 0x0003,
    0x0003, 0x0003, 0x0003, 0x0024, 0x0024, 0x0004, 0x0024, 0x0024, 0x0004, 0x0024, 0x0003, 0x0003,
    0x0003, 0x0024, 0x0003, 0x0003, 0x0003, 0x0003, 0x0003, 0x0003, 0x0003, 0x0003, 0x0003, 0x0004,
    0x0024, 0x0004, 0x0004, 0x0003, 0x0003, 0x0004, 0x0004, 0x0004, 0x0004, 0x0024, 0x0004, 0x0024,
    0x0004, 0x0004, 0x0004, 0x0004, 0x0004, 0x0004, 0x0004, 0x0004, 0x0024, 0x0024, 0x0024, 0x0004,
    0x0004, 0x0003, 0x0024, 0x0004, 0x0004, 0x0004, 0x0024, 0x0004, 0x0004, 0x0024, 0x0024, 0x0003,
    0x0003, 0x0004, 0x0023, 0x0024, 0x0003, 0x1066, 0x314C, 0x18E9, 0x0886, 0x0886, 0x0886, 0x0886,
    0x0886, 0x0886, 0x0886, 0x0886, 0x0886, 0x0886, 0x0886, 0x0886, 0x0886, 0x0886, 0x0886, 0x0886,
    0x0886, 0x0886, 0x0886, 0x0886, 0x0886, 0x0886, 0x0886, 0x0886, 0x0886, 0x0886, 0x0886, 0x0886,
    0x0886, 0x0886, 0x0886, 0x0886, 0x0886, 0x0886, 0x0887, 0x0887, 0x0886, 0x0886, 0x0886, 0x0886,
    0x0886, 0x0887, 0x0886, 0x0886, 0x0886, 0x0886, 0x0886, 0x0886, 0x0886, 0x0886, 0x0886, 0x0886,
    0x0886, 0x0886, 0x0886, 0x0886, 0x0886, 0x0886, 0x0886, 0x0886, 0x0886, 0x0886, 0x0886, 0x0886,
    0x0886, 0x0886, 0x0886, 0x0886, 0x0886, 0x0886, 0x0886, 0x0886, 0x0886, 0x0886, 0x0886, 0x0886,
    0x0886, 0x0886, 0x0886, 0x0886, 0x0886, 0x0886, 0x0886, 0x0886, 0x0886, 0x0886, 0x0886, 0x10A7,
    0x292A, 0x316C, 0x292A, 0x0866, 0x0865, 0x0003, 0x0003, 0x0024, 0x0024, 0x0024, 0x0024, 0x0024,
    0x0003, 0x0003, 0x0003, 0x0024, 0x0003, 0x0003, 0x0003, 0x0003, 0x0003, 0x0003, 0x0003, 0x0003,
    0x0003, 0x0003, 0x0003, 0x0003, 0x0003, 0x0003, 0x0003, 0x0003, 0x0003, 0x0003, 0x0004, 0x0004,
    0x0024, 0x0024, 0x0004, 0x0004, 0x0024, 0x0024, 0x0024, 0x0024, 0x0004, 0x0024, 0x0004, 0x0004,
    0x0024, 0x0004, 0x0003, 0x0003, 0x0003, 0x0003, 0x0003, 0x0003, 0x0003, 0x0004, 0x0003, 0x0003,
    0x0003, 0x0004, 0x0003, 0x0023, 0x0003, 0x0003, 0x0003, 0x0024, 0x0004, 0x0004, 0x0003, 0x0003,
    0x0003, 0x0003, 0x0003, 0x0003, 0x0004, 0x0024, 0x0004, 0x0004, 0x0004, 0x0003, 0x0003, 0x0003,
    0x0024, 0x0024, 0x0024, 0x0004, 0x0004, 0x0004, 0x0003, 0x0024, 0x0024, 0x0004, 0x0004, 0x0004,
    0x0024, 0x0003, 0x0004, 0x0004, 0x0004, 0x0024, 0x0024, 0x0004, 0x0003, 0x0003, 0x0003, 0x0003,
    0x0003, 0x0003, 0x0003, 0x0003, 0x0003, 0x0024, 0x0024, 0x0004, 0x0003, 0x0003, 0x0003, 0x0024,
    0x0024, 0x0003, 0x0003, 0x0004, 0x0024, 0x0003, 0x0004, 0x0003, 0x0004, 0x0004, 0x0004, 0x0003,
    0x0003, 0x0003, 0x0023, 0x0003, 0x0004, 0x0003, 0x0004, 0x0024, 0x0004, 0x0024, 0x0004, 0x0003,
    0x0003, 0x0003, 0x0004, 0x0004, 0x0003, 0x0024, 0x0004, 0x0003, 0x0024, 0x0004, 0x0024, 0x0024,
    0x0004, 0x0004, 0x0024, 0x0004, 0x0004, 0x0004, 0x0003, 0x0003, 0x0003, 0x0003, 0x0003, 0x0004,
    0x0004, 0x0004, 0x0004, 0x0003, 0x0003, 0x0003, 0x0003, 0x0003, 0x0003, 0x0003, 0x0004, 0x0003,
    0x0003, 0x0003, 0x0003, 0x0003, 0x0003, 0x0003, 0x0003, 0x0004, 0x0004, 0x0004, 0x0004, 0x0004,
    0x0004, 0x0004, 0x0003, 0x0004, 0x0004, 0x0004, 0x0024, 0x0024, 0x0024, 0x0024, 0x0004, 0x0024,
    0x0004, 0x0004, 0x0004, 0x0004, 0x0024, 0x0024, 0x0024, 0x0024, 0x0004, 0x0004, 0x0024, 0x0004,
    0x0004, 0x0024, 0x0024, 0x0004, 0x0004, 0x0024, 0x0004, 0x0003, 0x0003, 0x0004, 0x0024, 0x0024,
    0x0003, 0x1065, 0x290B, 0x0887, 0x0887, 0x0886, 0x0886, 0x0886, 0x0886, 0x0886, 0x0886, 0x0886,
    0x0886, 0x0886, 0x0886, 0x0886, 0x0886, 0x0886, 0x0886, 0x0886, 0x0887, 0x0886, 0x0887, 0x0886,
    0x0886, 0x0886, 0x0886, 0x0887, 0x0886, 0x0886, 0x0886, 0x0886, 0x0887, 0x0886, 0x0886, 0x0886,
    0x0886, 0x0886, 0x0887, 0x0886, 0x0886, 0x0886, 0x0887, 0x0886, 0x0886, 0x0886, 0x0886, 0x0886,
    0x0886, 0x0886, 0x0886, 0x0886, 0x0886, 0x0886, 0x0886, 0x0886, 0x0886, 0x0886, 0x0886, 0x0886,
    0x0886, 0x0886, 0x0886, 0x0886, 0x0886, 0x0886, 0x0886, 0x0886, 0x0886, 0x0886, 0x0886, 0x0886,
    0x0886, 0x0886, 0x0886, 0x0886, 0x0886, 0x0886, 0x0886, 0x0886, 0x0886, 0x0886, 0x0886, 0x0886,
    0x0886, 0x0886, 0x0886, 0x0886, 0x0886, 0x0886, 0x0887, 0x0886, 0x10C7, 0x292B, 0x292B, 0x294B,
    0x314C, 0x1086, 0x0024, 0x0003, 0x0024, 0x0004, 0x0024, 0x0024, 0x0024, 0x0003, 0x0003, 0x0003,
    0x0003, 0x0003, 0x0003, 0x0003, 0x0003, 0x0003, 0x0003, 0x0003, 0x0003, 0x0003, 0x0003, 0x0003,
    0x0003, 0x0003, 0x0003, 0x0004, 0x0003, 0x0003, 0x0003, 0x0024, 0x0024, 0x0004, 0x0024, 0x0024,
    0x0024, 0x0024, 0x0024, 0x0004, 0x0004, 0x0004, 0x0004, 0x0004, 0x0004, 0x0004, 0x0003, 0x0003,
    0x0004, 0x0004, 0x0004, 0x0003, 0x0023, 0x0004, 0x0004, 0x0004, 0x0003, 0x0003, 0x0003, 0x0003,
    0x0003, 0x0024, 0x0004, 0x0024, 0x0024, 0x0024, 0x0003, 0x0003, 0x0003, 0x0004, 0x0003, 0x0004,
    0x0004, 0x0004, 0x0003, 0x0003, 0x0024, 0x0004, 0x0003, 0x0003, 0x0004, 0x0004, 0x0024, 0x0024,
    0x0024, 0x0003, 0x0004, 0x0004, 0x0004, 0x0003, 0x0004, 0x0004, 0x0024, 0x0024, 0x0004, 0x0003,
    0x0004, 0x0004, 0x0004, 0x0003, 0x0023, 0x0003, 0x0003, 0x0003, 0x0003, 0x0004, 0x0023, 0x0004,
    0x0004, 0x0004, 0x0004, 0x0004, 0x0003, 0x0003, 0x0003, 0x0003, 0x0003, 0x0003, 0x0003, 0x0003,
    0x0004, 0x0004, 0x0024, 0x0003, 0x0003, 0x0003, 0x0003, 0x0003, 0x0003, 0x0003, 0x0024, 0x0003,
    0x0004, 0x0004, 0x0004, 0x0003, 0x0004, 0x0003, 0x0003, 0x0004, 0x0003, 0x0024, 0x0004, 0x0004,
    0x0003, 0x0003, 0x0004, 0x0003, 0x0004, 0x0004, 0x0004, 0x0004, 0x0004, 0x0024, 0x0004, 0x0024,
    0x0004, 0x0004, 0x0004, 0x0003, 0x0003, 0x0003, 0x0003, 0x0003, 0x0004, 0x0024, 0x0003, 0x0003,
    0x0003, 0x0024, 0x0003, 0x0003, 0x0003, 0x0003, 0x0003, 0x0003, 0x0003, 0x0003, 0x0003, 0x0003,
    0x0003, 0x0003, 0x0003, 0x0003, 0x0004, 0x0004, 0x0004, 0x0004, 0x0004, 0x0004, 0x0004, 0x0004,
    0x0004, 0x0024, 0x0004, 0x0004, 0x0004, 0x0024, 0x0024, 0x0004, 0x0004, 0x0004, 0x0024, 0x0004,
    0x0024, 0x0024, 0x0024, 0x0023, 0x0004, 0x0004, 0x0004, 0x0004, 0x0004, 0x0004, 0x0003, 0x0004,
    0x0004, 0x0024, 0x0024, 0x0003, 0x0003, 0x0003, 0x0024, 0x0024, 0x0024, 0x10A7, 0x18E9, 0x0886,
    0x0887, 0x0886, 0x0886, 0x0886, 0x0886, 0x0886, 0x0886, 0x0886, 0x0886, 0x0886, 0x0886, 0x0886,
    0x0886, 0x0886, 0x0886, 0x0886, 0x0886, 0x0886, 0x0886, 0x0886, 0x0886, 0x0886, 0x0886, 0x0886,
    0x0886, 0x0886, 0x0886, 0x0886, 0x0886, 0x0886, 0x0886, 0x0886, 0x0886, 0x0886, 0x0886, 0x0886,
    0x0887, 0x0886, 0x0886, 0x0886, 0x0886, 0x0886, 0x0886, 0x0886, 0x0886, 0x0886, 0x0886, 0x0886,
    0x0886, 0x0886, 0x0886, 0x0886, 0x0886, 0x0886, 0x0886, 0x0886, 0x0886, 0x0886, 0x0886, 0x0886,
    0x0886, 0x0886, 0x0886, 0x0886, 0x0886, 0x0886, 0x0886, 0x0886, 0x0886, 0x0886, 0x0886, 0x0886,
    0x0886, 0x0886, 0x0886, 0x0886, 0x0886, 0x0886, 0x0886, 0x0886, 0x0886, 0x0886, 0x0886, 0x0886,
    0x0886, 0x0886, 0x0886, 0x0887, 0x0887, 0x0887, 0x0886, 0x18E9, 0x210A, 0x294B, 0x18A7, 0x0865,
    0x0024, 0x0004, 0x0024, 0x0024, 0x0004, 0x0003, 0x0003, 0x0003, 0x0003, 0x0003, 0x0023, 0x0004,
    0x0003, 0x0003, 0x0003, 0x0003, 0x0003, 0x0003, 0x0003, 0x0003, 0x0003, 0x0003, 0x0003, 0x0004,
    0x0003, 0x0003, 0x0003, 0x0004, 0x0004, 0x0024, 0x0024, 0x0024, 0x0024, 0x0024, 0x0004, 0x0024,
    0x0004, 0x0024, 0x0024, 0x0004, 0x0024, 0x0004, 0x0003, 0x0003, 0x0004, 0x0004, 0x0004, 0x0004,
    0x0024, 0x0004, 0x0024, 0x0004, 0x0003, 0x0003, 0x0003, 0x0003, 0x0003, 0x0003, 0x0004, 0x0004,
    0x0004, 0x0024, 0x0004, 0x0003, 0x0003, 0x0004, 0x0004, 0x0004, 0x0024, 0x0004, 0x0004, 0x0004,
    0x0004, 0x0004, 0x0024, 0x0003, 0x0004, 0x0004, 0x0024, 0x0003, 0x0003, 0x0003, 0x0024, 0x0004,
    0x0024, 0x0004, 0x0004, 0x0004, 0x0004, 0x0024, 0x0024, 0x0004, 0x0004, 0x0004, 0x0004, 0x0004,
    0x0024, 0x0023, 0x0003, 0x0003, 0x0003, 0x0024, 0x0004, 0x0004, 0x0004, 0x0004, 0x0003, 0x0004,
    0x0003, 0x0003, 0x0003, 0x0003, 0x0003, 0x0004, 0x0003, 0x0024, 0x0024, 0x0003, 0x0003, 0x0003,
    0x0003, 0x0003, 0x0003, 0x0023, 0x0003, 0x0003, 0x0003, 0x0003, 0x0024, 0x0003, 0x0003, 0x0004,
    0x0004, 0x0004, 0x0003, 0x0024, 0x0003, 0x0004, 0x0024, 0x0024, 0x0023, 0x0024, 0x0004, 0x0004,
    0x0004, 0x0004, 0x0004, 0x0024, 0x0024, 0x0024, 0x0004, 0x0024, 0x0003, 0x0024, 0x0003, 0x0003,
    0x0003, 0x0004, 0x0003, 0x0003, 0x0003, 0x0004, 0x0003, 0x0003, 0x0024, 0x0004, 0x0004, 0x0024,
    0x0003, 0x0003, 0x0003, 0x0003, 0x0003, 0x0003, 0x0003, 0x0003, 0x0003, 0x0003, 0x0003, 0x0003,
    0x0003, 0x0024, 0x0004, 0x0004, 0x0004, 0x0004, 0x0004, 0x0024, 0x0024, 0x0004, 0x0004, 0x0004,
    0x0004, 0x0004, 0x0004, 0x0004, 0x0004, 0x0004, 0x0024, 0x0004, 0x0024, 0x0024, 0x0024, 0x0024,
    0x0024, 0x0004, 0x0004, 0x0004, 0x0004, 0x0004, 0x0004, 0x0024, 0x0004, 0x0024, 0x0024, 0x0004,
    0x0024, 0x0024, 0x0024, 0x0003, 0x0845, 0x290A, 0x0886, 0x0886, 0x0886, 0x0886, 0x0886, 0x0886,
    0x0886, 0x0886, 0x0886, 0x0886, 0x0886, 0x0886, 0x0886, 0x0886, 0x0886, 0x0886, 0x0886, 0x0886,
    0x0886, 0x0886, 0x0886, 0x0886, 0x0887, 0x0886, 0x0886, 0x0886, 0x0886, 0x0886, 0x0886, 0x0886,
    0x0886, 0x0886, 0x0886, 0x0886, 0x0886, 0x0886, 0x0886, 0x0886, 0x0886, 0x0886, 0x0886, 0x0886,
    0x0886, 0x0886, 0x0886, 0x0886, 0x0886, 0x0886, 0x0886, 0x0886, 0x0886, 0x0886, 0x0886, 0x0886,
    0x0886, 0x0886, 0x0886, 0x0886, 0x0886, 0x0886, 0x0886, 0x0886, 0x0886, 0x0886, 0x0886, 0x0886,
    0x0886, 0x0886, 0x0886, 0x0886, 0x0886, 0x0886, 0x0886, 0x0886, 0x0886, 0x0886, 0x0886, 0x0886,
    0x0886, 0x0886, 0x0886, 0x0886, 0x0886, 0x0886, 0x0886, 0x0886, 0x0886, 0x0886, 0x0886, 0x0886,
    0x0887, 0x08A7, 0x08A7, 0x0887, 0x0886, 0x18E8, 0x314C, 0x318C, 0x18C7, 0x0003, 0x0024, 0x0024,
    0x0024, 0x0003, 0x0003, 0x0003, 0x0023, 0x0023, 0x0003, 0x0003, 0x0003, 0x0004, 0x0024, 0x0003,
    0x0003, 0x0003, 0x0003, 0x0003, 0x0003, 0x0023, 0x0024, 0x0024, 0x0003, 0x0004, 0x0004, 0x0004,
    0x0004, 0x0024, 0x0024, 0x0004, 0x0024, 0x0024, 0x0024, 0x0004, 0x0024, 0x0023, 0x0024, 0x0004,
    0x0004, 0x0003, 0x0003, 0x0004, 0x0004, 0x0004, 0x0004, 0x0004, 0x0024, 0x0024, 0x0024, 0x0024,
    0x0003, 0x0003, 0x0023, 0x0003, 0x0003, 0x0004, 0x0003, 0x0004, 0x0004, 0x0004, 0x0004, 0x0024,
    0x0003, 0x0004, 0x0004, 0x0024, 0x0024, 0x0004, 0x0004, 0x0024, 0x0004, 0x0003, 0x0003, 0x0003,
    0x0004, 0x0024, 0x0004, 0x0004, 0x0003, 0x0003, 0x0024, 0x0024, 0x0004, 0x0004, 0x0004, 0x0024,
    0x0024, 0x0024, 0x0024, 0x0004, 0x0003, 0x0004, 0x0004, 0x0004, 0x0003, 0x0004, 0x0003, 0x0003,
    0x0003, 0x0004, 0x0004, 0x0004, 0x0024, 0x0004, 0x0003, 0x0004, 0x0003, 0x0003, 0x0003, 0x0004,
    0x0003, 0x0003, 0x0004, 0x0024, 0x0003, 0x0003, 0x0003, 0x0003, 0x0003, 0x0003, 0x0004, 0x0003,
    0x0003, 0x0004, 0x0003, 0x0003, 0x0003, 0x0024, 0x0003, 0x0003, 0x0003, 0x0003, 0x0003, 0x0023,
    0x0024, 0x0004, 0x0004, 0x0024, 0x0003, 0x0004, 0x0004, 0x0003, 0x0004, 0x0004, 0x0004, 0x0024,
    0x0024, 0x0024, 0x0004, 0x0024, 0x0003, 0x0003, 0x0003, 0x0003, 0x0003, 0x0003, 0x0003, 0x0003,
    0x0003, 0x0003, 0x0003, 0x0003, 0x0003, 0x0003, 0x0003, 0x0024, 0x0004, 0x0003, 0x0003, 0x0003,
    0x0003, 0x0003, 0x0023, 0x0003, 0x0003, 0x0003, 0x0003, 0x0003, 0x0004, 0x0024, 0x0004, 0x0004,
    0x0004, 0x0004, 0x0024, 0x0004, 0x0024, 0x0004, 0x0004, 0x0024, 0x0004, 0x0004, 0x0024, 0x0024,
    0x0024, 0x0024, 0x0004, 0x0004, 0x0024, 0x0024, 0x0004, 0x0024, 0x0004, 0x0004, 0x0004, 0x0024,
    0x0004, 0x0004, 0x0004, 0x0004, 0x0024, 0x0004, 0x0004, 0x0024, 0x0004, 0x0024, 0x0003, 0x0844,
    0x20E9, 0x210A, 0x0886, 0x0886, 0x0886, 0x0886, 0x0886, 0x0886, 0x0886, 0x0886, 0x0886, 0x0886,
    0x0887, 0x10A7, 0x1087, 0x0866, 0x0066, 0x0066, 0x0066, 0x0866, 0x10A7, 0x0887, 0x0886, 0x0887,
    0x0887, 0x0886, 0x0886, 0x0886, 0x0886, 0x0886, 0x0887, 0x0886, 0x0887, 0x0886, 0x0886, 0x0886,
    0x0886, 0x0886, 0x0886, 0x0886, 0x0886, 0x0886, 0x0886, 0x0886, 0x0886, 0x0886, 0x0886, 0x0886,
    0x0886, 0x0886, 0x0886, 0x0886, 0x0886, 0x0886, 0x0886, 0x0886, 0x0886, 0x0886, 0x0886, 0x0886,
    0x0886, 0x0886, 0x0886, 0x0886, 0x0886, 0x0886, 0x0886, 0x0886, 0x0886, 0x0886, 0x0886, 0x0886,
    0x0886, 0x0886, 0x0887, 0x0887, 0x0886, 0x0886, 0x0886, 0x0886, 0x0886, 0x0886, 0x0886, 0x0886,
    0x0886, 0x0886, 0x0886, 0x0886, 0x0886, 0x0886, 0x0887, 0x0886, 0x0886, 0x0886, 0x0887, 0x0886,
    0x0887, 0x0886, 0x18E9, 0x294B, 0x316C, 0x1086, 0x0003, 0x0024, 0x0024, 0x0003, 0x0003, 0x0023,
    0x0024, 0x0023, 0x0003, 0x0003, 0x0004, 0x0004, 0x0003, 0x0003, 0x0003, 0x0003, 0x0003, 0x0003,
    0x0003, 0x0003, 0x0023, 0x0024, 0x0024, 0x0004, 0x0004, 0x0004, 0x0004, 0x0004, 0x0004, 0x0004,
    0x0024, 0x0004, 0x0024, 0x0024, 0x0024, 0x0024, 0x0004, 0x0003, 0x0004, 0x0004, 0x0024, 0x0024,
    0x0024, 0x0004, 0x0024, 0x0004, 0x0004, 0x0004, 0x0024, 0x0024, 0x0003, 0x0003, 0x0003, 0x0003,
    0x0003, 0x0003, 0x0004, 0x0004, 0x0004, 0x0004, 0x0004, 0x0003, 0x0004, 0x0003, 0x0004, 0x0024,
    0x0024, 0x0004, 0x0004, 0x0004, 0x0004, 0x0004, 0x0004, 0x0004, 0x0004, 0x0004, 0x0024, 0x0024,
    0x0003, 0x0004, 0x0004, 0x0004, 0x0004, 0x0003, 0x0003, 0x0024, 0x0024, 0x0024, 0x0024, 0x0024,
    0x0003, 0x0003, 0x0003, 0x0003, 0x0023, 0x0003, 0x0003, 0x0004, 0x0003, 0x0024, 0x0004, 0x0003,
    0x0024, 0x0004, 0x0023, 0x0024, 0x0003, 0x0003, 0x0003, 0x0003, 0x0003, 0x0004, 0x0004, 0x0024,
    0x0024, 0x0003, 0x0003, 0x0003, 0x0003, 0x0003, 0x0023, 0x0004, 0x0004, 0x0004, 0x0004, 0x0003,
    0x0003, 0x0003, 0x0003, 0x0023, 0x0003, 0x0003, 0x0003, 0x0024, 0x0024, 0x0024, 0x0024, 0x0024,
    0x0004, 0x0004, 0x0024, 0x0024, 0x0004, 0x0024, 0x0004, 0x0024, 0x0004, 0x0004, 0x0004, 0x0004,
    0x0003, 0x0003, 0x0024, 0x0024, 0x0004, 0x0003, 0x0003, 0x0004, 0x0004, 0x0004, 0x0004, 0x0004,
    0x0003, 0x0003, 0x0003, 0x0024, 0x0024, 0x0003, 0x0003, 0x0003, 0x0003, 0x0003, 0x0003, 0x0003,
    0x0003, 0x0003, 0x0003, 0x0003, 0x0004, 0x0004, 0x0004, 0x0024, 0x0024, 0x0004, 0x0024, 0x0004,
    0x0024, 0x0004, 0x0004, 0x0024, 0x0004, 0x0004, 0x0024, 0x0024, 0x0024, 0x0024, 0x0004, 0x0004,
    0x0004, 0x0024, 0x0024, 0x0024, 0x0004, 0x0004, 0x0003, 0x0024, 0x0004, 0x0004, 0x0003, 0x0004,
    0x0004, 0x0024, 0x0024, 0x0024, 0x0024, 0x0024, 0x0002, 0x18A7, 0x210A, 0x10A7, 0x0887, 0x0886,
    0x0886, 0x0886, 0x0886, 0x0886, 0x0886, 0x0886, 0x0887, 0x0887, 0x0886, 0x0065, 0x0066, 0x2109,
    0x2909, 0x2909, 0x2109, 0x10C7, 0x0065, 0x0886, 0x0887, 0x0887, 0x0887, 0x0886, 0x0886, 0x0886,
    0x0886, 0x0886, 0x0886, 0x0886, 0x0886, 0x0886, 0x0886, 0x0886, 0x0886, 0x0886, 0x0886, 0x0886,
    0x0886, 0x0886, 0x0886, 0x0887, 0x0886, 0x0886, 0x0886, 0x0886, 0x0886, 0x0886, 0x0886, 0x0886,
    0x0886, 0x0886, 0x0886, 0x0886, 0x0886, 0x0886, 0x0886, 0x0886, 0x0886, 0x0886, 0x0886, 0x0886,
    0x0886, 0x0886, 0x0886, 0x0886, 0x0886, 0x0886, 0x0886, 0x0886, 0x0886, 0x0886, 0x0887, 0x0886,
    0x0886, 0x0886, 0x0886, 0x0886, 0x0886, 0x0886, 0x0886, 0x0886, 0x0886, 0x0886, 0x0886, 0x0886,
    0x0886, 0x0886, 0x0886, 0x0886, 0x0886, 0x0886, 0x0886, 0x0886, 0x0886, 0x0887, 0x0886, 0x10A7,
    0x292B, 0x294B, 0x1066, 0x0003, 0x0004, 0x0024, 0x0024, 0x0003, 0x0003, 0x0003, 0x0003, 0x0003,
    0x0004, 0x0004, 0x0003, 0x0004, 0x0024, 0x0004, 0x0003, 0x0003, 0x0003, 0x0004, 0x0004, 0x0024,
    0x0024, 0x0004, 0x0004, 0x0004, 0x0004, 0x0004, 0x0024, 0x0004, 0x0004, 0x0004, 0x0004, 0x0024,
    0x0004, 0x0004, 0x0003, 0x0004, 0x0004, 0x0024, 0x0024, 0x0024, 0x0004, 0x0004, 0x0024, 0x0004,
    0x0003, 0x0004, 0x0004, 0x0004, 0x0004, 0x0003, 0x0003, 0x0003, 0x0003, 0x0004, 0x0004, 0x0004,
    0x0004, 0x0004, 0x0024, 0x0004, 0x0004, 0x0004, 0x0004, 0x0004, 0x0024, 0x0004, 0x0004, 0x0004,
    0x0004, 0x0003, 0x0004, 0x0024, 0x0004, 0x0004, 0x0004, 0x0004, 0x0004, 0x0004, 0x0024, 0x0024,
    0x0004, 0x0004, 0x0004, 0x0024, 0x0024, 0x0004, 0x0003, 0x0003, 0x0024, 0x0024, 0x0003, 0x0003,
    0x0003, 0x0003, 0x0024, 0x0024, 0x0003, 0x0003, 0x0003, 0x0003, 0x0003, 0x0003, 0x0003, 0x0003,
    0x0003, 0x0003, 0x0003, 0x0003, 0x0003, 0x0004, 0x0024, 0x0004, 0x0004, 0x0004, 0x0003, 0x0004,
    0x0003, 0x0003, 0x0003, 0x0003, 0x0003, 0x0024, 0x0024, 0x0004, 0x0024, 0x0004, 0x0003, 0x0003,
    0x0003, 0x0003, 0x0004, 0x0023, 0x0024, 0x0024, 0x0024, 0x0024, 0x0004, 0x0004, 0x0004, 0x0024,
    0x0024, 0x0024, 0x0024, 0x0024, 0x0004, 0x0024, 0x0004, 0x0003, 0x0003, 0x0003, 0x0003, 0x0024,
    0x0003, 0x0004, 0x0024, 0x0024, 0x0004, 0x0004, 0x0004, 0x0024, 0x0004, 0x0004, 0x0003, 0x0003,
    0x0004, 0x0003, 0x0003, 0x0003, 0x0003, 0x0004, 0x0003, 0x0003, 0x0003, 0x0003, 0x0003, 0x0003,
    0x0003, 0x0004, 0x0024, 0x0024, 0x0004, 0x0004, 0x0004, 0x0024, 0x0024, 0x0004, 0x0024, 0x0024,
    0x0024, 0x0004, 0x0024, 0x0004, 0x0024, 0x0024, 0x0024, 0x0024, 0x0024, 0x0024, 0x0024, 0x0004,
    0x0003, 0x0004, 0x0004, 0x0004, 0x0004, 0x0004, 0x0004, 0x0003, 0x0004, 0x0004, 0x0004, 0x0024,
    0x0024, 0x0024, 0x10A7, 0x20E9, 0x10A7, 0x0886, 0x0887, 0x0886, 0x0886, 0x0886, 0x0886, 0x0886,
    0x0886, 0x0886, 0x10A7, 0x0066, 0x10A7, 0x49EE, 0x7AB3, 0x9B37, 0x9338, 0x9B58, 0x9337, 0x7295,
    0x51F0, 0x292B, 0x0887, 0x0887, 0x10A7, 0x0886, 0x0886, 0x0886, 0x0886, 0x0886, 0x0886, 0x0886,
    0x0886, 0x0886, 0x0886, 0x0886, 0x0886, 0x0886, 0x0886, 0x0886, 0x0886, 0x0886, 0x0886, 0x0886,
    0x0887, 0x0886, 0x0886, 0x0886, 0x0886, 0x0886, 0x0886, 0x0886, 0x0886, 0x0886, 0x0886, 0x0886,
    0x0886, 0x0886, 0x0886, 0x0886, 0x0886, 0x0886, 0x0886, 0x0886, 0x0886, 0x0886, 0x0886, 0x0886,
    0x0886, 0x0886, 0x0886, 0x0886, 0x0886, 0x0886, 0x0886, 0x0886, 0x0886, 0x0886, 0x0886, 0x0886,
    0x0886, 0x0886, 0x0886, 0x0886, 0x0887, 0x0886, 0x0886, 0x0886, 0x0886, 0x0886, 0x0886, 0x0886,
    0x0886, 0x0886, 0x0886, 0x0886, 0x0886, 0x0886, 0x0887, 0x0886, 0x18C8, 0x316C, 0x18E8, 0x0003,
    0x0024, 0x0004, 0x0003, 0x0003, 0x0003, 0x0003, 0x0003, 0x0003, 0x0004, 0x0004, 0x0003, 0x0003,
    0x0003, 0x0003, 0x0003, 0x0003, 0x0003, 0x0003, 0x0004, 0x0004, 0x0004, 0x0004, 0x0004, 0x0003,
    0x0004, 0x0024, 0x0004, 0x0004, 0x0004, 0x0004, 0x0004, 0x0004, 0x0024, 0x0024, 0x0004, 0x0004,
    0x0024, 0x0024, 0x0004, 0x0024, 0x0024, 0x0004, 0x0004, 0x0003, 0x0004, 0x0004, 0x0004, 0x0003,
    0x0003, 0x0003, 0x0003, 0x0003, 0x0003, 0x0003, 0x0003, 0x0003, 0x0004, 0x0004, 0x0004, 0x0024,
    0x0004, 0x0004, 0x0024, 0x0004, 0x0004, 0x0004, 0x0003, 0x0004, 0x0004, 0x0003, 0x0004, 0x0024,
    0x0004, 0x0024, 0x0004, 0x0004, 0x0004, 0x0024, 0x0004, 0x0004, 0x0004, 0x0004, 0x0004, 0x0004,
    0x0024, 0x0024, 0x0004, 0x0003, 0x0023, 0x0024, 0x0003, 0x0003, 0x0003, 0x0003, 0x0024, 0x0023,
    0x0024, 0x1087, 0x0024, 0x0003, 0x0003, 0x0004, 0x0003, 0x0003, 0x0003, 0x0003, 0x0003, 0x0003,
    0x0003, 0x0003, 0x0004, 0x0004, 0x0004, 0x0003, 0x0003, 0x0004, 0x0004, 0x0003, 0x0003, 0x0003,
    0x0004, 0x0004, 0x0004, 0x0004, 0x0024, 0x0004, 0x0003, 0x0003, 0x0003, 0x0003, 0x0003, 0x0024,
    0x0003, 0x0004, 0x0024, 0x0024, 0x0004, 0x0004, 0x0004, 0x0004, 0x0004, 0x0024, 0x0024, 0x0003,
    0x0004, 0x0004, 0x0003, 0x0003, 0x0003, 0x0003, 0x0003, 0x0003, 0x0003, 0x0004, 0x0024, 0x0004,
    0x0024, 0x0004, 0x0024, 0x0024, 0x0004, 0x0004, 0x0003, 0x0003, 0x0003, 0x0004, 0x0004, 0x0004,
    0x0003, 0x0024, 0x0004, 0x0004, 0x0004, 0x0003, 0x0003, 0x0003, 0x0003, 0x0024, 0x0004, 0x0024,
    0x0004, 0x0004, 0x0024, 0x0004, 0x0004, 0x0004, 0x0024, 0x0024, 0x0024, 0x0004, 0x0004, 0x0004,
    0x0004, 0x0024, 0x0004, 0x0004, 0x0024, 0x0024, 0x0024, 0x0004, 0x0004, 0x0003, 0x0004, 0x0004,
    0x0004, 0x0004, 0x0004, 0x0003, 0x0004, 0x0023, 0x0024, 0x0024, 0x0024, 0x0003, 0x20E9, 0x20E9,
    0x0886, 0x0886, 0x0886, 0x0886, 0x0886, 0x0886, 0x0886, 0x0886, 0x0886, 0x0886, 0x0065, 0x41CD,
    0xABF8, 0xD4FC, 0xABFA, 0x9338, 0x7AB6, 0x72B6, 0x7AB7, 0x82F7, 0x8318, 0x6A76, 0x5A12, 0x18C8,
    0x0866, 0x0887, 0x0886, 0x0886, 0x0886, 0x0886, 0x0886, 0x0886, 0x0886, 0x0886, 0x0886, 0x0886,
    0x0886, 0x0886, 0x0886, 0x0886, 0x0886, 0x0886, 0x0886, 0x0887, 0x0887, 0x0886, 0x0886, 0x0886,
    0x0886, 0x0886, 0x0886, 0x0886, 0x0886, 0x0886, 0x0886, 0x0886, 0x0886, 0x0886, 0x0886, 0x0886,
    0x0886, 0x0886, 0x0886, 0x0886, 0x0886, 0x0886, 0x0886, 0x0886, 0x0886, 0x0886, 0x0886, 0x0886,
    0x0886, 0x0886, 0x0886, 0x0887, 0x0886, 0x0886, 0x0886, 0x0886, 0x0887, 0x0887, 0x0886, 0x0886,
    0x0886, 0x0886, 0x0886, 0x0886, 0x0887, 0x0887, 0x0886, 0x0886, 0x0886, 0x0886, 0x0886, 0x0886,
    0x0886, 0x0886, 0x0886, 0x0887, 0x0886, 0x20E9, 0x294B, 0x1086, 0x0003, 0x0024, 0x0003, 0x0003,
    0x0003, 0x0003, 0x0003, 0x0003, 0x0004, 0x0004, 0x0004, 0x0003, 0x0003, 0x0003, 0x0003, 0x0003,
    0x0003, 0x0003, 0x0003, 0x0023, 0x0024, 0x0004, 0x0004, 0x0003, 0x0003, 0x0024, 0x0003, 0x0004,
    0x0024, 0x0024, 0x0004, 0x0004, 0x0004, 0x0024, 0x0004, 0x0004, 0x0024, 0x0024, 0x0004, 0x0024,
    0x0004, 0x0004, 0x0003, 0x0003, 0x0003, 0x0003, 0x0003, 0x0003, 0x0003, 0x0003, 0x0003, 0x0003,
    0x0003, 0x0003, 0x0003, 0x0003, 0x0003, 0x0003, 0x0024, 0x0004, 0x0003, 0x0004, 0x0024, 0x0004,
    0x0004, 0x0004, 0x0004, 0x0004, 0x0003, 0x0024, 0x0004, 0x0004, 0x0004, 0x0024, 0x0004, 0x0004,
    0x0024, 0x0024, 0x0004, 0x0004, 0x0004, 0x0024, 0x0024, 0x0024, 0x0004, 0x0003, 0x0004, 0x0003,
    0x0003, 0x0003, 0x0003, 0x0003, 0x0003, 0x0003, 0x0004, 0x0023, 0x0023, 0x0024, 0x0024, 0x0003,
    0x0004, 0x0024, 0x0024, 0x0024, 0x0003, 0x0003, 0x0003, 0x0003, 0x0003, 0x0003, 0x0003, 0x0024,
    0x0004, 0x0003, 0x0003, 0x0024, 0x0024, 0x0004, 0x0003, 0x0003, 0x0004, 0x0004, 0x0023, 0x0003,
    0x0003, 0x0003, 0x0003, 0x0004, 0x0003, 0x0023, 0x0003, 0x0003, 0x0003, 0x0024, 0x0024, 0x0024,
    0x0004, 0x0004, 0x0024, 0x0024, 0x0004, 0x0024, 0x0004, 0x0004, 0x0004, 0x0004, 0x0003, 0x0003,
    0x0003, 0x0003, 0x0004, 0x0004, 0x0024, 0x0004, 0x0003, 0x0004, 0x0004, 0x0024, 0x0024, 0x0004,
    0x0004, 0x0003, 0x0003, 0x0003, 0x0003, 0x0003, 0x0004, 0x0024, 0x0023, 0x0003, 0x0024, 0x0024,
    0x0004, 0x0004, 0x0003, 0x0003, 0x0003, 0x0004, 0x0004, 0x0003, 0x0004, 0x0024, 0x0024, 0x0024,
    0x0004, 0x0004, 0x0024, 0x0004, 0x0024, 0x0024, 0x0004, 0x0004, 0x0004, 0x0004, 0x0003, 0x0004,
    0x0024, 0x0004, 0x0004, 0x0003, 0x0003, 0x0003, 0x0004, 0x0004, 0x0003, 0x0004, 0x0004, 0x0003,
    0x0004, 0x0004, 0x0023, 0x0024, 0x0003, 0x1086, 0x292B, 0x18C9, 0x0886, 0x0886, 0x0886, 0x0886,
    0x0886, 0x0886, 0x0886, 0x0887, 0x0887, 0x0045, 0x6210, 0xC43C, 0xE53A, 0xDD39, 0xCCDB, 0xA3D9,
    0x8317, 0x7AF7, 0x82F7, 0x7AF6, 0x8317, 0x72B5, 0x6255, 0x5A33, 0x18E9, 0x0886, 0x1087, 0x0886,
    0x0886, 0x0886, 0x0886, 0x0886, 0x0886, 0x0886, 0x0886, 0x0886, 0x0886, 0x0887, 0x0886, 0x0886,
    0x0886, 0x0886, 0x0886, 0x0886, 0x0886, 0x0886, 0x0886, 0x0886, 0x0886, 0x0887, 0x0886, 0x0886,
    0x0886, 0x0886, 0x0886, 0x0886, 0x0886, 0x0886, 0x0886, 0x0886, 0x0886, 0x0886, 0x0886, 0x0886,
    0x0886, 0x0886, 0x0886, 0x0886, 0x0886, 0x0886, 0x0886, 0x0887, 0x0887, 0x0887, 0x0887, 0x0887,
    0x0886, 0x0886, 0x0886, 0x0886, 0x0886, 0x0887, 0x0887, 0x0886, 0x0886, 0x0886, 0x0886, 0x0886,
    0x0887, 0x0886, 0x0887, 0x0886, 0x0886, 0x0886, 0x0886, 0x0886, 0x0886, 0x0886, 0x0886, 0x0886,
    0x0887, 0x0886, 0x210A, 0x18C8, 0x0003, 0x0024, 0x0024, 0x0024, 0x0003, 0x0003, 0x0003, 0x0003,
    0x0003, 0x0004, 0x0004, 0x0004, 0x0004, 0x0003, 0x0004, 0x0003, 0x0003, 0x0003, 0x0003, 0x0004,
    0x0004, 0x0024, 0x0003, 0x0003, 0x0003, 0x0004, 0x0004, 0x0004, 0x0004, 0x0024, 0x0024, 0x0004,
    0x0004, 0x0024, 0x0004, 0x0024, 0x0024, 0x0004, 0x0024, 0x0024, 0x0004, 0x0003, 0x0003, 0x0003,
    0x0003, 0x0003, 0x0004, 0x0004, 0x0003, 0x0003, 0x0003, 0x0003, 0x0003, 0x0003, 0x0003, 0x0003,
    0x0003, 0x0003, 0x0004, 0x0024, 0x0003, 0x0024, 0x0024, 0x0004, 0x0004, 0x0024, 0x0004, 0x0004,
    0x0004, 0x0024, 0x0004, 0x0004, 0x0004, 0x0004, 0x0004, 0x0024, 0x0004, 0x0004, 0x0024, 0x0024,
    0x0024, 0x0004, 0x0004, 0x0024, 0x0004, 0x0004, 0x0004, 0x0003, 0x0003, 0x0003, 0x0003, 0x0003,
    0x0004, 0x0004, 0x0024, 0x0024, 0x0003, 0x0003, 0x0023, 0x0004, 0x0024, 0x0003, 0x0002, 0x0003,
    0x0004, 0x0003, 0x0003, 0x0004, 0x0004, 0x0004, 0x0003, 0x0004, 0x0004, 0x0004, 0x0004, 0x0003,
    0x0003, 0x0003, 0x0004, 0x0004, 0x0003, 0x0004, 0x0024, 0x0024, 0x0003, 0x0003, 0x0024, 0x0003,
    0x0003, 0x0004, 0x0003, 0x0004, 0x0003, 0x0004, 0x0024, 0x0024, 0x0024, 0x0004, 0x0004, 0x0024,
    0x0024, 0x0024, 0x0024, 0x0024, 0x0004, 0x0004, 0x0003, 0x0003, 0x0003, 0x0003, 0x0024, 0x0024,
    0x0004, 0x0024, 0x0024, 0x0004, 0x0004, 0x0004, 0x0004, 0x0004, 0x0003, 0x0003, 0x0003, 0x0003,
    0x0004, 0x0003, 0x0003, 0x0024, 0x0002, 0x416C, 0x0825, 0x0004, 0x0024, 0x0004, 0x0024, 0x0004,
    0x0003, 0x0004, 0x0003, 0x0004, 0x0004, 0x0004, 0x0004, 0x0024, 0x0024, 0x0024, 0x0024, 0x0003,
    0x0004, 0x0024, 0x0024, 0x0004, 0x0004, 0x0003, 0x0003, 0x0004, 0x0004, 0x0004, 0x0004, 0x0024,
    0x0003, 0x0023, 0x0024, 0x0004, 0x0003, 0x0024, 0x0004, 0x0003, 0x0004, 0x0024, 0x0024, 0x0024,
    0x0002, 0x18A7, 0x20EA, 0x10A7, 0x08A7, 0x0886, 0x0886, 0x0886, 0x0886, 0x0886, 0x0886, 0x10A7,
    0x0886, 0x5A30, 0xCC7C, 0xE558, 0xF5B6, 0xE4FA, 0xC47B, 0x8B57, 0x8B37, 0x8317, 0x8317, 0x7AF6,
    0x7AD7, 0x7AD7, 0x6213, 0x6234, 0x51D2, 0x18C9, 0x0887, 0x0887, 0x0886, 0x0886, 0x0886, 0x0886,
    0x0886, 0x0886, 0x0886, 0x0886, 0x0886, 0x0887, 0x0886, 0x0887, 0x0886, 0x0886, 0x0887, 0x0886,
    0x0886, 0x0886, 0x0886, 0x0886, 0x0886, 0x0886, 0x0886, 0x0886, 0x0886, 0x0886, 0x0886, 0x0886,
    0x0886, 0x0886, 0x0886, 0x0886, 0x0886, 0x0886, 0x0886, 0x0886, 0x0886, 0x0886, 0x0886, 0x0886,
    0x0886, 0x0886, 0x0886, 0x0886, 0x0886, 0x0886, 0x0887, 0x0887, 0x0886, 0x0886, 0x0886, 0x0886,
    0x0886, 0x0887, 0x0887, 0x0886, 0x0886, 0x0886, 0x0886, 0x0886, 0x0887, 0x0886, 0x0886, 0x0886,
    0x0886, 0x0886, 0x0886, 0x0886, 0x0886, 0x0886, 0x0886, 0x0886, 0x0886, 0x0886, 0x18C8, 0x294B,
    0x0866, 0x0003, 0x0004, 0x0003, 0x0003, 0x0003, 0x0003, 0x0003, 0x0003, 0x0003, 0x0003, 0x0003,
    0x0003, 0x0024, 0x0023, 0x0024, 0x0003, 0x0003, 0x0003, 0x0004, 0x0004, 0x0004, 0x0003, 0x0003,
    0x0003, 0x0004, 0x0004, 0x0004, 0x0024, 0x0004, 0x0004, 0x0004, 0x0024, 0x0004, 0x0024, 0x0024,
    0x0024, 0x0004, 0x0004, 0x0004, 0x0003, 0x0003, 0x0003, 0x0003, 0x0003, 0x0003, 0x0003, 0x0003,
    0x0003, 0x0003, 0x0003, 0x0003, 0x0003, 0x0003, 0x0003, 0x0003, 0x0003, 0x0024, 0x0003, 0x0004,
    0x0003, 0x0024, 0x0004, 0x0004, 0x0004, 0x0024, 0x0004, 0x0004, 0x0004, 0x0004, 0x0004, 0x0004,
    0x0004, 0x0024, 0x0024, 0x0024, 0x0004, 0x0004, 0x0004, 0x0004, 0x0004, 0x0004, 0x0004, 0x0004,
    0x0003, 0x0003, 0x0004, 0x0004, 0x0003, 0x0003, 0x0004, 0x0004, 0x0004, 0x0024, 0x0024, 0x0024,
    0x0003, 0x0024, 0x0004, 0x0023, 0x0003, 0x1064, 0x826B, 0x61E9, 0x0003, 0x0024, 0x0003, 0x0004,
    0x0004, 0x0004, 0x0004, 0x0004, 0x0003, 0x0003, 0x0003, 0x0003, 0x0024, 0x0004, 0x0004, 0x0024,
    0x0004, 0x0024, 0x0024, 0x0024, 0x0004, 0x0003, 0x0024, 0x0003, 0x0003, 0x0024, 0x0003, 0x0004,
    0x0024, 0x0004, 0x0004, 0x0004, 0x0004, 0x0004, 0x0003, 0x0024, 0x0004, 0x0024, 0x0024, 0x0024,
    0x0024, 0x0024, 0x0004, 0x0003, 0x0003, 0x0004, 0x0024, 0x0004, 0x0004, 0x0024, 0x0024, 0x0024,
    0x0024, 0x0004, 0x0004, 0x0004, 0x0003, 0x0003, 0x0003, 0x0003, 0x0003, 0x0003, 0x0023, 0x0002,
    0x396B, 0xAC7B, 0x51EE, 0x0002, 0x0003, 0x0024, 0x0024, 0x0004, 0x0003, 0x0003, 0x0003, 0x0024,
    0x0004, 0x0024, 0x0024, 0x0004, 0x0004, 0x0003, 0x0004, 0x0003, 0x0004, 0x0024, 0x0024, 0x0004,
    0x0004, 0x0003, 0x0004, 0x0004, 0x0004, 0x0024, 0x0004, 0x0024, 0x0024, 0x0024, 0x0024, 0x0024,
    0x0023, 0x0024, 0x0003, 0x0003, 0x0004, 0x0004, 0x0004, 0x0024, 0x0044, 0x20C8, 0x18C8, 0x0866,
    0x0886, 0x0886, 0x0886, 0x0886, 0x0886, 0x0886, 0x08A7, 0x0066, 0x316A, 0xBC9C, 0xE579, 0xF5F6,
    0xE519, 0xD47B, 0x8AF7, 0x7AD7, 0x8B17, 0x8317, 0x8B37, 0x6254, 0x51D2, 0x7AB6, 0x7AB6, 0x6254,
    0x51D3, 0x3970, 0x0887, 0x0887, 0x0886, 0x0886, 0x0887, 0x0886, 0x0886, 0x0886, 0x0886, 0x0886,
    0x0886, 0x0886, 0x0886, 0x0886, 0x0887, 0x0887, 0x0886, 0x0886, 0x0886, 0x0886, 0x0886, 0x0886,
    0x0886, 0x0886, 0x0886, 0x0886, 0x0886, 0x0886, 0x0886, 0x0886, 0x0886, 0x0887, 0x0886, 0x0886,
    0x0886, 0x0886, 0x0886, 0x0886, 0x0886, 0x0886, 0x0886, 0x0886, 0x0886, 0x0886, 0x0886, 0x0886,
    0x0886, 0x0886, 0x0886, 0x0886, 0x0886, 0x0886, 0x0886, 0x0886, 0x0886, 0x0886, 0x0887, 0x0887,
    0x0886, 0x0886, 0x0886, 0x0887, 0x0886, 0x0886, 0x0886, 0x0886, 0x0886, 0x0886, 0x0886, 0x0886,
    0x0886, 0x0886, 0x0886, 0x0886, 0x0886, 0x0886, 0x18C8, 0x316C, 0x10A7, 0x0003, 0x0024, 0x0003,
    0x0003, 0x0003, 0x0003, 0x0003, 0x0003, 0x0003, 0x0003, 0x0003, 0x0003, 0x0003, 0x0003, 0x0023,
    0x0024, 0x0004, 0x0003, 0x0003, 0x0004, 0x0024, 0x0004, 0x0003, 0x0003, 0x0004, 0x0004, 0x0004,
    0x0024, 0x0024, 0x0024, 0x0024, 0x0024, 0x0004, 0x0003, 0x0024, 0x0004, 0x0004, 0x0004, 0x0024,
    0x0003, 0x0003, 0x0003, 0x0003, 0x0003, 0x0003, 0x0003, 0x0004, 0x0004, 0x0004, 0x0003, 0x0003,
    0x0003, 0x0003, 0x0003, 0x0003, 0x0003, 0x0023, 0x0024, 0x0024, 0x0024, 0x0024, 0x0004, 0x0024,
    0x0024, 0x0024, 0x0024, 0x0024, 0x0024, 0x0004, 0x0004, 0x0004, 0x0004, 0x0004, 0x0004, 0x0004,
    0x0024, 0x0024, 0x0004, 0x0024, 0x0024, 0x0004, 0x0024, 0x0024, 0x0004, 0x0004, 0x0003, 0x0004,
    0x0024, 0x0004, 0x0003, 0x0003, 0x0004, 0x0004, 0x0004, 0x0024, 0x0003, 0x0023, 0x0003, 0x0024,
    0x0003, 0x20C5, 0xFD35, 0xCBF0, 0x0003, 0x0024, 0x0024, 0x0004, 0x0024, 0x0024, 0x0004, 0x0024,
    0x0004, 0x0003, 0x0004, 0x0004, 0x0003, 0x0024, 0x0003, 0x0023, 0x0004, 0x0004, 0x0024, 0x0024,
    0x0004, 0x0023, 0x0004, 0x0003, 0x0003, 0x0003, 0x0003, 0x0003, 0x0023, 0x0024, 0x0024, 0x0003,
    0x0024, 0x0024, 0x0004, 0x0004, 0x0024, 0x0024, 0x0024, 0x0024, 0x0024, 0x0004, 0x0004, 0x0004,
    0x0004, 0x0003, 0x0004, 0x0004, 0x0004, 0x0004, 0x0024, 0x0024, 0x0024, 0x0024, 0x0004, 0x0004,
    0x0003, 0x0003, 0x0003, 0x0003, 0x0003, 0x0023, 0x0003, 0x49AC, 0xB47B, 0xCD5E, 0xBCBC, 0x6A51,
    0x0845, 0x0003, 0x0024, 0x0003, 0x0003, 0x0003, 0x0004, 0x0004, 0x0004, 0x0004, 0x0024, 0x0004,
    0x0024, 0x0004, 0x0003, 0x0003, 0x0004, 0x0024, 0x0024, 0x0024, 0x0004, 0x0003, 0x0024, 0x0004,
    0x0004, 0x0024, 0x0004, 0x0024, 0x0024, 0x0024, 0x0024, 0x0024, 0x0003, 0x0024, 0x0003, 0x0003,
    0x0003, 0x0003, 0x0024, 0x0003, 0x18C8, 0x292B, 0x10A7, 0x0866, 0x0886, 0x0886, 0x0886, 0x0886,
    0x0886, 0x0886, 0x0886, 0x0065, 0x7AD3, 0xA3DA, 0xBC9A, 0xE53B, 0xCC7B, 0x9B78, 0x7AB6, 0x9338,
    0x82F7, 0x7AF7, 0x6274, 0x51F3, 0x6234, 0x6233, 0x8B18, 0x7296, 0x49B2, 0x4991, 0x20EA, 0x0886,
    0x0886, 0x10A7, 0x0866, 0x0886, 0x10A7, 0x0886, 0x0886, 0x0886, 0x0886, 0x0886, 0x0886, 0x0886,
    0x0886, 0x0887, 0x0886, 0x0886, 0x0887, 0x0886, 0x0886, 0x0886, 0x0886, 0x0886, 0x0886, 0x0886,
    0x0886, 0x0886, 0x0886, 0x0886, 0x0886, 0x0886, 0x0886, 0x0886, 0x0886, 0x0886, 0x0886, 0x0886,
    0x0886, 0x0886, 0x0886, 0x0886, 0x0886, 0x0886, 0x0886, 0x0886, 0x0886, 0x0886, 0x0886, 0x0887,
    0x0886, 0x0886, 0x0886, 0x0886, 0x0886, 0x0886, 0x0886, 0x0886, 0x0886, 0x0886, 0x0886, 0x0887,
    0x0887, 0x0886, 0x0887, 0x0886, 0x0886, 0x0886, 0x0886, 0x0886, 0x0886, 0x0886, 0x0886, 0x0886,
    0x0886, 0x0887, 0x10A7, 0x292B, 0x10A7, 0x0003, 0x0024, 0x0024, 0x0003, 0x0003, 0x0003, 0x0003,
    0x0003, 0x0003, 0x0024, 0x0003, 0x0004, 0x0003, 0x0003, 0x0003, 0x0004, 0x0004, 0x0024, 0x0024,
    0x0004, 0x0003, 0x0004, 0x0003, 0x0003, 0x0003, 0x0004, 0x0004, 0x0004, 0x0004, 0x0004, 0x0024,
    0x0004, 0x0003, 0x0003, 0x0024, 0x0004, 0x0024, 0x0004, 0x0004, 0x0003, 0x0003, 0x0003, 0x0003,
    0x0003, 0x0003, 0x0003, 0x0004, 0x0004, 0x0023, 0x0003, 0x0004, 0x0023, 0x0003, 0x0003, 0x0003,
    0x0003, 0x0003, 0x0004, 0x0004, 0x0004, 0x0004, 0x0004, 0x0024, 0x0024, 0x0024, 0x0024, 0x0024,
    0x0024, 0x0004, 0x0024, 0x0003, 0x0024, 0x0024, 0x0024, 0x0004, 0x0004, 0x0024, 0x0024, 0x0004,
    0x0004, 0x0003, 0x0003, 0x0004, 0x0004, 0x0004, 0x0003, 0x0004, 0x0004, 0x0024, 0x0004, 0x0004,
    0x0003, 0x0004, 0x0003, 0x0003, 0x0004, 0x0024, 0x0024, 0x0004, 0x0024, 0x0844, 0x4147, 0x3106,
    0x0003, 0x0024, 0x0024, 0x0004, 0x0004, 0x0002, 0x0003, 0x0024, 0x0003, 0x0024, 0x0024, 0x0003,
    0x0003, 0x0004, 0x0003, 0x0003, 0x0003, 0x0004, 0x0024, 0x0024, 0x0003, 0x0024, 0x0003, 0x0004,
    0x0024, 0x0004, 0x0004, 0x0003, 0x0004, 0x0003, 0x0003, 0x0004, 0x0003, 0x0004, 0x0024, 0x0004,
    0x0024, 0x0004, 0x0024, 0x0004, 0x0024, 0x0024, 0x0004, 0x0004, 0x0004, 0x0003, 0x0003, 0x0004,
    0x0004, 0x0024, 0x0024, 0x0024, 0x0024, 0x0024, 0x0004, 0x0004, 0x0003, 0x0003, 0x0003, 0x0003,
    0x0003, 0x0024, 0x0023, 0x18C7, 0x520E, 0xB49C, 0x8335, 0x2909, 0x0044, 0x0003, 0x0004, 0x0003,
    0x0003, 0x0003, 0x0003, 0x0003, 0x0004, 0x0004, 0x0024, 0x0004, 0x0024, 0x0004, 0x0004, 0x0024,
    0x0004, 0x0003, 0x0003, 0x0004, 0x0024, 0x0024, 0x0004, 0x0004, 0x0004, 0x0004, 0x0024, 0x0024,
    0x0024, 0x0024, 0x0024, 0x0024, 0x0004, 0x0003, 0x0003, 0x0003, 0x0003, 0x0003, 0x0004, 0x0003,
    0x1086, 0x212B, 0x0886, 0x0886, 0x0886, 0x0886, 0x0886, 0x0886, 0x0886, 0x10A7, 0x0886, 0x18E8,
    0x9B78, 0x8317, 0x8B38, 0x9BB9, 0x9378, 0x8B37, 0x9358, 0x82F7, 0x7AD6, 0x8317, 0x5A13, 0x6234,
    0x72B6, 0x6234, 0x8317, 0x6254, 0x4171, 0x4991, 0x312E, 0x0886, 0x10A7, 0x0004, 0x526E, 0x39AB,
    0x0025, 0x10A7, 0x0886, 0x0886, 0x0886, 0x0886, 0x0886, 0x0886, 0x0886, 0x0886, 0x0886, 0x0887,
    0x0887, 0x0886, 0x0886, 0x0886, 0x0886, 0x0886, 0x0886, 0x0886, 0x0886, 0x0886, 0x0886, 0x0886,
    0x0886, 0x0886, 0x0886, 0x0886, 0x0886, 0x0886, 0x0886, 0x0886, 0x0886, 0x0886, 0x0886, 0x0886,
    0x0886, 0x0886, 0x0886, 0x0886, 0x0886, 0x0886, 0x0887, 0x0886, 0x0886, 0x0886, 0x0886, 0x0886,
    0x0886, 0x0886, 0x0886, 0x0886, 0x0886, 0x0886, 0x0887, 0x0886, 0x0887, 0x0887, 0x0887, 0x0886,
    0x0886, 0x0886, 0x0886, 0x0886, 0x0886, 0x0886, 0x0886, 0x0886, 0x0887, 0x0887, 0x0866, 0x18E8,
    0x210A, 0x0866, 0x0004, 0x0024, 0x0003, 0x0003, 0x0003, 0x0003, 0x0003, 0x0004, 0x0003, 0x0003,
    0x0024, 0x0004, 0x0003, 0x0003, 0x0004, 0x0004, 0x0024, 0x0004, 0x0024, 0x0024, 0x0003, 0x0003,
    0x0003, 0x0003, 0x0004, 0x0024, 0x0004, 0x0004, 0x0003, 0x0003, 0x0003, 0x0024, 0x0024, 0x0004,
    0x0004, 0x0004, 0x0004, 0x0003, 0x0004, 0x0003, 0x0003, 0x0003, 0x0003, 0x0003, 0x0003, 0x0003,
    0x0003, 0x0023, 0x0004, 0x0003, 0x0003, 0x0024, 0x0003, 0x0003, 0x0003, 0x0004, 0x0004, 0x0004,
    0x0024, 0x0003, 0x0004, 0x0024, 0x0004, 0x0024, 0x0024, 0x0003, 0x0003, 0x0004, 0x0003, 0x0004,
    0x0024, 0x0004, 0x0024, 0x0024, 0x0024, 0x0004, 0x0004, 0x0024, 0x0004, 0x0003, 0x0004, 0x0003,
    0x0004, 0x0004, 0x0004, 0x0003, 0x0003, 0x0024, 0x0004, 0x0003, 0x0023, 0x0003, 0x0003, 0x0003,
    0x0003, 0x0004, 0x0024, 0x0024, 0x0024, 0x0003, 0x0003, 0x0003, 0x0003, 0x0024, 0x0024, 0x0004,
    0x0844, 0x6229, 0x1064, 0x0003, 0x0004, 0x0003, 0x0003, 0x0024, 0x0004, 0x0003, 0x0024, 0x0003,
    0x0003, 0x0004, 0x0003, 0x0004, 0x0003, 0x0003, 0x0003, 0x0003, 0x0003, 0x0003, 0x0004, 0x0004,
    0x0003, 0x0003, 0x0003, 0x0003, 0x0003, 0x0003, 0x0004, 0x0004, 0x0003, 0x0003, 0x0003, 0x0024,
    0x0024, 0x0004, 0x0004, 0x0004, 0x0004, 0x0024, 0x0004, 0x0004, 0x0004, 0x0024, 0x0024, 0x0004,
    0x0004, 0x0004, 0x0024, 0x0004, 0x0004, 0x0003, 0x0003, 0x0003, 0x0003, 0x0023, 0x0004, 0x0003,
    0x0002, 0x72B3, 0x1887, 0x0002, 0x0004, 0x0003, 0x0003, 0x0004, 0x0003, 0x0003, 0x0003, 0x0003,
    0x0024, 0x0004, 0x0004, 0x0024, 0x0004, 0x0024, 0x0004, 0x0024, 0x0024, 0x0024, 0x0004, 0x0004,
    0x0004, 0x0024, 0x0024, 0x0024, 0x0004, 0x0004, 0x0004, 0x0024, 0x0004, 0x0024, 0x0024, 0x0024,
    0x0004, 0x0003, 0x0003, 0x0023, 0x0024, 0x0003, 0x0004, 0x0003, 0x1087, 0x212B, 0x0887, 0x0887,
    0x0886, 0x0886, 0x0886, 0x0886, 0x0886, 0x10A7, 0x0887, 0x520F, 0x9358, 0x82F7, 0x9378, 0x8317,
    0x82F7, 0x82F7, 0x82F7, 0x82F7, 0x8317, 0x8B38, 0x7AF7, 0x6254, 0x6A75, 0x7AF6, 0x6A95, 0x49B1,
    0x3970, 0x4190, 0x4170, 0x18C8, 0x08A7, 0x398B, 0xD59B, 0xAC36, 0x2108, 0x0886, 0x0886, 0x0886,
    0x0886, 0x0886, 0x0886, 0x0886, 0x0886, 0x0886, 0x0886, 0x0886, 0x0886, 0x0886, 0x0886, 0x0886,
    0x0886, 0x0886, 0x0886, 0x0886, 0x0886, 0x0886, 0x0886, 0x0886, 0x0886, 0x0886, 0x0886, 0x0886,
    0x0886, 0x0886, 0x0886, 0x0886, 0x0886, 0x0886, 0x0886, 0x0886, 0x0886, 0x0886, 0x0886, 0x0886,
    0x0886, 0x0886, 0x0886, 0x0886, 0x0886, 0x0886, 0x0886, 0x0886, 0x0886, 0x0886, 0x0886, 0x0886,
    0x0886, 0x0886, 0x0886, 0x0886, 0x0887, 0x0886, 0x0886, 0x0887, 0x0886, 0x0886, 0x0886, 0x0886,
    0x0886, 0x0886, 0x0886, 0x0886, 0x0886, 0x0886, 0x0866, 0x10C8, 0x314C, 0x18A7, 0x0003, 0x0024,
    0x0003, 0x0003, 0x0003, 0x0003, 0x0003, 0x0004, 0x0003, 0x0003, 0x0003, 0x0024, 0x0003, 0x0003,
    0x0024, 0x0024, 0x0024, 0x0004, 0x0004, 0x0004, 0x0003, 0x0003, 0x0003, 0x0004, 0x0024, 0x0004,
    0x0003, 0x0004, 0x0004, 0x0024, 0x0003, 0x0004, 0x0024, 0x0004, 0x0004, 0x0004, 0x0004, 0x0004,
    0x0004, 0x0003, 0x0003, 0x0003, 0x0003, 0x0004, 0x0004, 0x0003, 0x0003, 0x0003, 0x0024, 0x0004,
    0x0003, 0x0003, 0x0004, 0x0003, 0x0003, 0x0004, 0x0004, 0x0004, 0x0024, 0x0003, 0x0004, 0x0024,
    0x0004, 0x0024, 0x0024, 0x0004, 0x0023, 0x0003, 0x0003, 0x0024, 0x0004, 0x0024, 0x0024, 0x0024,
    0x0024, 0x0004, 0x0024, 0x0004, 0x0004, 0x0004, 0x0004, 0x0004, 0x0024, 0x0004, 0x0004, 0x0003,
    0x0003, 0x0003, 0x0004, 0x0004, 0x0004, 0x0024, 0x0003, 0x0003, 0x0003, 0x0024, 0x0003, 0x0024,
    0x0004, 0x0004, 0x0024, 0x0024, 0x0003, 0x0004, 0x0024, 0x0003, 0x0864, 0x932D, 0x1884, 0x0003,
    0x0003, 0x3126, 0x3926, 0x0003, 0x0024, 0x0003, 0x0024, 0x0024, 0x0003, 0x0004, 0x0004, 0x0003,
    0x0003, 0x0003, 0x0003, 0x0003, 0x0003, 0x0003, 0x0003, 0x0003, 0x0003, 0x0003, 0x0003, 0x0003,
    0x0004, 0x0024, 0x0004, 0x0004, 0x0003, 0x0004, 0x0004, 0x0024, 0x0024, 0x0004, 0x0004, 0x0004,
    0x0004, 0x0024, 0x0004, 0x0004, 0x0004, 0x0004, 0x0024, 0x0003, 0x0004, 0x0024, 0x0004, 0x0004,
    0x0004, 0x0003, 0x0003, 0x0003, 0x0003, 0x0003, 0x0004, 0x0024, 0x0024, 0x1066, 0x0024, 0x0024,
    0x0004, 0x0003, 0x0004, 0x0003, 0x0003, 0x0003, 0x0003, 0x0003, 0x0004, 0x0004, 0x0024, 0x0004,
    0x0004, 0x0004, 0x0024, 0x0004, 0x0004, 0x0004, 0x0004, 0x0004, 0x0004, 0x0004, 0x0024, 0x0004,
    0x0024, 0x0024, 0x0024, 0x0024, 0x0004, 0x0004, 0x0024, 0x0024, 0x0004, 0x0003, 0x0003, 0x0003,
    0x0004, 0x0003, 0x0023, 0x0002, 0x18C8, 0x212B, 0x0887, 0x0886, 0x0886, 0x0886, 0x0886, 0x0886,
    0x0886, 0x10A8, 0x20EA, 0x82F6, 0x8B38, 0x8317, 0x9BB9, 0x8B38, 0x8317, 0x7AF7, 0x7AF7, 0x8317,
    0x8317, 0x82F7, 0x82F7, 0x8317, 0x7AF7, 0x72D6, 0x6254, 0x4170, 0x4190, 0x4170, 0x4170, 0x20EA,
    0x0866, 0x8BB3, 0xFE3E, 0xEDDD, 0x7B31, 0x0866, 0x0886, 0x0886, 0x0886, 0x0886, 0x0886, 0x0886,
    0x0886, 0x0886, 0x0886, 0x0886, 0x0886, 0x0886, 0x0886, 0x0886, 0x0886, 0x0886, 0x0886, 0x0886,
    0x0886, 0x0886, 0x0886, 0x0886, 0x0886, 0x0886, 0x0886, 0x0886, 0x0886, 0x0886, 0x0886, 0x0886,
    0x0886, 0x0886, 0x0886, 0x0886, 0x0886, 0x0886, 0x0886, 0x0886, 0x0886, 0x0886, 0x0886, 0x0886,
    0x0886, 0x0886, 0x0886, 0x0886, 0x0886, 0x0886, 0x0886, 0x0886, 0x0886, 0x0886, 0x0886, 0x0886,
    0x0886, 0x0886, 0x0886, 0x0886, 0x0886, 0x0886, 0x0886, 0x0886, 0x0886, 0x0886, 0x0886, 0x0886,
    0x0886, 0x0886, 0x0886, 0x18E9, 0x294C, 0x18A7, 0x0003, 0x0024, 0x0004, 0x0003, 0x0003, 0x0003,
    0x0003, 0x0003, 0x0004, 0x0024, 0x0004, 0x0003, 0x0024, 0x0024, 0x0024, 0x0024, 0x0004, 0x0004,
    0x0003, 0x0003, 0x0004, 0x0003, 0x0004, 0x0004, 0x0024, 0x0004, 0x0003, 0x0003, 0x0003, 0x0004,
    0x0003, 0x0024, 0x0004, 0x0004, 0x0004, 0x0024, 0x0004, 0x0024, 0x0003, 0x0003, 0x0003, 0x0003,
    0x0003, 0x0004, 0x0003, 0x0024, 0x0003, 0x0003, 0x0004, 0x0003, 0x0024, 0x0004, 0x0003, 0x0003,
    0x0004, 0x0004, 0x0004, 0x0004, 0x0024, 0x0004, 0x0024, 0x0004, 0x0004, 0x0004, 0x0003, 0x0003,
    0x0003, 0x0003, 0x0003, 0x0023, 0x0004, 0x0004, 0x0024, 0x0024, 0x0024, 0x0004, 0x0004, 0x0004,
    0x0003, 0x0003, 0x0004, 0x0004, 0x0024, 0x0024, 0x0003, 0x0004, 0x0023, 0x0004, 0x0004, 0x0024,
    0x0003, 0x0003, 0x0004, 0x0003, 0x0003, 0x0003, 0x0003, 0x0004, 0x0024, 0x0024, 0x0024, 0x0004,
    0x0004, 0x0004, 0x0003, 0x0024, 0x0004, 0x0002, 0x0003, 0x0024, 0x0002, 0x59C8, 0x59E9, 0x0003,
    0x0024, 0x0004, 0x0003, 0x0003, 0x0024, 0x0003, 0x0004, 0x0004, 0x0024, 0x0003, 0x0003, 0x0003,
    0x0003, 0x0003, 0x0003, 0x0003, 0x0004, 0x0024, 0x0003, 0x0003, 0x0003, 0x0003, 0x0003, 0x0004,
    0x0004, 0x0004, 0x0004, 0x0004, 0x0024, 0x0004, 0x0003, 0x0004, 0x0004, 0x0004, 0x0004, 0x0024,
    0x0004, 0x0004, 0x0024, 0x0004, 0x0004, 0x0004, 0x0004, 0x0004, 0x0004, 0x0003, 0x0003, 0x0003,
    0x0003, 0x0003, 0x0004, 0x0004, 0x0024, 0x0023, 0x0004, 0x0024, 0x0024, 0x0003, 0x0003, 0x0003,
    0x0003, 0x0004, 0x0003, 0x0004, 0x0004, 0x0024, 0x0024, 0x0024, 0x0004, 0x0024, 0x0004, 0x0024,
    0x0024, 0x0004, 0x0004, 0x0004, 0x0004, 0x0004, 0x0004, 0x0004, 0x0024, 0x0024, 0x0024, 0x0004,
    0x0004, 0x0004, 0x0024, 0x0024, 0x0004, 0x0003, 0x0004, 0x0004, 0x0003, 0x0003, 0x0003, 0x0003,
    0x20E8, 0x212B, 0x0886, 0x0886, 0x0886, 0x0886, 0x0886, 0x0886, 0x0886, 0x28EB, 0x290C, 0x7AB5,
    0x8B38, 0x8B58, 0x8B38, 0x8B58, 0x8317, 0x82F7, 0x8B18, 0x8317, 0x82F7, 0x7296, 0x6A75, 0x6254,
    0x5A34, 0x6254, 0x49D2, 0x4190, 0x49B1, 0x4170, 0x3970, 0x20EA, 0x0886, 0x0004, 0x93B4, 0x6AD0,
    0x0005, 0x10A7, 0x0886, 0x0886, 0x0886, 0x0886, 0x0886, 0x0886, 0x0886, 0x0886, 0x0886, 0x0886,
    0x0886, 0x0886, 0x0886, 0x0886, 0x0886, 0x0886, 0x0886, 0x0886, 0x0886, 0x0886, 0x0886, 0x0886,
    0x0886, 0x0886, 0x0886, 0x0886, 0x0886, 0x0886, 0x0886, 0x0886, 0x0886, 0x0886, 0x0886, 0x0886,
    0x0886, 0x0886, 0x0886, 0x0886, 0x0886, 0x0886, 0x0886, 0x0886, 0x0886, 0x0886, 0x0887, 0x0886,
    0x0886, 0x0886, 0x0886, 0x0886, 0x0886, 0x0886, 0x0886, 0x0886, 0x0886, 0x0886, 0x0886, 0x0886,
    0x0886, 0x0886, 0x0886, 0x0886, 0x0886, 0x0886, 0x0886, 0x0886, 0x0886, 0x0887, 0x0887, 0x2109,
    0x290A, 0x1066, 0x0003, 0x0024, 0x0004, 0x0003, 0x0003, 0x0003, 0x0004, 0x0004, 0x0003, 0x0003,
    0x0004, 0x0004, 0x0004, 0x0024, 0x0024, 0x0024, 0x0004, 0x0004, 0x0004, 0x0004, 0x0004, 0x0003,
    0x0004, 0x0004, 0x0003, 0x0003, 0x0003, 0x0003, 0x0003, 0x0003, 0x0004, 0x0004, 0x0023, 0x0004,
    0x0024, 0x0024, 0x0004, 0x0003, 0x0003, 0x0003, 0x0003, 0x0003, 0x0003, 0x0004, 0x0023, 0x0003,
    0x0004, 0x0003, 0x0003, 0x0004, 0x0004, 0x0003, 0x0004, 0x0024, 0x0004, 0x0024, 0x0004, 0x0004,
    0x0024, 0x0004, 0x0004, 0x0004, 0x0003, 0x0003, 0x0003, 0x0004, 0x0004, 0x0003, 0x0003, 0x0024,
    0x0004, 0x0004, 0x0004, 0x0004, 0x0004, 0x0004, 0x0003, 0x0004, 0x0004, 0x0004, 0x0004, 0x0004,
    0x0004, 0x0004, 0x0003, 0x0003, 0x0023, 0x0024, 0x0003, 0x0003, 0x0004, 0x0003, 0x0003, 0x0004,
    0x0003, 0x0003, 0x0003, 0x0004, 0x0004, 0x0004, 0x0024, 0x0004, 0x0004, 0x0003, 0x0003, 0x0003,
    0x0024, 0x0024, 0x0023, 0x0003, 0x0004, 0x0003, 0x0003, 0x0004, 0x0024, 0x0003, 0x20C7, 0x28E7,
    0x0002, 0x0024, 0x0004, 0x0024, 0x0024, 0x0003, 0x0003, 0x0003, 0x0003, 0x0003, 0x0004, 0x0024,
    0x0024, 0x0024, 0x0003, 0x0003, 0x0003, 0x0004, 0x0003, 0x0004, 0x0024, 0x0004, 0x0004, 0x0004,
    0x0004, 0x0004, 0x0003, 0x0003, 0x0004, 0x0004, 0x0004, 0x0004, 0x0024, 0x0004, 0x0004, 0x0004,
    0x0004, 0x0024, 0x0004, 0x0004, 0x0003, 0x0003, 0x0003, 0x0003, 0x0003, 0x0003, 0x0003, 0x0024,
    0x0024, 0x0024, 0x0024, 0x0004, 0x0024, 0x0003, 0x0003, 0x0024, 0x0003, 0x0003, 0x0004, 0x0004,
    0x0024, 0x0004, 0x0004, 0x0004, 0x0004, 0x0004, 0x0004, 0x0024, 0x0024, 0x0024, 0x0024, 0x0004,
    0x0004, 0x0004, 0x0004, 0x0024, 0x0004, 0x0004, 0x0024, 0x0024, 0x0004, 0x0004, 0x0024, 0x0024,
    0x0024, 0x0004, 0x0004, 0x0004, 0x0003, 0x0003, 0x0004, 0x0003, 0x20E9, 0x210A, 0x0886, 0x0886,
    0x0887, 0x0887, 0x10A7, 0x290C, 0x312D, 0x290C, 0x10A8, 0x7294, 0x82F8, 0x8317, 0x8B38, 0x8B57,
    0x6254, 0x5A13, 0x7AD6, 0x8317, 0x72B6, 0x6A75, 0x6254, 0x6254, 0x6234, 0x49B1, 0x4170, 0x4190,
    0x4191, 0x394F, 0x49B1, 0x290B, 0x0887, 0x0887, 0x18E8, 0x10C7, 0x0886, 0x0886, 0x0886, 0x0886,
    0x0886, 0x0886, 0x0886, 0x0886, 0x0886, 0x0886, 0x0886, 0x0886, 0x0886, 0x0886, 0x0886, 0x0886,
    0x0886, 0x0886, 0x0886, 0x0886, 0x0886, 0x0886, 0x0886, 0x0886, 0x0886, 0x0886, 0x0886, 0x0886,
    0x0886, 0x0886, 0x0886, 0x0886, 0x0886, 0x0886, 0x0886, 0x0886, 0x0886, 0x0886, 0x0886, 0x0886,
    0x0886, 0x0886, 0x0886, 0x0886, 0x0886, 0x0887, 0x0886, 0x0886, 0x0886, 0x0886, 0x0886, 0x0886,
    0x0886, 0x0886, 0x0886, 0x0886, 0x0886, 0x0886, 0x0886, 0x0886, 0x0886, 0x0886, 0x0886, 0x0886,
    0x0886, 0x0886, 0x0886, 0x0886, 0x0886, 0x0887, 0x0886, 0x10C7, 0x20E9, 0x0845, 0x0003, 0x0024,
    0x0004, 0x0003, 0x0003, 0x0003, 0x0003, 0x0004, 0x0003, 0x0003, 0x0004, 0x0004, 0x0004, 0x0024,
    0x0024, 0x0024, 0x0024, 0x0004, 0x0004, 0x0004, 0x0004, 0x0003, 0x0024, 0x0004, 0x0003, 0x0003,
    0x0003, 0x0003, 0x0003, 0x0003, 0x0003, 0x0004, 0x0003, 0x0024, 0x0004, 0x0004, 0x0004, 0x0003,
    0x0003, 0x0003, 0x0003, 0x0024, 0x0024, 0x0004, 0x0024, 0x0023, 0x0003, 0x0003, 0x0003, 0x0003,
    0x0003, 0x0003, 0x0004, 0x0024, 0x0004, 0x0024, 0x0004, 0x0004, 0x0004, 0x0004, 0x0004, 0x0004,
    0x0003, 0x0003, 0x0003, 0x0024, 0x0003, 0x0003, 0x0003, 0x0003, 0x0004, 0x0004, 0x0004, 0x0004,
    0x0004, 0x0004, 0x0004, 0x0004, 0x0004, 0x0004, 0x0024, 0x0024, 0x0024, 0x0004, 0x0024, 0x0024,
    0x0024, 0x0003, 0x20C7, 0x20C7, 0x0003, 0x0024, 0x0003, 0x0003, 0x0003, 0x0003, 0x0004, 0x0003,
    0x0004, 0x0003, 0x0023, 0x0003, 0x0004, 0x0003, 0x0003, 0x0003, 0x0024, 0x0024, 0x0024, 0x0004,
    0x0003, 0x0024, 0x0024, 0x0003, 0x0024, 0x0002, 0x396A, 0x622E, 0x28E6, 0x0004, 0x0824, 0x0003,
    0x0004, 0x0024, 0x0004, 0x0003, 0x0003, 0x0004, 0x0003, 0x0002, 0x0002, 0x0003, 0x0004, 0x0004,
    0x0004, 0x0004, 0x0004, 0x0004, 0x0024, 0x0004, 0x0003, 0x0004, 0x0024, 0x0004, 0x0004, 0x0004,
    0x0004, 0x0004, 0x0004, 0x0004, 0x0024, 0x0004, 0x0003, 0x0003, 0x0004, 0x0024, 0x0004, 0x0004,
    0x0024, 0x0004, 0x0023, 0x0003, 0x0003, 0x0003, 0x0003, 0x0003, 0x0003, 0x0023, 0x0023, 0x0003,
    0x0004, 0x0004, 0x0004, 0x0003, 0x0003, 0x0003, 0x0024, 0x0024, 0x0024, 0x0024, 0x0024, 0x0004,
    0x0004, 0x0024, 0x0024, 0x0024, 0x0004, 0x0024, 0x0024, 0x0004, 0x0004, 0x0004, 0x0004, 0x0024,
    0x0024, 0x0024, 0x0004, 0x0024, 0x0024, 0x0004, 0x0004, 0x0024, 0x0024, 0x0004, 0x0003, 0x0004,
    0x0004, 0x0004, 0x0004, 0x0003, 0x20E9, 0x20E9, 0x0865, 0x0886, 0x0886, 0x0886, 0x20EA, 0x396E,
    0x314D, 0x210C, 0x10C9, 0x5A12, 0x7296, 0x7296, 0x82F7, 0x6234, 0x6A75, 0x7296, 0x5213, 0x8B37,
    0x7296, 0x6274, 0x6A75, 0x6254, 0x51D2, 0x3970, 0x4190, 0x4170, 0x394F, 0x396F, 0x41B1, 0x18EA,
    0x0887, 0x10A7, 0x0887, 0x0886, 0x0886, 0x0886, 0x0886, 0x0886, 0x0886, 0x0886, 0x0886, 0x0886,
    0x0886, 0x0886, 0x0886, 0x0886, 0x0886, 0x0886, 0x0886, 0x0886, 0x0886, 0x0886, 0x0886, 0x0886,
    0x0886, 0x0886, 0x0886, 0x0886, 0x0886, 0x0886, 0x0886, 0x0886, 0x0886, 0x0886, 0x0886, 0x0886,
    0x0886, 0x0886, 0x0886, 0x0886, 0x0886, 0x0886, 0x0886, 0x0886, 0x0886, 0x0886, 0x0886, 0x0886,
    0x0886, 0x0886, 0x0886, 0x0886, 0x0886, 0x0886, 0x0886, 0x0886, 0x0886, 0x0886, 0x0886, 0x0886,
    0x0886, 0x0886, 0x0886, 0x0886, 0x0886, 0x0886, 0x0886, 0x0886, 0x0886, 0x0886, 0x0886, 0x0886,
    0x0886, 0x0886, 0x0887, 0x0886, 0x210A, 0x290A, 0x0024, 0x0004, 0x0024, 0x0003, 0x0003, 0x0003,
    0x0003, 0x0024, 0x0003, 0x0004, 0x0004, 0x0004, 0x0003, 0x0024, 0x0004, 0x0024, 0x0024, 0x0004,
    0x0003, 0x0004, 0x0024, 0x0004, 0x0024, 0x0004, 0x0004, 0x0003, 0x0003, 0x0003, 0x0003, 0x0003,
    0x0003, 0x0003, 0x0003, 0x0024, 0x0003, 0x0003, 0x0003, 0x0003, 0x0004, 0x0003, 0x0003, 0x0003,
    0x0024, 0x0004, 0x0024, 0x0004, 0x0003, 0x0003, 0x0003, 0x0003, 0x0003, 0x0024, 0x0024, 0x0004,
    0x0004, 0x0004, 0x0004, 0x0004, 0x0003, 0x0024, 0x0004, 0x0004, 0x0004, 0x0024, 0x0003, 0x0004,
    0x0004, 0x0004, 0x0004, 0x0003, 0x0004, 0x0004, 0x0004, 0x0004, 0x0004, 0x0004, 0x0004, 0x0004,
    0x0024, 0x0024, 0x0024, 0x0024, 0x0003, 0x0004, 0x0024, 0x0024, 0x0024, 0x0002, 0x520E, 0x520E,
    0x0002, 0x0024, 0x0024, 0x0003, 0x0003, 0x0004, 0x0003, 0x0024, 0x0004, 0x0003, 0x0004, 0x0004,
    0x0024, 0x0024, 0x0003, 0x0003, 0x0004, 0x0004, 0x0024, 0x0004, 0x0024, 0x0004, 0x0003, 0x0003,
    0x0003, 0x0024, 0x0002, 0x20C7, 0x9B75, 0x1066, 0x7229, 0x8A6A, 0x0002, 0x0024, 0x0024, 0x0024,
    0x0004, 0x0004, 0x0023, 0x3108, 0x3128, 0x0024, 0x0004, 0x0024, 0x0004, 0x0004, 0x0004, 0x0003,
    0x0024, 0x0024, 0x0004, 0x0004, 0x0024, 0x0004, 0x0004, 0x0004, 0x0004, 0x0004, 0x0004, 0x0004,
    0x0004, 0x0004, 0x0004, 0x0024, 0x0004, 0x0004, 0x0004, 0x0024, 0x0024, 0x0004, 0x0024, 0x0003,
    0x0003, 0x0003, 0x0003, 0x0003, 0x0003, 0x0003, 0x0003, 0x0004, 0x0004, 0x0024, 0x0003, 0x0004,
    0x0003, 0x0003, 0x0024, 0x0024, 0x0004, 0x0024, 0x0024, 0x0024, 0x0004, 0x0024, 0x0004, 0x0024,
    0x0004, 0x0004, 0x0024, 0x0004, 0x0004, 0x0004, 0x0004, 0x0004, 0x0024, 0x0024, 0x0024, 0x0024,
    0x0024, 0x0004, 0x0003, 0x0004, 0x0024, 0x0024, 0x0004, 0x0004, 0x0004, 0x0024, 0x0024, 0x0024,
    0x2109, 0x210A, 0x1086, 0x0886, 0x0886, 0x0886, 0x18EA, 0x396F, 0x292C, 0x18EA, 0x10C9, 0x292B,
    0x7296, 0x6A55, 0x72B6, 0x6234, 0x49D2, 0x51F3, 0x6234, 0x82F7, 0x7296, 0x6A75, 0x6254, 0x49D2,
    0x4190, 0x4190, 0x4170, 0x394F, 0x312E, 0x312E, 0x394E, 0x0887, 0x0886, 0x0887, 0x0887, 0x0886,
    0x0886, 0x0886, 0x0886, 0x0886, 0x0886, 0x0886, 0x0886, 0x0886, 0x0886, 0x0886, 0x0886, 0x0886,
    0x0886, 0x0886, 0x0886, 0x0886, 0x0886, 0x0886, 0x0886, 0x0886, 0x0886, 0x0886, 0x0886, 0x0886,
    0x0886, 0x0886, 0x0886, 0x0886, 0x0886, 0x0886, 0x0886, 0x0886, 0x0886, 0x0886, 0x0886, 0x0886,
    0x0886, 0x0886, 0x0886, 0x0886, 0x0886, 0x0886, 0x0886, 0x0886, 0x0886, 0x0886, 0x0886, 0x0886,
    0x0886, 0x0886, 0x0886, 0x0886, 0x0886, 0x0886, 0x0886, 0x0886, 0x0886, 0x0886, 0x0886, 0x0886,
    0x0886, 0x0886, 0x0886, 0x0886, 0x0886, 0x0886, 0x0886, 0x0886, 0x0886, 0x0886, 0x0886, 0x0886,
    0x18E8, 0x316C, 0x18A7, 0x0003, 0x0024, 0x0003, 0x0003, 0x0003, 0x0004, 0x0004, 0x0024, 0x0024,
    0x0024, 0x0004, 0x0004, 0x0003, 0x0004, 0x0004, 0x0004, 0x0004, 0x0003, 0x0004, 0x0024, 0x0004,
    0x0004, 0x0024, 0x0004, 0x0003, 0x0003, 0x0003, 0x0003, 0x0003, 0x0003, 0x0003, 0x0003, 0x0003,
    0x0004, 0x0003, 0x0004, 0x0003, 0x0003, 0x0003, 0x0003, 0x0004, 0x0004, 0x0004, 0x0024, 0x0004,
    0x0004, 0x0003, 0x0003, 0x0003, 0x0003, 0x0003, 0x0004, 0x0004, 0x0024, 0x0004, 0x0004, 0x0004,
    0x0003, 0x0024, 0x0003, 0x0024, 0x0003, 0x0003, 0x0003, 0x0003, 0x0004, 0x0003, 0x0004, 0x0003,
    0x0004, 0x0004, 0x0004, 0x0004, 0x0024, 0x0004, 0x0004, 0x0024, 0x0024, 0x0024, 0x0024, 0x0024,
    0x0003, 0x0024, 0x0024, 0x0024, 0x0003, 0x0003, 0x0003, 0x0003, 0x0024, 0x0003, 0x0003, 0x0003,
    0x0024, 0x0004, 0x0003, 0x0004, 0x0003, 0x0003, 0x0003, 0x0003, 0x0003, 0x0003, 0x0003, 0x0003,
    0x0003, 0x0004, 0x0023, 0x0024, 0x0003, 0x0003, 0x0024, 0x0003, 0x0003, 0x0003, 0x0024, 0x0004,
    0x49AD, 0x7AD3, 0x6A0B, 0xAB0D, 0x1085, 0x0004, 0x0003, 0x0003, 0x0003, 0x0003, 0x1064, 0xCC9A,
    0xD4BA, 0x1065, 0x0003, 0x0024, 0x0003, 0x0004, 0x0003, 0x0003, 0x0024, 0x0004, 0x0003, 0x0003,
    0x0004, 0x0024, 0x0024, 0x0024, 0x0004, 0x0004, 0x0024, 0x0024, 0x0004, 0x0004, 0x0004, 0x0004,
    0x0004, 0x0004, 0x0004, 0x0004, 0x0004, 0x0004, 0x0024, 0x0003, 0x0003, 0x0003, 0x0024, 0x0004,
    0x0003, 0x0003, 0x0004, 0x0004, 0x0024, 0x0024, 0x0024, 0x0003, 0x0003, 0x0003, 0x0004, 0x0004,
    0x0024, 0x0024, 0x0024, 0x0004, 0x0024, 0x0024, 0x0004, 0x0004, 0x0004, 0x0004, 0x0024, 0x0004,
    0x0004, 0x0004, 0x0024, 0x0004, 0x0004, 0x0024, 0x0024, 0x0024, 0x0024, 0x0024, 0x0004, 0x0004,
    0x0004, 0x0004, 0x0004, 0x0003, 0x0004, 0x0024, 0x0024, 0x0024, 0x0023, 0x20E9, 0x10C8, 0x0886,
    0x0887, 0x0887, 0x0887, 0x290C, 0x396F, 0x312D, 0x20EA, 0x290B, 0x6254, 0x6A96, 0x72B5, 0x72B4,
    0x6A32, 0x7273, 0x7AF6, 0x7AD6, 0x6A75, 0x51F2, 0x41B1, 0x41B1, 0x4190, 0x396F, 0x312E, 0x4190,
    0x7295, 0x7AB5, 0x6A55, 0x49D0, 0x10A7, 0x0886, 0x0887, 0x0886, 0x0886, 0x0886, 0x0886, 0x0886,
    0x0886, 0x0886, 0x0886, 0x0886, 0x0886, 0x0886, 0x0886, 0x0886, 0x0886, 0x0886, 0x0886, 0x0886,
    0x0886, 0x0886, 0x0886, 0x0886, 0x0886, 0x0886, 0x0886, 0x0886, 0x0886, 0x0886, 0x0886, 0x0886,
    0x0886, 0x0886, 0x0886, 0x0886, 0x0886, 0x0886, 0x0886, 0x0886, 0x0886, 0x0886, 0x0886, 0x0886,
    0x0886, 0x0886, 0x0887, 0x0887, 0x0886, 0x0886, 0x0886, 0x0886, 0x0886, 0x0886, 0x0886, 0x0886,
    0x0886, 0x0886, 0x0886, 0x0886, 0x0886, 0x0886, 0x0886, 0x0886, 0x0886, 0x0886, 0x0886, 0x0886,
    0x0886, 0x0886, 0x0886, 0x0886, 0x0886, 0x0886, 0x0887, 0x0886, 0x18C8, 0x314B, 0x10A7, 0x0003,
    0x0024, 0x0003, 0x0003, 0x0003, 0x0004, 0x0004, 0x0024, 0x0024, 0x0004, 0x0004, 0x0004, 0x0024,
    0x0024, 0x0003, 0x0024, 0x0024, 0x0024, 0x0004, 0x0004, 0x0024, 0x0004, 0x0004, 0x0004, 0x0003,
    0x0003, 0x0004, 0x0003, 0x0003, 0x0003, 0x0004, 0x0003, 0x0004, 0x0024, 0x0003, 0x0003, 0x0004,
    0x0003, 0x0003, 0x0003, 0x0004, 0x0004, 0x0003, 0x0024, 0x0023, 0x0004, 0x0003, 0x0003, 0x0003,
    0x0003, 0x0003, 0x0004, 0x0004, 0x0024, 0x0004, 0x0004, 0x0004, 0x0003, 0x0003, 0x0003, 0x0024,
    0x0004, 0x0003, 0x0003, 0x0003, 0x0003, 0x0024, 0x0004, 0x0004, 0x0004, 0x0024, 0x0004, 0x0004,
    0x0004, 0x0004, 0x0004, 0x0004, 0x0004, 0x0004, 0x0004, 0x0024, 0x0024, 0x0004, 0x0024, 0x0024,
    0x0024, 0x0023, 0x0024, 0x0024, 0x0004, 0x0003, 0x0003, 0x0003, 0x0003, 0x0003, 0x0004, 0x0023,
    0x0003, 0x0004, 0x0003, 0x0003, 0x20A5, 0x3947, 0x0864, 0x0003, 0x0004, 0x0003, 0x0003, 0x0003,
    0x0003, 0x0003, 0x0003, 0x0024, 0x0004, 0x0003, 0x0003, 0x0024, 0x0024, 0x82F4, 0x6A71, 0x1065,
    0x0024, 0x0003, 0x0004, 0x0003, 0x0003, 0x0003, 0x0844, 0x82F2, 0x8B32, 0x0845, 0x0004, 0x0024,
    0x0003, 0x0004, 0x0003, 0x0003, 0x0003, 0x0004, 0x0003, 0x0003, 0x0004, 0x0004, 0x0004, 0x0024,
    0x0024, 0x0024, 0x0004, 0x0004, 0x0004, 0x0004, 0x0004, 0x0024, 0x0024, 0x0004, 0x0004, 0x0004,
    0x0024, 0x0004, 0x0004, 0x0003, 0x0004, 0x0003, 0x0004, 0x0024, 0x0024, 0x0004, 0x0024, 0x0004,
    0x0024, 0x0024, 0x0024, 0x0004, 0x0004, 0x0004, 0x0004, 0x0004, 0x0024, 0x0024, 0x0004, 0x0024,
    0x0004, 0x0024, 0x0024, 0x0004, 0x0004, 0x0004, 0x0004, 0x0004, 0x0004, 0x0004, 0x0003, 0x0004,
    0x0004, 0x0004, 0x0024, 0x0004, 0x0024, 0x0004, 0x0004, 0x0004, 0x0004, 0x0004, 0x0003, 0x0003,
    0x0003, 0x0004, 0x0024, 0x0024, 0x0003, 0x20E9, 0x18C9, 0x0886, 0x08A7, 0x08A7, 0x0887, 0x0887,
    0x18C9, 0x20EB, 0x290C, 0x396E, 0x6A92, 0x9357, 0x9336, 0xAB93, 0xAB52, 0x8AF2, 0x5A34, 0x5A13,
    0x49B1, 0x4190, 0x4190, 0x4190, 0x4190, 0x396F, 0x4170, 0x9337, 0xC43A, 0x8AF7, 0x6A75, 0x7AD7,
    0x6253, 0x0866, 0x0887, 0x0887, 0x0886, 0x0887, 0x0886, 0x0886, 0x0886, 0x0886, 0x0886, 0x0886,
    0x0886, 0x0886, 0x0886, 0x0886, 0x0886, 0x0887, 0x0886, 0x0886, 0x0886, 0x0886, 0x0886, 0x0886,
    0x0886, 0x0886, 0x0886, 0x0886, 0x0886, 0x0886, 0x0886, 0x0886, 0x0886, 0x0886, 0x0886, 0x0886,
    0x0886, 0x0886, 0x0886, 0x0886, 0x0886, 0x0886, 0x0886, 0x0886, 0x0886, 0x0887, 0x0886, 0x0886,
    0x0887, 0x0887, 0x0886, 0x0886, 0x0886, 0x0886, 0x0886, 0x0886, 0x0886, 0x0886, 0x0886, 0x0886,
    0x0886, 0x0886, 0x0886, 0x0886, 0x0886, 0x0886, 0x0886, 0x0886, 0x0886, 0x0886, 0x0886, 0x0886,
    0x0886, 0x0886, 0x0887, 0x0886, 0x10C8, 0x292B, 0x1086, 0x0003, 0x0024, 0x0003, 0x0003, 0x0003,
    0x0004, 0x0004, 0x0004, 0x0004, 0x0004, 0x0004, 0x0024, 0x0003, 0x0004, 0x0024, 0x0004, 0x0004,
    0x0024, 0x0024, 0x0004, 0x0004, 0x0004, 0x0004, 0x0004, 0x0004, 0x0004, 0x0004, 0x0003, 0x0003,
    0x0003, 0x0024, 0x0004, 0x0024, 0x0024, 0x0003, 0x0003, 0x0003, 0x0003, 0x0003, 0x0003, 0x0004,
    0x0004, 0x0004, 0x0004, 0x0003, 0x0003, 0x0004, 0x0003, 0x0003, 0x0003, 0x0024, 0x0004, 0x0024,
    0x0024, 0x0024, 0x0004, 0x0004, 0x0004, 0x0004, 0x0024, 0x0024, 0x0003, 0x0004, 0x0004, 0x0004,
    0x0004, 0x0004, 0x0004, 0x0024, 0x0024, 0x0003, 0x0024, 0x0004, 0x0003, 0x0004, 0x0004, 0x0004,
    0x0023, 0x0004, 0x0003, 0x0004, 0x0004, 0x0024, 0x0024, 0x0004, 0x0024, 0x0024, 0x0004, 0x0004,
    0x0003, 0x0023, 0x0004, 0x0003, 0x0004, 0x0024, 0x0004, 0x0023, 0x0003, 0x0003, 0x0024, 0x0002,
    0x92EC, 0xFD95, 0x3947, 0x0003, 0x0024, 0x0003, 0x0003, 0x0003, 0x0003, 0x0003, 0x0004, 0x0003,
    0x0003, 0x0024, 0x0004, 0x0004, 0x0024, 0x6231, 0x9337, 0x416A, 0x0002, 0x20C8, 0x0025, 0x0004,
    0x0004, 0x0003, 0x0003, 0x0003, 0x0003, 0x0003, 0x0003, 0x0024, 0x0004, 0x0004, 0x0003, 0x0003,
    0x0003, 0x0003, 0x0003, 0x0003, 0x0003, 0x0003, 0x0024, 0x0024, 0x0004, 0x0024, 0x0024, 0x0004,
    0x0003, 0x0004, 0x0024, 0x0004, 0x0004, 0x0004, 0x0004, 0x0003, 0x0003, 0x0004, 0x0004, 0x0004,
    0x0004, 0x0004, 0x0004, 0x0004, 0x0024, 0x0024, 0x0024, 0x0004, 0x0004, 0x0004, 0x0004, 0x0004,
    0x0024, 0x0004, 0x0003, 0x0024, 0x0024, 0x0004, 0x0004, 0x0004, 0x0024, 0x0024, 0x0024, 0x0024,
    0x0004, 0x0024, 0x0004, 0x0004, 0x0004, 0x0004, 0x0004, 0x0004, 0x0004, 0x0004, 0x0004, 0x0004,
    0x0024, 0x0004, 0x0004, 0x0024, 0x0003, 0x0004, 0x0003, 0x0004, 0x0003, 0x0023, 0x0023, 0x0024,
    0x0003, 0x0865, 0x210A, 0x10A8, 0x0887, 0x08A7, 0x0887, 0x0886, 0x0886, 0x0886, 0x0886, 0x08A7,
    0x10A7, 0x41B0, 0x51F3, 0x4191, 0x3970, 0x4170, 0x4191, 0x49B1, 0x4191, 0x3970, 0x394F, 0x396F,
    0x4170, 0x3970, 0x6A75, 0x9B58, 0xA378, 0x6A75, 0x72B6, 0x6A95, 0x6A95, 0x49F0, 0x18E9, 0x0886,
    0x1087, 0x0886, 0x0886, 0x0886, 0x0886, 0x0886, 0x0886, 0x0886, 0x0886, 0x0886, 0x0886, 0x0886,
    0x0886, 0x0886, 0x0886, 0x0886, 0x0886, 0x0886, 0x0886, 0x0886, 0x0886, 0x0886, 0x0886, 0x0886,
    0x0886, 0x0886, 0x0886, 0x0886, 0x0886, 0x0886, 0x0886, 0x0886, 0x0886, 0x0886, 0x0886, 0x0886,
    0x0886, 0x0887, 0x0887, 0x0886, 0x0886, 0x0886, 0x0886, 0x0886, 0x0886, 0x0887, 0x0887, 0x0886,
    0x0886, 0x0886, 0x0886, 0x0886, 0x0886, 0x0886, 0x0886, 0x0886, 0x0886, 0x0887, 0x0886, 0x0887,
    0x0887, 0x0886, 0x0886, 0x0886, 0x0886, 0x0886, 0x0886, 0x0886, 0x0886, 0x0886, 0x0887, 0x0886,
    0x10A7, 0x212A, 0x20E9, 0x0845, 0x0003, 0x0003, 0x0003, 0x0003, 0x0004, 0x0003, 0x0004, 0x0024,
    0x0024, 0x0004, 0x0024, 0x0004, 0x0024, 0x0004, 0x0024, 0x0004, 0x0024, 0x0004, 0x0004, 0x0004,
    0x0004, 0x0004, 0x0024, 0x0004, 0x0024, 0x0003, 0x0004, 0x0003, 0x0003, 0x0004, 0x0024, 0x0004,
    0x0003, 0x0003, 0x0003, 0x0003, 0x0003, 0x0004, 0x0004, 0x0004, 0x0004, 0x0004, 0x0004, 0x0003,
    0x0003, 0x0003, 0x0003, 0x0003, 0x0003, 0x0003, 0x0024, 0x0024, 0x0004, 0x0004, 0x0004, 0x0004,
    0x0004, 0x0024, 0x0024, 0x0024, 0x0004, 0x0004, 0x0003, 0x0003, 0x0004, 0x0004, 0x0004, 0x0004,
    0x0004, 0x0003, 0x0004, 0x0004, 0x0003, 0x0004, 0x0003, 0x0004, 0x0003, 0x0003, 0x0004, 0x0004,
    0x0004, 0x0003, 0x0003, 0x0004, 0x0004, 0x0024, 0x0003, 0x0023, 0x0003, 0x0003, 0x0003, 0x0003,
    0x0003, 0x0003, 0x0003, 0x0003, 0x0003, 0x0004, 0x0024, 0x0003, 0x59E9, 0xABAF, 0x20E6, 0x0003,
    0x0024, 0x0003, 0x0023, 0x0003, 0x0003, 0x0024, 0x0002, 0x4169, 0x416A, 0x0003, 0x0024, 0x0004,
    0x1066, 0x6252, 0x82D6, 0x3929, 0x0000, 0x7272, 0x28E8, 0x0003, 0x0004, 0x0004, 0x0004, 0x0024,
    0x0024, 0x0004, 0x0003, 0x0003, 0x0003, 0x0003, 0x0003, 0x0003, 0x0003, 0x0003, 0x0003, 0x0003,
    0x0003, 0x0003, 0x0004, 0x0004, 0x0004, 0x0024, 0x0024, 0x0004, 0x0004, 0x0024, 0x0024, 0x0004,
    0x0004, 0x0024, 0x0004, 0x0844, 0x0844, 0x0004, 0x0004, 0x0003, 0x0004, 0x0003, 0x0004, 0x0004,
    0x0004, 0x0004, 0x0024, 0x0004, 0x0004, 0x0024, 0x0024, 0x0003, 0x0004, 0x0024, 0x0024, 0x0024,
    0x0024, 0x0004, 0x0024, 0x0024, 0x0024, 0x0024, 0x0024, 0x0024, 0x0004, 0x0003, 0x0024, 0x0003,
    0x0004, 0x0003, 0x0003, 0x0024, 0x0004, 0x0004, 0x0024, 0x0004, 0x0004, 0x0004, 0x0004, 0x0004,
    0x0003, 0x0003, 0x0004, 0x0023, 0x0004, 0x0023, 0x0024, 0x0003, 0x0024, 0x0003, 0x18C9, 0x10C8,
    0x0887, 0x0887, 0x0887, 0x0887, 0x0887, 0x0887, 0x0887, 0x08A7, 0x08A7, 0x10A8, 0x396F, 0x51D2,
    0x51D1, 0x49B0, 0x49B1, 0x4190, 0x394F, 0x394F, 0x312F, 0x4170, 0x6233, 0x51F2, 0x6A75, 0x8317,
    0x7AF7, 0x72D6, 0x51F2, 0x49B1, 0x72B6, 0x6A76, 0x49D1, 0x10A8, 0x0886, 0x0886, 0x0886, 0x0886,
    0x0886, 0x0886, 0x0886, 0x0886, 0x0886, 0x0886, 0x0886, 0x0886, 0x0886, 0x0886, 0x0887, 0x0886,
    0x0886, 0x0886, 0x0886, 0x0886, 0x0886, 0x0886, 0x0886, 0x0886, 0x0886, 0x0886, 0x0886, 0x0886,
    0x0886, 0x0886, 0x0886, 0x0886, 0x0886, 0x0886, 0x0886, 0x0887, 0x0887, 0x0887, 0x0886, 0x0886,
    0x0886, 0x0886, 0x0886, 0x0886, 0x0886, 0x0886, 0x0887, 0x0886, 0x0886, 0x0886, 0x0886, 0x0886,
    0x0886, 0x0886, 0x0887, 0x0886, 0x0887, 0x0887, 0x0887, 0x0887, 0x0886, 0x0886, 0x0886, 0x0886,
    0x0886, 0x0866, 0x0886, 0x0886, 0x0886, 0x0886, 0x0886, 0x0887, 0x0886, 0x18E9, 0x314C, 0x1086,
    0x0003, 0x0004, 0x0003, 0x0003, 0x0004, 0x0003, 0x0003, 0x0004, 0x0004, 0x0004, 0x0004, 0x0004,
    0x0004, 0x0004, 0x0004, 0x0004, 0x0004, 0x0004, 0x0004, 0x0004, 0x0004, 0x0004, 0x0004, 0x0004,
    0x0003, 0x0003, 0x0004, 0x0004, 0x0004, 0x0004, 0x0024, 0x0004, 0x0003, 0x0003, 0x0003, 0x0003,
    0x0004, 0x0004, 0x0004, 0x0004, 0x0004, 0x0003, 0x0003, 0x0004, 0x0003, 0x0003, 0x0003, 0x0003,
    0x0003, 0x0003, 0x0004, 0x0004, 0x0003, 0x0024, 0x0004, 0x0024, 0x0004, 0x0024, 0x0004, 0x0004,
    0x0004, 0x0004, 0x0024, 0x0003, 0x0003, 0x0003, 0x0004, 0x0004, 0x0004, 0x0003, 0x0004, 0x0004,
    0x0004, 0x0024, 0x0003, 0x0003, 0x0003, 0x0003, 0x0024, 0x0004, 0x0023, 0x1065, 0x0024, 0x0003,
    0x0003, 0x0003, 0x0003, 0x0003, 0x0003, 0x0004, 0x0024, 0x0003, 0x1065, 0x1085, 0x0003, 0x0003,
    0x0004, 0x0004, 0x0003, 0x0003, 0x0003, 0x0002, 0x0003, 0x0003, 0x0003, 0x0003, 0x0003, 0x0004,
    0x0004, 0x0024, 0x0002, 0x4169, 0x3928, 0x0003, 0x0024, 0x0001, 0x49AD, 0x82F6, 0x9B77, 0x49AC,
    0x1044, 0x7273, 0x7293, 0x0023, 0x0003, 0x0003, 0x0003, 0x0024, 0x0024, 0x0003, 0x0003, 0x18A4,
    0x0023, 0x0003, 0x0003, 0x0003, 0x0004, 0x0004, 0x0003, 0x0003, 0x0003, 0x0003, 0x0003, 0x0003,
    0x0004, 0x0024, 0x0004, 0x0024, 0x0024, 0x0004, 0x0004, 0x0004, 0x0024, 0x0024, 0x0002, 0x518B,
    0x620D, 0x0002, 0x0024, 0x0003, 0x0003, 0x0003, 0x0003, 0x0004, 0x0004, 0x0004, 0x0004, 0x0004,
    0x0004, 0x0004, 0x0004, 0x0024, 0x0004, 0x0004, 0x0004, 0x0024, 0x0024, 0x0024, 0x0024, 0x0024,
    0x0004, 0x0004, 0x0024, 0x0004, 0x0004, 0x0004, 0x0004, 0x0004, 0x0004, 0x0004, 0x0004, 0x0004,
    0x0004, 0x0004, 0x0004, 0x0003, 0x0003, 0x0003, 0x0004, 0x0003, 0x0003, 0x0003, 0x0003, 0x0003,
    0x0003, 0x0003, 0x0003, 0x0024, 0x0024, 0x0024, 0x20E9, 0x10A7, 0x0886, 0x0887, 0x0887, 0x0887,
    0x0887, 0x0887, 0x0887, 0x0887, 0x10A7, 0x08A7, 0x10A7, 0x396D, 0x49B0, 0x4170, 0x4190, 0x3970,
    0x394F, 0x4190, 0x4190, 0x72B5, 0x82F7, 0x7AD6, 0x6A75, 0x7AD6, 0x7AF6, 0x51F3, 0x49B1, 0x6234,
    0x5A14, 0x49B2, 0x51D3, 0x20EB, 0x0886, 0x0886, 0x0886, 0x0886, 0x0886, 0x0886, 0x0886, 0x0886,
    0x0886, 0x0886, 0x0886, 0x0886, 0x0886, 0x0886, 0x0886, 0x0886, 0x0886, 0x0886, 0x0886, 0x0886,
    0x0886, 0x0887, 0x0886, 0x0886, 0x0886, 0x0886, 0x0886, 0x0886, 0x0886, 0x0886, 0x0886, 0x0886,
    0x0886, 0x0886, 0x0887, 0x0886, 0x0886, 0x0886, 0x0886, 0x0886, 0x0886, 0x0886, 0x0886, 0x0886,
    0x0886, 0x0886, 0x0887, 0x0886, 0x0886, 0x0886, 0x0886, 0x0886, 0x0886, 0x0886, 0x0887, 0x0886,
    0x0887, 0x0887, 0x0887, 0x0887, 0x0887, 0x0886, 0x0886, 0x0886, 0x0886, 0x0886, 0x0886, 0x0886,
    0x0886, 0x0886, 0x0886, 0x0887, 0x0886, 0x18E8, 0x314C, 0x1086, 0x0003, 0x0024, 0x0003, 0x0003,
    0x0004, 0x0004, 0x0003, 0x0003, 0x0004, 0x0004, 0x0004, 0x0004, 0x0004, 0x0004, 0x0003, 0x0003,
    0x0024, 0x0004, 0x0004, 0x0004, 0x0004, 0x0004, 0x0003, 0x0003, 0x0003, 0x0003, 0x0004, 0x0004,
    0x0004, 0x0004, 0x0004, 0x0024, 0x0004, 0x0003, 0x0004, 0x0024, 0x0004, 0x0004, 0x0024, 0x0003,
    0x0004, 0x0004, 0x0003, 0x0004, 0x0003, 0x0003, 0x0004, 0x0003, 0x0003, 0x0003, 0x0024, 0x0003,
    0x0003, 0x0024, 0x0004, 0x0003, 0x0024, 0x0024, 0x0004, 0x0024, 0x0024, 0x0024, 0x0004, 0x0003,
    0x0004, 0x0024, 0x0024, 0x0004, 0x0004, 0x0004, 0x0024, 0x0024, 0x0003, 0x0003, 0x0003, 0x0024,
    0x0003, 0x0003, 0x0024, 0x0003, 0x0844, 0x6A30, 0x0865, 0x0003, 0x0004, 0x0003, 0x0003, 0x0004,
    0x0003, 0x0004, 0x0024, 0x0003, 0x9376, 0xAC3B, 0x0845, 0x0003, 0x0024, 0x0003, 0x0003, 0x0003,
    0x0024, 0x0024, 0x0003, 0x0003, 0x0003, 0x0003, 0x0024, 0x0024, 0x0004, 0x0004, 0x0024, 0x0003,
    0x0002, 0x0024, 0x0003, 0x18A6, 0x7274, 0x82D5, 0x9B77, 0x8B15, 0x8B15, 0x8AF6, 0x6A32, 0x0003,
    0x0003, 0x0003, 0x0003, 0x0003, 0x0004, 0x0024, 0x0844, 0xAB8F, 0x20A5, 0x0003, 0x0004, 0x0003,
    0x0003, 0x0004, 0x0003, 0x0003, 0x0003, 0x0003, 0x0003, 0x0004, 0x0024, 0x0024, 0x0003, 0x0024,
    0x0024, 0x0004, 0x0024, 0x0024, 0x0024, 0x0024, 0x0003, 0x0844, 0x0844, 0x0003, 0x0004, 0x0004,
    0x0004, 0x0003, 0x0004, 0x0004, 0x0024, 0x0004, 0x0003, 0x0004, 0x0024, 0x0004, 0x0004, 0x0024,
    0x0004, 0x0004, 0x0004, 0x0024, 0x0024, 0x0004, 0x0024, 0x0024, 0x0003, 0x0004, 0x0024, 0x0003,
    0x0003, 0x0004, 0x0004, 0x0004, 0x0004, 0x0004, 0x0004, 0x0004, 0x0024, 0x0004, 0x0004, 0x0004,
    0x0024, 0x0024, 0x0004, 0x0004, 0x0024, 0x0003, 0x0003, 0x0003, 0x0003, 0x0003, 0x0003, 0x0023,
    0x0003, 0x20E9, 0x210A, 0x10A7, 0x0886, 0x0887, 0x0887, 0x0887, 0x0887, 0x1087, 0x08A7, 0x1087,
    0x1086, 0x10A7, 0x10A7, 0x10A7, 0x18C9, 0x314D, 0x4190, 0x4190, 0x49B1, 0x7AB6, 0x82F6, 0x82D7,
    0x7AD7, 0x7AD6, 0x6A75, 0x51F2, 0x49D1, 0x4991, 0x51D2, 0x49D2, 0x4170, 0x4170, 0x51D3, 0x18C9,
    0x0886, 0x0886, 0x0886, 0x0886, 0x0886, 0x0886, 0x0886, 0x0886, 0x0886, 0x0886, 0x0886, 0x0886,
    0x0886, 0x0886, 0x0886, 0x0886, 0x0886, 0x0886, 0x0886, 0x0886, 0x0886, 0x0886, 0x0886, 0x0886,
    0x0886, 0x0886, 0x0886, 0x0886, 0x0886, 0x0886, 0x0886, 0x0886, 0x0886, 0x0886, 0x0886, 0x0886,
    0x0886, 0x0886, 0x0886, 0x0886, 0x0886, 0x0886, 0x0886, 0x0886, 0x0886, 0x0886, 0x0886, 0x0886,
    0x0886, 0x0886, 0x0886, 0x0886, 0x0886, 0x0886, 0x0886, 0x0887, 0x0887, 0x0887, 0x0886, 0x0887,
    0x0887, 0x0886, 0x0886, 0x0886, 0x0886, 0x0886, 0x0886, 0x0886, 0x0886, 0x0886, 0x0886, 0x0887,
    0x0886, 0x18C8, 0x314C, 0x1087, 0x0003, 0x0004, 0x0003, 0x0003, 0x0003, 0x0003, 0x0003, 0x0003,
    0x0004, 0x0004, 0x0003, 0x0004, 0x0004, 0x0004, 0x0004, 0x0004, 0x0024, 0x0004, 0x0004, 0x0004,
    0x0004, 0x0004, 0x0003, 0x0003, 0x0003, 0x0003, 0x0003, 0x0003, 0x0004, 0x0004, 0x0024, 0x0004,
    0x0004, 0x0003, 0x0004, 0x0004, 0x0004, 0x0004, 0x0003, 0x0004, 0x0004, 0x0024, 0x0024, 0x0004,
    0x0004, 0x0024, 0x0003, 0x0003, 0x0024, 0x0003, 0x0004, 0x0003, 0x0004, 0x0004, 0x0003, 0x0004,
    0x0004, 0x0004, 0x0004, 0x0004, 0x0004, 0x0024, 0x0004, 0x0024, 0x0024, 0x0003, 0x0003, 0x0004,
    0x0004, 0x0004, 0x0003, 0x0004, 0x0004, 0x0004, 0x0024, 0x0003, 0x0004, 0x0024, 0x0024, 0x0024,
    0x0024, 0x0844, 0x0024, 0x0003, 0x0003, 0x0003, 0x0003, 0x0003, 0x0003, 0x0004, 0x0024, 0x0003,
    0x8314, 0x9BB8, 0x0845, 0x0003, 0x0024, 0x0004, 0x0003, 0x0003, 0x0003, 0x0003, 0x0003, 0x0003,
    0x0003, 0x0003, 0x0003, 0x0003, 0x0004, 0x0024, 0x0024, 0x0024, 0x0023, 0x0002, 0x1066, 0x6A73,
    0x82D6, 0x9B56, 0x9B36, 0x82D5, 0x8AF5, 0x7274, 0x6232, 0x0024, 0x0004, 0x0004, 0x0003, 0x0004,
    0x0004, 0x0024, 0x0024, 0x0845, 0x0023, 0x0003, 0x0003, 0x0003, 0x0003, 0x0004, 0x0003, 0x0003,
    0x0003, 0x0003, 0x0003, 0x0024, 0x0004, 0x0003, 0x0024, 0x0004, 0x0004, 0x0024, 0x0004, 0x0024,
    0x0024, 0x0024, 0x0024, 0x0003, 0x0003, 0x0024, 0x0004, 0x0024, 0x0004, 0x0004, 0x0004, 0x0004,
    0x0004, 0x0004, 0x0004, 0x0004, 0x0004, 0x0004, 0x0024, 0x0004, 0x0004, 0x0004, 0x0004, 0x0004,
    0x0024, 0x0024, 0x0024, 0x0024, 0x0004, 0x0024, 0x0004, 0x0004, 0x0004, 0x0004, 0x0004, 0x0024,
    0x0004, 0x0004, 0x0004, 0x0024, 0x0024, 0x0004, 0x0003, 0x0004, 0x0004, 0x0024, 0x0024, 0x0024,
    0x0003, 0x0003, 0x0003, 0x0003, 0x0003, 0x0003, 0x0004, 0x0003, 0x0023, 0x210A, 0x18E9, 0x0887,
    0x0887, 0x0886, 0x0886, 0x10A7, 0x1087, 0x10A7, 0x10A7, 0x0887, 0x0886, 0x10A6, 0x10A7, 0x10A7,
    0x0886, 0x08A7, 0x18C8, 0x20EA, 0x396E, 0x6255, 0x6234, 0x5A14, 0x6A55, 0x51D2, 0x49D2, 0x49D2,
    0x4190, 0x312D, 0x4191, 0x4991, 0x4991, 0x4191, 0x290C, 0x0886, 0x0887, 0x0886, 0x0886, 0x0886,
    0x0886, 0x0886, 0x0886, 0x0886, 0x0886, 0x0886, 0x0886, 0x0886, 0x0886, 0x0886, 0x0886, 0x0886,
    0x0886, 0x0886, 0x0886, 0x0886, 0x0886, 0x0886, 0x0886, 0x0886, 0x0886, 0x0886, 0x0886, 0x0886,
    0x0886, 0x0886, 0x0886, 0x0886, 0x0886, 0x0886, 0x0886, 0x0886, 0x0886, 0x0886, 0x0886, 0x0886,
    0x0886, 0x0886, 0x0886, 0x0886, 0x0886, 0x0886, 0x0886, 0x0886, 0x0886, 0x0886, 0x0886, 0x0886,
    0x0886, 0x0886, 0x0886, 0x0887, 0x0887, 0x0886, 0x0886, 0x0886, 0x0887, 0x0886, 0x0886, 0x0886,
    0x0886, 0x0886, 0x0886, 0x0886, 0x0886, 0x0886, 0x0886, 0x0887, 0x0886, 0x18E8, 0x316C, 0x10A7,
    0x0003, 0x0024, 0x0003, 0x0003, 0x0003, 0x0003, 0x0003, 0x0003, 0x0004, 0x0004, 0x0004, 0x0004,
    0x0003, 0x0004, 0x0004, 0x0004, 0x0004, 0x0004, 0x0004, 0x0004, 0x0003, 0x0003, 0x0003, 0x0003,
    0x0003, 0x0003, 0x0003, 0x0003, 0x0004, 0x0004, 0x0024, 0x0004, 0x0004, 0x0024, 0x0004, 0x0004,
    0x0024, 0x0024, 0x0024, 0x0004, 0x0004, 0x0004, 0x0004, 0x0024, 0x0024, 0x0024, 0x0024, 0x0003,
    0x0004, 0x0024, 0x0023, 0x0003, 0x0003, 0x0003, 0x0024, 0x0023, 0x0003, 0x0003, 0x0004, 0x0004,
    0x0004, 0x0024, 0x0024, 0x0024, 0x0024, 0x0004, 0x0003, 0x0004, 0x0003, 0x0004, 0x0004, 0x0004,
    0x0004, 0x0024, 0x0004, 0x0003, 0x0024, 0x0024, 0x0024, 0x0024, 0x0024, 0x0003, 0x0023, 0x0023,
    0x0003, 0x0003, 0x0003, 0x0003, 0x0003, 0x0003, 0x0003, 0x0023, 0x0024, 0x0024, 0x0004, 0x0004,
    0x0003, 0x0004, 0x0003, 0x0004, 0x0003, 0x0003, 0x0003, 0x0003, 0x0003, 0x0003, 0x0004, 0x0004,
    0x0024, 0x0024, 0x0024, 0x0003, 0x0844, 0x1886, 0x6232, 0x82F6, 0x8B36, 0xA376, 0x82B4, 0x7294,
    0x7A94, 0x6A33, 0x6211, 0x0025, 0x0004, 0x0004, 0x0004, 0x0003, 0x0003, 0x0003, 0x0004, 0x0024,
    0x0004, 0x0003, 0x0003, 0x0003, 0x0003, 0x0003, 0x0003, 0x0003, 0x0003, 0x0003, 0x0003, 0x0003,
    0x0024, 0x0024, 0x0003, 0x0024, 0x0004, 0x0004, 0x0024, 0x0024, 0x0024, 0x0024, 0x0024, 0x0024,
    0x0004, 0x0024, 0x0004, 0x0004, 0x0003, 0x0004, 0x0003, 0x0003, 0x0004, 0x0024, 0x0004, 0x0004,
    0x0004, 0x0024, 0x0004, 0x0004, 0x0024, 0x0004, 0x0004, 0x0004, 0x0024, 0x0004, 0x0003, 0x0024,
    0x0004, 0x0004, 0x0004, 0x0004, 0x0004, 0x0024, 0x0004, 0x0024, 0x0004, 0x0004, 0x0004, 0x0004,
    0x0004, 0x0004, 0x0004, 0x0004, 0x0024, 0x0024, 0x0004, 0x0003, 0x0003, 0x0004, 0x0003, 0x0003,
    0x0003, 0x0003, 0x0024, 0x0003, 0x20E9, 0x290A, 0x18C8, 0x0887, 0x0887, 0x0886, 0x0886, 0x08A7,
    0x18C8, 0x10A8, 0x0886, 0x0886, 0x0887, 0x20EA, 0x10A7, 0x0887, 0x10A7, 0x0887, 0x0886, 0x0886,
    0x0886, 0x18EA, 0x20EB, 0x18C9, 0x4190, 0x41B0, 0x49B1, 0x4190, 0x20EA, 0x0886, 0x18C9, 0x290C,
    0x292C, 0x18C9, 0x0886, 0x0887, 0x0886, 0x0886, 0x0886, 0x0886, 0x0886, 0x0886, 0x0887, 0x0887,
    0x0887, 0x0887, 0x0887, 0x0887, 0x0886, 0x0887, 0x0886, 0x0886, 0x0886, 0x0886, 0x0886, 0x0886,
    0x0886, 0x0886, 0x0886, 0x0886, 0x0886, 0x0886, 0x0886, 0x0886, 0x0886, 0x0886, 0x0886, 0x0886,
    0x0886, 0x0886, 0x0886, 0x0886, 0x0886, 0x0886, 0x0886, 0x0886, 0x0886, 0x0886, 0x0886, 0x0886,
    0x0886, 0x0886, 0x0886, 0x0886, 0x0886, 0x0886, 0x0886, 0x0886, 0x0886, 0x0886, 0x0886, 0x0886,
    0x0886, 0x0887, 0x0886, 0x0886, 0x0887, 0x0886, 0x0886, 0x0886, 0x0886, 0x0886, 0x0886, 0x0886,
    0x0886, 0x0886, 0x0886, 0x0887, 0x0886, 0x18E8, 0x316C, 0x10A7, 0x0003, 0x0024, 0x0003, 0x0003,
    0x0003, 0x0004, 0x0004, 0x0004, 0x0024, 0x0004, 0x0004, 0x0004, 0x0003, 0x0004, 0x0003, 0x0003,
    0x0004, 0x0004, 0x0003, 0x0004, 0x0004, 0x0003, 0x0003, 0x0003, 0x0003, 0x0003, 0x0003, 0x0023,
    0x0004, 0x0004, 0x0004, 0x0004, 0x0024, 0x0004, 0x0004, 0x0003, 0x0024, 0x0024, 0x0004, 0x0004,
    0x0024, 0x0004, 0x0003, 0x0024, 0x0003, 0x0004, 0x0004, 0x0003, 0x0003, 0x0024, 0x0024, 0x0004,
    0x0004, 0x0004, 0x0004, 0x0004, 0x0003, 0x0024, 0x0004, 0x0024, 0x0004, 0x0003, 0x0004, 0x0004,
    0x0003, 0x0003, 0x0003, 0x0003, 0x0003, 0x0004, 0x0003, 0x0004, 0x0003, 0x0004, 0x0004, 0x0004,
    0x0003, 0x0003, 0x0024, 0x0024, 0x0004, 0x0003, 0x0003, 0x0003, 0x0003, 0x0003, 0x0003, 0x0003,
    0x0004, 0x0004, 0x0004, 0x0024, 0x0004, 0x0004, 0x0004, 0x0003, 0x0003, 0x0004, 0x0004, 0x0004,
    0x0003, 0x0003, 0x0003, 0x0003, 0x0003, 0x0003, 0x0024, 0x0003, 0x0003, 0x0002, 0x1087, 0x20C8,
    0x51EF, 0x7A95, 0x7274, 0x82D5, 0x9336, 0x8AF5, 0x7A94, 0x7AB4, 0x6A53, 0x6A54, 0x18A8, 0x0004,
    0x0024, 0x0003, 0x0004, 0x0003, 0x0003, 0x0003, 0x0023, 0x0003, 0x0004, 0x0024, 0x0003, 0x0003,
    0x0003, 0x0003, 0x0003, 0x0003, 0x0023, 0x0003, 0x0003, 0x0024, 0x0003, 0x0003, 0x0004, 0x0003,
    0x0004, 0x0024, 0x0003, 0x0004, 0x0004, 0x0004, 0x0024, 0x0024, 0x0024, 0x0004, 0x0004, 0x0024,
    0x0003, 0x0004, 0x0003, 0x0003, 0x0004, 0x0024, 0x0004, 0x0004, 0x0004, 0x0004, 0x0004, 0x0004,
    0x0004, 0x0024, 0x0024, 0x0023, 0x0003, 0x0003, 0x0003, 0x0004, 0x0004, 0x0004, 0x0004, 0x0004,
    0x0004, 0x0004, 0x0004, 0x0004, 0x0003, 0x0004, 0x0004, 0x0004, 0x0004, 0x0004, 0x0003, 0x0024,
    0x0004, 0x0004, 0x0003, 0x0003, 0x0003, 0x0003, 0x0003, 0x0003, 0x0003, 0x0003, 0x0003, 0x0003,
    0x20E9, 0x210A, 0x0887, 0x0887, 0x0886, 0x0886, 0x0887, 0x0886, 0x18C9, 0x10A8, 0x0886, 0x08A7,
    0x08A7, 0x10A8, 0x08A7, 0x0887, 0x0887, 0x0887, 0x0886, 0x0887, 0x08A7, 0x0886, 0x0886, 0x0886,
    0x10A7, 0x10C8, 0x10A7, 0x0887, 0x0886, 0x10A7, 0x0886, 0x0886, 0x0886, 0x0886, 0x0887, 0x0887,
    0x0886, 0x0886, 0x0886, 0x0886, 0x0886, 0x0887, 0x0887, 0x0887, 0x0886, 0x0886, 0x0886, 0x0886,
    0x0886, 0x0887, 0x0887, 0x0886, 0x0886, 0x0886, 0x0886, 0x0886, 0x0886, 0x0886, 0x0886, 0x0886,
    0x0886, 0x0886, 0x0886, 0x0886, 0x0886, 0x0886, 0x0886, 0x0886, 0x0886, 0x0886, 0x0886, 0x0886,
    0x0886, 0x0886, 0x0886, 0x0886, 0x0886, 0x0886, 0x0887, 0x0886, 0x0886, 0x0886, 0x0886, 0x0886,
    0x0886, 0x0886, 0x0886, 0x0886, 0x0886, 0x0886, 0x0886, 0x0886, 0x0887, 0x0887, 0x0886, 0x0886,
    0x0887, 0x0886, 0x0886, 0x0886, 0x0886, 0x0886, 0x0886, 0x0886, 0x0886, 0x0886, 0x0886, 0x0886,
    0x10C7, 0x292A, 0x314C, 0x10A7, 0x0003, 0x0024, 0x0003, 0x0003, 0x0004, 0x0004, 0x0004, 0x0003,
    0x0004, 0x0004, 0x0004, 0x0004, 0x0004, 0x0024, 0x0004, 0x0004, 0x0004, 0x0004, 0x0003, 0x0004,
    0x0024, 0x0003, 0x0004, 0x0024, 0x0004, 0x0004, 0x0024, 0x0003, 0x0004, 0x0004, 0x0004, 0x0004,
    0x0004, 0x0024, 0x0004, 0x0003, 0x0024, 0x0004, 0x0024, 0x0024, 0x0004, 0x0003, 0x0004, 0x0024,
    0x0004, 0x0004, 0x0004, 0x0003, 0x0003, 0x0004, 0x0004, 0x0004, 0x0003, 0x0004, 0x0004, 0x0004,
    0x0004, 0x0024, 0x0004, 0x0004, 0x0003, 0x0004, 0x0004, 0x0024, 0x0003, 0x0003, 0x0003, 0x0003,
    0x0003, 0x0003, 0x0023, 0x0003, 0x0003, 0x0003, 0x0024, 0x0003, 0x28C5, 0x3106, 0x0003, 0x0024,
    0x0003, 0x0003, 0x0004, 0x0003, 0x0003, 0x0004, 0x0003, 0x0003, 0x0004, 0x0004, 0x0004, 0x0003,
    0x0004, 0x0004, 0x0004, 0x0003, 0x0003, 0x0004, 0x0024, 0x0003, 0x0003, 0x0003, 0x0003, 0x0003,
    0x0004, 0x0024, 0x0002, 0x0844, 0x20E8, 0x18A7, 0x59F0, 0x7AB5, 0x7AB5, 0x82D5, 0x8AF5, 0x8AD5,
    0x7274, 0x7294, 0x7AB5, 0x7A94, 0x6233, 0x59F1, 0x1066, 0x0003, 0x0003, 0x0003, 0x0004, 0x0004,
    0x0024, 0x0003, 0x0023, 0x4167, 0x0864, 0x0003, 0x0003, 0x0003, 0x0023, 0x0024, 0x0003, 0x0023,
    0x0024, 0x0004, 0x0003, 0x0003, 0x0003, 0x0004, 0x0024, 0x0003, 0x0004, 0x0024, 0x0004, 0x0004,
    0x0004, 0x0003, 0x0003, 0x0004, 0x0004, 0x0004, 0x0024, 0x0003, 0x0003, 0x0003, 0x0003, 0x0003,
    0x0004, 0x0004, 0x0004, 0x0024, 0x0004, 0x0004, 0x0024, 0x0024, 0x0004, 0x0024, 0x0004, 0x0003,
    0x0003, 0x0003, 0x0003, 0x0004, 0x0003, 0x0004, 0x0004, 0x0004, 0x0004, 0x0004, 0x0004, 0x0003,
    0x0003, 0x0004, 0x0004, 0x0004, 0x0004, 0x0003, 0x0004, 0x0024, 0x0024, 0x0024, 0x0024, 0x0003,
    0x0003, 0x0004, 0x0003, 0x0003, 0x0003, 0x0003, 0x0004, 0x0003, 0x20C9, 0x210A, 0x0886, 0x0887,
    0x0887, 0x08A7, 0x0887, 0x0886, 0x0886, 0x0886, 0x0887, 0x0887, 0x0887, 0x0886, 0x0887, 0x0887,
    0x0887, 0x0886, 0x0887, 0x0886, 0x0887, 0x0887, 0x0887, 0x0887, 0x0886, 0x0886, 0x0886, 0x0886,
    0x0887, 0x0887, 0x08A7, 0x0887, 0x0887, 0x0887, 0x0886, 0x0886, 0x0887, 0x0886, 0x0886, 0x0887,
    0x0887, 0x0887, 0x0887, 0x0887, 0x0887, 0x0887, 0x0886, 0x0886, 0x0886, 0x0886, 0x0887, 0x0886,
    0x0886, 0x0886, 0x0886, 0x0886, 0x0886, 0x0886, 0x0886, 0x0886, 0x0886, 0x0886, 0x0886, 0x0886,
    0x0886, 0x0886, 0x0886, 0x0886, 0x0886, 0x0886, 0x0886, 0x0886, 0x0886, 0x0886, 0x0886, 0x0886,
    0x0886, 0x0886, 0x0886, 0x0886, 0x0886, 0x0886, 0x0886, 0x0886, 0x0886, 0x0886, 0x0886, 0x0886,
    0x0886, 0x0886, 0x0886, 0x0886, 0x0886, 0x0886, 0x0886, 0x0886, 0x0886, 0x0886, 0x0886, 0x0886,
    0x0886, 0x0886, 0x0886, 0x0886, 0x0887, 0x0887, 0x0887, 0x0886, 0x18C8, 0x314C, 0x18C8, 0x0024,
    0x0003, 0x0003, 0x0003, 0x0003, 0x0004, 0x0004, 0x0004, 0x0004, 0x0024, 0x0024, 0x0004, 0x0004,
    0x0024, 0x0024, 0x0004, 0x0004, 0x0003, 0x0003, 0x0003, 0x0004, 0x0004, 0x0003, 0x0004, 0x0024,
    0x0004, 0x0004, 0x0024, 0x0003, 0x0004, 0x0024, 0x0004, 0x0004, 0x0004, 0x0004, 0x0024, 0x0004,
    0x0024, 0x0024, 0x0004, 0x0024, 0x0024, 0x0003, 0x0003, 0x0003, 0x0004, 0x0004, 0x0003, 0x0003,
    0x0003, 0x0003, 0x0024, 0x0024, 0x0024, 0x0003, 0x0003, 0x0003, 0x0004, 0x0004, 0x0004, 0x0004,
    0x0004, 0x0004, 0x0004, 0x0004, 0x0004, 0x0004, 0x0004, 0x0003, 0x0003, 0x0003, 0x0003, 0x0003,
    0x0003, 0x0004, 0x0024, 0x0002, 0x59E9, 0x7A6B, 0x0002, 0x0024, 0x0003, 0x0003, 0x0004, 0x0003,
    0x0003, 0x0003, 0x0004, 0x0003, 0x0004, 0x0024, 0x0003, 0x0004, 0x0003, 0x0003, 0x0004, 0x0003,
    0x0003, 0x0004, 0x0003, 0x0004, 0x0003, 0x0003, 0x0003, 0x0024, 0x0003, 0x0002, 0x1064, 0x49AD,
    0x8B17, 0x82D5, 0x6A53, 0x6A53, 0x7AB5, 0x8B16, 0x8AF6, 0x7274, 0x7273, 0x7274, 0x7274, 0x7274,
    0x6233, 0x18A8, 0x0003, 0x0024, 0x0003, 0x0003, 0x0024, 0x0024, 0x0024, 0x0024, 0x0844, 0xA36E,
    0x18A5, 0x0003, 0x0004, 0x0003, 0x0003, 0x0024, 0x0003, 0x0024, 0x0004, 0x0023, 0x0004, 0x0004,
    0x0004, 0x0004, 0x0024, 0x0004, 0x0003, 0x0004, 0x0004, 0x0024, 0x0004, 0x0003, 0x0003, 0x0004,
    0x0004, 0x0004, 0x0003, 0x0003, 0x0003, 0x0003, 0x0003, 0x0003, 0x0024, 0x0004, 0x0003, 0x0004,
    0x0024, 0x0004, 0x0004, 0x0024, 0x0004, 0x0004, 0x0024, 0x0004, 0x0003, 0x0003, 0x0003, 0x0003,
    0x0003, 0x0003, 0x0024, 0x0024, 0x0004, 0x0003, 0x0003, 0x0003, 0x0004, 0x0004, 0x0003, 0x0004,
    0x0004, 0x0024, 0x0024, 0x0004, 0x0024, 0x0024, 0x0004, 0x0024, 0x0004, 0x0004, 0x0003, 0x0003,
    0x0003, 0x0003, 0x0004, 0x0024, 0x0044, 0x20E9, 0x10A8, 0x10A7, 0x08A7, 0x0887, 0x0886, 0x0886,
    0x0886, 0x0886, 0x08A7, 0x08A7, 0x0887, 0x0887, 0x0887, 0x0887, 0x0887, 0x0887, 0x0887, 0x0887,
    0x0886, 0x0887, 0x0886, 0x0886, 0x0886, 0x0886, 0x0887, 0x0886, 0x0886, 0x0886, 0x0886, 0x0887,
    0x0887, 0x0887, 0x0886, 0x0886, 0x0886, 0x0887, 0x0887, 0x0887, 0x0887, 0x0887, 0x0886, 0x0887,
    0x0887, 0x0887, 0x0886, 0x0886, 0x0886, 0x0887, 0x0886, 0x0886, 0x0887, 0x0886, 0x0886, 0x0886,
    0x0886, 0x0886, 0x0886, 0x0886, 0x0886, 0x0886, 0x0886, 0x0886, 0x0886, 0x0886, 0x0886, 0x0886,
    0x0886, 0x0886, 0x0886, 0x0886, 0x0886, 0x0886, 0x0886, 0x0886, 0x0886, 0x0887, 0x0886, 0x0886,
    0x0886, 0x0886, 0x0886, 0x0886, 0x0886, 0x0886, 0x0886, 0x0886, 0x0886, 0x0886, 0x0886, 0x0886,
    0x0887, 0x0886, 0x0886, 0x0886, 0x0886, 0x0886, 0x0886, 0x0886, 0x0886, 0x0886, 0x0886, 0x0886,
    0x0887, 0x0887, 0x10A7, 0x0886, 0x10C8, 0x314C, 0x1086, 0x0003, 0x0024, 0x0003, 0x0003, 0x0003,
    0x0004, 0x0004, 0x0004, 0x0024, 0x0004, 0x0004, 0x0004, 0x0004, 0x0004, 0x0004, 0x0004, 0x0004,
    0x0003, 0x0024, 0x0004, 0x0004, 0x0024, 0x0004, 0x0004, 0x0004, 0x0004, 0x0004, 0x0024, 0x0004,
    0x0003, 0x0004, 0x0003, 0x0004, 0x0004, 0x0004, 0x0024, 0x0024, 0x0004, 0x0004, 0x0004, 0x0004,
    0x0003, 0x0004, 0x0003, 0x0003, 0x0004, 0x0003, 0x0003, 0x0003, 0x0003, 0x0003, 0x0024, 0x0024,
    0x0004, 0x0003, 0x0003, 0x0024, 0x0004, 0x0004, 0x0004, 0x0024, 0x0004, 0x0004, 0x0003, 0x0003,
    0x0004, 0x0004, 0x0024, 0x0024, 0x0004, 0x0003, 0x0003, 0x0003, 0x0003, 0x0003, 0x0003, 0x0024,
    0x0003, 0x0003, 0x0024, 0x0003, 0x0003, 0x0003, 0x0003, 0x0003, 0x0003, 0x0003, 0x0004, 0x0024,
    0x0003, 0x0004, 0x0003, 0x0004, 0x0004, 0x0003, 0x0004, 0x0003, 0x0004, 0x0004, 0x0003, 0x0003,
    0x0004, 0x0023, 0x0003, 0x0002, 0x18C7, 0x416C, 0x6A72, 0x82D6, 0x7274, 0x7294, 0x82B5, 0x82D5,
    0x7AB5, 0x6A74, 0x7274, 0x7294, 0x7274, 0x7274, 0x6233, 0x6213, 0x310A, 0x0003, 0x0024, 0x0004,
    0x0004, 0x0004, 0x0003, 0x0024, 0x0023, 0x0003, 0x0024, 0x0003, 0x0003, 0x0003, 0x0003, 0x0003,
    0x0003, 0x0003, 0x0003, 0x0003, 0x0024, 0x0004, 0x0004, 0x0004, 0x0004, 0x0024, 0x0004, 0x0004,
    0x0004, 0x0004, 0x0004, 0x0024, 0x0004, 0x0003, 0x0003, 0x0003, 0x0004, 0x0004, 0x0003, 0x0003,
    0x0003, 0x0003, 0x0003, 0x0003, 0x0003, 0x0024, 0x0004, 0x0024, 0x0024, 0x0004, 0x0004, 0x0004,
    0x0004, 0x0024, 0x0004, 0x0004, 0x0003, 0x0003, 0x0003, 0x0003, 0x0003, 0x0024, 0x0004, 0x0024,
    0x0024, 0x0004, 0x0003, 0x0004, 0x0004, 0x0004, 0x0024, 0x0004, 0x0004, 0x0024, 0x0004, 0x0004,
    0x0024, 0x0004, 0x0004, 0x0004, 0x0024, 0x0004, 0x0004, 0x0004, 0x0003, 0x0003, 0x0003, 0x0024,
    0x0023, 0x290A, 0x210A, 0x0886, 0x10A7, 0x0886, 0x0886, 0x0887, 0x0887, 0x0887, 0x0887, 0x0887,
    0x0887, 0x0887, 0x0887, 0x0887, 0x0887, 0x0887, 0x0887, 0x0887, 0x0886, 0x0886, 0x0886, 0x0886,
    0x0886, 0x0886, 0x0886, 0x0886, 0x0886, 0x0886, 0x0886, 0x0886, 0x0887, 0x0887, 0x0886, 0x0886,
    0x0886, 0x0887, 0x0887, 0x0886, 0x0887, 0x0886, 0x0887, 0x0887, 0x0886, 0x0886, 0x0886, 0x0887,
    0x0886, 0x0886, 0x0886, 0x0886, 0x0886, 0x0886, 0x0886, 0x0886, 0x0886, 0x0886, 0x0886, 0x0886,
    0x0886, 0x0886, 0x0886, 0x0886, 0x0886, 0x0886, 0x0886, 0x0886, 0x0886, 0x0886, 0x0886, 0x0886,
    0x0886, 0x0886, 0x0886, 0x0886, 0x0886, 0x0886, 0x0886, 0x0886, 0x0886, 0x0886, 0x0886, 0x0886,
    0x0886, 0x0886, 0x0886, 0x0886, 0x0886, 0x0886, 0x0886, 0x0886, 0x0887, 0x0886, 0x0886, 0x0886,
    0x0886, 0x0886, 0x0886, 0x0886, 0x0886, 0x0886, 0x0886, 0x0886, 0x0887, 0x10A7, 0x10A7, 0x10A7,
    0x210A, 0x290A, 0x0865, 0x0003, 0x0024, 0x0003, 0x0003, 0x0003, 0x0003, 0x0004, 0x0003, 0x0004,
    0x0004, 0x0003, 0x0004, 0x0024, 0x0024, 0x0004, 0x0003, 0x0004, 0x0003, 0x0003, 0x0004, 0x0003,
    0x0003, 0x0003, 0x0004, 0x0004, 0x0004, 0x0024, 0x0024, 0x0004, 0x0004, 0x0024, 0x0004, 0x0004,
    0x0003, 0x0003, 0x0004, 0x0004, 0x0024, 0x0004, 0x0004, 0x0003, 0x0004, 0x0003, 0x0004, 0x0004,
    0x0003, 0x0003, 0x0003, 0x0003, 0x0003, 0x0003, 0x0003, 0x0003, 0x0023, 0x0003, 0x0003, 0x0003,
    0x0004, 0x0024, 0x0024, 0x0024, 0x0024, 0x0003, 0x0004, 0x0003, 0x0024, 0x0024, 0x0003, 0x0024,
    0x0004, 0x0004, 0x0003, 0x0004, 0x0003, 0x0003, 0x0024, 0x0003, 0x0003, 0x0023, 0x0003, 0x0004,
    0x0003, 0x0003, 0x0003, 0x0004, 0x0024, 0x0004, 0x0003, 0x0003, 0x0004, 0x0004, 0x0004, 0x0024,
    0x0024, 0x0003, 0x0003, 0x0003, 0x0003, 0x0003, 0x0004, 0x0024, 0x0024, 0x0024, 0x0002, 0x394B,
    0x82D5, 0x8B17, 0x7295, 0x6A54, 0x7A94, 0x82D5, 0x9316, 0x7AB5, 0x6A53, 0x6A53, 0x6A53, 0x7274,
    0x7254, 0x6A33, 0x6233, 0x290A, 0x0003, 0x0004, 0x0024, 0x0004, 0x0024, 0x0003, 0x0003, 0x0002,
    0x0002, 0x1086, 0x0024, 0x0024, 0x0004, 0x0003, 0x0003, 0x0003, 0x0003, 0x0003, 0x0003, 0x0003,
    0x0004, 0x0024, 0x0004, 0x0004, 0x0004, 0x0004, 0x0003, 0x0004, 0x0004, 0x0024, 0x0004, 0x0003,
    0x0003, 0x0004, 0x0004, 0x0004, 0x0003, 0x0003, 0x0003, 0x0003, 0x0004, 0x0003, 0x0003, 0x0003,
    0x0004, 0x0024, 0x0024, 0x0004, 0x0004, 0x0004, 0x0004, 0x0004, 0x0024, 0x0024, 0x0004, 0x0004,
    0x0004, 0x0004, 0x0024, 0x0004, 0x0004, 0x0004, 0x0004, 0x0024, 0x0024, 0x0004, 0x0004, 0x0004,
    0x0004, 0x0004, 0x0004, 0x0004, 0x0004, 0x0024, 0x0004, 0x0024, 0x0024, 0x0004, 0x0004, 0x0024,
    0x0004, 0x0024, 0x0004, 0x0003, 0x0003, 0x0003, 0x0003, 0x0003, 0x0044, 0x314C, 0x292B, 0x10A7,
    0x0886, 0x1087, 0x0887, 0x10A7, 0x08A7, 0x1087, 0x0887, 0x0887, 0x10A7, 0x08A7, 0x10A7, 0x0887,
    0x0887, 0x0887, 0x0887, 0x0886, 0x0887, 0x0887, 0x0886, 0x0886, 0x0886, 0x0886, 0x0886, 0x0886,
    0x0886, 0x0886, 0x0886, 0x0886, 0x0887, 0x0886, 0x0886, 0x0887, 0x0887, 0x0886, 0x0886, 0x0887,
    0x0887, 0x0887, 0x0887, 0x0887, 0x0886, 0x0886, 0x0886, 0x0886, 0x0886, 0x0886, 0x0886, 0x0886,
    0x0886, 0x0886, 0x0886, 0x0886, 0x0886, 0x0886, 0x0886, 0x0886, 0x0886, 0x0886, 0x0886, 0x0886,
    0x0886, 0x0886, 0x0886, 0x0886, 0x0886, 0x0886, 0x0886, 0x0886, 0x0886, 0x0886, 0x0886, 0x0886,
    0x0886, 0x0886, 0x0886, 0x0886, 0x0886, 0x0886, 0x0886, 0x0886, 0x0887, 0x0886, 0x0886, 0x0886,
    0x0886, 0x0886, 0x0886, 0x0886, 0x0886, 0x0887, 0x0887, 0x0886, 0x0886, 0x0886, 0x0886, 0x0886,
    0x0886, 0x0886, 0x0886, 0x0887, 0x08A7, 0x10A7, 0x0886, 0x18E9, 0x314C, 0x10A7, 0x0003, 0x0024,
    0x0024, 0x0003, 0x0003, 0x0003, 0x0003, 0x0003, 0x0003, 0x0003, 0x0004, 0x0004, 0x0004, 0x0004,
    0x0004, 0x0004, 0x0004, 0x0024, 0x0003, 0x0003, 0x0023, 0x0023, 0x0003, 0x0004, 0x0003, 0x0004,
    0x0004, 0x0024, 0x0004, 0x0004, 0x0004, 0x0004, 0x0003, 0x0003, 0x0003, 0x0003, 0x0004, 0x0004,
    0x0004, 0x0003, 0x0004, 0x0004, 0x0003, 0x0004, 0x0004, 0x0004, 0x0004, 0x0003, 0x0003, 0x0003,
    0x0023, 0x0003, 0x0023, 0x0003, 0x0003, 0x0003, 0x0003, 0x0024, 0x0004, 0x0004, 0x0004, 0x0024,
    0x0004, 0x0004, 0x0024, 0x0003, 0x0003, 0x0024, 0x0004, 0x0024, 0x0004, 0x0003, 0x0024, 0x0024,
    0x0003, 0x0003, 0x0024, 0x0003, 0x0023, 0x0023, 0x0004, 0x0004, 0x0024, 0x0003, 0x0004, 0x0004,
    0x0024, 0x0004, 0x0003, 0x0003, 0x0003, 0x0024, 0x0024, 0x0003, 0x0003, 0x0004, 0x0004, 0x0004,
    0x0003, 0x0003, 0x0003, 0x0004, 0x0024, 0x0002, 0x49AC, 0x9358, 0x7274, 0x6A74, 0x7294, 0x9314,
    0x8AD5, 0x7A94, 0x6A54, 0x6A74, 0x6A73, 0x7253, 0x7253, 0x6A53, 0x6233, 0x5A12, 0x290A, 0x0003,
    0x0024, 0x0024, 0x0004, 0x0024, 0x0024, 0x0024, 0x0003, 0x1864, 0x0023, 0x416C, 0x0845, 0x0003,
    0x0024, 0x0003, 0x0004, 0x0003, 0x0003, 0x0003, 0x0003, 0x0003, 0x0003, 0x0003, 0x0004, 0x0004,
    0x0003, 0x0003, 0x0003, 0x0004, 0x0004, 0x0004, 0x0023, 0x1044, 0x0024, 0x0024, 0x0024, 0x0024,
    0x0003, 0x0003, 0x0004, 0x0003, 0x0003, 0x0003, 0x0003, 0x0004, 0x0004, 0x0004, 0x0004, 0x0004,
    0x0004, 0x0004, 0x0004, 0x0004, 0x0024, 0x0024, 0x0024, 0x0004, 0x0024, 0x0004, 0x0024, 0x0024,
    0x0024, 0x0004, 0x0004, 0x0004, 0x0004, 0x0024, 0x0004, 0x0004, 0x0024, 0x0024, 0x0024, 0x0024,
    0x0004, 0x0024, 0x0024, 0x0004, 0x0024, 0x0024, 0x0024, 0x0024, 0x0024, 0x0024, 0x0024, 0x0023,
    0x0004, 0x0003, 0x0003, 0x0024, 0x0023, 0x18A7, 0x314B, 0x210A, 0x10A7, 0x08A7, 0x10A7, 0x10A7,
    0x10A7, 0x0887, 0x10A7, 0x0886, 0x0887, 0x10A7, 0x10A7, 0x10A7, 0x10A7, 0x0887, 0x0887, 0x0887,
    0x0886, 0x0886, 0x0886, 0x0886, 0x0886, 0x0886, 0x0886, 0x0886, 0x0886, 0x0886, 0x0886, 0x0887,
    0x0886, 0x0886, 0x0886, 0x0886, 0x0886, 0x0887, 0x0887, 0x0887, 0x0886, 0x0886, 0x0886, 0x0886,
    0x0886, 0x0887, 0x0886, 0x0886, 0x0886, 0x0886, 0x0886, 0x0886, 0x0886, 0x0886, 0x0886, 0x0886,
    0x0886, 0x0886, 0x0886, 0x0886, 0x0886, 0x0886, 0x0886, 0x0886, 0x0886, 0x0886, 0x0886, 0x0886,
    0x0886, 0x0886, 0x0886, 0x0886, 0x0886, 0x0886, 0x0886, 0x0886, 0x0886, 0x0886, 0x0886, 0x0886,
    0x0886, 0x0886, 0x0886, 0x0886, 0x0886, 0x0886, 0x0886, 0x0886, 0x0886, 0x0886, 0x0886, 0x0886,
    0x0887, 0x0887, 0x0887, 0x0886, 0x0886, 0x0886, 0x0886, 0x0886, 0x0886, 0x0886, 0x0887, 0x08A7,
    0x10A7, 0x0886, 0x18E8, 0x294B, 0x292B, 0x18A7, 0x0003, 0x0024, 0x0004, 0x0003, 0x0003, 0x0003,
    0x0003, 0x0003, 0x0003, 0x0003, 0x0003, 0x0004, 0x0004, 0x0003, 0x0004, 0x0004, 0x0024, 0x0024,
    0x0024, 0x0003, 0x0004, 0x0004, 0x0024, 0x0024, 0x0003, 0x0003, 0x0003, 0x0003, 0x0024, 0x0003,
    0x0003, 0x0003, 0x0003, 0x0023, 0x0003, 0x0003, 0x0003, 0x0003, 0x0004, 0x0003, 0x0003, 0x0003,
    0x0003, 0x0004, 0x0004, 0x0004, 0x0004, 0x0003, 0x0003, 0x0003, 0x0003, 0x0023, 0x0003, 0x0003,
    0x0003, 0x0003, 0x0003, 0x0003, 0x0003, 0x0004, 0x0024, 0x0004, 0x0004, 0x0004, 0x0004, 0x0004,
    0x0004, 0x0003, 0x0024, 0x0024, 0x0004, 0x0004, 0x0004, 0x0004, 0x0003, 0x0003, 0x0003, 0x0023,
    0x0003, 0x0003, 0x0003, 0x0003, 0x0004, 0x0024, 0x0024, 0x0004, 0x0004, 0x0004, 0x0003, 0x0023,
    0x0003, 0x0024, 0x0024, 0x0844, 0x1085, 0x0023, 0x0004, 0x0004, 0x0003, 0x0003, 0x0003, 0x0004,
    0x0002, 0x396B, 0x8AF7, 0x7294, 0x7274, 0x7294, 0x82D4, 0xC394, 0x7274, 0x6233, 0x6A33, 0x6A53,
    0x7274, 0x7274, 0x7274, 0x6212, 0x59F1, 0x18A7, 0x0003, 0x0024, 0x0024, 0x0004, 0x0003, 0x0003,
    0x0003, 0x0004, 0x0024, 0x59CE, 0x1065, 0x0003, 0x0023, 0x0003, 0x0003, 0x0004, 0x0004, 0x0003,
    0x0003, 0x0003, 0x0003, 0x0003, 0x0024, 0x0024, 0x0004, 0x0004, 0x0003, 0x0003, 0x0024, 0x0004,
    0x0004, 0x0003, 0x0002, 0xAB30, 0x20C7, 0x0003, 0x0024, 0x0004, 0x0024, 0x0024, 0x0003, 0x0003,
    0x0003, 0x0003, 0x0003, 0x0004, 0x0004, 0x0004, 0x0024, 0x0004, 0x0004, 0x0004, 0x0004, 0x0004,
    0x0024, 0x0004, 0x0024, 0x0024, 0x0004, 0x0024, 0x0024, 0x0024, 0x0003, 0x0004, 0x0004, 0x0004,
    0x0004, 0x0024, 0x0004, 0x0004, 0x0024, 0x0004, 0x0024, 0x0024, 0x0004, 0x0004, 0x0024, 0x0024,
    0x0024, 0x0024, 0x0024, 0x0024, 0x0024, 0x0024, 0x0004, 0x0004, 0x0023, 0x0003, 0x0003, 0x0024,
    0x0023, 0x0003, 0x1085, 0x2109, 0x314C, 0x190A, 0x10C8, 0x0886, 0x0886, 0x0886, 0x0886, 0x10A8,
    0x18C8, 0x08A7, 0x10A7, 0x0887, 0x0886, 0x0886, 0x0886, 0x0887, 0x0887, 0x0887, 0x0887, 0x0886,
    0x0886, 0x0886, 0x0886, 0x0886, 0x0887, 0x0886, 0x0887, 0x0887, 0x0887, 0x0887, 0x0886, 0x0887,
    0x0886, 0x0887, 0x0887, 0x0887, 0x0887, 0x0887, 0x0886, 0x0886, 0x0887, 0x0887, 0x0887, 0x0886,
    0x0886, 0x0886, 0x0886, 0x0886, 0x0886, 0x0886, 0x0886, 0x0886, 0x0886, 0x0886, 0x0886, 0x0886,
    0x0886, 0x0886, 0x0886, 0x0886, 0x0886, 0x0886, 0x0886, 0x0886, 0x0886, 0x0886, 0x0886, 0x0886,
    0x0886, 0x0886, 0x0886, 0x0886, 0x0886, 0x0886, 0x0886, 0x0886, 0x0886, 0x0886, 0x0886, 0x0886,
    0x0886, 0x0886, 0x0886, 0x0886, 0x0886, 0x0886, 0x0886, 0x0886, 0x0886, 0x0887, 0x0887, 0x0886,
    0x0886, 0x0886, 0x0886, 0x0886, 0x0886, 0x0887, 0x10A7, 0x08A7, 0x0886, 0x18E8, 0x294B, 0x314C,
    0x20E9, 0x0044, 0x0024, 0x0024, 0x0024, 0x0004, 0x0003, 0x0003, 0x0003, 0x0003, 0x0003, 0x0024,
    0x0004, 0x0004, 0x0003, 0x0003, 0x0004, 0x0004, 0x0003, 0x0004, 0x0024, 0x0004, 0x0004, 0x0003,
    0x0003, 0x0003, 0x0003, 0x0003, 0x0003, 0x0003, 0x0003, 0x0004, 0x0003, 0x0003, 0x0003, 0x0003,
    0x0003, 0x0003, 0x0004, 0x0004, 0x0024, 0x0004, 0x0004, 0x0003, 0x0003, 0x0023, 0x0004, 0x0004,
    0x0003, 0x0003, 0x0004, 0x0003, 0x0003, 0x0003, 0x0003, 0x0003, 0x0003, 0x0003, 0x0003, 0x0003,
    0x0003, 0x0004, 0x0004, 0x0004, 0x0004, 0x0003, 0x0004, 0x0004, 0x0003, 0x0003, 0x0004, 0x0004,
    0x0004, 0x0003, 0x0003, 0x0004, 0x0004, 0x0003, 0x0003, 0x0003, 0x0024, 0x0003, 0x0003, 0x0003,
    0x0004, 0x0024, 0x0004, 0x0004, 0x0003, 0x0003, 0x0003, 0x0003, 0x0024, 0x0024, 0x0002, 0x622D,
    0xE4DA, 0x20C6, 0x0003, 0x0024, 0x0024, 0x0004, 0x0003, 0x0003, 0x1885, 0x7273, 0x7274, 0x6A53,
    0x6A54, 0x82F5, 0x9316, 0x7275, 0x7274, 0x6A53, 0x6A53, 0x6A53, 0x7254, 0x7294, 0x6A53, 0x6233,
    0x312B, 0x0002, 0x0024, 0x0024, 0x0004, 0x0004, 0x0003, 0x0023, 0x18A6, 0x1085, 0x0024, 0x0024,
    0x0024, 0x0023, 0x0003, 0x0003, 0x0004, 0x0024, 0x0003, 0x0003, 0x0024, 0x0003, 0x0003, 0x0023,
    0x0024, 0x0024, 0x0004, 0x0003, 0x0003, 0x0004, 0x0003, 0x0004, 0x0023, 0x1064, 0x6A4B, 0xF697,
    0x9B2D, 0x1044, 0x0024, 0x0024, 0x0004, 0x0004, 0x0003, 0x0003, 0x0004, 0x0004, 0x0004, 0x0004,
    0x0004, 0x0004, 0x0004, 0x0004, 0x0004, 0x0004, 0x0004, 0x0004, 0x0024, 0x0024, 0x0004, 0x0024,
    0x0024, 0x0004, 0x0004, 0x0004, 0x0024, 0x0004, 0x0004, 0x0004, 0x0004, 0x0004, 0x0004, 0x0004,
    0x0004, 0x0024, 0x0004, 0x0004, 0x0004, 0x0004, 0x0003, 0x0004, 0x0024, 0x0004, 0x0024, 0x0024,
    0x0024, 0x0024, 0x0004, 0x0024, 0x0003, 0x0004, 0x0003, 0x0003, 0x0024, 0x0024, 0x0003, 0x0845,
    0x10A7, 0x18A8, 0x210A, 0x18E8, 0x2109, 0x2109, 0x210A, 0x292B, 0x294C, 0x18E9, 0x1086, 0x18E9,
    0x20E9, 0x20E9, 0x10A7, 0x0886, 0x0887, 0x0887, 0x10A7, 0x0887, 0x0886, 0x0886, 0x0886, 0x0886,
    0x0886, 0x0887, 0x0887, 0x0887, 0x0886, 0x0887, 0x0887, 0x0887, 0x0886, 0x0887, 0x0886, 0x0887,
    0x0886, 0x0887, 0x0886, 0x0886, 0x0886, 0x0886, 0x0886, 0x0886, 0x0886, 0x0886, 0x0886, 0x0886,
    0x0886, 0x0886, 0x0886, 0x0886, 0x0886, 0x0886, 0x0886, 0x0886, 0x0886, 0x0886, 0x0886, 0x0886,
    0x0886, 0x0886, 0x0886, 0x0886, 0x0886, 0x0886, 0x0886, 0x0886, 0x0886, 0x0886, 0x0886, 0x0886,
    0x0886, 0x0886, 0x0886, 0x0886, 0x0886, 0x0886, 0x0886, 0x0886, 0x0886, 0x0886, 0x0886, 0x0886,
    0x0886, 0x0886, 0x0886, 0x0886, 0x0886, 0x0886, 0x0886, 0x0887, 0x0887, 0x0887, 0x0887, 0x0887,
    0x0887, 0x0887, 0x0886, 0x10A7, 0x18E9, 0x292B, 0x314C, 0x290A, 0x0845, 0x0003, 0x0024, 0x0004,
    0x0024, 0x0004, 0x0003, 0x0023, 0x0004, 0x0004, 0x0004, 0x0003, 0x0004, 0x0004, 0x0024, 0x0024,
    0x0004, 0x0003, 0x0024, 0x0004, 0x0004, 0x0004, 0x0003, 0x0003, 0x0003, 0x0003, 0x0004, 0x0004,
    0x0024, 0x0003, 0x0024, 0x0024, 0x0004, 0x0003, 0x0003, 0x0004, 0x0024, 0x0004, 0x0004, 0x0004,
    0x0004, 0x0004, 0x0024, 0x0004, 0x0003, 0x0003, 0x0003, 0x0003, 0x0003, 0x0024, 0x0003, 0x0003,
    0x0003, 0x0003, 0x0003, 0x0024, 0x0003, 0x0003, 0x0003, 0x0003, 0x0003, 0x0003, 0x0004, 0x0003,
    0x0004, 0x0004, 0x0024, 0x0004, 0x0004, 0x0004, 0x0004, 0x0003, 0x0003, 0x0004, 0x0003, 0x0003,
    0x0004, 0x0003, 0x0003, 0x0003, 0x0024, 0x0003, 0x0004, 0x0004, 0x0003, 0x0003, 0x0004, 0x0004,
    0x0003, 0x0003, 0x0003, 0x0004, 0x0003, 0x0024, 0x0002, 0x51AB, 0xBBB5, 0x18A6, 0x0003, 0x0024,
    0x0024, 0x0004, 0x0024, 0x0001, 0x49AE, 0x82F7, 0x6A53, 0x6A74, 0x82D4, 0xD414, 0x92F5, 0x6A54,
    0x6A53, 0x6A53, 0x6A54, 0x6A54, 0x7274, 0x7273, 0x6213, 0x5A12, 0x1066, 0x0004, 0x0024, 0x0003,
    0x0023, 0x0024, 0x0002, 0x2907, 0xE51D, 0x8B32, 0x0002, 0x0024, 0x0024, 0x0003, 0x0003, 0x0004,
    0x0004, 0x0024, 0x0003, 0x0003, 0x0003, 0x0004, 0x0003, 0x0024, 0x0024, 0x0003, 0x0003, 0x0003,
    0x0004, 0x0003, 0x0024, 0x0024, 0x0023, 0x720C, 0xF5B5, 0xFF37, 0xF573, 0x8A4D, 0x1866, 0x0003,
    0x0024, 0x0003, 0x0003, 0x0003, 0x0003, 0x0004, 0x0003, 0x0004, 0x0004, 0x0004, 0x0004, 0x0004,
    0x0004, 0x0003, 0x0004, 0x0024, 0x0004, 0x0004, 0x0004, 0x0024, 0x0024, 0x0004, 0x0004, 0x0003,
    0x0003, 0x0004, 0x0004, 0x0004, 0x0004, 0x0004, 0x0004, 0x0003, 0x0004, 0x0024, 0x0004, 0x0004,
    0x0004, 0x0003, 0x0003, 0x0003, 0x0004, 0x0004, 0x0024, 0x0004, 0x0024, 0x0004, 0x0024, 0x0024,
    0x0003, 0x0004, 0x0024, 0x0003, 0x0003, 0x0004, 0x0024, 0x0003, 0x0003, 0x0023, 0x1086, 0x1086,
    0x1086, 0x1086, 0x1087, 0x1086, 0x10A7, 0x0886, 0x18A8, 0x292B, 0x292B, 0x292B, 0x210A, 0x20E9,
    0x20EA, 0x18E9, 0x0886, 0x0886, 0x0886, 0x0886, 0x0886, 0x0886, 0x0887, 0x0887, 0x0887, 0x0887,
    0x0886, 0x0886, 0x0886, 0x0886, 0x0886, 0x0887, 0x0887, 0x0886, 0x0886, 0x0887, 0x0887, 0x0886,
    0x0887, 0x0887, 0x0887, 0x0886, 0x0886, 0x0886, 0x0886, 0x0886, 0x0886, 0x0886, 0x0886, 0x0886,
    0x0886, 0x0886, 0x0887, 0x0886, 0x0886, 0x0886, 0x0886, 0x0886, 0x0886, 0x0886, 0x0886, 0x0886,
    0x0886, 0x0886, 0x0886, 0x0886, 0x0886, 0x0886, 0x0886, 0x0886, 0x0886, 0x0886, 0x0886, 0x0886,
    0x0886, 0x0886, 0x0886, 0x0886, 0x0886, 0x0886, 0x0886, 0x0886, 0x0886, 0x0886, 0x0886, 0x0886,
    0x0887, 0x0887, 0x0887, 0x0887, 0x1087, 0x10A7, 0x10A7, 0x0886, 0x0886, 0x0886, 0x18C8, 0x20E9,
    0x314C, 0x314C, 0x292A, 0x0845, 0x0003, 0x0024, 0x0004, 0x0004, 0x0024, 0x0004, 0x0003, 0x0004,
    0x0004, 0x0004, 0x0003, 0x0004, 0x0024, 0x0004, 0x0024, 0x0024, 0x0024, 0x0004, 0x0024, 0x0004,
    0x0004, 0x0024, 0x0024, 0x0004, 0x0003, 0x0004, 0x0004, 0x0024, 0x0004, 0x0004, 0x0024, 0x0024,
    0x0024, 0x0003, 0x0003, 0x0003, 0x0023, 0x0003, 0x0003, 0x0004, 0x0004, 0x0004, 0x0024, 0x0024,
    0x0003, 0x0003, 0x0003, 0x0003, 0x0003, 0x0003, 0x0003, 0x0003, 0x0003, 0x0003, 0x0003, 0x0003,
    0x0024, 0x0003, 0x0003, 0x0003, 0x0024, 0x0003, 0x0003, 0x0004, 0x0004, 0x0024, 0x0004, 0x0003,
    0x0003, 0x0003, 0x0004, 0x0003, 0x0003, 0x0003, 0x0024, 0x0004, 0x0004, 0x0003, 0x0003, 0x0003,
    0x0004, 0x0004, 0x0024, 0x0004, 0x0024, 0x1087, 0x0024, 0x0003, 0x0003, 0x0003, 0x0004, 0x0003,
    0x0024, 0x0024, 0x0003, 0x0003, 0x0003, 0x0004, 0x0024, 0x0004, 0x0003, 0x0024, 0x0003, 0x1065,
    0x6252, 0x7AB5, 0x6A73, 0x6A74, 0x9B14, 0xD3D4, 0x7253, 0x6233, 0x6A53, 0x6A53, 0x6A54, 0x7274,
    0x82D5, 0x7253, 0x5A12, 0x59D2, 0x0845, 0x0004, 0x0004, 0x0003, 0x0003, 0x0024, 0x0003, 0x18C6,
    0x9B94, 0x622D, 0x0003, 0x0024, 0x0024, 0x0004, 0x0003, 0x0004, 0x0024, 0x0003, 0x0003, 0x0003,
    0x0003, 0x0024, 0x0003, 0x0003, 0x0004, 0x0003, 0x0004, 0x0003, 0x0003, 0x0004, 0x0024, 0x0004,
    0x0024, 0x0003, 0x3927, 0xED75, 0x7A4C, 0x0004, 0x0024, 0x0004, 0x0004, 0x0003, 0x0003, 0x0003,
    0x0004, 0x0004, 0x0004, 0x0004, 0x0004, 0x0004, 0x0004, 0x0004, 0x0024, 0x0004, 0x0004, 0x0004,
    0x0024, 0x0024, 0x0004, 0x0004, 0x0024, 0x0004, 0x0003, 0x0003, 0x0024, 0x0003, 0x0004, 0x0004,
    0x0004, 0x0004, 0x0003, 0x0004, 0x0004, 0x0004, 0x0004, 0x0024, 0x0004, 0x0004, 0x0003, 0x0003,
    0x0004, 0x0024, 0x0024, 0x0004, 0x0024, 0x0024, 0x0024, 0x0004, 0x0003, 0x0004, 0x0004, 0x0024,
    0x0024, 0x0004, 0x0003, 0x0024, 0x0024, 0x0024, 0x0023, 0x0003, 0x0003, 0x0003, 0x0003, 0x0003,
    0x0003, 0x0003, 0x0866, 0x18A7, 0x292B, 0x292B, 0x314C, 0x314C, 0x314C, 0x292B, 0x210A, 0x210A,
    0x18E9, 0x18C8, 0x18C8, 0x18E9, 0x0886, 0x0887, 0x0887, 0x0887, 0x0887, 0x0887, 0x0886, 0x0887,
    0x0887, 0x0887, 0x0887, 0x0887, 0x0887, 0x0887, 0x0887, 0x0887, 0x0887, 0x0887, 0x0887, 0x0887,
    0x0887, 0x0887, 0x0886, 0x0887, 0x0886, 0x0886, 0x0886, 0x0886, 0x0886, 0x0886, 0x0886, 0x0886,
    0x0886, 0x0886, 0x0886, 0x0886, 0x0886, 0x0886, 0x0886, 0x0886, 0x0886, 0x0886, 0x0886, 0x0886,
    0x0886, 0x0886, 0x0886, 0x0886, 0x0886, 0x0886, 0x0886, 0x0886, 0x0886, 0x0886, 0x0886, 0x0886,
    0x0886, 0x0886, 0x0886, 0x0887, 0x0886, 0x0886, 0x0886, 0x0886, 0x0886, 0x0886, 0x0886, 0x0886,
    0x0886, 0x0886, 0x0886, 0x18E9, 0x210A, 0x210A, 0x292B, 0x294C, 0x18C8, 0x18A7, 0x0865, 0x0003,
    0x0024, 0x0004, 0x0004, 0x0024, 0x0004, 0x0023, 0x0004, 0x0004, 0x0004, 0x0004, 0x0004, 0x0004,
    0x0004, 0x0004, 0x0024, 0x0004, 0x0004, 0x0004, 0x0024, 0x0004, 0x0024, 0x0003, 0x0003, 0x0003,
    0x0003, 0x0003, 0x0004, 0x0003, 0x0004, 0x0024, 0x0024, 0x0004, 0x0024, 0x0025, 0x0045, 0x0845,
    0x0045, 0x0024, 0x0025, 0x0024, 0x0003, 0x0004, 0x0004, 0x0004, 0x0003, 0x0003, 0x0003, 0x0003,
    0x0003, 0x0003, 0x0003, 0x0003, 0x0024, 0x0003, 0x0024, 0x3148, 0x0002, 0x0004, 0x0003, 0x0003,
    0x0003, 0x0003, 0x0004, 0x0004, 0x0004, 0x0003, 0x0004, 0x0004, 0x0003, 0x0003, 0x0003, 0x0003,
    0x0003, 0x0003, 0x0003, 0x0003, 0x0003, 0x0003, 0x0004, 0x0004, 0x0003, 0x0003, 0x0003, 0x0004,
    0x0024, 0x0866, 0x0024, 0x0003, 0x0003, 0x0024, 0x0024, 0x0003, 0x0024, 0x0024, 0x0003, 0x0004,
    0x0024, 0x0004, 0x0024, 0x0024, 0x0024, 0x0024, 0x0002, 0x290A, 0x7AD6, 0x6A73, 0x6A53, 0x6A53,
    0x7274, 0x7274, 0x6A53, 0x6A53, 0x6A53, 0x6A53, 0x7274, 0x82D5, 0x82B5, 0x7A94, 0x6A53, 0x59F2,
    0x28E9, 0x0002, 0x0024, 0x0004, 0x0004, 0x0024, 0x0024, 0x0003, 0x0002, 0x0003, 0x0003, 0x0003,
    0x0004, 0x0003, 0x0003, 0x0003, 0x0003, 0x0003, 0x0003, 0x0024, 0x0004, 0x0004, 0x0024, 0x0003,
    0x0003, 0x0003, 0x0003, 0x0003, 0x0003, 0x0004, 0x0004, 0x0024, 0x0004, 0x0024, 0x0002, 0x79EB,
    0x1886, 0x0003, 0x0024, 0x0004, 0x0003, 0x0003, 0x0003, 0x0003, 0x0003, 0x0003, 0x0003, 0x0004,
    0x0004, 0x0003, 0x0024, 0x0024, 0x0004, 0x0003, 0x0003, 0x0004, 0x0004, 0x0024, 0x0004, 0x0004,
    0x0024, 0x0004, 0x0003, 0x0024, 0x0004, 0x0003, 0x0004, 0x0004, 0x0004, 0x0024, 0x0003, 0x0004,
    0x0004, 0x0024, 0x0004, 0x0004, 0x0004, 0x0003, 0x0003, 0x0024, 0x0004, 0x0004, 0x0024, 0x0004,
    0x0004, 0x0004, 0x0024, 0x0004, 0x0004, 0x0003, 0x0003, 0x0004, 0x0024, 0x0004, 0x0024, 0x0024,
    0x0024, 0x0004, 0x0024, 0x0024, 0x0024, 0x0024, 0x0024, 0x0024, 0x0024, 0x0024, 0x0003, 0x0024,
    0x10A7, 0x10A6, 0x1086, 0x1086, 0x10A7, 0x10A7, 0x18A7, 0x20E9, 0x20E9, 0x210A, 0x292B, 0x292B,
    0x20E9, 0x10A7, 0x0886, 0x0886, 0x0886, 0x0886, 0x0886, 0x0886, 0x0886, 0x0886, 0x10A7, 0x10A7,
    0x1087, 0x0887, 0x0887, 0x0887, 0x0887, 0x0887, 0x1087, 0x0887, 0x0887, 0x0887, 0x0887, 0x0887,
    0x0887, 0x0887, 0x0886, 0x0887, 0x0887, 0x0887, 0x0886, 0x0886, 0x0886, 0x0886, 0x0886, 0x0886,
    0x0886, 0x0886, 0x0886, 0x0886, 0x0886, 0x0886, 0x0887, 0x0887, 0x0886, 0x0886, 0x0886, 0x0886,
    0x0887, 0x0887, 0x0887, 0x0887, 0x0887, 0x0887, 0x0886, 0x0866, 0x0886, 0x0886, 0x0886, 0x0886,
    0x0886, 0x0886, 0x10A7, 0x18C8, 0x18E8, 0x18C8, 0x18E9, 0x18E8, 0x18E9, 0x18E9, 0x210A, 0x314C,
    0x314C, 0x292B, 0x292B, 0x18A7, 0x0003, 0x0003, 0x0003, 0x0024, 0x0024, 0x0004, 0x0004, 0x0024,
    0x0004, 0x0004, 0x0024, 0x0004, 0x0003, 0x0004, 0x0003, 0x0004, 0x0004, 0x0024, 0x0004, 0x0004,
    0x0004, 0x0024, 0x0004, 0x0024, 0x0004, 0x0003, 0x0003, 0x0003, 0x0003, 0x0003, 0x0003, 0x0024,
    0x0024, 0x0024, 0x0024, 0x0045, 0x0845, 0x0027, 0x0848, 0x084A, 0x086A, 0x18AB, 0x10A9, 0x0846,
    0x0045, 0x0024, 0x0024, 0x0024, 0x0004, 0x0004, 0x0003, 0x0003, 0x0003, 0x0003, 0x0003, 0x0004,
    0x0024, 0x0003, 0x41CD, 0xA45B, 0x28E9, 0x0003, 0x0024, 0x0003, 0x0003, 0x0004, 0x0024, 0x0004,
    0x0003, 0x0004, 0x0003, 0x0003, 0x0003, 0x0003, 0x0003, 0x0003, 0x0003, 0x0003, 0x0004, 0x0003,
    0x0004, 0x0004, 0x0003, 0x0004, 0x0003, 0x0003, 0x0003, 0x0023, 0x0003, 0x0003, 0x0003, 0x0024,
    0x0004, 0x0003, 0x0002, 0x0003, 0x0003, 0x0004, 0x0004, 0x0003, 0x0003, 0x0004, 0x0024, 0x0024,
    0x0024, 0x0024, 0x0003, 0x28E9, 0x6A74, 0x6232, 0x6A53, 0x6A53, 0x7274, 0x7273, 0x7274, 0x6A73,
    0x7274, 0x6A53, 0x7A94, 0x9B16, 0x7A94, 0x7A94, 0x7294, 0x6213, 0x59F1, 0x1086, 0x0004, 0x0025,
    0x0024, 0x0024, 0x0003, 0x0003, 0x0024, 0x0024, 0x0003, 0x0003, 0x0003, 0x0003, 0x0003, 0x0024,
    0x1087, 0x0024, 0x0024, 0x0004, 0x0024, 0x0004, 0x0003, 0x0003, 0x0003, 0x0003, 0x0003, 0x0003,
    0x0003, 0x0004, 0x0004, 0x0004, 0x0004, 0x0004, 0x0024, 0x0003, 0x0023, 0x0024, 0x0004, 0x0004,
    0x0003, 0x0003, 0x0003, 0x0003, 0x0023, 0x0003, 0x0004, 0x0004, 0x0003, 0x0003, 0x0003, 0x0003,
    0x0004, 0x0004, 0x0003, 0x0024, 0x0004, 0x0004, 0x0024, 0x0004, 0x0004, 0x0004, 0x0004, 0x0024,
    0x0004, 0x0024, 0x0003, 0x0003, 0x0004, 0x0004, 0x0003, 0x0024, 0x0004, 0x0004, 0x0004, 0x0024,
    0x0024, 0x0003, 0x0004, 0x0003, 0x0004, 0x0024, 0x0024, 0x0024, 0x0004, 0x0004, 0x0004, 0x0004,
    0x0004, 0x0003, 0x0024, 0x0004, 0x0004, 0x0003, 0x0024, 0x0024, 0x0004, 0x0024, 0x0024, 0x0004,
    0x0004, 0x0004, 0x0003, 0x0024, 0x0024, 0x0024, 0x0024, 0x0024, 0x0003, 0x0003, 0x0003, 0x0003,
    0x0003, 0x0003, 0x0003, 0x1086, 0x10A8, 0x18A7, 0x20E9, 0x292C, 0x294C, 0x210A, 0x18E9, 0x18C9,
    0x18C8, 0x18E9, 0x18E9, 0x18C8, 0x18C8, 0x10C8, 0x0887, 0x08A7, 0x10A7, 0x0887, 0x0886, 0x0886,
    0x0886, 0x0886, 0x0886, 0x0887, 0x10A7, 0x08A7, 0x0887, 0x0887, 0x10A7, 0x1087, 0x10A7, 0x10A7,
    0x0887, 0x0887, 0x0887, 0x0887, 0x08A7, 0x0887, 0x0887, 0x0887, 0x0887, 0x0887, 0x0886, 0x0886,
    0x0886, 0x10A7, 0x0886, 0x0866, 0x0886, 0x0886, 0x1087, 0x0886, 0x0886, 0x0887, 0x10A7, 0x0887,
    0x0887, 0x0886, 0x10A7, 0x18C8, 0x18C8, 0x18C8, 0x18C8, 0x18E9, 0x18E9, 0x18C8, 0x2109, 0x294B,
    0x314C, 0x20E9, 0x18C8, 0x18A8, 0x18C8, 0x20E9, 0x20E9, 0x20E9, 0x1086, 0x0003, 0x0024, 0x0003,
    0x0004, 0x0024, 0x0024, 0x0003, 0x0004, 0x0003, 0x0003, 0x0004, 0x0024, 0x0003, 0x0004, 0x0004,
    0x0004, 0x0004, 0x0023, 0x0004, 0x0003, 0x0004, 0x0004, 0x0004, 0x0024, 0x0004, 0x0003, 0x0024,
    0x0003, 0x0003, 0x0003, 0x0023, 0x0023, 0x0004, 0x0024, 0x0024, 0x0023, 0x0045, 0x0846, 0x1068,
    0x086B, 0x210C, 0x5AAF, 0xBD53, 0x9411, 0x292E, 0x18AB, 0x0867, 0x0846, 0x0024, 0x0024, 0x0024,
    0x0024, 0x0003, 0x0003, 0x0003, 0x0003, 0x0003, 0x0023, 0x0024, 0x0024, 0x0003, 0x398C, 0x9BB9,
    0x20C8, 0x0003, 0x0024, 0x0003, 0x0003, 0x0003, 0x0003, 0x0004, 0x0004, 0x0024, 0x0004, 0x0003,
    0x0024, 0x0003, 0x0003, 0x0003, 0x0003, 0x0003, 0x0004, 0x0004, 0x0003, 0x0024, 0x0024, 0x0003,
    0x0003, 0x0003, 0x0003, 0x0024, 0x0003, 0x0004, 0x0004, 0x0004, 0x0002, 0x28E7, 0x496A, 0x0003,
    0x0024, 0x0004, 0x0004, 0x0003, 0x0003, 0x0003, 0x0002, 0x0002, 0x0003, 0x0024, 0x0003, 0x2909,
    0x6A54, 0x6233, 0x7274, 0x6A53, 0x6A74, 0x7274, 0x6A73, 0x7273, 0x7274, 0x7274, 0x7273, 0x8AD5,
    0x8AD5, 0x7A94, 0x7AB5, 0x7274, 0x7274, 0x6253, 0x290A, 0x0002, 0x0002, 0x0003, 0x0023, 0x0024,
    0x0024, 0x0024, 0x0024, 0x0024, 0x0004, 0x0004, 0x0004, 0x0024, 0x1087, 0x0024, 0x0004, 0x0004,
    0x0004, 0x0004, 0x0004, 0x0003, 0x0003, 0x0004, 0x0003, 0x0003, 0x0003, 0x0003, 0x0003, 0x0004,
    0x0004, 0x0024, 0x0004, 0x0024, 0x0003, 0x0003, 0x0003, 0x0003, 0x0003, 0x0003, 0x0003, 0x0004,
    0x0004, 0x0003, 0x0004, 0x0004, 0x0004, 0x0004, 0x0003, 0x0003, 0x0003, 0x0003, 0x0003, 0x0024,
    0x0004, 0x0004, 0x0004, 0x0004, 0x0004, 0x0004, 0x0024, 0x0024, 0x0004, 0x0024, 0x0004, 0x0004,
    0x0004, 0x0004, 0x0024, 0x0024, 0x0024, 0x0004, 0x0004, 0x0024, 0x0004, 0x0003, 0x0004, 0x0004,
    0x0004, 0x0024, 0x0024, 0x0024, 0x0024, 0x0024, 0x0004, 0x0004, 0x0003, 0x0004, 0x0004, 0x0004,
    0x0004, 0x0004, 0x0004, 0x0004, 0x0004, 0x0024, 0x0004, 0x0003, 0x0004, 0x0003, 0x0003, 0x0004,
    0x0024, 0x0004, 0x0024, 0x0024, 0x0024, 0x0024, 0x0004, 0x0024, 0x0024, 0x0024, 0x0024, 0x0024,
    0x0024, 0x0003, 0x0844, 0x18C8, 0x18A7, 0x18C8, 0x18C8, 0x18C8, 0x18C8, 0x18C8, 0x292B, 0x316D,
    0x316C, 0x294B, 0x18E9, 0x18E9, 0x210A, 0x2109, 0x10C8, 0x0887, 0x10A7, 0x18C8, 0x20E9, 0x10A7,
    0x0886, 0x10A7, 0x10A7, 0x0886, 0x0886, 0x0886, 0x0886, 0x0886, 0x0886, 0x0887, 0x0886, 0x0886,
    0x0886, 0x0886, 0x0886, 0x0886, 0x0886, 0x10C7, 0x18E9, 0x20E9, 0x210A, 0x212A, 0x18E8, 0x18C8,
    0x18E9, 0x10A7, 0x0865, 0x10A7, 0x210A, 0x10A7, 0x10C8, 0x210A, 0x20E9, 0x18E9, 0x292A, 0x314C,
    0x294B, 0x294B, 0x314C, 0x314C, 0x316C, 0x314C, 0x314C, 0x294B, 0x18A7, 0x0024, 0x0003, 0x0003,
    0x0003, 0x0003, 0x0003, 0x0003, 0x0003, 0x0003, 0x0003, 0x0003, 0x0004, 0x0004, 0x0023, 0x0004,
    0x0004, 0x0003, 0x0003, 0x0004, 0x0004, 0x0024, 0x0004, 0x0024, 0x0004, 0x0004, 0x0004, 0x0004,
    0x0004, 0x0004, 0x0004, 0x0003, 0x0003, 0x0003, 0x0003, 0x0003, 0x0003, 0x0003, 0x0003, 0x0003,
    0x0003, 0x0004, 0x0024, 0x0024, 0x0024, 0x0866, 0x1068, 0x108B, 0x6AF1, 0xDE35, 0xFF57, 0xD5D5,
    0x39AE, 0x0868, 0x0867, 0x0045, 0x0024, 0x0024, 0x0024, 0x0024, 0x0003, 0x0003, 0x0003, 0x0003,
    0x0003, 0x0003, 0x0004, 0x0024, 0x0024, 0x0003, 0x0023, 0x18A7, 0x0003, 0x0024, 0x0024, 0x0003,
    0x0003, 0x0004, 0x0024, 0x0024, 0x0004, 0x0003, 0x0004, 0x0004, 0x0004, 0x0004, 0x0004, 0x0004,
    0x0004, 0x0004, 0x0003, 0x0004, 0x0024, 0x0024, 0x0003, 0x0003, 0x0003, 0x0003, 0x0003, 0x0004,
    0x0024, 0x0003, 0x0003, 0x0003, 0x0003, 0x18A6, 0x28E8, 0x0003, 0x0024, 0x0024, 0x0003, 0x0024,
    0x0024, 0x0023, 0x82CF, 0x9B31, 0x1064, 0x0004, 0x0003, 0x28E9, 0x5A13, 0x6212, 0x7274, 0x6A53,
    0x6A53, 0x7274, 0x6A53, 0x6A53, 0x7274, 0x7274, 0x6233, 0x7A94, 0x9316, 0x7AB5, 0x82D5, 0x82F5,
    0x7A94, 0x7295, 0x6A33, 0x416D, 0x310A, 0x0023, 0x0002, 0x0002, 0x0003, 0x0003, 0x0002, 0x0003,
    0x0024, 0x0024, 0x0024, 0x0023, 0x0003, 0x0003, 0x0003, 0x0004, 0x0004, 0x0004, 0x0004, 0x0004,
    0x0004, 0x0024, 0x0003, 0x0003, 0x0003, 0x0003, 0x0003, 0x0003, 0x0004, 0x0024, 0x0004, 0x0004,
    0x0004, 0x0004, 0x0003, 0x0003, 0x0003, 0x0004, 0x0003, 0x0004, 0x0004, 0x0003, 0x0004, 0x0004,
    0x0003, 0x0003, 0x0003, 0x0003, 0x0003, 0x0003, 0x0003, 0x0003, 0x0003, 0x0004, 0x0004, 0x0004,
    0x0004, 0x0004, 0x0004, 0x0024, 0x0004, 0x0024, 0x0024, 0x0024, 0x0004, 0x0004, 0x0004, 0x0004,
    0x0024, 0x0024, 0x0024, 0x0004, 0x0004, 0x0004, 0x0003, 0x0004, 0x0024, 0x0024, 0x0024, 0x0024,
    0x0024, 0x0024, 0x0024, 0x0004, 0x0004, 0x0004, 0x0004, 0x0004, 0x0004, 0x0004, 0x0004, 0x0004,
    0x0003, 0x0004, 0x0003, 0x0004, 0x0003, 0x0004, 0x0003, 0x0003, 0x0004, 0x0024, 0x0004, 0x0004,
    0x0004, 0x0004, 0x0024, 0x0024, 0x0024, 0x0024, 0x0004, 0x0024, 0x0024, 0x0024, 0x0023, 0x0003,
    0x0003, 0x0003, 0x0003, 0x0003, 0x0003, 0x0003, 0x10A7, 0x18C8, 0x18C8, 0x2109, 0x2109, 0x2109,
    0x2909, 0x292A, 0x212A, 0x0886, 0x0845, 0x292A, 0x316C, 0x210A, 0x18E9, 0x18E9, 0x10A8, 0x10A7,
    0x18E9, 0x1087, 0x292B, 0x5232, 0x18E9, 0x0887, 0x18C9, 0x210A, 0x210A, 0x210A, 0x210A, 0x210A,
    0x210A, 0x210A, 0x294B, 0x18C8, 0x1065, 0x18C8, 0x18A7, 0x1086, 0x18C8, 0x290A, 0x2109, 0x292B,
    0x210A, 0x212A, 0x212A, 0x292B, 0x20E9, 0x0886, 0x1086, 0x1087, 0x1086, 0x1086, 0x1066, 0x1065,
    0x0865, 0x0865, 0x1086, 0x0866, 0x0023, 0x0024, 0x0024, 0x0024, 0x0024, 0x0024, 0x0024, 0x0024,
    0x0024, 0x0004, 0x0003, 0x0003, 0x0003, 0x0003, 0x0004, 0x0004, 0x0024, 0x0024, 0x0004, 0x0004,
    0x0003, 0x0024, 0x0004, 0x0003, 0x0004, 0x0004, 0x0003, 0x0004, 0x0024, 0x0024, 0x0003, 0x0004,
    0x0004, 0x0003, 0x0003, 0x0003, 0x0003, 0x0003, 0x0003, 0x0023, 0x0003, 0x0024, 0x0024, 0x0024,
    0x0866, 0x108A, 0x210D, 0xACD3, 0xFF16, 0xFF36, 0xD5D4, 0x20EE, 0x084A, 0x0867, 0x0045, 0x0024,
    0x0024, 0x0024, 0x0024, 0x0004, 0x0003, 0x0003, 0x0003, 0x0003, 0x0003, 0x0003, 0x0003, 0x0024,
    0x0023, 0x0024, 0x0024, 0x0003, 0x0024, 0x0004, 0x0004, 0x0003, 0x0004, 0x0004, 0x0003, 0x0004,
    0x0003, 0x0003, 0x0003, 0x0003, 0x0003, 0x0003, 0x0004, 0x0004, 0x0004, 0x0004, 0x0003, 0x0004,
    0x0024, 0x0024, 0x1844, 0x0824, 0x0024, 0x0003, 0x0004, 0x0003, 0x0003, 0x0003, 0x0003, 0x0003,
    0x0023, 0x0003, 0x0003, 0x0024, 0x0004, 0x0003, 0x0003, 0x0024, 0x0004, 0x0044, 0xCC78, 0xF53B,
    0x20C7, 0x0004, 0x0004, 0x1065, 0x418F, 0x59F2, 0x6A53, 0x6A53, 0x6213, 0x6A53, 0x6A53, 0x6A53,
    0x6A53, 0x6A53, 0x7A92, 0x59F2, 0x8AF5, 0x9B56, 0x82F5, 0x82D5, 0x82D5, 0x7294, 0x7274, 0x6A33,
    0x6A33, 0x51CF, 0x418E, 0x418D, 0x418D, 0x418D, 0x49AE, 0x18A7, 0x0003, 0x0024, 0x0003, 0x0024,
    0x0024, 0x0004, 0x0004, 0x0003, 0x0004, 0x0004, 0x0024, 0x0004, 0x0004, 0x0003, 0x0003, 0x0003,
    0x0023, 0x0003, 0x0004, 0x0004, 0x0003, 0x0004, 0x0024, 0x0004, 0x0004, 0x0003, 0x0003, 0x0003,
    0x0003, 0x0003, 0x0004, 0x0004, 0x0004, 0x0003, 0x0024, 0x0024, 0x0004, 0x0003, 0x0003, 0x0003,
    0x0003, 0x0003, 0x0003, 0x0004, 0x0004, 0x0004, 0x0004, 0x0004, 0x0004, 0x0004, 0x0024, 0x0024,
    0x0024, 0x0024, 0x0004, 0x0004, 0x0004, 0x0004, 0x0024, 0x0004, 0x0024, 0x0004, 0x0003, 0x0003,
    0x0003, 0x0004, 0x0003, 0x0004, 0x0024, 0x0004, 0x0004, 0x0024, 0x0024, 0x0004, 0x0004, 0x0004,
    0x0004, 0x0004, 0x0004, 0x0004, 0x0004, 0x0004, 0x0004, 0x0003, 0x0024, 0x0003, 0x0004, 0x0004,
    0x0003, 0x0024, 0x0004, 0x0003, 0x0003, 0x0004, 0x0004, 0x0004, 0x0004, 0x0004, 0x0024, 0x0024,
    0x0004, 0x0004, 0x0004, 0x0024, 0x0024, 0x0024, 0x0024, 0x0024, 0x0004, 0x0024, 0x0024, 0x0024,
    0x0024, 0x0024, 0x0003, 0x0003, 0x0003, 0x0003, 0x0003, 0x0003, 0x0003, 0x0023, 0x0024, 0x0024,
    0x0003, 0x0866, 0x18A8, 0x292B, 0x294B, 0x314C, 0x212B, 0x1088, 0x1088, 0x10A7, 0x6AB6, 0x835A,
    0x5232, 0x0024, 0x0887, 0x10A7, 0x1087, 0x10A7, 0x10A7, 0x1087, 0x1087, 0x1086, 0x1066, 0x0024,
    0x0002, 0x0845, 0x0024, 0x0003, 0x0024, 0x1086, 0x10A7, 0x1087, 0x0024, 0x1086, 0x1086, 0x1065,
    0x0865, 0x0003, 0x0003, 0x0003, 0x0003, 0x0003, 0x0003, 0x0003, 0x0003, 0x0003, 0x0003, 0x0003,
    0x0024, 0x0024, 0x0024, 0x0024, 0x0024, 0x0024, 0x0004, 0x0004, 0x0024, 0x0004, 0x0004, 0x0003,
    0x0003, 0x0003, 0x0004, 0x0004, 0x0004, 0x0024, 0x0004, 0x0004, 0x0024, 0x0004, 0x0004, 0x0004,
    0x0004, 0x0004, 0x0004, 0x0004, 0x0004, 0x0004, 0x0004, 0x0004, 0x0003, 0x0003, 0x0003, 0x0003,
    0x0003, 0x0003, 0x0003, 0x0003, 0x0003, 0x0024, 0x0024, 0x0866, 0x1088, 0x18CD, 0xB4F4, 0xFF77,
    0xFEF6, 0xE656, 0x41EF, 0x086A, 0x0887, 0x0045, 0x0024, 0x0024, 0x0024, 0x0004, 0x0003, 0x0023,
    0x0003, 0x0003, 0x0003, 0x0003, 0x0003, 0x0003, 0x0003, 0x0004, 0x0023, 0x0003, 0x0003, 0x0024,
    0x0024, 0x0004, 0x0004, 0x0004, 0x0004, 0x0003, 0x0003, 0x0004, 0x0003, 0x0003, 0x0003, 0x0003,
    0x0004, 0x0004, 0x0004, 0x0003, 0x0003, 0x0003, 0x0004, 0x0024, 0x0003, 0x0003, 0xA2CD, 0x0824,
    0x0002, 0x0024, 0x0003, 0x0004, 0x0003, 0x0003, 0x0003, 0x0003, 0x0003, 0x0023, 0x0004, 0x0003,
    0x0003, 0x0003, 0x0003, 0x0004, 0x0003, 0x0023, 0x3149, 0x41AA, 0x0845, 0x0004, 0x0024, 0x0003,
    0x312C, 0x5A13, 0x5A12, 0x6A53, 0x6233, 0x6233, 0x6A53, 0x6A53, 0x6233, 0xBBB1, 0xEC91, 0x8AD2,
    0x82F5, 0xABD7, 0xA377, 0x82F5, 0x7A94, 0x7A94, 0x7A94, 0x7273, 0x7A94, 0x8AF6, 0x82D6, 0x7295,
    0x6A74, 0x7274, 0x7295, 0x6212, 0x51AF, 0x51CF, 0x20C8, 0x0024, 0x0003, 0x0024, 0x0003, 0x0004,
    0x0003, 0x0003, 0x0003, 0x0003, 0x0004, 0x0004, 0x0003, 0x0003, 0x0024, 0x0004, 0x0003, 0x0003,
    0x0004, 0x0004, 0x0004, 0x0024, 0x0004, 0x0024, 0x0023, 0x0004, 0x0004, 0x0004, 0x0024, 0x0004,
    0x0003, 0x0003, 0x0003, 0x0003, 0x0003, 0x0024, 0x0003, 0x0003, 0x0003, 0x0003, 0x0003, 0x0004,
    0x0004, 0x0004, 0x0004, 0x0004, 0x0024, 0x0024, 0x0024, 0x0024, 0x0024, 0x0024, 0x0004, 0x0004,
    0x0004, 0x0004, 0x0024, 0x0004, 0x0024, 0x0024, 0x0024, 0x0004, 0x0024, 0x0024, 0x0024, 0x0004,
    0x0024, 0x0024, 0x0024, 0x0024, 0x0004, 0x0024, 0x0004, 0x0004, 0x0004, 0x0004, 0x0004, 0x0004,
    0x0004, 0x0003, 0x0003, 0x0024, 0x0024, 0x0003, 0x0004, 0x0004, 0x0004, 0x0024, 0x0004, 0x0024,
    0x0004, 0x0004, 0x0024, 0x0004, 0x0004, 0x0004, 0x0004, 0x0004, 0x0003, 0x0004, 0x0003, 0x0003,
    0x0003, 0x0024, 0x0003, 0x0004, 0x0003, 0x0003, 0x0003, 0x0024, 0x0004, 0x0003, 0x0024, 0x0024,
    0x0024, 0x0024, 0x0024, 0x0024, 0x0024, 0x0024, 0x0024, 0x0004, 0x0024, 0x0004, 0x0004, 0x0865,
    0x0865, 0x1086, 0x1088, 0x0025, 0x0004, 0x0002, 0x398D, 0x72D6, 0x292A, 0x0003, 0x0024, 0x0003,
    0x0003, 0x0003, 0x0003, 0x0003, 0x0003, 0x0003, 0x0003, 0x0004, 0x0024, 0x0003, 0x0004, 0x0024,
    0x0004, 0x0003, 0x0003, 0x0003, 0x0003, 0x0003, 0x0003, 0x0003, 0x0003, 0x0024, 0x0024, 0x0024,
    0x0024, 0x0024, 0x0024, 0x0024, 0x0024, 0x0024, 0x0024, 0x0024, 0x0024, 0x0024, 0x0024, 0x0024,
    0x0004, 0x0004, 0x0024, 0x0004, 0x0004, 0x0004, 0x0024, 0x0004, 0x0004, 0x0004, 0x0004, 0x0024,
    0x0004, 0x0024, 0x0004, 0x0004, 0x0004, 0x0004, 0x0003, 0x0003, 0x0004, 0x0004, 0x0004, 0x0004,
    0x0004, 0x0004, 0x0004, 0x0004, 0x0003, 0x0003, 0x0003, 0x0003, 0x0003, 0x0003, 0x0003, 0x0003,
    0x0004, 0x0024, 0x0045, 0x0867, 0x084A, 0x93F1, 0xFF57, 0xF6B6, 0xFF58, 0xD5D6, 0x186D, 0x10A9,
    0x0045, 0x0024, 0x0003, 0x0024, 0x0003, 0x0003, 0x0003, 0x0003, 0x0003, 0x0003, 0x0003, 0x0003,
    0x0003, 0x0003, 0x0003, 0x0003, 0x0003, 0x0003, 0x0003, 0x0003, 0x0003, 0x0003, 0x0024, 0x0004,
    0x0003, 0x0003, 0x0003, 0x0003, 0x0003, 0x0003, 0x0003, 0x0003, 0x0003, 0x0004, 0x0003, 0x0003,
    0x0004, 0x0003, 0x0024, 0x0003, 0x5147, 0x8B4E, 0xF657, 0x9B8E, 0x5967, 0x0023, 0x0024, 0x0003,
    0x0003, 0x0003, 0x0003, 0x0003, 0x0003, 0x0003, 0x0003, 0x0003, 0x0004, 0x0003, 0x0003, 0x0003,
    0x0003, 0x0003, 0x0003, 0x0003, 0x0003, 0x0003, 0x0024, 0x0004, 0x396E, 0x6233, 0x5A12, 0x6A53,
    0x6A33, 0x6233, 0x6A53, 0x6A53, 0x6233, 0xBBD2, 0xF4D1, 0x9B33, 0x7AB5, 0xA396, 0xB3B7, 0xA356,
    0x8AF5, 0x7A94, 0x7274, 0x82B5, 0x82D5, 0x82D5, 0x82F5, 0x82D4, 0x7AB4, 0x82D4, 0x82D4, 0x7AB5,
    0x7274, 0x6A53, 0x7274, 0x51CE, 0x1065, 0x0002, 0x0024, 0x0004, 0x0003, 0x0003, 0x0003, 0x0004,
    0x0004, 0x0004, 0x0004, 0x0004, 0x0024, 0x0003, 0x0003, 0x0003, 0x0004, 0x0004, 0x0004, 0x0004,
    0x0024, 0x0004, 0x0003, 0x0024, 0x0003, 0x0003, 0x0003, 0x0004, 0x0004, 0x0003, 0x0004, 0x0023,
    0x0003, 0x0024, 0x0004, 0x0024, 0x0003, 0x0003, 0x0003, 0x0004, 0x0004, 0x0004, 0x0004, 0x0004,
    0x0024, 0x0004, 0x0004, 0x0004, 0x0024, 0x0004, 0x0004, 0x0004, 0x0004, 0x0004, 0x0024, 0x0004,
    0x0004, 0x0024, 0x0004, 0x0004, 0x0004, 0x0024, 0x0004, 0x0024, 0x0024, 0x0024, 0x0024, 0x0024,
    0x0004, 0x0004, 0x0004, 0x0024, 0x0004, 0x0004, 0x0004, 0x0004, 0x0004, 0x0003, 0x0024, 0x0004,
    0x0003, 0x0003, 0x0004, 0x0004, 0x0004, 0x0003, 0x0003, 0x0024, 0x0003, 0x0003, 0x0024, 0x0024,
    0x0004, 0x0024, 0x0004, 0x0024, 0x0004, 0x0004, 0x0003, 0x0004, 0x0003, 0x0024, 0x0024, 0x0004,
    0x0003, 0x0003, 0x0023, 0x0003, 0x0003, 0x0004, 0x0004, 0x0003, 0x0003, 0x0023, 0x0024, 0x0024,
    0x0004, 0x0024, 0x0024, 0x0024, 0x0024, 0x0024, 0x0004, 0x0003, 0x0003, 0x0003, 0x0045, 0x0003,
    0x0003, 0x0003, 0x0003, 0x0844, 0x0003, 0x0024, 0x0024, 0x0024, 0x0024, 0x0024, 0x0024, 0x0024,
    0x0024, 0x0024, 0x0024, 0x0004, 0x0024, 0x0024, 0x0024, 0x0024, 0x0024, 0x0024, 0x0024, 0x0004,
    0x0003, 0x0024, 0x0024, 0x0024, 0x0024, 0x0024, 0x0004, 0x0004, 0x0024, 0x0024, 0x0004, 0x0024,
    0x0004, 0x0003, 0x0004, 0x0004, 0x0004, 0x0004, 0x0024, 0x0004, 0x0004, 0x0004, 0x0024, 0x0004,
    0x0004, 0x0004, 0x0004, 0x0004, 0x0004, 0x0003, 0x0004, 0x0004, 0x0004, 0x0024, 0x0024, 0x0004,
    0x0024, 0x0004, 0x0003, 0x0003, 0x0004, 0x0004, 0x0004, 0x0004, 0x0003, 0x0004, 0x0024, 0x0004,
    0x0003, 0x0003, 0x0003, 0x0003, 0x0003, 0x0003, 0x0003, 0x0003, 0x0003, 0x0024, 0x0887, 0x0869,
    0x5A6E, 0xF654, 0xFEB5, 0xFED5, 0xFED5, 0x8BB2, 0x188D, 0x0888, 0x0045, 0x0024, 0x0024, 0x0004,
    0x0003, 0x0003, 0x0003, 0x0003, 0x0023, 0x0003, 0x0003, 0x0003, 0x0024, 0x0003, 0x0003, 0x0003,
    0x0003, 0x0003, 0x0003, 0x0003, 0x0003, 0x0004, 0x0003, 0x0004, 0x0003, 0x0003, 0x0003, 0x0003,
    0x0003, 0x0003, 0x0003, 0x0003, 0x0003, 0x0003, 0x0004, 0x0004, 0x0004, 0x0004, 0x0024, 0x0003,
    0x59A8, 0xABF0, 0xFE96, 0xBC50, 0x69A9, 0x0024, 0x0024, 0x0003, 0x0003, 0x0003, 0x0003, 0x0003,
    0x0003, 0x0003, 0x0003, 0x0003, 0x0003, 0x0003, 0x0003, 0x0003, 0x0003, 0x0024, 0x0024, 0x0003,
    0x0024, 0x0024, 0x0024, 0x0003, 0x394C, 0x6213, 0x5A12, 0x6A53, 0x6A33, 0x6A33, 0x6A33, 0x6A53,
    0x6A53, 0x6A53, 0x82D4, 0x6254, 0x6A53, 0x7AD4, 0xA376, 0xAB77, 0xAB97, 0x9B36, 0x9B56, 0x8B16,
    0x82F6, 0x8B16, 0x8AF5, 0x82D5, 0x82D5, 0x82D5, 0x82D5, 0x8AD5, 0x9316, 0x8AD5, 0x7273, 0x7AB5,
    0x6A93, 0x20C7, 0x0003, 0x0024, 0x0003, 0x0003, 0x0023, 0x0003, 0x0004, 0x0003, 0x0004, 0x0024,
    0x0004, 0x0003, 0x0004, 0x0004, 0x0004, 0x0004, 0x0004, 0x0024, 0x0024, 0x0004, 0x0003, 0x0003,
    0x0004, 0x0004, 0x0004, 0x0004, 0x0024, 0x0004, 0x0003, 0x0004, 0x0024, 0x0024, 0x0003, 0x0002,
    0x0003, 0x0003, 0x0004, 0x0004, 0x0004, 0x0004, 0x0004, 0x0004, 0x0024, 0x0004, 0x0004, 0x0004,
    0x0004, 0x0004, 0x0004, 0x0004, 0x0004, 0x0004, 0x0004, 0x0004, 0x0004, 0x0004, 0x0004, 0x0004,
    0x0024, 0x0024, 0x0003, 0x0024, 0x0004, 0x0004, 0x0004, 0x0003, 0x0004, 0x0004, 0x0024, 0x0004,
    0x0004, 0x0004, 0x0004, 0x0003, 0x0004, 0x0003, 0x0003, 0x0004, 0x0004, 0x0004, 0x0004, 0x0004,
    0x0004, 0x0004, 0x0003, 0x0024, 0x0004, 0x0024, 0x0004, 0x0024, 0x0004, 0x0004, 0x0003, 0x0004,
    0x0024, 0x0003, 0x0003, 0x0003, 0x0004, 0x0024, 0x0004, 0x0004, 0x0003, 0x0003, 0x0003, 0x0003,
    0x0003, 0x0004, 0x0004, 0x0004, 0x0004, 0x0024, 0x0024, 0x0004, 0x0003, 0x0004, 0x0023, 0x0004,
    0x0004, 0x0024, 0x0024, 0x0004, 0x0845, 0x5A71, 0x7B16, 0x20C7, 0x0002, 0x0024, 0x0024, 0x0024,
    0x0024, 0x0024, 0x0004, 0x0004, 0x0004, 0x0004, 0x0024, 0x0004, 0x0024, 0x0003, 0x0003, 0x0004,
    0x0024, 0x0024, 0x0004, 0x0004, 0x0024, 0x0003, 0x0003, 0x0024, 0x0004, 0x0003, 0x0024, 0x0024,
    0x0024, 0x0024, 0x0024, 0x0024, 0x0024, 0x0024, 0x0004, 0x0024, 0x0004, 0x0004, 0x0003, 0x0004,
    0x0024, 0x0024, 0x0004, 0x0004, 0x0024, 0x0004, 0x0004, 0x0004, 0x0004, 0x0004, 0x0004, 0x0004,
    0x0004, 0x0004, 0x0004, 0x0004, 0x0024, 0x0004, 0x0024, 0x0024, 0x0024, 0x0004, 0x0003, 0x0003,
    0x0004, 0x0004, 0x0004, 0x0004, 0x0003, 0x0024, 0x0024, 0x0004, 0x0003, 0x0003, 0x0003, 0x0003,
    0x0003, 0x0003, 0x0003, 0x0024, 0x0003, 0x0024, 0x0887, 0x106C, 0xB515, 0xFF56, 0xFED5, 0xFED5,
    0xF674, 0x316D, 0x108B, 0x0867, 0x0024, 0x0004, 0x0024, 0x0024, 0x0003, 0x0003, 0x0003, 0x0003,
    0x0003, 0x0003, 0x0003, 0x0023, 0x0004, 0x0003, 0x0023, 0x0003, 0x0003, 0x0003, 0x0003, 0x0003,
    0x0003, 0x0003, 0x0003, 0x0003, 0x0003, 0x0004, 0x0004, 0x0004, 0x0003, 0x0004, 0x0003, 0x0003,
    0x0004, 0x0004, 0x0004, 0x0024, 0x0003, 0x0004, 0x0024, 0x0024, 0x0003, 0x0003, 0xC3D0, 0x1885,
    0x0002, 0x0024, 0x0004, 0x0003, 0x0003, 0x0003, 0x0003, 0x0003, 0x0003, 0x0003, 0x0003, 0x0003,
    0x0003, 0x0003, 0x0003, 0x0003, 0x0003, 0x0003, 0x0023, 0x49AD, 0x0866, 0x0024, 0x0003, 0x1065,
    0x498F, 0x51D1, 0x6212, 0x6A33, 0x6A53, 0x6A54, 0x6A53, 0x6A53, 0x7274, 0x7274, 0x6A54, 0x6A53,
    0x6A53, 0x6A53, 0x82D5, 0xAB97, 0xAB97, 0xB3B7, 0xB3F8, 0xC3F5, 0xCBD4, 0xAB76, 0x9B36, 0x9316,
    0x82B5, 0x82B5, 0x8AD5, 0x9316, 0xA357, 0xA377, 0x9B56, 0x7AD5, 0x7A95, 0x7AB4, 0x28E7, 0x0003,
    0x0024, 0x0004, 0x0024, 0x0024, 0x0024, 0x0023, 0x0004, 0x0003, 0x0003, 0x0004, 0x0003, 0x0003,
    0x0003, 0x0004, 0x0004, 0x0003, 0x0003, 0x0003, 0x0003, 0x0003, 0x0004, 0x0024, 0x0024, 0x0004,
    0x0024, 0x0024, 0x0003, 0x0004, 0x0024, 0x0003, 0x1065, 0x518B, 0x0024, 0x0003, 0x0003, 0x0004,
    0x0024, 0x0024, 0x0004, 0x0004, 0x0024, 0x0004, 0x0024, 0x0004, 0x0003, 0x0004, 0x0004, 0x0004,
    0x0004, 0x0004, 0x0024, 0x0004, 0x0004, 0x0003, 0x0004, 0x0024, 0x0024, 0x0024, 0x0004, 0x0004,
    0x0004, 0x0024, 0x0024, 0x0004, 0x0004, 0x0024, 0x0024, 0x0004, 0x0004, 0x0004, 0x0004, 0x0004,
    0x0024, 0x0004, 0x0024, 0x0004, 0x0004, 0x0004, 0x0004, 0x0004, 0x0004, 0x0004, 0x0004, 0x0004,
    0x0004, 0x0024, 0x0004, 0x0004, 0x0024, 0x0024, 0x0003, 0x0003, 0x0024, 0x0024, 0x0024, 0x0004,
    0x0004, 0x0024, 0x0004, 0x0004, 0x0004, 0x0003, 0x0003, 0x0004, 0x0003, 0x0004, 0x0024, 0x0024,
    0x0004, 0x0004, 0x0023, 0x0003, 0x0003, 0x0023, 0x0003, 0x0003, 0x0003, 0x0024, 0x0024, 0x0004,
    0x18E9, 0x93DB, 0x93DC, 0x6292, 0x0002, 0x0024, 0x0024, 0x0024, 0x0004, 0x0004, 0x0004, 0x0024,
    0x0024, 0x0004, 0x0003, 0x0004, 0x0004, 0x0004, 0x0024, 0x0004, 0x0024, 0x0024, 0x0004, 0x0004,
    0x0004, 0x0024, 0x0004, 0x0003, 0x0003, 0x0004, 0x0004, 0x0024, 0x0024, 0x0024, 0x0024, 0x0024,
    0x0004, 0x0004, 0x0004, 0x0024, 0x0024, 0x0004, 0x0004, 0x0024, 0x0004, 0x0024, 0x0004, 0x0004,
    0x0024, 0x0024, 0x0004, 0x0004, 0x0024, 0x0004, 0x0004, 0x0004, 0x0004, 0x0004, 0x0003, 0x0004,
    0x0024, 0x0004, 0x0004, 0x0004, 0x0024, 0x0004, 0x0003, 0x0003, 0x0004, 0x0004, 0x0003, 0x0004,
    0x0004, 0x0024, 0x0004, 0x0004, 0x0023, 0x0003, 0x0003, 0x0003, 0x0003, 0x0003, 0x0024, 0x0004,
    0x0003, 0x0045, 0x0889, 0x292E, 0xC596, 0xFF37, 0xFED6, 0xFF16, 0xF6B6, 0x316D, 0x106A, 0x0866,
    0x0024, 0x0024, 0x0024, 0x0003, 0x0003, 0x0003, 0x0003, 0x0003, 0x0003, 0x0003, 0x0003, 0x0024,
    0x0004, 0x0003, 0x0003, 0x0003, 0x0003, 0x0003, 0x0004, 0x0004, 0x0003, 0x0024, 0x0003, 0x0003,
    0x0003, 0x0024, 0x0004, 0x0024, 0x0004, 0x0004, 0x0004, 0x0003, 0x0003, 0x0004, 0x0004, 0x0024,
    0x0024, 0x0024, 0x0024, 0x0004, 0x0024, 0x0024, 0x4907, 0x0844, 0x0024, 0x0024, 0x0003, 0x0003,
    0x0003, 0x0003, 0x0003, 0x0003, 0x0023, 0x0003, 0x0003, 0x0003, 0x0003, 0x0024, 0x0004, 0x0024,
    0x0003, 0x0003, 0x0023, 0x498C, 0x0865, 0x0024, 0x0024, 0x394D, 0x51D2, 0x59F2, 0x6A53, 0x6A53,
    0x6A54, 0x7254, 0x6A53, 0x6A54, 0x7274, 0x6A53, 0x7274, 0x6A54, 0x6A54, 0x6A54, 0x7274, 0xAB97,
    0xB3D7, 0xB3D7, 0xABB7, 0xC3F6, 0xF452, 0xEC12, 0xBBD6, 0xA377, 0xA356, 0x9316, 0x82D5, 0x8AF6,
    0x9316, 0x9B36, 0xA377, 0x9337, 0x7A94, 0x7274, 0x6A51, 0x0844, 0x0004, 0x0024, 0x0024, 0x0004,
    0x0004, 0x0003, 0x0003, 0x0003, 0x0003, 0x0003, 0x0004, 0x0003, 0x0003, 0x0004, 0x0003, 0x0003,
    0x0003, 0x0003, 0x0003, 0x0003, 0x0003, 0x0004, 0x0024, 0x0024, 0x0003, 0x0003, 0x0003, 0x0004,
    0x0024, 0x0003, 0x1065, 0x494A, 0x0024, 0x0004, 0x0003, 0x0004, 0x0024, 0x0004, 0x0004, 0x0024,
    0x0004, 0x0024, 0x0024, 0x0004, 0x0003, 0x0004, 0x0003, 0x0004, 0x0004, 0x0024, 0x0024, 0x0004,
    0x0004, 0x0004, 0x0003, 0x0004, 0x0024, 0x0024, 0x0004, 0x0004, 0x0024, 0x0004, 0x0024, 0x0004,
    0x0003, 0x0024, 0x0004, 0x0004, 0x0004, 0x0003, 0x0024, 0x0004, 0x0004, 0x0024, 0x0004, 0x0004,
    0x0004, 0x0003, 0x0004, 0x0004, 0x0004, 0x0004, 0x0004, 0x0004, 0x0024, 0x0004, 0x0003, 0x0003,
    0x0024, 0x0024, 0x0023, 0x0004, 0x0024, 0x0024, 0x0004, 0x0004, 0x0004, 0x0003, 0x0004, 0x0004,
    0x0004, 0x0004, 0x0004, 0x0004, 0x0004, 0x0004, 0x0004, 0x0024, 0x0024, 0x0004, 0x0003, 0x0003,
    0x0003, 0x0003, 0x0003, 0x0003, 0x0024, 0x0024, 0x0024, 0x0024, 0x0023, 0x5230, 0x7B36, 0x2108,
    0x0003, 0x0024, 0x0004, 0x0004, 0x0004, 0x0004, 0x0024, 0x0004, 0x0004, 0x0003, 0x0023, 0x0003,
    0x0004, 0x0004, 0x0004, 0x0004, 0x0024, 0x0024, 0x0004, 0x0004, 0x0024, 0x0024, 0x0024, 0x0024,
    0x0004, 0x0004, 0x0023, 0x0003, 0x0004, 0x0004, 0x0004, 0x0024, 0x0024, 0x0024, 0x0004, 0x0004,
    0x0004, 0x0004, 0x0004, 0x0004, 0x0003, 0x0003, 0x0004, 0x0004, 0x0004, 0x0004, 0x0024, 0x0004,
    0x0024, 0x0004, 0x0004, 0x0004, 0x0004, 0x0004, 0x0003, 0x0004, 0x0004, 0x0004, 0x0004, 0x0004,
    0x0004, 0x0004, 0x0003, 0x0004, 0x0004, 0x0004, 0x0003, 0x0004, 0x0004, 0x0024, 0x0003, 0x0003,
    0x0004, 0x0003, 0x0003, 0x0003, 0x0003, 0x0003, 0x0024, 0x0004, 0x0003, 0x0846, 0x0029, 0x6AEF,
    0xFE74, 0xFEB5, 0xFEF6, 0xFF17, 0xF718, 0x5251, 0x106B, 0x0846, 0x0025, 0x0004, 0x0004, 0x0024,
    0x0003, 0x0003, 0x0003, 0x0003, 0x0003, 0x0003, 0x0003, 0x0004, 0x0004, 0x0003, 0x0003, 0x0003,
    0x0003, 0x0003, 0x0004, 0x0003, 0x0003, 0x0004, 0x0003, 0x0004, 0x0003, 0x0003, 0x0004, 0x0004,
    0x0004, 0x0024, 0x0004, 0x0004, 0x0004, 0x0004, 0x0004, 0x0004, 0x0003, 0x0004, 0x0003, 0x0004,
    0x0024, 0x0024, 0x0003, 0x0003, 0x0024, 0x0024, 0x0003, 0x0003, 0x0003, 0x0023, 0x0003, 0x0003,
    0x0003, 0x0003, 0x0024, 0x0003, 0x0003, 0x0024, 0x0024, 0x0024, 0x0004, 0x0003, 0x0003, 0x0002,
    0x0003, 0x0002, 0x28EA, 0x51F2, 0x59F2, 0x6A53, 0x7254, 0x7274, 0x7254, 0x6A54, 0x6A53, 0x7274,
    0x7254, 0x7254, 0x7274, 0x6A54, 0x7274, 0x7274, 0x7274, 0xA376, 0xB3B7, 0xABB7, 0xB3B7, 0xABB7,
    0xC3D6, 0xFC52, 0xF493, 0xB3D7, 0xAB97, 0xABB7, 0xA356, 0x82B5, 0x82D5, 0x82D6, 0xA356, 0xBBD6,
    0x9336, 0x82B5, 0x7AB5, 0x498D, 0x0025, 0x0024, 0x0024, 0x0004, 0x0024, 0x0024, 0x0004, 0x0003,
    0x0003, 0x0023, 0x0004, 0x0004, 0x0004, 0x0003, 0x0024, 0x0024, 0x0003, 0x0004, 0x0004, 0x0004,
    0x0003, 0x0003, 0x0003, 0x0003, 0x0003, 0x0003, 0x0004, 0x0024, 0x0024, 0x0024, 0x0003, 0x0002,
    0x0003, 0x0004, 0x0004, 0x0004, 0x0004, 0x0024, 0x0004, 0x0004, 0x0004, 0x0004, 0x0004, 0x0004,
    0x0004, 0x0004, 0x0023, 0x0003, 0x0003, 0x0003, 0x0004, 0x0004, 0x0024, 0x0004, 0x0004, 0x0003,
    0x0004, 0x0004, 0x0004, 0x0004, 0x0004, 0x0004, 0x0024, 0x0024, 0x0004, 0x0004, 0x0003, 0x0003,
    0x0003, 0x0004, 0x0004, 0x0004, 0x0004, 0x0004, 0x0003, 0x0004, 0x0004, 0x0004, 0x0004, 0x0004,
    0x0004, 0x0004, 0x0004, 0x0004, 0x0004, 0x0004, 0x0003, 0x0004, 0x0024, 0x0024, 0x0024, 0x0004,
    0x0024, 0x0024, 0x0024, 0x0004, 0x0024, 0x0004, 0x0004, 0x0004, 0x0004, 0x0004, 0x0004, 0x0004,
    0x0004, 0x0024, 0x0024, 0x0004, 0x0024, 0x0003, 0x0023, 0x0003, 0x0003, 0x0003, 0x0003, 0x0003,
    0x0024, 0x0024, 0x0003, 0x0003, 0x0002, 0x0003, 0x0024, 0x0003, 0x0004, 0x0004, 0x0004, 0x0004,
    0x0004, 0x0004, 0x0004, 0x0004, 0x0004, 0x0004, 0x0003, 0x0003, 0x0003, 0x0004, 0x0024, 0x0004,
    0x0004, 0x0004, 0x0004, 0x0024, 0x0004, 0x0024, 0x0024, 0x0024, 0x0004, 0x0004, 0x0004, 0x0004,
    0x0004, 0x0004, 0x0024, 0x0024, 0x0004, 0x0024, 0x0024, 0x0004, 0x0004, 0x0004, 0x0003, 0x0004,
    0x0004, 0x0023, 0x0004, 0x0024, 0x0004, 0x0024, 0x0024, 0x0004, 0x0004, 0x0004, 0x0004, 0x0004,
    0x0004, 0x0004, 0x0003, 0x0004, 0x0004, 0x0004, 0x0003, 0x0004, 0x0004, 0x0003, 0x0003, 0x0003,
    0x0004, 0x0004, 0x0003, 0x0003, 0x0004, 0x0003, 0x0003, 0x0004, 0x0004, 0x0003, 0x0003, 0x0003,
    0x0004, 0x0003, 0x0004, 0x0004, 0x0023, 0x0866, 0x004A, 0x6AAE, 0xFD14, 0xED96, 0xFF35, 0xFEF6,
    0xFF16, 0x9C31, 0x108B, 0x1089, 0x0046, 0x0004, 0x0024, 0x0024, 0x0003, 0x0003, 0x0003, 0x0003,
    0x0003, 0x0004, 0x0003, 0x0004, 0x0004, 0x0003, 0x0003, 0x0003, 0x0003, 0x0003, 0x0003, 0x0003,
    0x0003, 0x0003, 0x0003, 0x0004, 0x0004, 0x0004, 0x0003, 0x0004, 0x0003, 0x0003, 0x0004, 0x0004,
    0x0004, 0x0004, 0x0004, 0x0024, 0x0003, 0x0003, 0x0003, 0x0003, 0x0003, 0x0023, 0x0024, 0x0004,
    0x0024, 0x0024, 0x0004, 0x0003, 0x0003, 0x0023, 0x0003, 0x0003, 0x0003, 0x0004, 0x0003, 0x0003,
    0x0003, 0x0003, 0x0024, 0x0024, 0x0024, 0x0024, 0x0024, 0x0004, 0x0024, 0x290B, 0x51D1, 0x51F1,
    0x6A53, 0x7274, 0x7274, 0x7274, 0x7274, 0x6A54, 0x7254, 0x7274, 0x7274, 0x7274, 0x6A53, 0x7274,
    0x7294, 0x7274, 0x9316, 0xAB97, 0xB3B7, 0xB3B7, 0xB3B7, 0xB3D7, 0xB3B7, 0xEC73, 0xFCF2, 0xDC54,
    0xAB97, 0xAB96, 0xAB77, 0x9B36, 0x82D5, 0x8AF6, 0x9B56, 0xB3D7, 0xABB7, 0x82F5, 0x7AB5, 0x6A52,
    0x0003, 0x0024, 0x0003, 0x0003, 0x0003, 0x0003, 0x0004, 0x0004, 0x0024, 0x0023, 0x0003, 0x0003,
    0x0024, 0x0024, 0x0002, 0x0002, 0x0003, 0x0004, 0x0004, 0x0004, 0x0004, 0x0003, 0x0023, 0x0003,
    0x0023, 0x0003, 0x0004, 0x0024, 0x0024, 0x0024, 0x0024, 0x0024, 0x0003, 0x0004, 0x0024, 0x0004,
    0x0004, 0x0024, 0x0003, 0x0003, 0x0004, 0x0003, 0x0004, 0x0004, 0x0004, 0x0004, 0x0004, 0x0004,
    0x0004, 0x0003, 0x0004, 0x0004, 0x0004, 0x0004, 0x0004, 0x0004, 0x0004, 0x0004, 0x0004, 0x0004,
    0x0004, 0x0004, 0x0004, 0x0004, 0x0004, 0x0003, 0x0004, 0x0024, 0x0004, 0x0004, 0x0004, 0x0004,
    0x0004, 0x0004, 0x0004, 0x0004, 0x0003, 0x0003, 0x0003, 0x0003, 0x0024, 0x0004, 0x0004, 0x0004,
    0x0024, 0x0004, 0x0004, 0x0003, 0x0024, 0x0024, 0x0004, 0x0024, 0x0004, 0x0024, 0x0024, 0x0024,
    0x0004, 0x0004, 0x0004, 0x0004, 0x0024, 0x0024, 0x0024, 0x0024, 0x0024, 0x0024, 0x0004, 0x0004,
    0x0024, 0x0003, 0x0003, 0x0003, 0x0003, 0x0003, 0x0003, 0x0024, 0x0024, 0x0844, 0xA310, 0x1885,
    0x0003, 0x0024, 0x0024, 0x0024, 0x0004, 0x0004, 0x0004, 0x0004, 0x0004, 0x0004, 0x0024, 0x0024,
    0x0004, 0x0024, 0x0003, 0x0003, 0x0003, 0x0004, 0x0003, 0x0003, 0x0004, 0x0003, 0x0004, 0x0024,
    0x0004, 0x0024, 0x0004, 0x0004, 0x0003, 0x0004, 0x0004, 0x0024, 0x0004, 0x0024, 0x0004, 0x0024,
    0x0024, 0x0004, 0x0004, 0x0004, 0x0004, 0x0004, 0x0004, 0x0004, 0x0004, 0x0003, 0x0003, 0x0024,
    0x0024, 0x0024, 0x0004, 0x0004, 0x0004, 0x0024, 0x0004, 0x0004, 0x0024, 0x0004, 0x0004, 0x0003,
    0x0003, 0x0003, 0x0004, 0x0004, 0x0004, 0x0024, 0x0003, 0x0003, 0x0004, 0x0004, 0x0003, 0x0003,
    0x0004, 0x0003, 0x0004, 0x0024, 0x0003, 0x0003, 0x0003, 0x0003, 0x0004, 0x0003, 0x0003, 0x0004,
    0x0003, 0x0845, 0x0029, 0x72CE, 0xFD55, 0xEDB9, 0xFF56, 0xFED6, 0xFF36, 0xC552, 0x086B, 0x18CB,
    0x0868, 0x0045, 0x0004, 0x0024, 0x0004, 0x0003, 0x0003, 0x0004, 0x0004, 0x0004, 0x0024, 0x0024,
    0x0024, 0x0023, 0x0004, 0x0003, 0x0003, 0x0003, 0x0003, 0x0003, 0x0003, 0x0003, 0x0003, 0x0004,
    0x0004, 0x0004, 0x0024, 0x0003, 0x1886, 0x310A, 0x0003, 0x0024, 0x0004, 0x0003, 0x0003, 0x0003,
    0x0003, 0x0003, 0x0003, 0x0003, 0x0003, 0x0003, 0x0003, 0x0003, 0x0004, 0x0004, 0x0023, 0x0003,
    0x0003, 0x0003, 0x0003, 0x0003, 0x0024, 0x0002, 0x51AC, 0x59CD, 0x0002, 0x0024, 0x0003, 0x0002,
    0x0002, 0x0003, 0x1087, 0x418E, 0x51B0, 0x59F2, 0x5A12, 0x6A53, 0x7273, 0x7253, 0x7274, 0x7274,
    0x7274, 0x7254, 0x7274, 0x7274, 0x7274, 0x7274, 0x6A54, 0x7294, 0x6A74, 0x8B15, 0xB3B7, 0xAB97,
    0xAB97, 0xB3B7, 0xB3B7, 0xB3D7, 0xBBF8, 0xF4D4, 0xFD93, 0xF472, 0xBB95, 0xA377, 0xAB56, 0xAB77,
    0x9336, 0x9316, 0x8B16, 0x9B56, 0x9B56, 0x8AF5, 0x7274, 0x6A53, 0x2909, 0x0003, 0x0003, 0x0003,
    0x0023, 0x28C9, 0x0024, 0x0003, 0x0004, 0x0003, 0x0003, 0x0003, 0x0024, 0x0002, 0x624F, 0x8B33,
    0x1085, 0x0003, 0x0024, 0x0003, 0x0003, 0x0003, 0x0024, 0x0003, 0x0003, 0x0003, 0x0003, 0x0003,
    0x0004, 0x0024, 0x0003, 0x0004, 0x0024, 0x0004, 0x0004, 0x0003, 0x0003, 0x0003, 0x0003, 0x0003,
    0x0004, 0x0004, 0x0004, 0x0003, 0x0004, 0x0004, 0x0004, 0x0024, 0x0004, 0x0004, 0x0004, 0x0024,
    0x0004, 0x0004, 0x0004, 0x0004, 0x0004, 0x0004, 0x0004, 0x0024, 0x0024, 0x0024, 0x0004, 0x0003,
    0x0003, 0x0004, 0x0004, 0x0024, 0x0024, 0x0004, 0x0024, 0x0004, 0x0003, 0x0003, 0x0004, 0x0003,
    0x0003, 0x0003, 0x0003, 0x0003, 0x0003, 0x0004, 0x0024, 0x0004, 0x0004, 0x0003, 0x0003, 0x0003,
    0x0004, 0x0003, 0x0024, 0x0024, 0x0024, 0x0024, 0x0004, 0x0004, 0x0024, 0x0024, 0x0004, 0x0004,
    0x0024, 0x0004, 0x0024, 0x0024, 0x0024, 0x0004, 0x0003, 0x0004, 0x0003, 0x0003, 0x0003, 0x0004,
    0x0024, 0x0003, 0x0004, 0x0003, 0x0001, 0x61EB, 0xFCF9, 0x7A6D, 0x0002, 0x0003, 0x0024, 0x0024,
    0x0024, 0x0004, 0x0004, 0x0004, 0x0004, 0x0004, 0x0004, 0x0024, 0x0024, 0x0004, 0x0004, 0x0004,
    0x0004, 0x0004, 0x0004, 0x0004, 0x0024, 0x0024, 0x0004, 0x0004, 0x0024, 0x0004, 0x0004, 0x0004,
    0x0004, 0x0004, 0x0004, 0x0004, 0x0004, 0x0004, 0x0004, 0x0004, 0x0004, 0x0024, 0x0024, 0x0024,
    0x0004, 0x0024, 0x0024, 0x0004, 0x0004, 0x0004, 0x0004, 0x0004, 0x0004, 0x0004, 0x0004, 0x0004,
    0x0004, 0x0024, 0x0024, 0x0004, 0x0004, 0x0004, 0x0004, 0x0003, 0x0003, 0x0004, 0x0003, 0x0003,
    0x0024, 0x0004, 0x0003, 0x0003, 0x0004, 0x0004, 0x0004, 0x0003, 0x0004, 0x0004, 0x0024, 0x0004,
    0x0003, 0x0003, 0x0003, 0x0003, 0x0023, 0x0003, 0x0004, 0x0004, 0x0003, 0x0845, 0x0029, 0x6ACF,
    0xFE55, 0xF598, 0xF6B8, 0xFF16, 0xFEF6, 0xE654, 0x49ED, 0x10AC, 0x1088, 0x0846, 0x0024, 0x0024,
    0x0024, 0x0003, 0x0003, 0x0004, 0x0024, 0x0024, 0x0024, 0x0024, 0x0024, 0x0024, 0x0024, 0x0003,
    0x0003, 0x0003, 0x0003, 0x0003, 0x0003, 0x0003, 0x0003, 0x0003, 0x0004, 0x0004, 0x0024, 0x0003,
    0x0845, 0x1086, 0x0023, 0x0024, 0x0004, 0x0024, 0x0003, 0x0003, 0x0003, 0x0003, 0x0003, 0x0003,
    0x0003, 0x0003, 0x0003, 0x0003, 0x0003, 0x0023, 0x0023, 0x0003, 0x0003, 0x0004, 0x0004, 0x0024,
    0x0024, 0x0023, 0x18A6, 0x20C7, 0x0003, 0x0003, 0x0001, 0x28E8, 0x418D, 0x392C, 0x59F1, 0x6A53,
    0x6232, 0x6A73, 0x7274, 0x7273, 0x7273, 0x7273, 0x7273, 0x7274, 0x7253, 0x7274, 0x7274, 0x7274,
    0x7294, 0x7274, 0x6A53, 0x6A53, 0x82D4, 0xAB97, 0xB3B7, 0xABB7, 0xABB7, 0xAB97, 0xB3B7, 0xABB8,
    0xD456, 0xFD33, 0xFD93, 0xFC91, 0xCB94, 0xA377, 0xAB77, 0xAB97, 0xABB7, 0x9B36, 0x8AF6, 0x92F6,
    0x92F6, 0x9316, 0x7AB4, 0x7295, 0x6211, 0x0002, 0x0024, 0x0024, 0x0024, 0x1066, 0x0024, 0x0003,
    0x0003, 0x0003, 0x0003, 0x0003, 0x0024, 0x0002, 0x9355, 0xCC9D, 0x20C7, 0x0003, 0x0023, 0x0003,
    0x0003, 0x0003, 0x0003, 0x0003, 0x0003, 0x0023, 0x0004, 0x0024, 0x0003, 0x0004, 0x0004, 0x0004,
    0x0004, 0x0003, 0x0003, 0x0003, 0x0003, 0x0003, 0x0003, 0x0003, 0x0004, 0x0003, 0x0004, 0x0004,
    0x0004, 0x0024, 0x0004, 0x0003, 0x0004, 0x0004, 0x0004, 0x0004, 0x0004, 0x0024, 0x0004, 0x0004,
    0x0004, 0x0004, 0x0004, 0x0024, 0x0004, 0x0024, 0x0004, 0x0003, 0x0004, 0x0004, 0x0004, 0x0004,
    0x0004, 0x0004, 0x0003, 0x0004, 0x0024, 0x0004, 0x0003, 0x0003, 0x0003, 0x0003, 0x0003, 0x0003,
    0x0003, 0x0004, 0x0024, 0x0004, 0x0004, 0x0003, 0x0003, 0x0004, 0x0003, 0x0004, 0x0024, 0x0004,
    0x0004, 0x0004, 0x0004, 0x0024, 0x0024, 0x0024, 0x0004, 0x0004, 0x0004, 0x0004, 0x0004, 0x0004,
    0x0024, 0x0024, 0x0004, 0x0004, 0x0003, 0x0003, 0x0003, 0x0003, 0x0003, 0x0024, 0x0003, 0x3907,
    0x824D, 0xE3D5, 0xEC15, 0xE435, 0x92CF, 0x30E7, 0x0023, 0x0024, 0x0024, 0x0004, 0x0004, 0x0004,
    0x0003, 0x0004, 0x0003, 0x0024, 0x0004, 0x0004, 0x0004, 0x0004, 0x0004, 0x0004, 0x0004, 0x0004,
    0x0024, 0x0024, 0x0004, 0x0004, 0x0024, 0x0024, 0x0004, 0x0004, 0x0024, 0x0004, 0x0004, 0x0004,
    0x0004, 0x0004, 0x0024, 0x0004, 0x0004, 0x0004, 0x0004, 0x0024, 0x0024, 0x0004, 0x0024, 0x0004,
    0x0004, 0x0004, 0x0004, 0x0003, 0x0004, 0x0004, 0x0003, 0x0004, 0x0024, 0x0024, 0x0024, 0x0024,
    0x0004, 0x0003, 0x0003, 0x0004, 0x0004, 0x0004, 0x0003, 0x0004, 0x0004, 0x0003, 0x0003, 0x0003,
    0x0004, 0x0004, 0x0004, 0x0004, 0x0004, 0x0003, 0x0003, 0x0004, 0x0003, 0x0003, 0x0003, 0x0003,
    0x0003, 0x0003, 0x0003, 0x0004, 0x0003, 0x0024, 0x0869, 0x210F, 0xC4F4, 0xFD93, 0xED36, 0xFEF6,
    0xFED5, 0xFF56, 0xACB3, 0x188D, 0x18EB, 0x0046, 0x0846, 0x0024, 0x0003, 0x0003, 0x0003, 0x0003,
    0x0024, 0x0003, 0x0023, 0x0045, 0x0866, 0x0004, 0x0024, 0x0003, 0x0003, 0x0003, 0x0003, 0x0003,
    0x0003, 0x0003, 0x0003, 0x0003, 0x0003, 0x0004, 0x0024, 0x0024, 0x0003, 0x0003, 0x0024, 0x0024,
    0x0004, 0x0004, 0x0004, 0x0003, 0x0003, 0x0003, 0x0003, 0x0003, 0x0003, 0x0003, 0x0003, 0x0023,
    0x0003, 0x0024, 0x0003, 0x0003, 0x0024, 0x0024, 0x0024, 0x0024, 0x0003, 0x0002, 0x0001, 0x0024,
    0x1087, 0x416E, 0x49AF, 0x59F2, 0x6A54, 0x6213, 0x59F2, 0x5A12, 0x6A33, 0x7273, 0x7273, 0x7273,
    0x7274, 0x7273, 0x6A53, 0x7253, 0x7253, 0x7274, 0x7274, 0x7274, 0x6A74, 0x7AB4, 0x8AF5, 0x9B36,
    0xA377, 0xAB97, 0xAB97, 0xB3B7, 0xB3B7, 0xB3B7, 0xABB7, 0xC3D7, 0xF452, 0xFD92, 0xFDD4, 0xFCB2,
    0xD3D4, 0xA397, 0xAB97, 0xABB7, 0xB3B7, 0xA397, 0x8AF6, 0x8AF6, 0x8B15, 0x92F5, 0x7AB4, 0x7AB5,
    0x5A10, 0x0002, 0x0003, 0x0023, 0x0024, 0x0003, 0x0003, 0x0003, 0x0003, 0x0003, 0x0004, 0x0004,
    0x0024, 0x0003, 0x20C7, 0x2928, 0x0844, 0x0004, 0x0003, 0x0003, 0x0003, 0x0003, 0x0003, 0x0003,
    0x0003, 0x0024, 0x0003, 0x0024, 0x0024, 0x0004, 0x0003, 0x0004, 0x0003, 0x0004, 0x0003, 0x0003,
    0x0003, 0x0003, 0x0003, 0x0003, 0x0003, 0x0003, 0x0003, 0x0024, 0x0024, 0x0004, 0x0003, 0x0004,
    0x0004, 0x0004, 0x0004, 0x0004, 0x0004, 0x0024, 0x0024, 0x0024, 0x0024, 0x0024, 0x0004, 0x0004,
    0x0004, 0x0004, 0x0004, 0x0004, 0x0004, 0x0003, 0x0004, 0x0004, 0x0024, 0x0004, 0x0004, 0x0024,
    0x0024, 0x0004, 0x0004, 0x0004, 0x0003, 0x0003, 0x0003, 0x0003, 0x0003, 0x0004, 0x0024, 0x0024,
    0x0023, 0x0004, 0x0003, 0x0003, 0x0003, 0x0024, 0x0004, 0x0003, 0x0003, 0x0004, 0x0004, 0x0004,
    0x0024, 0x0024, 0x0004, 0x0004, 0x0004, 0x0004, 0x0004, 0x0024, 0x0024, 0x0024, 0x0024, 0x0004,
    0x0004, 0x0003, 0x0003, 0x0003, 0x0003, 0x0023, 0x0003, 0x7A4C, 0xEC35, 0xF436, 0xE3D4, 0xF415,
    0xF476, 0x7A2C, 0x0003, 0x0024, 0x0003, 0x0004, 0x0003, 0x0003, 0x0003, 0x0024, 0x0004, 0x0004,
    0x0024, 0x0024, 0x0003, 0x0004, 0x0004, 0x0004, 0x0024, 0x0024, 0x0004, 0x0004, 0x0004, 0x0024,
    0x0004, 0x0004, 0x0024, 0x0004, 0x0004, 0x0024, 0x0003, 0x0004, 0x0004, 0x0004, 0x0024, 0x0024,
    0x0024, 0x0024, 0x0004, 0x0004, 0x0024, 0x0024, 0x0024, 0x0024, 0x0004, 0x0004, 0x0004, 0x0004,
    0x0004, 0x0004, 0x0024, 0x0024, 0x0024, 0x0004, 0x0004, 0x0004, 0x0024, 0x0003, 0x0003, 0x0003,
    0x0004, 0x0024, 0x0003, 0x0004, 0x0003, 0x0003, 0x0003, 0x0003, 0x0004, 0x0004, 0x0004, 0x0004,
    0x0004, 0x0003, 0x0004, 0x0003, 0x0003, 0x0003, 0x0003, 0x0003, 0x0003, 0x0003, 0x0003, 0x0004,
    0x0003, 0x0004, 0x1089, 0x088C, 0x9BD1, 0xFD71, 0xEC32, 0xED97, 0xFF37, 0xFEF6, 0xFF19, 0x7B72,
    0x108D, 0x10AA, 0x0867, 0x0866, 0x0046, 0x0025, 0x0004, 0x0023, 0x0023, 0x0024, 0x0045, 0x1089,
    0x0867, 0x0024, 0x0004, 0x0003, 0x0003, 0x0003, 0x0003, 0x0003, 0x0003, 0x0003, 0x0003, 0x0003,
    0x0003, 0x0003, 0x0024, 0x0024, 0x0024, 0x0024, 0x0024, 0x0024, 0x0024, 0x0004, 0x0004, 0x0003,
    0x0003, 0x0003, 0x0003, 0x0003, 0x0003, 0x0003, 0x0003, 0x0004, 0x0004, 0x0004, 0x0003, 0x0024,
    0x0024, 0x0024, 0x0024, 0x0002, 0x20A7, 0x394C, 0x394C, 0x6A53, 0x6233, 0x6213, 0x6233, 0x59F2,
    0x59F2, 0x6212, 0x6A53, 0x6A53, 0x6A53, 0x7273, 0x7273, 0x7273, 0x6A33, 0x6212, 0x6A53, 0x7274,
    0x7274, 0x7253, 0x6A33, 0x7A94, 0x9B35, 0xAB96, 0xBBD7, 0xB3B7, 0xAB77, 0xAB97, 0xAB97, 0xB3B7,
    0xB3D7, 0xBBF8, 0xC418, 0xE434, 0xFC70, 0xFE14, 0xFD73, 0xFC72, 0xD415, 0xABB7, 0xAB97, 0xAB97,
    0xB3B7, 0xAB77, 0x92D5, 0xAB34, 0x8AD6, 0x9315, 0x7A94, 0x6A74, 0x59F0, 0x0003, 0x0024, 0x0023,
    0x0023, 0x0003, 0x0003, 0x0003, 0x0003, 0x0003, 0x0004, 0x0004, 0x0024, 0x0024, 0x0003, 0x0002,
    0x0003, 0x0023, 0x0003, 0x0003, 0x0003, 0x0003, 0x0003, 0x0023, 0x0023, 0x0004, 0x0004, 0x0003,
    0x0004, 0x0003, 0x0004, 0x0003, 0x0003, 0x0003, 0x0003, 0x0003, 0x0004, 0x0004, 0x0003, 0x0003,
    0x0003, 0x0003, 0x0004, 0x0004, 0x0004, 0x0004, 0x0024, 0x0004, 0x0004, 0x0004, 0x0024, 0x0024,
    0x0004, 0x0024, 0x0024, 0x0024, 0x0004, 0x0024, 0x0024, 0x0024, 0x0004, 0x0004, 0x0024, 0x0024,
    0x0004, 0x0003, 0x0004, 0x0004, 0x0004, 0x0004, 0x0004, 0x0024, 0x0024, 0x0004, 0x0004, 0x0004,
    0x0003, 0x0003, 0x0003, 0x0003, 0x0004, 0x0024, 0x0023, 0x0003, 0x0024, 0x0024, 0x0003, 0x0004,
    0x0004, 0x0004, 0x0003, 0x0004, 0x0024, 0x0004, 0x0003, 0x0004, 0x0004, 0x0024, 0x0004, 0x0004,
    0x0004, 0x0004, 0x0004, 0x0024, 0x0024, 0x0004, 0x0004, 0x0003, 0x0003, 0x0003, 0x0004, 0x0003,
    0x0003, 0x0004, 0x0024, 0x0003, 0x1065, 0xAB51, 0xFCB7, 0xB331, 0x1885, 0x0003, 0x0024, 0x0004,
    0x0003, 0x0003, 0x0003, 0x0003, 0x0004, 0x0004, 0x0024, 0x0004, 0x0004, 0x0024, 0x0004, 0x0004,
    0x0024, 0x0024, 0x0004, 0x0024, 0x0004, 0x0004, 0x0004, 0x0003, 0x0024, 0x0024, 0x0024, 0x0004,
    0x0004, 0x0004, 0x0004, 0x0004, 0x0004, 0x0004, 0x0004, 0x0024, 0x0024, 0x0024, 0x0024, 0x0024,
    0x0004, 0x0024, 0x0024, 0x0004, 0x0024, 0x0024, 0x0024, 0x0024, 0x0024, 0x0004, 0x0004, 0x0024,
    0x0024, 0x0024, 0x0004, 0x0024, 0x0024, 0x0004, 0x0004, 0x0024, 0x0004, 0x0004, 0x0003, 0x0003,
    0x0003, 0x0003, 0x0003, 0x0003, 0x0004, 0x0004, 0x0004, 0x0004, 0x0003, 0x0004, 0x0004, 0x0003,
    0x0004, 0x0003, 0x0003, 0x0004, 0x0003, 0x0004, 0x0003, 0x0004, 0x0023, 0x0024, 0x0866, 0x0867,
    0x20EA, 0xDD11, 0xFD13, 0xED37, 0xFEF8, 0xDDF8, 0xFF18, 0xFEF7, 0x7B50, 0x108C, 0x1069, 0x1089,
    0x1088, 0x0867, 0x0887, 0x0887, 0x0026, 0x0026, 0x10A8, 0x1089, 0x0866, 0x0024, 0x0004, 0x0004,
    0x0003, 0x0023, 0x0004, 0x0024, 0x0003, 0x0003, 0x0003, 0x0003, 0x0003, 0x0003, 0x0003, 0x0023,
    0x0004, 0x0004, 0x0003, 0x0003, 0x0003, 0x0003, 0x0003, 0x0003, 0x0003, 0x0003, 0x0003, 0x0003,
    0x0003, 0x0003, 0x0003, 0x0003, 0x0024, 0x0024, 0x0024, 0x0004, 0x0024, 0x0003, 0x0845, 0x49AE,
    0x6A53, 0x7AB6, 0x6233, 0x6233, 0x59F2, 0x59D1, 0x59F1, 0x6233, 0x6A53, 0x6A53, 0x6A53, 0x7274,
    0x7A94, 0x7274, 0x6A33, 0x6212, 0x59F2, 0x6212, 0x7273, 0x6A53, 0x7AB4, 0xAB96, 0xAB96, 0xB3B7,
    0xC3D7, 0xB397, 0xA377, 0xB3B7, 0xB3D7, 0xBBD7, 0xBBD8, 0xBBF8, 0xC3F8, 0xD417, 0xECB4, 0xFD12,
    0xFE34, 0xFE54, 0xFCD2, 0xEC33, 0xB3D7, 0xABB7, 0xAB97, 0xAB97, 0xB3B7, 0xB396, 0xD473, 0xED93,
    0xAB54, 0x8AF5, 0x6A53, 0x6A53, 0x59F0, 0x0004, 0x0024, 0x0024, 0x0024, 0x0003, 0x0003, 0x0024,
    0x0004, 0x0004, 0x0003, 0x0003, 0x0023, 0x0003, 0x0024, 0x0024, 0x0003, 0x0003, 0x0003, 0x0003,
    0x0003, 0x0003, 0x0003, 0x0003, 0x0003, 0x0003, 0x0004, 0x0003, 0x0004, 0x0003, 0x0003, 0x0003,
    0x0003, 0x0003, 0x0004, 0x0024, 0x0023, 0x0003, 0x0003, 0x0023, 0x0003, 0x0004, 0x0024, 0x0003,
    0x0004, 0x0003, 0x0004, 0x0004, 0x0004, 0x0004, 0x0024, 0x0024, 0x0004, 0x0004, 0x0024, 0x0004,
    0x0004, 0x0024, 0x0004, 0x0024, 0x0024, 0x0004, 0x0004, 0x0024, 0x0004, 0x0003, 0x0004, 0x0004,
    0x0004, 0x0024, 0x0024, 0x0004, 0x0024, 0x0004, 0x0004, 0x0003, 0x0003, 0x0003, 0x0003, 0x0003,
    0x0003, 0x0003, 0x0023, 0x0024, 0x0004, 0x0024, 0x0024, 0x0024, 0x0024, 0x0004, 0x0004, 0x0004,
    0x0003, 0x0003, 0x0003, 0x0024, 0x0024, 0x0023, 0x0003, 0x0004, 0x0004, 0x0004, 0x0004, 0x0024,
    0x0024, 0x0004, 0x0003, 0x0003, 0x0003, 0x0003, 0x0004, 0x0024, 0x0024, 0x0004, 0x0003, 0x0024,
    0x0003, 0x20A5, 0xF476, 0x3107, 0x0002, 0x0024, 0x0024, 0x0004, 0x0003, 0x0004, 0x0003, 0x0003,
    0x0004, 0x0024, 0x0024, 0x0004, 0x0004, 0x0024, 0x0004, 0x0024, 0x0004, 0x0024, 0x0004, 0x0004,
    0x0024, 0x0024, 0x0004, 0x0004, 0x0004, 0x0004, 0x0024, 0x0004, 0x0003, 0x0004, 0x0004, 0x0003,
    0x0024, 0x0004, 0x0004, 0x0004, 0x0004, 0x0004, 0x0024, 0x0024, 0x0024, 0x0004, 0x0024, 0x0024,
    0x0024, 0x0024, 0x0024, 0x0024, 0x0024, 0x0024, 0x0004, 0x0024, 0x0024, 0x0024, 0x0004, 0x0004,
    0x0024, 0x0004, 0x0004, 0x0024, 0x0004, 0x0003, 0x0003, 0x0003, 0x0003, 0x0003, 0x0023, 0x0003,
    0x0004, 0x0004, 0x0003, 0x0003, 0x0003, 0x0004, 0x0004, 0x0004, 0x0024, 0x0003, 0x0003, 0x0004,
    0x0004, 0x0024, 0x0004, 0x0024, 0x0024, 0x0023, 0x0024, 0x0866, 0x086A, 0x6A8F, 0xFDD3, 0xF536,
    0xF596, 0xFE16, 0xFED6, 0xFEF6, 0xFF16, 0xB4D2, 0x41CD, 0x312D, 0x0829, 0x0049, 0x004A, 0x084B,
    0x398D, 0x520F, 0x398E, 0x0868, 0x0024, 0x0004, 0x0024, 0x0004, 0x0004, 0x0004, 0x0004, 0x0024,
    0x0003, 0x0003, 0x0003, 0x0003, 0x0003, 0x0003, 0x0003, 0x0004, 0x0024, 0x0003, 0x0003, 0x0003,
    0x0003, 0x0003, 0x0003, 0x0003, 0x0003, 0x0003, 0x0003, 0x0003, 0x0024, 0x0024, 0x0024, 0x0004,
    0x0004, 0x0024, 0x0024, 0x0003, 0x0003, 0x0002, 0x418D, 0x6A74, 0x6212, 0x6232, 0x5A12, 0x59F1,
    0x51F1, 0x6A53, 0x6A53, 0x6A53, 0x6A53, 0x6A53, 0x6A53, 0x7253, 0x7A94, 0x6A53, 0x6232, 0x6212,
    0x59F2, 0x6213, 0x7A54, 0x9B35, 0xB396, 0xCC38, 0xC438, 0xABD7, 0xA377, 0x9B36, 0xB397, 0xC3F8,
    0xBBF8, 0xBBF8, 0xC3F8, 0xCC18, 0xE435, 0xFCB2, 0xFD53, 0xFD94, 0xFE35, 0xFD53, 0xFC72, 0xDC15,
    0xABB8, 0xAB97, 0xAB77, 0xB3B7, 0xB3B7, 0xB396, 0xDCF3, 0xFE34, 0xAB34, 0x7AB5, 0x6212, 0x6232,
    0x312C, 0x0024, 0x0024, 0x0024, 0x0004, 0x0003, 0x0002, 0x0003, 0x0024, 0x0004, 0x0003, 0x0003,
    0x0003, 0x0003, 0x0003, 0x0003, 0x0003, 0x0003, 0x0003, 0x0003, 0x0003, 0x0003, 0x0003, 0x0003,
    0x0024, 0x0003, 0x0004, 0x0004, 0x0004, 0x0004, 0x0003, 0x0003, 0x0003, 0x0004, 0x0004, 0x0024,
    0x0004, 0x0004, 0x0003, 0x0004, 0x0004, 0x0004, 0x0004, 0x0003, 0x0004, 0x0024, 0x0004, 0x0004,
    0x0004, 0x0004, 0x0024, 0x0004, 0x0004, 0x0004, 0x0004, 0x0004, 0x0024, 0x0024, 0x0024, 0x0024,
    0x0024, 0x0004, 0x0024, 0x0024, 0x0003, 0x0003, 0x0004, 0x0004, 0x0004, 0x0024, 0x0004, 0x0004,
    0x0004, 0x0004, 0x0004, 0x0004, 0x0004, 0x0003, 0x0003, 0x0003, 0x0004, 0x0002, 0x292A, 0x5A71,
    0x0003, 0x0024, 0x0004, 0x0003, 0x0004, 0x0004, 0x0004, 0x0003, 0x0023, 0x0004, 0x0004, 0x0003,
    0x0003, 0x0004, 0x0004, 0x0024, 0x0004, 0x0024, 0x0004, 0x0024, 0x0024, 0x0004, 0x0004, 0x0003,
    0x0003, 0x0003, 0x0024, 0x0024, 0x0024, 0x0004, 0x0024, 0x0003, 0x0003, 0x0023, 0x4929, 0x0824,
    0x0024, 0x0024, 0x0004, 0x0004, 0x0004, 0x0003, 0x0004, 0x0004, 0x0003, 0x0024, 0x0003, 0x0003,
    0x0004, 0x0024, 0x0024, 0x0024, 0x0024, 0x0004, 0x0004, 0x0024, 0x0004, 0x0003, 0x0004, 0x0024,
    0x0004, 0x0024, 0x0024, 0x0004, 0x0024, 0x0004, 0x0024, 0x0004, 0x0024, 0x0023, 0x0004, 0x0024,
    0x0004, 0x0024, 0x0024, 0x0024, 0x0024, 0x0024, 0x0024, 0x0024, 0x0024, 0x0024, 0x0024, 0x0024,
    0x0024, 0x0004, 0x0024, 0x0024, 0x0004, 0x0024, 0x0004, 0x0004, 0x0004, 0x0004, 0x0004, 0x0004,
    0x0004, 0x0003, 0x0003, 0x0003, 0x0003, 0x0004, 0x0004, 0x0003, 0x0004, 0x0004, 0x0003, 0x0004,
    0x0003, 0x0003, 0x0004, 0x0004, 0x0024, 0x0004, 0x0004, 0x0004, 0x0004, 0x0024, 0x0024, 0x0024,
    0x0024, 0x0023, 0x0023, 0x0045, 0x1088, 0x086B, 0x7B30, 0xFE38, 0xFD95, 0xFD74, 0xF533, 0xF594,
    0xFE95, 0xFF36, 0xFED6, 0xD593, 0x7B2F, 0x832E, 0x834F, 0x9BF0, 0xE5B5, 0x5A72, 0x086A, 0x0866,
    0x0024, 0x0003, 0x0024, 0x0003, 0x0003, 0x0003, 0x0004, 0x0024, 0x0003, 0x0003, 0x0003, 0x0003,
    0x0003, 0x0003, 0x0004, 0x0004, 0x0024, 0x0003, 0x0003, 0x0003, 0x0003, 0x0003, 0x0003, 0x0003,
    0x0003, 0x0003, 0x0003, 0x0024, 0x0002, 0x0001, 0x0003, 0x0024, 0x0024, 0x0024, 0x0024, 0x0024,
    0x312C, 0x416E, 0x59F1, 0x5A11, 0x59F1, 0x6212, 0x6232, 0x7274, 0x7294, 0x7A95, 0x82B5, 0x7AB5,
    0x7AB4, 0x7253, 0x6A33, 0x6A33, 0x6A33, 0x6A33, 0x6233, 0x6233, 0x6212, 0x92F5, 0xAB77, 0xC3F8,
    0xC3F8, 0xAB97, 0xA377, 0x9B77, 0xABB7, 0xBBD7, 0xC3F8, 0xC3F8, 0xBBF8, 0xC3F8, 0xE455, 0xFCD3,
    0xFCF3, 0xFD33, 0xFD73, 0xFD73, 0xFD53, 0xFCB2, 0xF473, 0xB3D7, 0xAB97, 0xAB97, 0xB397, 0xB3B7,
    0xB3B7, 0xA397, 0x9B35, 0xBBB3, 0x7AB6, 0x7A94, 0x6233, 0x59F1, 0x0003, 0x0003, 0x0024, 0x0004,
    0x0024, 0x0003, 0x72AC, 0x830D, 0x0002, 0x0024, 0x0003, 0x0003, 0x0003, 0x0003, 0x0003, 0x0003,
    0x0003, 0x0003, 0x0003, 0x0003, 0x0003, 0x0003, 0x0003, 0x0004, 0x0003, 0x0003, 0x0024, 0x0004,
    0x0003, 0x0024, 0x0003, 0x0004, 0x0004, 0x0004, 0x0004, 0x0003, 0x0003, 0x0004, 0x0004, 0x0004,
    0x0003, 0x0003, 0x0024, 0x0004, 0x0024, 0x0004, 0x0004, 0x0004, 0x0004, 0x0004, 0x0004, 0x0004,
    0x0004, 0x0004, 0x0024, 0x0024, 0x0024, 0x0024, 0x0004, 0x0004, 0x0004, 0x0004, 0x0024, 0x0004,
    0x0004, 0x0004, 0x0004, 0x0004, 0x0024, 0x0024, 0x0024, 0x0024, 0x0004, 0x0004, 0x0004, 0x0003,
    0x0004, 0x0003, 0x0004, 0x0004, 0x0004, 0x0003, 0x0865, 0x18C8, 0x0003, 0x0004, 0x0024, 0x0004,
    0x0004, 0x0004, 0x0004, 0x0003, 0x0003, 0x0003, 0x0004, 0x0003, 0x0003, 0x0003, 0x0004, 0x0004,
    0x0024, 0x0004, 0x0004, 0x0004, 0x0024, 0x0003, 0x0003, 0x0003, 0x0003, 0x0004, 0x0004, 0x0023,
    0x0024, 0x0024, 0x0024, 0x0003, 0x0044, 0x0003, 0x0003, 0x0024, 0x0004, 0x0003, 0x0003, 0x0003,
    0x0004, 0x0004, 0x0024, 0x0003, 0x0003, 0x0004, 0x0024, 0x0003, 0x0004, 0x0024, 0x0024, 0x0004,
    0x0024, 0x0004, 0x0004, 0x0024, 0x0004, 0x0024, 0x0004, 0x0004, 0x0003, 0x0004, 0x0024, 0x0003,
    0x0024, 0x0004, 0x0004, 0x0003, 0x0004, 0x0024, 0x0004, 0x0024, 0x0004, 0x0024, 0x0024, 0x0004,
    0x0024, 0x0004, 0x0004, 0x0024, 0x0024, 0x0024, 0x0024, 0x0024, 0x0004, 0x0004, 0x0024, 0x0004,
    0x0004, 0x0004, 0x0004, 0x0004, 0x0024, 0x0004, 0x0004, 0x0024, 0x0024, 0x0004, 0x0004, 0x0004,
    0x0004, 0x0004, 0x0004, 0x0004, 0x0004, 0x0004, 0x0004, 0x0004, 0x0004, 0x0003, 0x0004, 0x0024,
    0x0004, 0x0004, 0x0004, 0x0003, 0x0003, 0x0003, 0x0004, 0x0024, 0x0024, 0x0024, 0x0004, 0x0024,
    0x0046, 0x1089, 0x10AB, 0x6AF2, 0xE514, 0xFD13, 0xFCD3, 0xF494, 0xF557, 0xFDD5, 0xFD93, 0xFDF4,
    0xFE74, 0xFE73, 0xFE33, 0xC4D2, 0x396D, 0x002A, 0x0867, 0x0024, 0x0004, 0x0004, 0x0003, 0x0003,
    0x0003, 0x0003, 0x0003, 0x0003, 0x0023, 0x0003, 0x0003, 0x0003, 0x0024, 0x0023, 0x0024, 0x0024,
    0x0003, 0x0024, 0x0003, 0x0003, 0x0003, 0x0003, 0x0003, 0x0003, 0x0003, 0x0003, 0x0024, 0x0002,
    0x41CC, 0x8B75, 0x18C6, 0x0003, 0x0024, 0x0003, 0x0845, 0x416E, 0x59F2, 0x6213, 0x6212, 0x6212,
    0x5A11, 0x6A52, 0x82B5, 0x82F5, 0x8AF5, 0x82B5, 0x82D5, 0x7AB5, 0x7274, 0x6A33, 0x6A33, 0x6212,
    0x6212, 0x6232, 0x6212, 0x6A53, 0xA356, 0xBBD7, 0xC438, 0xBC18, 0xAB97, 0x9B56, 0x9B56, 0xA397,
    0xC418, 0xC418, 0xC417, 0xBBF8, 0xCBF7, 0xF434, 0xFCB3, 0xFD53, 0xFD93, 0xFD93, 0xFD73, 0xFCF3,
    0xFC72, 0xFC73, 0xC417, 0xABD7, 0xABB7, 0xB3B7, 0xB3D7, 0xB3B7, 0xB3B7, 0xAB97, 0x8AF5, 0x8AF5,
    0x8B16, 0x7AB4, 0x6A53, 0x49AF, 0x0004, 0x0004, 0x0003, 0x0024, 0x0024, 0x0004, 0x622C, 0x5A0B,
    0x0003, 0x0024, 0x0024, 0x0003, 0x0003, 0x0003, 0x0024, 0x0003, 0x0003, 0x0003, 0x0003, 0x0004,
    0x0023, 0x0003, 0x0004, 0x0003, 0x0845, 0x20E9, 0x0003, 0x0003, 0x0003, 0x0024, 0x0004, 0x0004,
    0x0004, 0x0003, 0x0004, 0x0003, 0x0003, 0x0024, 0x0004, 0x0024, 0x0004, 0x0003, 0x0024, 0x0024,
    0x0004, 0x0003, 0x0003, 0x0004, 0x0003, 0x0003, 0x0004, 0x0004, 0x0004, 0x0024, 0x0024, 0x0024,
    0x0024, 0x0024, 0x0004, 0x0024, 0x0004, 0x0024, 0x0004, 0x0004, 0x0004, 0x0024, 0x0004, 0x0004,
    0x0004, 0x0024, 0x0024, 0x0004, 0x0024, 0x0004, 0x0024, 0x0003, 0x0004, 0x0004, 0x0004, 0x0004,
    0x0004, 0x0004, 0x0003, 0x0003, 0x0024, 0x0004, 0x0004, 0x0004, 0x0003, 0x0003, 0x0003, 0x0003,
    0x0003, 0x0003, 0x0003, 0x0003, 0x0003, 0x0003, 0x0024, 0x0004, 0x0004, 0x0003, 0x0004, 0x0004,
    0x0004, 0x0004, 0x0004, 0x0003, 0x0003, 0x0004, 0x0003, 0x0003, 0x0004, 0x0024, 0x0003, 0x41CE,
    0x7B37, 0x316C, 0x0003, 0x0024, 0x0003, 0x0003, 0x0003, 0x0003, 0x0024, 0x0003, 0x0003, 0x0004,
    0x0003, 0x0003, 0x0004, 0x0024, 0x0004, 0x0003, 0x0004, 0x0004, 0x0004, 0x0004, 0x0004, 0x0004,
    0x0004, 0x0004, 0x0024, 0x0004, 0x0003, 0x0024, 0x0024, 0x0004, 0x0004, 0x0004, 0x0024, 0x0004,
    0x0003, 0x0004, 0x0004, 0x0004, 0x0004, 0x0004, 0x0024, 0x0024, 0x0024, 0x0024, 0x0004, 0x0004,
    0x0024, 0x0024, 0x0024, 0x0024, 0x0024, 0x0004, 0x0024, 0x0024, 0x0004, 0x0004, 0x0024, 0x0024,
    0x0024, 0x0004, 0x0004, 0x0004, 0x0004, 0x0004, 0x0004, 0x0004, 0x0003, 0x0003, 0x0003, 0x0004,
    0x0004, 0x0004, 0x0004, 0x0003, 0x0004, 0x0004, 0x0004, 0x0024, 0x0004, 0x0004, 0x0004, 0x0003,
    0x0003, 0x0003, 0x0003, 0x0024, 0x0004, 0x0004, 0x0024, 0x0004, 0x0024, 0x0867, 0x10A9, 0x086A,
    0x210C, 0x9B71, 0xB3F1, 0xF555, 0xFD38, 0xFD54, 0xFD11, 0xFD11, 0xDCD2, 0xBC93, 0x6AB0, 0x106B,
    0x0868, 0x0867, 0x0025, 0x0004, 0x0004, 0x0004, 0x0003, 0x0003, 0x0003, 0x0003, 0x0003, 0x0003,
    0x0003, 0x0003, 0x0003, 0x0003, 0x0023, 0x0023, 0x0002, 0x0003, 0x0024, 0x0003, 0x0003, 0x0003,
    0x0003, 0x0003, 0x0003, 0x0003, 0x0024, 0x0003, 0x0024, 0x0002, 0x520E, 0xA41A, 0x20E7, 0x0003,
    0x0023, 0x0002, 0x312C, 0x51D2, 0x51D1, 0x6A53, 0x6A53, 0x6212, 0x6232, 0x7A94, 0x8AD5, 0x8AD5,
    0x8B15, 0x82D5, 0x6A53, 0x6233, 0x6212, 0x6233, 0x6233, 0x6232, 0x6212, 0x6212, 0x6212, 0x9B56,
    0xB3B7, 0xCC17, 0xC417, 0xA397, 0xA377, 0xA376, 0xB3B7, 0xBBD7, 0xC3F7, 0xC417, 0xC418, 0xCC17,
    0xF453, 0xFCD2, 0xFD53, 0xFD93, 0xFD93, 0xFDB3, 0xFD33, 0xFC72, 0xEC34, 0xC3F7, 0xB3D7, 0xBBD7,
    0xBBD7, 0xB3D7, 0xBBD7, 0xBBD7, 0xB3B7, 0x8AF5, 0x82B5, 0x82D5, 0x8AF5, 0x7294, 0x7274, 0x49AF,
    0x0003, 0x0024, 0x0003, 0x0004, 0x0024, 0x0024, 0x0004, 0x0003, 0x0024, 0x0004, 0x0003, 0x0003,
    0x0003, 0x0003, 0x0024, 0x0024, 0x0003, 0x0003, 0x0003, 0x0004, 0x0024, 0x0003, 0x0004, 0x0003,
    0x0024, 0x0866, 0x0003, 0x0004, 0x0023, 0x0003, 0x0004, 0x0004, 0x0004, 0x0003, 0x0003, 0x0004,
    0x0004, 0x0024, 0x0003, 0x0004, 0x0004, 0x0024, 0x0024, 0x0004, 0x0004, 0x0004, 0x0003, 0x0003,
    0x0003, 0x0003, 0x0004, 0x0004, 0x0004, 0x0024, 0x0004, 0x0024, 0x0024, 0x0004, 0x0004, 0x0004,
    0x0024, 0x0004, 0x0004, 0x0004, 0x0004, 0x0004, 0x0024, 0x0024, 0x0024, 0x0004, 0x0004, 0x0004,
    0x0024, 0x0024, 0x0004, 0x0003, 0x0003, 0x0003, 0x0003, 0x0004, 0x0004, 0x0024, 0x0024, 0x0024,
    0x0004, 0x0004, 0x0004, 0x0003, 0x0003, 0x0003, 0x0003, 0x0003, 0x0003, 0x0004, 0x0004, 0x0004,
    0x0004, 0x0004, 0x0004, 0x0004, 0x0003, 0x0004, 0x0004, 0x0004, 0x0024, 0x0004, 0x0003, 0x0003,
    0x0003, 0x0003, 0x0003, 0x0003, 0x0024, 0x0003, 0x0024, 0x7B37, 0x93DC, 0x72F5, 0x0003, 0x0024,
    0x0003, 0x0003, 0x0003, 0x0003, 0x0024, 0x0003, 0x0004, 0x0004, 0x0003, 0x0003, 0x0004, 0x0004,
    0x0003, 0x0003, 0x0003, 0x0004, 0x0024, 0x0024, 0x0004, 0x0004, 0x0004, 0x0024, 0x0024, 0x0004,
    0x0004, 0x0024, 0x0024, 0x0024, 0x0004, 0x0024, 0x0024, 0x0024, 0x0004, 0x0003, 0x0024, 0x0024,
    0x0004, 0x0004, 0x0004, 0x0024, 0x0024, 0x0024, 0x0024, 0x0024, 0x0004, 0x0024, 0x0024, 0x0024,
    0x0024, 0x0024, 0x0024, 0x0024, 0x0004, 0x0004, 0x0024, 0x0024, 0x0024, 0x0004, 0x0024, 0x0004,
    0x0004, 0x0004, 0x0004, 0x0004, 0x0004, 0x0024, 0x0024, 0x0003, 0x0004, 0x0004, 0x0004, 0x0004,
    0x0004, 0x0004, 0x0024, 0x0004, 0x0004, 0x0004, 0x0004, 0x0003, 0x0003, 0x0004, 0x0004, 0x0004,
    0x0024, 0x0004, 0x0024, 0x0024, 0x0004, 0x0024, 0x0045, 0x0867, 0x0889, 0x088A, 0x10CC, 0x6A90,
    0x7AF2, 0x72B0, 0x7A8E, 0x82AF, 0x49AE, 0x106D, 0x088B, 0x0868, 0x0867, 0x0025, 0x0024, 0x0024,
    0x0004, 0x0003, 0x0023, 0x0003, 0x0003, 0x0003, 0x0004, 0x0003, 0x0003, 0x0003, 0x0003, 0x0003,
    0x0024, 0x0002, 0x7A8A, 0x6209, 0x0002, 0x0024, 0x0003, 0x0003, 0x0003, 0x0003, 0x0003, 0x0024,
    0x0024, 0x0024, 0x0024, 0x0024, 0x0024, 0x0023, 0x0024, 0x0024, 0x0004, 0x20C8, 0x4190, 0x416F,
    0x6232, 0x6A53, 0x5A12, 0x6A53, 0x82B5, 0x82B5, 0x82B5, 0x7AB4, 0x7294, 0x7273, 0x6A33, 0x6A33,
    0x6233, 0x6233, 0x6233, 0x6A33, 0x6233, 0x6232, 0x82D4, 0xB3B7, 0xCC38, 0xC3F7, 0x9B56, 0x9B56,
    0x9B77, 0xB3D7, 0xC3F7, 0xC3F7, 0xBBF7, 0xC418, 0xC418, 0xEC73, 0xFD32, 0xFD73, 0xFD73, 0xFD73,
    0xFD93, 0xFD73, 0xFCB2, 0xF453, 0xC3F7, 0xB3B7, 0xBBB7, 0xBBD7, 0xBBD7, 0xC438, 0xBC18, 0xB3B7,
    0xA377, 0x82D5, 0x82D5, 0x82D5, 0x82D5, 0x7AB5, 0x6A54, 0x51D1, 0x1086, 0x0003, 0x0024, 0x0024,
    0x0024, 0x0024, 0x0024, 0x0024, 0x0003, 0x0003, 0x0003, 0x0003, 0x0004, 0x0024, 0x0002, 0x0002,
    0x0024, 0x0024, 0x0003, 0x0003, 0x0004, 0x0024, 0x0024, 0x0024, 0x0003, 0x0003, 0x0024, 0x0004,
    0x0004, 0x0003, 0x0003, 0x0023, 0x0003, 0x0844, 0x1865, 0x0024, 0x0024, 0x0024, 0x0024, 0x0003,
    0x0004, 0x0004, 0x0004, 0x0003, 0x0003, 0x0024, 0x0003, 0x0003, 0x0003, 0x0003, 0x0003, 0x0004,
    0x0024, 0x0004, 0x0024, 0x0024, 0x0004, 0x0004, 0x0004, 0x0004, 0x0004, 0x0004, 0x0004, 0x0004,
    0x0004, 0x0004, 0x0004, 0x0004, 0x0024, 0x0024, 0x0004, 0x0024, 0x0024, 0x0024, 0x0004, 0x0003,
    0x0003, 0x0003, 0x0004, 0x0004, 0x0004, 0x0024, 0x0024, 0x0024, 0x0004, 0x0004, 0x0003, 0x0024,
    0x0003, 0x0004, 0x0004, 0x0024, 0x0004, 0x0004, 0x0004, 0x0004, 0x0004, 0x0024, 0x0024, 0x0024,
    0x0004, 0x0004, 0x0024, 0x0024, 0x0004, 0x0003, 0x0003, 0x0003, 0x0003, 0x0003, 0x0003, 0x0004,
    0x0024, 0x0024, 0x0003, 0x2929, 0x6293, 0x20E9, 0x0003, 0x0024, 0x0003, 0x0003, 0x0003, 0x0003,
    0x0003, 0x0003, 0x0003, 0x0004, 0x0003, 0x0003, 0x0003, 0x0003, 0x0003, 0x0003, 0x0003, 0x0024,
    0x0024, 0x0024, 0x0004, 0x0003, 0x0004, 0x0004, 0x0003, 0x0003, 0x0003, 0x0004, 0x0003, 0x0003,
    0x0004, 0x0004, 0x0024, 0x0024, 0x0024, 0x0003, 0x0004, 0x0003, 0x0004, 0x0024, 0x0004, 0x0024,
    0x0004, 0x0024, 0x0024, 0x0024, 0x0024, 0x0004, 0x0024, 0x0024, 0x0024, 0x0024, 0x0004, 0x0024,
    0x0024, 0x0024, 0x0024, 0x0024, 0x0024, 0x0024, 0x0004, 0x0004, 0x0024, 0x0004, 0x0004, 0x0004,
    0x0004, 0x0004, 0x0024, 0x0004, 0x0004, 0x0004, 0x0004, 0x0004, 0x0004, 0x0004, 0x0024, 0x0024,
    0x0004, 0x0024, 0x0004, 0x0024, 0x0004, 0x0004, 0x0004, 0x0024, 0x0004, 0x0004, 0x0024, 0x0024,
    0x0024, 0x0003, 0x0024, 0x0024, 0x0846, 0x0867, 0x10AA, 0x086A, 0x006A, 0x0069, 0x0049, 0x006A,
    0x0869, 0x1068, 0x0867, 0x0025, 0x0024, 0x0024, 0x0004, 0x0004, 0x0004, 0x0003, 0x0003, 0x0003,
    0x0003, 0x0023, 0x0003, 0x0003, 0x0004, 0x0004, 0x0003, 0x0003, 0x0023, 0x0003, 0x4167, 0x3927,
    0x0003, 0x0024, 0x0003, 0x0003, 0x0003, 0x0003, 0x0003, 0x0003, 0x0003, 0x0024, 0x0024, 0x0024,
    0x0024, 0x0024, 0x0024, 0x0003, 0x0045, 0x51F1, 0x418F, 0x498F, 0x59F1, 0x51B0, 0x59F1, 0x7294,
    0x8AF5, 0x82B5, 0x82D5, 0x6A73, 0x6A33, 0x6A33, 0x6A33, 0x6A33, 0x6233, 0x6A33, 0x6233, 0x6A33,
    0x6233, 0x6A53, 0xB3B7, 0xCBF7, 0xDC58, 0xAB97, 0x9336, 0x9B36, 0xAB97, 0xBBF7, 0xBBF7, 0xBBF7,
    0xC418, 0xBBF8, 0xE415, 0xFCF2, 0xFD93, 0xFD93, 0xFD93, 0xFDD4, 0xFD73, 0xFCD3, 0xFC52, 0xDC15,
    0xB3D7, 0xBBD7, 0xBBD7, 0xBBD7, 0xBBD7, 0xDC38, 0xBBD7, 0xB3B7, 0x9B56, 0x82D5, 0x8AD5, 0x8AD5,
    0x8AF5, 0x8AF5, 0x7274, 0x6213, 0x51D0, 0x0865, 0x0003, 0x0025, 0x0024, 0x0003, 0x0004, 0x0003,
    0x0003, 0x0003, 0x0003, 0x0024, 0x0024, 0x0003, 0x722B, 0xA32E, 0x1085, 0x0003, 0x0004, 0x0024,
    0x0004, 0x0004, 0x0004, 0x0004, 0x0003, 0x0024, 0x0024, 0x0004, 0x0004, 0x0003, 0x0003, 0x0024,
    0x0002, 0x4149, 0x92EF, 0x0002, 0x0024, 0x0004, 0x0004, 0x0003, 0x0003, 0x0024, 0x0003, 0x0004,
    0x0004, 0x0003, 0x0003, 0x0003, 0x0003, 0x0003, 0x0003, 0x0004, 0x0024, 0x0024, 0x0024, 0x0024,
    0x0024, 0x0004, 0x0004, 0x0004, 0x0004, 0x0004, 0x0024, 0x0004, 0x0004, 0x0004, 0x0004, 0x0004,
    0x0024, 0x0024, 0x0024, 0x0004, 0x0024, 0x0004, 0x0004, 0x0004, 0x0004, 0x0003, 0x0004, 0x0004,
    0x0004, 0x0024, 0x0024, 0x0003, 0x0004, 0x0004, 0x0003, 0x0004, 0x0024, 0x0003, 0x0004, 0x0004,
    0x0024, 0x0004, 0x0024, 0x0024, 0x0004, 0x0024, 0x0004, 0x0004, 0x0004, 0x0024, 0x0024, 0x0004,
    0x0004, 0x0004, 0x0004, 0x0003, 0x0003, 0x0004, 0x0004, 0x0024, 0x0024, 0x0024, 0x0024, 0x0003,
    0x0002, 0x0003, 0x0024, 0x0024, 0x0003, 0x0003, 0x0003, 0x0024, 0x0003, 0x0003, 0x0003, 0x0003,
    0x0004, 0x0003, 0x0003, 0x0004, 0x0004, 0x0024, 0x0024, 0x0004, 0x0004, 0x0024, 0x0024, 0x0024,
    0x0004, 0x0024, 0x0024, 0x0024, 0x0004, 0x0003, 0x0004, 0x0004, 0x0004, 0x0004, 0x0004, 0x0004,
    0x0024, 0x0004, 0x0004, 0x0024, 0x0004, 0x0004, 0x0024, 0x0024, 0x0024, 0x0024, 0x0004, 0x0024,
    0x0024, 0x0024, 0x0024, 0x0024, 0x0024, 0x0004, 0x0024, 0x0024, 0x0024, 0x0024, 0x0024, 0x0024,
    0x0024, 0x0004, 0x0024, 0x0004, 0x0004, 0x0004, 0x0004, 0x0004, 0x0004, 0x0004, 0x0004, 0x0004,
    0x0004, 0x0004, 0x0024, 0x0004, 0x0004, 0x0004, 0x0024, 0x0004, 0x0004, 0x0024, 0x0003, 0x0003,
    0x0004, 0x0004, 0x0024, 0x0004, 0x0004, 0x0024, 0x0024, 0x0024, 0x0004, 0x0004, 0x0003, 0x0003,
    0x0024, 0x0024, 0x0025, 0x0866, 0x0866, 0x0866, 0x0867, 0x0866, 0x0846, 0x0024, 0x0024, 0x0024,
    0x0023, 0x0024, 0x0004, 0x0003, 0x0003, 0x0003, 0x0003, 0x0023, 0x0003, 0x0003, 0x0024, 0x0024,
    0x0003, 0x0003, 0x0003, 0x0004, 0x0003, 0x0004, 0x0003, 0x0003, 0x0024, 0x0003, 0x0003, 0x0003,
    0x0024, 0x0024, 0x0003, 0x416B, 0x1885, 0x0003, 0x0023, 0x0024, 0x0024, 0x0024, 0x0024, 0x0003,
    0x312B, 0x49B1, 0x4190, 0x49B0, 0x59F1, 0x416E, 0x51D1, 0x82D5, 0x82B5, 0x82D5, 0x7274, 0x6A53,
    0x6A53, 0x6A33, 0x6A33, 0x6A33, 0x6A33, 0x6A33, 0x6233, 0x6233, 0x6233, 0xA356, 0xC3F8, 0xD438,
    0xBBD7, 0x9B56, 0x9B36, 0x9B56, 0xC3F7, 0xBBF7, 0xBBF7, 0xC418, 0xBC18, 0xCBF6, 0xFC72, 0xFD33,
    0xFD73, 0xFD73, 0xFDF4, 0xFE14, 0xFD12, 0xFC52, 0xF433, 0xC3D7, 0xB3D7, 0xBBD7, 0xBBF8, 0xBBF8,
    0xCC17, 0xD417, 0xB397, 0xAB77, 0x8B15, 0x8AF5, 0x82D5, 0x8AF5, 0x8AF5, 0x8AF5, 0x82D5, 0x7274,
    0x6233, 0x59F1, 0x498E, 0x0845, 0x0023, 0x0002, 0x0002, 0x0003, 0x0003, 0x0024, 0x0024, 0x0024,
    0x0024, 0x0003, 0xBB70, 0xFCB5, 0x20A5, 0x0003, 0x0003, 0x0024, 0x0024, 0x0004, 0x0004, 0x0004,
    0x0003, 0x0003, 0x0003, 0x0003, 0x0004, 0x0024, 0x0024, 0x0003, 0x3907, 0xDCB4, 0xF5B6, 0x8A8D,
    0x0824, 0x0003, 0x0004, 0x0004, 0x0003, 0x0003, 0x0003, 0x0004, 0x0004, 0x0004, 0x0004, 0x0004,
    0x0003, 0x0004, 0x0004, 0x0004, 0x0004, 0x0024, 0x0024, 0x0024, 0x0024, 0x0024, 0x0024, 0x0004,
    0x0024, 0x0024, 0x0024, 0x0004, 0x0004, 0x0004, 0x0004, 0x0024, 0x0004, 0x0024, 0x0024, 0x0004,
    0x0004, 0x0004, 0x0004, 0x0004, 0x0004, 0x0024, 0x0004, 0x0024, 0x0024, 0x0004, 0x0003, 0x0003,
    0x0003, 0x0004, 0x0024, 0x0004, 0x0024, 0x0003, 0x0003, 0x0003, 0x0023, 0x0003, 0x0023, 0x0023,
    0x0003, 0x0023, 0x0024, 0x0003, 0x0003, 0x0003, 0x0003, 0x0003, 0x0003, 0x0003, 0x0003, 0x0003,
    0x0023, 0x0003, 0x0004, 0x0024, 0x0024, 0x0024, 0x0024, 0x0024, 0x0024, 0x0002, 0x0002, 0x0024,
    0x0023, 0x0003, 0x0003, 0x0003, 0x0003, 0x0003, 0x0004, 0x0004, 0x0004, 0x0004, 0x0004, 0x0004,
    0x0004, 0x0024, 0x0024, 0x0024, 0x0004, 0x0024, 0x0004, 0x0024, 0x0004, 0x0004, 0x0024, 0x0024,
    0x0004, 0x0003, 0x0003, 0x0003, 0x0003, 0x0004, 0x0003, 0x0004, 0x0024, 0x0004, 0x0004, 0x0004,
    0x0004, 0x0004, 0x0024, 0x0024, 0x0004, 0x0024, 0x0024, 0x0024, 0x0024, 0x0024, 0x0024, 0x0024,
    0x0024, 0x0024, 0x0004, 0x0024, 0x0024, 0x0024, 0x0024, 0x0024, 0x0004, 0x0004, 0x0024, 0x0004,
    0x0004, 0x0024, 0x0024, 0x0004, 0x0004, 0x0004, 0x0004, 0x0004, 0x0004, 0x0004, 0x0024, 0x0004,
    0x0004, 0x0004, 0x0004, 0x0024, 0x0024, 0x0024, 0x0004, 0x0004, 0x0003, 0x0004, 0x0003, 0x0004,
    0x0024, 0x0024, 0x0004, 0x0024, 0x0024, 0x0024, 0x0004, 0x0023, 0x0003, 0x0024, 0x0024, 0x0024,
    0x0024, 0x0024, 0x0024, 0x0024, 0x0024, 0x0023, 0x0023, 0x0024, 0x0024, 0x0024, 0x0003, 0x0003,
    0x0003, 0x0003, 0x0003, 0x0024, 0x0003, 0x0003, 0x0024, 0x0004, 0x0004, 0x0003, 0x0003, 0x0003,
    0x0003, 0x0003, 0x0024, 0x0024, 0x0024, 0x0003, 0x0003, 0x0003, 0x0024, 0x0003, 0x2909, 0xB43C,
    0x6A71, 0x0002, 0x0024, 0x0003, 0x0024, 0x0845, 0x0045, 0x0003, 0x312C, 0x416F, 0x416F, 0x4990,
    0x49B0, 0x416F, 0x49B0, 0x7273, 0x8AD5, 0x7A94, 0x6A33, 0x6A53, 0x6A32, 0x6A33, 0x6A33, 0x6A33,
    0x6A33, 0x6A33, 0x7253, 0x7253, 0x7253, 0xBBB7, 0xD438, 0xD438, 0xAB97, 0x9B56, 0x9B56, 0xBBD7,
    0xCC17, 0xC3F7, 0xBBF7, 0xBC18, 0xCC17, 0xF433, 0xFCF2, 0xFD73, 0xFD73, 0xFD73, 0xFE95, 0xFDD4,
    0xFD13, 0xFC52, 0xE414, 0xCC17, 0xBBD7, 0xB3D7, 0xBBF8, 0xC418, 0xDC58, 0xD437, 0xB3B7, 0xAB77,
    0x82D5, 0x82D5, 0x8AD5, 0x8AD5, 0x82D5, 0x8AF5, 0x8AF5, 0x82D5, 0x7294, 0x7275, 0x7275, 0x59F1,
    0x51CF, 0x51CF, 0x51CE, 0x0843, 0x0865, 0x0045, 0x0004, 0x0024, 0x0024, 0x0024, 0x20C5, 0x28E6,
    0x0044, 0x0024, 0x1066, 0x0844, 0x0024, 0x0004, 0x0024, 0x0003, 0x0003, 0x0003, 0x0003, 0x0003,
    0x0003, 0x0003, 0x0024, 0x0024, 0x1865, 0xA36F, 0xD492, 0x4128, 0x0024, 0x0024, 0x0024, 0x0024,
    0x0003, 0x0003, 0x0004, 0x0004, 0x0024, 0x0004, 0x0004, 0x0004, 0x0004, 0x0004, 0x0004, 0x0004,
    0x0004, 0x0004, 0x0024, 0x0004, 0x0004, 0x0004, 0x0024, 0x0004, 0x0004, 0x0004, 0x0004, 0x0024,
    0x0004, 0x0004, 0x0004, 0x0004, 0x0004, 0x0004, 0x0024, 0x0004, 0x0004, 0x0004, 0x0004, 0x0004,
    0x0004, 0x0004, 0x0024, 0x0024, 0x0004, 0x0004, 0x0004, 0x0004, 0x0024, 0x0023, 0x0003, 0x0024,
    0x0023, 0x10A7, 0x290A, 0x292A, 0x292A, 0x290A, 0x292A, 0x18C8, 0x0044, 0x0866, 0x292B, 0x292B,
    0x292A, 0x292A, 0x2909, 0x2109, 0x2109, 0x290A, 0x290A, 0x2909, 0x292A, 0x0865, 0x0003, 0x0003,
    0x0003, 0x0003, 0x0024, 0x0024, 0x0003, 0x316B, 0x398B, 0x0023, 0x0024, 0x0004, 0x0004, 0x0004,
    0x0004, 0x0004, 0x0024, 0x0004, 0x0004, 0x0024, 0x0004, 0x0004, 0x0003, 0x0004, 0x0004, 0x0004,
    0x0024, 0x0024, 0x0024, 0x0024, 0x0024, 0x0024, 0x0024, 0x0003, 0x0003, 0x0024, 0x0004, 0x0024,
    0x0024, 0x0024, 0x0024, 0x0003, 0x0024, 0x0004, 0x0024, 0x0004, 0x0004, 0x0004, 0x0004, 0x0004,
    0x0004, 0x0024, 0x0024, 0x0024, 0x0004, 0x0004, 0x0024, 0x0024, 0x0024, 0x0024, 0x0004, 0x0004,
    0x0024, 0x0024, 0x0004, 0x0024, 0x0024, 0x0024, 0x0004, 0x0004, 0x0004, 0x0004, 0x0004, 0x0004,
    0x0004, 0x0004, 0x0004, 0x0003, 0x0003, 0x0004, 0x0004, 0x0004, 0x0004, 0x0024, 0x0024, 0x0004,
    0x0024, 0x0024, 0x0024, 0x0004, 0x0004, 0x0004, 0x0004, 0x0004, 0x0024, 0x0004, 0x0024, 0x0024,
    0x0024, 0x0024, 0x0024, 0x0024, 0x0004, 0x0024, 0x0024, 0x0023, 0x0003, 0x0003, 0x0024, 0x0004,
    0x0003, 0x0003, 0x0024, 0x0004, 0x0024, 0x0003, 0x0003, 0x0003, 0x0003, 0x0003, 0x0003, 0x0003,
    0x0003, 0x0003, 0x0004, 0x0004, 0x0003, 0x0003, 0x0003, 0x0003, 0x0003, 0x0004, 0x0003, 0x0024,
    0x0003, 0x0004, 0x0003, 0x0003, 0x0003, 0x0002, 0x0023, 0x5A10, 0x2909, 0x0001, 0x0002, 0x0864,
    0x396C, 0x51F1, 0x4990, 0x1087, 0x310C, 0x4190, 0x418F, 0x49B0, 0x51D0, 0x51D1, 0x51B0, 0x6232,
    0x7A94, 0x6212, 0x6A33, 0x6212, 0x6232, 0x6A33, 0x6A33, 0x6212, 0x6A33, 0x7273, 0x7274, 0x7273,
    0xB396, 0xCC17, 0xCC37, 0xD438, 0xCC38, 0xAB97, 0xA377, 0xC3F7, 0xC417, 0xC417, 0xBBF7, 0xBBF8,
    0xCC17, 0xFCF2, 0xFD73, 0xFD93, 0xFD93, 0xFD93, 0xFEB5, 0xFDB3, 0xFD33, 0xFC92, 0xF413, 0xE436,
    0xCC17, 0xBBD7, 0xBBD8, 0xC418, 0xDC57, 0xD458, 0xBBF7, 0xB3B7, 0x82D5, 0x8AD5, 0x8AF5, 0x8AD5,
    0x8AD5, 0x8AD5, 0x8AD5, 0x8AF5, 0x8AF6, 0x82D5, 0x7AB4, 0x82B5, 0x82B5, 0x82B5, 0x7AB4, 0x82D3,
    0xA376, 0x5A0E, 0x18A7, 0x0004, 0x0002, 0x0024, 0x0003, 0x0003, 0x0024, 0x0003, 0x3929, 0x7A6F,
    0x0002, 0x0024, 0x0003, 0x0003, 0x0004, 0x0003, 0x0024, 0x0024, 0x0003, 0x0003, 0x0003, 0x0024,
    0x0003, 0x2087, 0x618A, 0x0002, 0x0004, 0x0024, 0x0003, 0x0023, 0x0003, 0x0003, 0x0004, 0x0003,
    0x0003, 0x0003, 0x0003, 0x0024, 0x0024, 0x0024, 0x0024, 0x0004, 0x0004, 0x0004, 0x0004, 0x0004,
    0x0024, 0x0004, 0x0004, 0x0003, 0x0024, 0x0004, 0x0004, 0x0004, 0x0003, 0x0004, 0x0004, 0x0004,
    0x0024, 0x0004, 0x0004, 0x0024, 0x0024, 0x0004, 0x0004, 0x0004, 0x0024, 0x0024, 0x0004, 0x0024,
    0x0024, 0x0004, 0x0024, 0x0024, 0x0003, 0x0044, 0x10A7, 0x290A, 0x210A, 0x210A, 0x292B, 0x212B,
    0x210A, 0x2109, 0x2109, 0x210A, 0x292B, 0x18C9, 0x18E9, 0x292B, 0x210A, 0x210A, 0x210A, 0x210A,
    0x210A, 0x212A, 0x212A, 0x212A, 0x292A, 0x210A, 0x1086, 0x0865, 0x0865, 0x0844, 0x0003, 0x0002,
    0x18C7, 0x8359, 0x93BA, 0x314B, 0x0003, 0x0024, 0x0024, 0x0004, 0x0004, 0x0004, 0x0024, 0x0024,
    0x0024, 0x0024, 0x0004, 0x0004, 0x0003, 0x0004, 0x0024, 0x0004, 0x0024, 0x0004, 0x0024, 0x0024,
    0x0024, 0x0024, 0x0004, 0x0004, 0x0024, 0x0003, 0x0003, 0x0024, 0x0024, 0x0004, 0x0024, 0x0004,
    0x0024, 0x0024, 0x0024, 0x0024, 0x0004, 0x0004, 0x0004, 0x0004, 0x0004, 0x0024, 0x0024, 0x0024,
    0x0024, 0x0024, 0x0024, 0x0004, 0x0024, 0x0004, 0x0004, 0x0004, 0x0024, 0x0024, 0x0004, 0x0024,
    0x0004, 0x0024, 0x0004, 0x0004, 0x0004, 0x0004, 0x0024, 0x0004, 0x0004, 0x0004, 0x0003, 0x0003,
    0x0004, 0x0004, 0x0004, 0x0024, 0x0004, 0x0004, 0x0024, 0x0024, 0x0024, 0x0004, 0x0004, 0x0004,
    0x0004, 0x0004, 0x0004, 0x0003, 0x0003, 0x0024, 0x0024, 0x0024, 0x0004, 0x0024, 0x0024, 0x0024,
    0x0024, 0x0004, 0x0023, 0x0023, 0x0003, 0x0024, 0x0003, 0x0004, 0x0003, 0x0023, 0x0024, 0x0004,
    0x0003, 0x0003, 0x0024, 0x0003, 0x0003, 0x0003, 0x0003, 0x0003, 0x0023, 0x0003, 0x0004, 0x0004,
    0x0003, 0x0003, 0x0023, 0x0024, 0x0003, 0x0003, 0x0024, 0x0004, 0x0003, 0x0003, 0x0024, 0x0003,
    0x1065, 0x5A10, 0x0024, 0x0004, 0x0002, 0x1887, 0x28E9, 0x51B0, 0x51D1, 0x51D1, 0x4990, 0x416F,
    0x418F, 0x418F, 0x4990, 0x6212, 0x6A33, 0x6232, 0x6A33, 0x6A33, 0x6A53, 0x6212, 0x6212, 0x6212,
    0x6232, 0x6A33, 0x6233, 0x6A53, 0x7273, 0x7273, 0x7A94, 0x7294, 0xC3F7, 0xD438, 0xD437, 0xD438,
    0xCC37, 0xA376, 0xA376, 0xC417, 0xC417, 0xC417, 0xC3F7, 0xCC17, 0xEC54, 0xFCF2, 0xFD93, 0xFD93,
    0xFD73, 0xFE34, 0xFED5, 0xFD93, 0xFD32, 0xFCF3, 0xFC32, 0xEC55, 0xD458, 0xCC17, 0xBBD8, 0xC417,
    0xDC37, 0xD437, 0xC3F7, 0xB3B7, 0x9B36, 0x8AF5, 0x8AF5, 0x8AF5, 0x8AF5, 0x8AF5, 0x9315, 0x8AD6,
    0xB3B3, 0x92F3, 0x82B5, 0x9B35, 0x9315, 0x9B56, 0x9B76, 0xA397, 0xA397, 0xA376, 0x9B76, 0x51CD,
    0x28C7, 0x0002, 0x0044, 0x0024, 0x0024, 0x0003, 0x0002, 0x1085, 0x0024, 0x0004, 0x0003, 0x0003,
    0x0003, 0x0003, 0x0004, 0x0003, 0x0004, 0x0024, 0x0004, 0x0004, 0x0024, 0x0024, 0x0024, 0x0024,
    0x0004, 0x0003, 0x0004, 0x0024, 0x0004, 0x0003, 0x0004, 0x0003, 0x0003, 0x0004, 0x0004, 0x0004,
    0x0024, 0x0024, 0x0004, 0x0004, 0x0004, 0x0004, 0x0004, 0x0004, 0x0024, 0x0004, 0x0003, 0x0003,
    0x0024, 0x0024, 0x0004, 0x0004, 0x0004, 0x0004, 0x0024, 0x0024, 0x0024, 0x0024, 0x0024, 0x0004,
    0x0004, 0x0004, 0x0024, 0x0024, 0x0024, 0x0024, 0x0024, 0x0024, 0x0024, 0x0024, 0x0003, 0x0023,
    0x1086, 0x20E9, 0x314C, 0x210A, 0x18E9, 0x0887, 0x0887, 0x0887, 0x0886, 0x0866, 0x0866, 0x0886,
    0x10A8, 0x10A7, 0x0886, 0x0887, 0x0886, 0x0886, 0x0886, 0x0886, 0x0886, 0x0886, 0x0887, 0x0886,
    0x0886, 0x18E9, 0x18E9, 0x2109, 0x314C, 0x210A, 0x1086, 0x0002, 0x0864, 0x6AB4, 0x72F6, 0x10A7,
    0x0004, 0x0003, 0x0003, 0x0024, 0x0024, 0x0003, 0x0004, 0x0004, 0x0024, 0x0024, 0x0004, 0x0003,
    0x0003, 0x0003, 0x0003, 0x0004, 0x0004, 0x0004, 0x0024, 0x0004, 0x0024, 0x0024, 0x0004, 0x0004,
    0x0003, 0x0003, 0x0003, 0x0004, 0x0004, 0x0004, 0x0004, 0x0004, 0x0004, 0x0004, 0x0003, 0x0024,
    0x0004, 0x0003, 0x0004, 0x0004, 0x0024, 0x0024, 0x0024, 0x0024, 0x0024, 0x0024, 0x0024, 0x0004,
    0x0024, 0x0024, 0x0004, 0x0004, 0x0024, 0x0024, 0x0004, 0x0004, 0x0004, 0x0004, 0x0004, 0x0004,
    0x0004, 0x0024, 0x0024, 0x0024, 0x0004, 0x0024, 0x0004, 0x0003, 0x0024, 0x0004, 0x0003, 0x0004,
    0x0004, 0x0024, 0x0024, 0x0024, 0x0024, 0x0004, 0x0004, 0x0024, 0x0004, 0x0003, 0x0003, 0x0004,
    0x0004, 0x0004, 0x0004, 0x0004, 0x0023, 0x0003, 0x0003, 0x0003, 0x0003, 0x0004, 0x0024, 0x0003,
    0x0023, 0x0004, 0x0004, 0x0003, 0x0003, 0x0024, 0x0003, 0x0003, 0x0024, 0x0003, 0x0003, 0x0023,
    0x0003, 0x0003, 0x0003, 0x0003, 0x0003, 0x0003, 0x0004, 0x0024, 0x0003, 0x0003, 0x0003, 0x0004,
    0x0004, 0x0023, 0x0004, 0x0003, 0x0003, 0x0003, 0x0003, 0x0003, 0x0845, 0x312B, 0x0044, 0x0024,
    0x290B, 0x5A12, 0x49D1, 0x416F, 0x4990, 0x498F, 0x418F, 0x418F, 0x416F, 0x418F, 0x59F1, 0x6212,
    0x6212, 0x6233, 0x6A33, 0x6233, 0x6232, 0x6232, 0x6212, 0x6233, 0x6A33, 0x6A32, 0x6A53, 0x7273,
    0x7273, 0x7274, 0x7273, 0x9315, 0xCC17, 0xECB4, 0xD457, 0xD437, 0xCC17, 0xAB56, 0xB356, 0xCBF7,
    0xC417, 0xC417, 0xC417, 0xD416, 0xFC92, 0xFCF2, 0xFD93, 0xFDB3, 0xFD73, 0xFE75, 0xFED5, 0xFE54,
    0xFD73, 0xFD53, 0xFCF2, 0xF474, 0xD458, 0xD458, 0xC418, 0xC417, 0xDC57, 0xD437, 0xCC17, 0xBBB7,
    0xA376, 0x82B5, 0x8AF5, 0x8AF5, 0x8AF5, 0x8B15, 0x8AF5, 0xAB54, 0xFE13, 0xE533, 0x9B15, 0xA376,
    0xA396, 0xA3B6, 0xC417, 0xAB96, 0x9B56, 0xA396, 0xA356, 0x9B36, 0x8AF5, 0x414A, 0x0002, 0x0024,
    0x0023, 0x0823, 0x6A2E, 0x0844, 0x0004, 0x0004, 0x0003, 0x0004, 0x0004, 0x0003, 0x0003, 0x0004,
    0x0004, 0x0004, 0x0004, 0x0024, 0x0003, 0x0003, 0x0003, 0x0004, 0x0004, 0x0024, 0x0004, 0x0024,
    0x0004, 0x0004, 0x0003, 0x0004, 0x0003, 0x0003, 0x0024, 0x0024, 0x0024, 0x0024, 0x0004, 0x0024,
    0x0024, 0x0024, 0x0004, 0x0004, 0x0004, 0x0024, 0x0003, 0x0004, 0x0003, 0x0004, 0x0004, 0x0004,
    0x0004, 0x0004, 0x0024, 0x0004, 0x0024, 0x0004, 0x0003, 0x0004, 0x0004, 0x0004, 0x0004, 0x0004,
    0x0024, 0x0024, 0x0024, 0x0024, 0x0024, 0x0003, 0x1086, 0x20E9, 0x294B, 0x18E8, 0x18C8, 0x0887,
    0x0887, 0x08A7, 0x0887, 0x0887, 0x0887, 0x0886, 0x0886, 0x0886, 0x0886, 0x0886, 0x0886, 0x0886,
    0x0886, 0x0887, 0x0887, 0x0887, 0x0887, 0x0887, 0x0887, 0x0886, 0x0886, 0x0886, 0x0886, 0x10A7,
    0x18E9, 0x210A, 0x292A, 0x18A7, 0x0002, 0x0844, 0x0865, 0x0003, 0x0023, 0x398B, 0x316A, 0x0003,
    0x0024, 0x0024, 0x0024, 0x0024, 0x0004, 0x0004, 0x0004, 0x0004, 0x0003, 0x0003, 0x0003, 0x0003,
    0x0004, 0x0003, 0x0004, 0x0024, 0x0024, 0x0004, 0x0024, 0x0004, 0x0003, 0x0003, 0x0003, 0x0004,
    0x0003, 0x0004, 0x0004, 0x0004, 0x0024, 0x0004, 0x0003, 0x0024, 0x0003, 0x0004, 0x0004, 0x0004,
    0x0004, 0x0024, 0x0024, 0x0024, 0x0024, 0x0024, 0x0024, 0x0024, 0x0024, 0x0024, 0x0004, 0x0004,
    0x0024, 0x0004, 0x0024, 0x0024, 0x0004, 0x0004, 0x0004, 0x0004, 0x0024, 0x0004, 0x0024, 0x0024,
    0x0024, 0x0024, 0x0024, 0x0004, 0x0004, 0x0004, 0x0024, 0x0024, 0x0024, 0x0024, 0x0024, 0x0024,
    0x0024, 0x0004, 0x0004, 0x0024, 0x0004, 0x0004, 0x0004, 0x0003, 0x0004, 0x0004, 0x0003, 0x0003,
    0x0003, 0x0003, 0x0003, 0x0023, 0x0003, 0x0003, 0x0003, 0x0023, 0x0003, 0x0003, 0x0003, 0x0024,
    0x0024, 0x0004, 0x0003, 0x0003, 0x0023, 0x0003, 0x0003, 0x0023, 0x0003, 0x0003, 0x0003, 0x0003,
    0x0003, 0x0003, 0x0003, 0x0003, 0x0003, 0x0003, 0x0003, 0x0003, 0x0024, 0x0024, 0x0003, 0x0003,
    0x0003, 0x0003, 0x0003, 0x0003, 0x0003, 0x0002, 0x0002, 0x28E9, 0x51F2, 0x49B0, 0x314D, 0x396E,
    0x498F, 0x498F, 0x394E, 0x414E, 0xB390, 0x51B1, 0x6212, 0x6212, 0x6232, 0x6A33, 0x6232, 0x6232,
    0x6232, 0x6212, 0x59F2, 0x6212, 0x6212, 0x6A33, 0x7273, 0x7293, 0x7273, 0x7273, 0x6A53, 0xA356,
    0xE3D5, 0xFE34, 0xECB5, 0xD417, 0xD437, 0xCBF7, 0xF514, 0xDC96, 0xC3F7, 0xCC37, 0xC418, 0xE475,
    0xFCB2, 0xFD12, 0xFD93, 0xFD93, 0xFD73, 0xFE34, 0xFED5, 0xFEF6, 0xFD94, 0xFD53, 0xFD53, 0xFCB2,
    0xF453, 0xD457, 0xD458, 0xD437, 0xD457, 0xD457, 0xD457, 0xC417, 0xB3D7, 0x9316, 0x82B5, 0x8AF5,
    0x8AF5, 0x8AF5, 0x8AD5, 0x92F5, 0xE534, 0xD4D4, 0x9B76, 0xA396, 0xBC17, 0xC437, 0xD438, 0xCC17,
    0xC3F7, 0xAB76, 0xA356, 0x9B35, 0x8AF5, 0x9B76, 0x624E, 0x0024, 0x0024, 0x0044, 0x394A, 0x0844,
    0x0003, 0x0004, 0x0004, 0x0004, 0x0024, 0x0003, 0x0003, 0x0024, 0x0004, 0x0004, 0x0004, 0x0003,
    0x0003, 0x0004, 0x0003, 0x0024, 0x0004, 0x0004, 0x0004, 0x0004, 0x0004, 0x0003, 0x0004, 0x0024,
    0x0004, 0x0024, 0x0024, 0x0024, 0x0024, 0x0024, 0x0024, 0x0004, 0x0004, 0x0004, 0x0003, 0x0004,
    0x0004, 0x0024, 0x0024, 0x0004, 0x0004, 0x0024, 0x0004, 0x0004, 0x0004, 0x0004, 0x0004, 0x0003,
    0x0024, 0x0003, 0x0003, 0x0004, 0x0004, 0x0024, 0x0004, 0x0004, 0x0003, 0x0024, 0x0024, 0x0024,
    0x0003, 0x0024, 0x292A, 0x294B, 0x10A7, 0x0886, 0x08A6, 0x10A7, 0x10A7, 0x0886, 0x0886, 0x0887,
    0x0886, 0x0886, 0x0886, 0x0886, 0x0886, 0x0886, 0x0886, 0x0886, 0x0886, 0x0886, 0x0886, 0x0887,
    0x0887, 0x0886, 0x0886, 0x0886, 0x0886, 0x0886, 0x0887, 0x0887, 0x0886, 0x10A7, 0x10A7, 0x292A,
    0x18E8, 0x0024, 0x0024, 0x0003, 0x294A, 0x93B9, 0x93B9, 0x2929, 0x0003, 0x0024, 0x0024, 0x0024,
    0x0024, 0x0003, 0x0003, 0x0024, 0x0003, 0x0003, 0x0003, 0x0004, 0x0004, 0x0024, 0x0024, 0x0024,
    0x0004, 0x0004, 0x0004, 0x0004, 0x0024, 0x0024, 0x0004, 0x0024, 0x0004, 0x0004, 0x0004, 0x0004,
    0x0004, 0x0004, 0x0004, 0x0003, 0x0024, 0x0004, 0x0004, 0x0024, 0x0024, 0x0004, 0x0003, 0x0024,
    0x0024, 0x0024, 0x0024, 0x0004, 0x0004, 0x0024, 0x0024, 0x0004, 0x0004, 0x0004, 0x0004, 0x0024,
    0x0004, 0x0024, 0x0024, 0x0003, 0x0004, 0x0004, 0x0024, 0x0024, 0x0024, 0x0024, 0x0004, 0x0004,
    0x0004, 0x0004, 0x0024, 0x0024, 0x0004, 0x0024, 0x0024, 0x0024, 0x0024, 0x0004, 0x0024, 0x0004,
    0x0024, 0x0024, 0x0004, 0x0003, 0x0024, 0x0024, 0x0003, 0x0003, 0x0003, 0x0003, 0x0024, 0x0004,
    0x0003, 0x0003, 0x0003, 0x0003, 0x0003, 0x0003, 0x0004, 0x0024, 0x0004, 0x0004, 0x0003, 0x0003,
    0x0003, 0x0004, 0x0003, 0x0003, 0x0004, 0x0004, 0x0003, 0x0003, 0x0004, 0x0004, 0x0003, 0x0003,
    0x0003, 0x0003, 0x0003, 0x0003, 0x0024, 0x0024, 0x0003, 0x0023, 0x0003, 0x0003, 0x0024, 0x0003,
    0x0024, 0x0003, 0x1066, 0x49B0, 0x396E, 0x396E, 0x418F, 0x51D0, 0x51D0, 0x418F, 0x6A2E, 0xC411,
    0xFE36, 0xC3D2, 0x7A52, 0x5A12, 0x6A32, 0x6A32, 0x6232, 0x6212, 0x6212, 0x6212, 0x6A53, 0x7253,
    0x6A53, 0x6A33, 0x7A94, 0x7A94, 0x7A93, 0x6A73, 0xA312, 0xEC12, 0xFDD3, 0xFEF6, 0xFE54, 0xFD33,
    0xDC56, 0xD457, 0xE4F5, 0xCC56, 0xC3F7, 0xC417, 0xD436, 0xFC73, 0xFCB2, 0xFCB2, 0xFD13, 0xFD53,
    0xFD73, 0xFD94, 0xFEB5, 0xFED5, 0xFE75, 0xFDD4, 0xFD33, 0xFCF2, 0xFC91, 0xEC34, 0xDC57, 0xD457,
    0xD457, 0xD457, 0xD457, 0xD458, 0xCC38, 0xB3B7, 0x9B36, 0x82D5, 0x8AF5, 0x8AD5, 0x8AF5, 0x82D5,
    0x9335, 0x9335, 0x9356, 0x9B55, 0xB3B6, 0xD437, 0xCC17, 0xD438, 0xD438, 0xCC17, 0xA376, 0xA396,
    0xA396, 0x9356, 0x9BB7, 0x6A4F, 0x0044, 0x0025, 0x0003, 0x0003, 0x0003, 0x0004, 0x0024, 0x0003,
    0x0003, 0x0004, 0x0024, 0x0024, 0x0004, 0x0004, 0x0003, 0x0004, 0x0024, 0x0024, 0x0024, 0x0004,
    0x0004, 0x0004, 0x0003, 0x0004, 0x0003, 0x0003, 0x0004, 0x0024, 0x0024, 0x0024, 0x0004, 0x0024,
    0x0024, 0x0004, 0x0024, 0x0004, 0x0004, 0x0004, 0x0003, 0x0004, 0x0004, 0x0004, 0x0024, 0x0004,
    0x0004, 0x0024, 0x0004, 0x0024, 0x0024, 0x0004, 0x0004, 0x0003, 0x0024, 0x0004, 0x0003, 0x0024,
    0x0003, 0x0024, 0x0003, 0x0003, 0x0003, 0x0003, 0x0004, 0x0024, 0x0002, 0x18A7, 0x316C, 0x10C8,
    0x0886, 0x10A7, 0x10A7, 0x0886, 0x10A7, 0x10A7, 0x10A7, 0x10A7, 0x1087, 0x10A7, 0x1087, 0x10A7,
    0x10A7, 0x10A7, 0x10A7, 0x1087, 0x1087, 0x10A7, 0x10A7, 0x10A7, 0x10A7, 0x10A7, 0x10A7, 0x0886,
    0x0886, 0x0886, 0x0886, 0x0887, 0x08A7, 0x0887, 0x0886, 0x20E9, 0x316C, 0x18E9, 0x0024, 0x0003,
    0x20E8, 0x8378, 0x8378, 0x20E8, 0x0004, 0x0024, 0x0024, 0x0004, 0x0003, 0x0003, 0x0003, 0x0004,
    0x0024, 0x0003, 0x0003, 0x0003, 0x0024, 0x0024, 0x0024, 0x0024, 0x0024, 0x0004, 0x0004, 0x0004,
    0x0024, 0x0003, 0x0004, 0x0004, 0x0024, 0x0024, 0x0024, 0x0004, 0x0024, 0x0024, 0x0004, 0x0004,
    0x0004, 0x0004, 0x0024, 0x0024, 0x0024, 0x0004, 0x0004, 0x0004, 0x0024, 0x0024, 0x0024, 0x0004,
    0x0004, 0x0004, 0x0004, 0x0003, 0x0004, 0x0024, 0x0004, 0x0024, 0x0024, 0x0024, 0x0024, 0x0004,
    0x0004, 0x0024, 0x0024, 0x0024, 0x0024, 0x0024, 0x0024, 0x0004, 0x0004, 0x0024, 0x0004, 0x0004,
    0x0004, 0x0024, 0x0004, 0x0004, 0x0024, 0x0003, 0x0004, 0x0024, 0x0024, 0x0024, 0x0024, 0x0004,
    0x0024, 0x0003, 0x0003, 0x0003, 0x0023, 0x0023, 0x0023, 0x0024, 0x0003, 0x0003, 0x0003, 0x0003,
    0x0003, 0x0003, 0x0004, 0x0003, 0x0024, 0x0024, 0x0024, 0x0003, 0x0003, 0x0004, 0x0003, 0x0003,
    0x0004, 0x0024, 0x0004, 0x0003, 0x0003, 0x0003, 0x0003, 0x0003, 0x0003, 0x0003, 0x0003, 0x0003,
    0x0003, 0x0003, 0x0004, 0x0024, 0x0024, 0x0003, 0x0003, 0x0024, 0x0003, 0x1045, 0x4190, 0x396F,
    0x394E, 0x418F, 0x51D1, 0x51D1, 0x49B0, 0x4190, 0x6A10, 0xCC32, 0xFDF4, 0xB371, 0x61F0, 0x51D1,
    0x6212, 0x6212, 0x6232, 0x6212, 0x6A33, 0x7A74, 0x7A94, 0x7A94, 0x7A94, 0x7A94, 0x7273, 0x7A94,
    0x7AB4, 0x7AB4, 0xAB74, 0xEC33, 0xFD52, 0xFED5, 0xFE33, 0xF493, 0xDC56, 0xD457, 0xD437, 0xC417,
    0xC417, 0xC418, 0xE454, 0xFC92, 0xFCB2, 0xFC92, 0xFCF3, 0xFDB3, 0xFDB4, 0xFD74, 0xFED6, 0xFED5,
    0xFED5, 0xFED6, 0xFDD4, 0xFD13, 0xFD33, 0xFCD2, 0xEC54, 0xD458, 0xD458, 0xD458, 0xDC78, 0xE475,
    0xD458, 0xD458, 0xC417, 0x9B76, 0x82B5, 0x8AD5, 0x8AF5, 0x8B15, 0x8B15, 0x9315, 0x9B36, 0x9B36,
    0x9B56, 0xAB76, 0xCC37, 0xD458, 0xD458, 0xDC78, 0xD478, 0xABB6, 0xABD6, 0x9B76, 0x82F5, 0xA376,
    0x20C7, 0x0003, 0x0024, 0x0024, 0x0024, 0x0004, 0x0003, 0x0003, 0x0003, 0x0003, 0x0003, 0x0004,
    0x0004, 0x0003, 0x0003, 0x0004, 0x0003, 0x0024, 0x0845, 0x0003, 0x0004, 0x0004, 0x0003, 0x0004,
    0x0003, 0x0004, 0x0004, 0x0004, 0x0004, 0x0004, 0x0024, 0x0024, 0x0024, 0x0024, 0x0004, 0x0004,
    0x0004, 0x0004, 0x0004, 0x0024, 0x0024, 0x0004, 0x0024, 0x0004, 0x0004, 0x0004, 0x0004, 0x0004,
    0x0004, 0x0004, 0x0004, 0x0004, 0x0004, 0x0003, 0x0003, 0x0003, 0x0003, 0x0003, 0x0003, 0x0003,
    0x0003, 0x0023, 0x0024, 0x0003, 0x1086, 0x294B, 0x2109, 0x10A7, 0x10A7, 0x10A7, 0x10A7, 0x20EA,
    0x314D, 0x314D, 0x314D, 0x314D, 0x314D, 0x314D, 0x314D, 0x314D, 0x314D, 0x314D, 0x314D, 0x314D,
    0x314D, 0x314D, 0x314D, 0x312D, 0x312D, 0x312D, 0x314D, 0x292C, 0x10C8, 0x0887, 0x0887, 0x0886,
    0x0887, 0x0887, 0x0887, 0x10A7, 0x212A, 0x294B, 0x18A6, 0x0002, 0x0002, 0x2108, 0x2109, 0x0003,
    0x0023, 0x0002, 0x0002, 0x0004, 0x0004, 0x0024, 0x0024, 0x0004, 0x0004, 0x0024, 0x0004, 0x0024,
    0x0024, 0x0024, 0x0024, 0x0024, 0x0024, 0x0004, 0x0004, 0x0003, 0x0004, 0x0003, 0x0024, 0x0004,
    0x0024, 0x0024, 0x0024, 0x0024, 0x0024, 0x0024, 0x0024, 0x0024, 0x0024, 0x0004, 0x0024, 0x0024,
    0x0004, 0x0024, 0x0003, 0x0004, 0x0024, 0x0024, 0x0024, 0x0024, 0x0004, 0x0004, 0x0004, 0x0003,
    0x0004, 0x0004, 0x0004, 0x0004, 0x0004, 0x0004, 0x0004, 0x0024, 0x0004, 0x0004, 0x0004, 0x0024,
    0x0024, 0x0004, 0x0024, 0x0024, 0x0004, 0x0004, 0x0004, 0x0024, 0x0024, 0x0024, 0x0004, 0x0004,
    0x0024, 0x0003, 0x0004, 0x0004, 0x0004, 0x0024, 0x0024, 0x0004, 0x0003, 0x0003, 0x0003, 0x0004,
    0x0024, 0x0003, 0x0024, 0x0024, 0x0004, 0x0004, 0x0023, 0x0003, 0x0003, 0x0024, 0x0004, 0x0004,
    0x0024, 0x0024, 0x0004, 0x0003, 0x0004, 0x0024, 0x0003, 0x0003, 0x0003, 0x0003, 0x0003, 0x0003,
    0x0004, 0x0003, 0x0003, 0x0004, 0x0003, 0x0003, 0x0003, 0x0003, 0x0003, 0x0003, 0x0024, 0x0002,
    0x0003, 0x0024, 0x0003, 0x0003, 0x0002, 0x392D, 0x394F, 0x312D, 0x394E, 0x416F, 0x51D1, 0x49B0,
    0x416F, 0x416F, 0x394F, 0x496F, 0xAB11, 0x414F, 0x4190, 0x51B0, 0x6212, 0x6212, 0x6232, 0x7273,
    0x7A94, 0x82B5, 0x7A94, 0x7A94, 0x7A94, 0x7A94, 0x7A94, 0x7294, 0x7A94, 0x8AF5, 0x8B36, 0xB375,
    0xD353, 0xFDB2, 0xEC74, 0xD3F7, 0xD457, 0xD457, 0xD457, 0xD457, 0xCC17, 0xC418, 0xE454, 0xFCB2,
    0xFCD3, 0xFCD2, 0xFCD2, 0xFDF4, 0xFED5, 0xFD73, 0xFE55, 0xFF16, 0xFED5, 0xFED5, 0xFEB5, 0xFDB3,
    0xFD13, 0xFD33, 0xFCF2, 0xF454, 0xDC77, 0xD478, 0xD478, 0xF473, 0xF454, 0xD438, 0xD478, 0xD458,
    0xB3B6, 0x9335, 0x9335, 0x9B35, 0x9B35, 0x9B56, 0xA356, 0x9B56, 0x9B56, 0x9B56, 0xA396, 0xC437,
    0xDC78, 0xD458, 0xDC78, 0xC417, 0x9B55, 0x9B76, 0x82D4, 0x82D4, 0x9335, 0x1086, 0x0004, 0x0024,
    0x0004, 0x0024, 0x0003, 0x0003, 0x0003, 0x0865, 0x6271, 0x0024, 0x0003, 0x0004, 0x0003, 0x0004,
    0x0024, 0x0024, 0x0024, 0x0004, 0x0024, 0x0003, 0x0003, 0x0004, 0x0004, 0x0004, 0x0024, 0x0024,
    0x0024, 0x0024, 0x0024, 0x0024, 0x0024, 0x0024, 0x0024, 0x0004, 0x0004, 0x0004, 0x0003, 0x0004,
    0x0024, 0x0004, 0x0004, 0x0004, 0x0004, 0x0024, 0x0004, 0x0004, 0x0024, 0x0004, 0x0004, 0x0004,
    0x0004, 0x0024, 0x0003, 0x0003, 0x0003, 0x0003, 0x0004, 0x0004, 0x0023, 0x0023, 0x0024, 0x0002,
    0x18C8, 0x210A, 0x08A7, 0x10A7, 0x10A7, 0x08A6, 0x20E9, 0x396E, 0x396E, 0x394E, 0x394E, 0x394E,
    0x394E, 0x394E, 0x394E, 0x394E, 0x394E, 0x394E, 0x394E, 0x394E, 0x394E, 0x394E, 0x394E, 0x314E,
    0x314D, 0x394E, 0x394E, 0x396E, 0x314D, 0x10A7, 0x0887, 0x0887, 0x0886, 0x0886, 0x08A7, 0x0887,
    0x10A7, 0x210A, 0x292A, 0x1086, 0x0023, 0x0003, 0x0004, 0x0024, 0x0002, 0x314A, 0x49EE, 0x0002,
    0x0002, 0x0003, 0x0003, 0x0024, 0x0024, 0x0023, 0x0003, 0x0003, 0x0003, 0x0003, 0x0003, 0x0003,
    0x0003, 0x0024, 0x0004, 0x0004, 0x0024, 0x0024, 0x0024, 0x0024, 0x0024, 0x0003, 0x0003, 0x0003,
    0x0023, 0x0023, 0x0003, 0x0003, 0x0003, 0x0003, 0x0024, 0x0024, 0x0024, 0x0024, 0x0024, 0x0003,
    0x0024, 0x0024, 0x0024, 0x0024, 0x0024, 0x0004, 0x0004, 0x0004, 0x0003, 0x0003, 0x0004, 0x0004,
    0x0004, 0x0024, 0x0024, 0x0024, 0x0004, 0x0004, 0x0004, 0x0004, 0x0004, 0x0004, 0x0024, 0x0024,
    0x0004, 0x0004, 0x0003, 0x0004, 0x0004, 0x0024, 0x0024, 0x0003, 0x0003, 0x0003, 0x0004, 0x0004,
    0x0004, 0x0024, 0x0024, 0x0024, 0x0003, 0x0023, 0x0003, 0x0003, 0x0023, 0x0024, 0x0004, 0x0024,
    0x0024, 0x0004, 0x0004, 0x0004, 0x0003, 0x0003, 0x0004, 0x0004, 0x0024, 0x0024, 0x0004, 0x0004,
    0x0003, 0x0004, 0x0003, 0x0003, 0x0003, 0x0003, 0x0004, 0x0003, 0x0003, 0x0024, 0x0004, 0x0003,
    0x0003, 0x0003, 0x0003, 0x0003, 0x0003, 0x0024, 0x0002, 0x396A, 0x20E8, 0x0002, 0x0024, 0x0003,
    0x20C9, 0x4991, 0x290D, 0x312D, 0x314D, 0x51D0, 0x51D0, 0x396E, 0x394E, 0x396E, 0x416F, 0x416F,
    0x416F, 0x4990, 0x49B0, 0x49B1, 0x59F1, 0x6212, 0x7253, 0x7A94, 0x7A94, 0x7A94, 0x7AB4, 0x7A94,
    0x7A94, 0x7A94, 0x7A94, 0x7294, 0x8AB4, 0xA356, 0x9316, 0xAB55, 0xBB96, 0xEC52, 0xE457, 0xD457,
    0xD457, 0xD457, 0xD457, 0xD457, 0xD437, 0xC418, 0xE475, 0xFCB2, 0xFCB2, 0xFCD2, 0xFCD3, 0xFD33,
    0xFE75, 0xFE95, 0xFDF4, 0xFE55, 0xFEF6, 0xFEB5, 0xFED5, 0xFEB5, 0xFDF4, 0xFD53, 0xFD33, 0xFCF2,
    0xFC72, 0xE496, 0xD498, 0xDC57, 0xFC72, 0xF534, 0xE477, 0xDC58, 0xDC78, 0xC417, 0x9B55, 0x9B55,
    0x9B35, 0xA356, 0xA356, 0x9B56, 0x9B56, 0xA356, 0x9B56, 0xA376, 0xBBF7, 0xD458, 0xD457, 0xD438,
    0xAB76, 0x9B55, 0x9B76, 0x8315, 0x9B76, 0x72B1, 0x0846, 0x0045, 0x0865, 0x0003, 0x0003, 0x0003,
    0x0003, 0x0024, 0x20E8, 0x0024, 0x0004, 0x0003, 0x0003, 0x0004, 0x0004, 0x0024, 0x0024, 0x0024,
    0x0004, 0x0003, 0x0004, 0x0024, 0x0004, 0x0004, 0x0003, 0x0004, 0x0024, 0x0024, 0x0024, 0x0024,
    0x0024, 0x0024, 0x0024, 0x0024, 0x0004, 0x0024, 0x0003, 0x0023, 0x0003, 0x0024, 0x0003, 0x0003,
    0x0024, 0x0024, 0x0024, 0x0024, 0x0024, 0x0004, 0x0004, 0x0004, 0x0004, 0x0004, 0x0004, 0x0003,
    0x0003, 0x0004, 0x0004, 0x0004, 0x0004, 0x0024, 0x0003, 0x0865, 0x290A, 0x18C9, 0x08A7, 0x10A7,
    0x10A7, 0x08A7, 0x312C, 0x394E, 0x394E, 0x394E, 0x394E, 0x394E, 0x394E, 0x394E, 0x394E, 0x394E,
    0x394D, 0x394E, 0x394E, 0x394E, 0x394E, 0x314E, 0x314D, 0x314D, 0x314D, 0x394E, 0x394E, 0x394D,
    0x394E, 0x18C9, 0x0886, 0x0887, 0x0886, 0x0887, 0x0887, 0x08A7, 0x0886, 0x10A7, 0x2109, 0x314C,
    0x20E9, 0x18E9, 0x0044, 0x0003, 0x10A7, 0x8B98, 0x9BFC, 0x39AC, 0x1085, 0x18C8, 0x1086, 0x0004,
    0x0003, 0x0023, 0x18A7, 0x18A7, 0x18A7, 0x18C8, 0x18A7, 0x18C8, 0x1066, 0x0002, 0x0003, 0x0003,
    0x0003, 0x0003, 0x0003, 0x0003, 0x0002, 0x0864, 0x1086, 0x18A7, 0x0024, 0x0004, 0x18A7, 0x18E9,
    0x18C8, 0x1086, 0x0003, 0x0003, 0x0024, 0x0024, 0x0004, 0x0024, 0x0024, 0x0024, 0x0024, 0x0023,
    0x0024, 0x0004, 0x0003, 0x0003, 0x0003, 0x0004, 0x0004, 0x0004, 0x0004, 0x0004, 0x0004, 0x0024,
    0x0004, 0x0024, 0x0004, 0x0004, 0x0004, 0x0024, 0x0004, 0x0004, 0x0004, 0x0004, 0x0003, 0x0003,
    0x0003, 0x0004, 0x0004, 0x0003, 0x0003, 0x0004, 0x0003, 0x0004, 0x0024, 0x0024, 0x0024, 0x0024,
    0x0004, 0x0003, 0x0003, 0x0003, 0x0003, 0x0003, 0x0003, 0x0024, 0x0024, 0x0004, 0x0004, 0x0004,
    0x0024, 0x0004, 0x0004, 0x0004, 0x0024, 0x0024, 0x0004, 0x0004, 0x0023, 0x0004, 0x0003, 0x0003,
    0x0003, 0x0003, 0x0024, 0x0004, 0x0023, 0x0002, 0x0003, 0x0024, 0x0003, 0x0023, 0x0003, 0x0003,
    0x0003, 0x0024, 0x0003, 0x3129, 0x72B1, 0x20C6, 0x0024, 0x0004, 0x290C, 0x4170, 0x312D, 0x312D,
    0x312D, 0x51D1, 0x498F, 0x394E, 0x416F, 0x416F, 0x416F, 0x416F, 0x396F, 0x416F, 0x4990, 0x49B0,
    0x51D1, 0x6A32, 0x7274, 0x7A94, 0x7274, 0x7A94, 0x82B4, 0x82B4, 0x82B5, 0x82B4, 0x7A94, 0x8AD5,
    0xA356, 0xAB77, 0x9B56, 0xAB76, 0xBBD6, 0xCC16, 0xDC57, 0xD457, 0xD457, 0xD457, 0xD457, 0xD457,
    0xD457, 0xD457, 0xCC37, 0xF493, 0xFCB2, 0xFCB2, 0xFD13, 0xFCF3, 0xFDD4, 0xFF16, 0xFEB6, 0xFE55,
    0xFED5, 0xFED5, 0xFED6, 0xFED6, 0xFEF6, 0xFE55, 0xFD33, 0xFD33, 0xFCF3, 0xFC72, 0xE476, 0xDC57,
    0xFCB3, 0xFEF6, 0xFCF3, 0xE477, 0xDC58, 0xDC78, 0xB3B6, 0x9B15, 0x9B35, 0x9B35, 0xA356, 0xA356,
    0x9B56, 0xA356, 0xA356, 0xA356, 0x9B76, 0xBBF7, 0xD478, 0xDC58, 0xBBD7, 0x9B55, 0xAB96, 0x9B56,
    0x8B35, 0xBC39, 0x0845, 0x3928, 0x7A4D, 0x0001, 0x0023, 0x0003, 0x0004, 0x0004, 0x0003, 0x0024,
    0x0024, 0x0003, 0x0003, 0x0024, 0x0003, 0x0004, 0x0004, 0x0024, 0x0004, 0x0003, 0x0024, 0x0004,
    0x0004, 0x0024, 0x0024, 0x0004, 0x0004, 0x0024, 0x0004, 0x0004, 0x0024, 0x0024, 0x0024, 0x0024,
    0x0004, 0x0024, 0x0003, 0x0023, 0x0004, 0x0004, 0x0004, 0x0004, 0x0004, 0x0004, 0x0024, 0x0004,
    0x0004, 0x0004, 0x0024, 0x0024, 0x0024, 0x0003, 0x0003, 0x0003, 0x0004, 0x0003, 0x0024, 0x0024,
    0x0004, 0x0024, 0x0003, 0x18A7, 0x20EA, 0x0887, 0x08A7, 0x0887, 0x0887, 0x10A7, 0x312D, 0x394E,
    0x394E, 0x394E, 0x394E, 0x394E, 0x394E, 0x394E, 0x394E, 0x394E, 0x394E, 0x394E, 0x394E, 0x394E,
    0x394E, 0x394E, 0x394E, 0x394E, 0x394E, 0x394E, 0x394E, 0x394E, 0x394E, 0x18C9, 0x0886, 0x0887,
    0x0887, 0x0887, 0x0887, 0x0887, 0x0887, 0x0886, 0x08A7, 0x18E9, 0x294B, 0x294B, 0x18C8, 0x18C8,
    0x20E9, 0x5251, 0x62B3, 0x210A, 0x18C8, 0x294C, 0x292B, 0x18C8, 0x18C8, 0x2109, 0x294B, 0x18C8,
    0x18C8, 0x18C9, 0x18C8, 0x212B, 0x292A, 0x18E8, 0x20E9, 0x2109, 0x1087, 0x18A7, 0x20E8, 0x18C8,
    0x18C7, 0x210A, 0x292B, 0x294C, 0x210A, 0x210A, 0x18E9, 0x210A, 0x292B, 0x210A, 0x18C8, 0x1086,
    0x0003, 0x0024, 0x0024, 0x0024, 0x0024, 0x0024, 0x0024, 0x0024, 0x0003, 0x0024, 0x0024, 0x0003,
    0x0004, 0x0004, 0x0004, 0x0004, 0x0024, 0x0004, 0x0024, 0x0024, 0x0024, 0x0024, 0x0004, 0x0004,
    0x0004, 0x0004, 0x0004, 0x0004, 0x0004, 0x0004, 0x0003, 0x0003, 0x0004, 0x0003, 0x0003, 0x0004,
    0x0004, 0x0004, 0x0024, 0x0024, 0x0024, 0x0024, 0x0003, 0x0003, 0x0024, 0x0024, 0x0003, 0x0004,
    0x0003, 0x0003, 0x0003, 0x0003, 0x0003, 0x0003, 0x0024, 0x0024, 0x0004, 0x0004, 0x0004, 0x0024,
    0x0004, 0x0024, 0x0024, 0x0004, 0x0024, 0x0024, 0x0004, 0x0003, 0x0003, 0x0003, 0x0023, 0x0024,
    0x0003, 0x394B, 0x1087, 0x0003, 0x0003, 0x0003, 0x0004, 0x0003, 0x0004, 0x0003, 0x0024, 0x0002,
    0x3129, 0x18A6, 0x0002, 0x1087, 0x312E, 0x292D, 0x312D, 0x312D, 0x312D, 0x416F, 0x394E, 0x394E,
    0x418F, 0x416F, 0x416E, 0x396E, 0x396E, 0x416F, 0x418F, 0x51D0, 0x5A12, 0x6A53, 0x7AB5, 0x7A94,
    0x7274, 0x7A94, 0x82B4, 0x82B4, 0x82B5, 0x7AB4, 0x8AD5, 0xA336, 0xA356, 0xB397, 0xAB76, 0x9B36,
    0xBBD7, 0xBBD7, 0xC3D7, 0xCC17, 0xD437, 0xD437, 0xD437, 0xD457, 0xD457, 0xDC57, 0xD437, 0xE455,
    0xFCB2, 0xFCF2, 0xFD33, 0xFD53, 0xFD33, 0xFD94, 0xFDF4, 0xFED5, 0xFEF5, 0xFED5, 0xFED6, 0xFED6,
    0xFED6, 0xFED6, 0xFE14, 0xFD53, 0xFD73, 0xFD13, 0xFC72, 0xEC55, 0xEC75, 0xFD95, 0xFD52, 0xFCF2,
    0xEC96, 0xDC78, 0xD478, 0xAB96, 0xA336, 0x9B35, 0x9B55, 0x9B35, 0x9B35, 0xA356, 0xA356, 0xA356,
    0xA376, 0xA396, 0xCC38, 0xDC58, 0xBBB7, 0x9B36, 0xA376, 0xA377, 0x82D4, 0x9316, 0x51CD, 0x0843,
    0x1063, 0x0003, 0x0023, 0x0004, 0x0004, 0x0024, 0x0004, 0x0003, 0x0003, 0x0003, 0x0003, 0x0003,
    0x0024, 0x0003, 0x0004, 0x0023, 0x0003, 0x0003, 0x0004, 0x0004, 0x0004, 0x0004, 0x0004, 0x0004,
    0x0024, 0x0024, 0x0004, 0x0004, 0x0004, 0x0004, 0x0004, 0x0004, 0x0004, 0x0004, 0x0004, 0x0004,
    0x0024, 0x0024, 0x0004, 0x0004, 0x0024, 0x0004, 0x0004, 0x0003, 0x0024, 0x0004, 0x0024, 0x0024,
    0x0024, 0x0004, 0x0004, 0x0003, 0x0024, 0x0003, 0x0003, 0x0024, 0x0003, 0x0024, 0x0003, 0x1087,
    0x18C9, 0x0886, 0x0886, 0x0886, 0x0886, 0x10A7, 0x314D, 0x394E, 0x394E, 0x394E, 0x394E, 0x394E,
    0x394E, 0x394E, 0x394E, 0x394E, 0x394E, 0x394E, 0x394E, 0x394E, 0x394E, 0x394E, 0x394E, 0x394E,
    0x394E, 0x394E, 0x394E, 0x394E, 0x394E, 0x18C9, 0x0886, 0x0887, 0x0887, 0x0887, 0x0887, 0x0887,
    0x0887, 0x0887, 0x0887, 0x0886, 0x10A7, 0x10A7, 0x20E8, 0x292A, 0x18E9, 0x10A7, 0x08A7, 0x0886,
    0x0887, 0x10C8, 0x10C8, 0x2109, 0x292A, 0x18C8, 0x10C8, 0x0886, 0x0886, 0x0886, 0x0886, 0x10A7,
    0x10C8, 0x18E9, 0x316C, 0x314C, 0x210A, 0x294B, 0x316C, 0x314C, 0x290A, 0x18C8, 0x18C8, 0x10C8,
    0x10C8, 0x18E8, 0x10A7, 0x08A6, 0x20E9, 0x294B, 0x314C, 0x294B, 0x18A7, 0x0003, 0x0003, 0x0003,
    0x0003, 0x0004, 0x0024, 0x0024, 0x0004, 0x0024, 0x0024, 0x0004, 0x0004, 0x0004, 0x0024, 0x0004,
    0x0024, 0x0004, 0x0004, 0x0024, 0x0004, 0x0024, 0x0004, 0x0004, 0x0024, 0x0004, 0x0004, 0x0003,
    0x0004, 0x0003, 0x0003, 0x0003, 0x0003, 0x0003, 0x0003, 0x0004, 0x0004, 0x0004, 0x0024, 0x0024,
    0x0023, 0x0001, 0x398B, 0x20E8, 0x0002, 0x0024, 0x0023, 0x0003, 0x0003, 0x0003, 0x0003, 0x0003,
    0x0003, 0x0004, 0x0023, 0x0024, 0x0004, 0x0004, 0x0024, 0x0004, 0x0024, 0x0024, 0x0004, 0x0004,
    0x0024, 0x0024, 0x0004, 0x0003, 0x0004, 0x0003, 0x0003, 0x0024, 0x0003, 0x2909, 0x1066, 0x0003,
    0x0024, 0x0003, 0x0003, 0x0003, 0x0004, 0x0024, 0x0024, 0x0024, 0x0003, 0x0003, 0x0002, 0x1887,
    0x290D, 0x290C, 0x312D, 0x312D, 0x394E, 0x394E, 0x394E, 0x394E, 0x396E, 0x416F, 0x416E, 0x416E,
    0x416F, 0x498F, 0x4990, 0x59F2, 0x6A33, 0x7A94, 0x7AB4, 0x7274, 0x7274, 0x7274, 0x7A94, 0x7A94,
    0x82B5, 0x7A94, 0x9316, 0xAB56, 0xA356, 0xC3B7, 0xC396, 0xA376, 0xABB7, 0xBBD7, 0xBBD7, 0xBBF7,
    0xD437, 0xD437, 0xD437, 0xDC57, 0xD457, 0xD457, 0xD437, 0xD457, 0xEC95, 0xFCB2, 0xFC92, 0xFC72,
    0xFCD3, 0xFCF3, 0xFC92, 0xFCF3, 0xFD33, 0xFE95, 0xFEF6, 0xFEF6, 0xFED6, 0xFEB5, 0xFEB5, 0xFE14,
    0xFD53, 0xFD53, 0xFD12, 0xF473, 0xE477, 0xEC75, 0xFD12, 0xFD33, 0xFD12, 0xE496, 0xD478, 0xCC17,
    0xAB76, 0xAB56, 0x9B35, 0x9B55, 0xA356, 0x9B55, 0xA356, 0xA356, 0xA376, 0x9B56, 0xAB96, 0xD438,
    0xAB76, 0x9B56, 0xA356, 0xA356, 0x7AB4, 0x82B5, 0x8AD5, 0x0023, 0x0003, 0x0024, 0x0004, 0x0003,
    0x0003, 0x0003, 0x0003, 0x0003, 0x0003, 0x0004, 0x0003, 0x0003, 0x0024, 0x0003, 0x0003, 0x0024,
    0x0024, 0x0003, 0x0024, 0x0004, 0x0003, 0x0004, 0x0004, 0x0003, 0x0024, 0x0004, 0x0004, 0x0024,
    0x0024, 0x0024, 0x0004, 0x0004, 0x0004, 0x0004, 0x0004, 0x0024, 0x0004, 0x0004, 0x0004, 0x0004,
    0x0004, 0x0004, 0x0004, 0x0024, 0x0024, 0x0024, 0x0024, 0x0004, 0x0004, 0x0024, 0x0004, 0x0004,
    0x0004, 0x0003, 0x0004, 0x0004, 0x0004, 0x0024, 0x0003, 0x18A8, 0x18E9, 0x0866, 0x0886, 0x0886,
    0x0887, 0x10A7, 0x314D, 0x394E, 0x394E, 0x394E, 0x394E, 0x394E, 0x394E, 0x394E, 0x394E, 0x394E,
    0x394E, 0x394E, 0x394E, 0x394E, 0x394E, 0x394E, 0x394E, 0x394E, 0x394E, 0x394E, 0x394E, 0x394D,
    0x394E, 0x18C9, 0x0886, 0x0887, 0x0887, 0x0887, 0x0887, 0x0887, 0x0887, 0x0887, 0x0887, 0x0887,
    0x0886, 0x0886, 0x1087, 0x10A7, 0x10A7, 0x0886, 0x0886, 0x0887, 0x0887, 0x0886, 0x0886, 0x10A7,
    0x10A7, 0x0886, 0x0886, 0x0886, 0x0887, 0x0887, 0x0887, 0x0886, 0x0886, 0x0886, 0x10C8, 0x10A7,
    0x10A7, 0x10A7, 0x10A7, 0x10A7, 0x10A7, 0x0886, 0x0887, 0x0887, 0x0886, 0x0886, 0x0887, 0x0886,
    0x10A7, 0x18C8, 0x18C8, 0x294B, 0x292A, 0x18C8, 0x20C8, 0x18C8, 0x0023, 0x0004, 0x0024, 0x0024,
    0x0024, 0x0024, 0x0024, 0x0004, 0x0004, 0x0004, 0x0004, 0x0004, 0x0024, 0x0024, 0x0024, 0x0024,
    0x0004, 0x0004, 0x0024, 0x0004, 0x0004, 0x0004, 0x0004, 0x0004, 0x0003, 0x0003, 0x0003, 0x0003,
    0x0003, 0x0024, 0x0004, 0x0003, 0x0004, 0x0004, 0x0024, 0x0023, 0x0024, 0x2908, 0xA439, 0x8354,
    0x18A6, 0x0024, 0x0024, 0x0024, 0x0004, 0x0003, 0x0003, 0x0003, 0x0003, 0x0023, 0x0023, 0x0004,
    0x0004, 0x0003, 0x0003, 0x0024, 0x0024, 0x0024, 0x0003, 0x0004, 0x0004, 0x0004, 0x0003, 0x0024,
    0x0003, 0x0004, 0x0003, 0x0023, 0x0004, 0x0002, 0x0003, 0x0024, 0x0024, 0x0003, 0x0003, 0x0024,
    0x0024, 0x0024, 0x0024, 0x0024, 0x0024, 0x0024, 0x0003, 0x20C9, 0x314E, 0x290C, 0x292D, 0x312D,
    0x312D, 0x314D, 0x314E, 0x394E, 0x314E, 0x416F, 0x416F, 0x418F, 0x4990, 0x4990, 0x51B1, 0x6212,
    0x6A33, 0x7A94, 0x7274, 0x7253, 0x7273, 0x7273, 0x7274, 0x7274, 0x7A94, 0x8AF5, 0xA376, 0xA376,
    0xAB76, 0xC3B6, 0xCBD6, 0xC3D6, 0xBBD6, 0xBBD7, 0xBBD7, 0xBBD7, 0xC3F7, 0xCC37, 0xD437, 0xDC57,
    0xDC57, 0xDC57, 0xDC57, 0xE496, 0xEC95, 0xFC53, 0xFC32, 0xFC32, 0xFC52, 0xFC73, 0xFC32, 0xFC32,
    0xFC52, 0xFCB3, 0xFD13, 0xFD74, 0xFE75, 0xFEF6, 0xFED6, 0xFEB5, 0xFDD3, 0xFD32, 0xFD53, 0xFD12,
    0xF494, 0xF4B5, 0xFD13, 0xFDF4, 0xFD73, 0xFC92, 0xE456, 0xD438, 0xBBB6, 0xB396, 0xB396, 0xA376,
    0xA355, 0x9B55, 0xA355, 0xA356, 0xA356, 0xA356, 0xA356, 0xB3B7, 0xA396, 0xA376, 0xA376, 0x9B56,
    0x7293, 0x6232, 0x8AF5, 0x18A6, 0x0024, 0x0024, 0x0003, 0x0003, 0x0003, 0x0003, 0x0003, 0x0003,
    0x0004, 0x0004, 0x0003, 0x0003, 0x0003, 0x0003, 0x0003, 0x0003, 0x0023, 0x0004, 0x0004, 0x0004,
    0x0004, 0x0004, 0x0004, 0x0004, 0x0004, 0x0003, 0x0004, 0x0004, 0x0004, 0x0024, 0x0024, 0x0004,
    0x0004, 0x0003, 0x0004, 0x0003, 0x0003, 0x0004, 0x0004, 0x0024, 0x0004, 0x0004, 0x0004, 0x0024,
    0x0024, 0x0024, 0x0004, 0x0004, 0x0004, 0x0024, 0x0004, 0x0004, 0x0004, 0x0003, 0x0024, 0x0004,
    0x0004, 0x0024, 0x0003, 0x18C8, 0x210A, 0x0886, 0x0886, 0x0886, 0x0887, 0x10A7, 0x312D, 0x394E,
    0x394E, 0x394E, 0x394E, 0x394E, 0x394E, 0x394E, 0x394E, 0x394E, 0x394E, 0x394E, 0x394E, 0x394E,
    0x394E, 0x394E, 0x394E, 0x394E, 0x394E, 0x394E, 0x394E, 0x394E, 0x394E, 0x18C9, 0x0886, 0x0887,
    0x0887, 0x0887, 0x0887, 0x0887, 0x0887, 0x0887, 0x0887, 0x0887, 0x0886, 0x0887, 0x0887, 0x0886,
    0x0886, 0x0887, 0x0887, 0x0886, 0x0886, 0x0886, 0x0886, 0x0886, 0x0886, 0x0887, 0x0886, 0x0886,
    0x0887, 0x0887, 0x0886, 0x0886, 0x0887, 0x0886, 0x0886, 0x0886, 0x0886, 0x0886, 0x0886, 0x0886,
    0x0886, 0x0887, 0x0887, 0x0887, 0x0887, 0x0887, 0x0887, 0x0887, 0x0887, 0x0886, 0x0886, 0x10A7,
    0x10A7, 0x210A, 0x294B, 0x294B, 0x210A, 0x0865, 0x0003, 0x0023, 0x0024, 0x0024, 0x0004, 0x0004,
    0x0024, 0x0004, 0x0004, 0x0004, 0x0004, 0x0004, 0x0004, 0x0004, 0x0024, 0x0004, 0x0004, 0x0004,
    0x0004, 0x0004, 0x0004, 0x0004, 0x0003, 0x0003, 0x0003, 0x0003, 0x0003, 0x0004, 0x0003, 0x0003,
    0x0003, 0x0003, 0x0024, 0x0003, 0x0844, 0x62B1, 0xD59F, 0xBCDC, 0x49AD, 0x0024, 0x0024, 0x0004,
    0x0003, 0x0003, 0x0003, 0x0003, 0x0003, 0x0003, 0x0003, 0x0004, 0x0004, 0x0003, 0x0004, 0x0003,
    0x0003, 0x0004, 0x0004, 0x0003, 0x0003, 0x0004, 0x0004, 0x0003, 0x0024, 0x0003, 0x0003, 0x0003,
    0x0003, 0x0024, 0x0024, 0x0003, 0x0003, 0x0023, 0x0003, 0x0003, 0x0004, 0x0024, 0x0024, 0x0024,
    0x0024, 0x0024, 0x0003, 0x1088, 0x314D, 0x312D, 0x292D, 0x290C, 0x290C, 0x290C, 0x312E, 0x394E,
    0x416F, 0x416F, 0x498F, 0x4990, 0x49B0, 0x498F, 0x59D1, 0x6212, 0x6232, 0x6A53, 0x7273, 0x7274,
    0x6A53, 0x6A53, 0x7274, 0x7274, 0x7273, 0x9335, 0xAB97, 0xA356, 0xAB56, 0xC3D6, 0xCBF7, 0xCC16,
    0xCBF6, 0xBBB7, 0xBBB7, 0xBBD7, 0xBBD7, 0xBBF7, 0xD437, 0xDC56, 0xCBF6, 0xB396, 0xBBD6, 0xC3F6,
    0xBBF6, 0xD3D4, 0xFC11, 0xFC32, 0xFC52, 0xFC52, 0xFC52, 0xFC52, 0xFC72, 0xFC72, 0xFC52, 0xFC52,
    0xFCD2, 0xFD74, 0xFDB4, 0xFE95, 0xFE54, 0xFD33, 0xFD93, 0xFD73, 0xFCF3, 0xFCF3, 0xFD73, 0xFED6,
    0xFE14, 0xFCB1, 0xF473, 0xDC78, 0xCC37, 0xA376, 0xAB96, 0xBBD6, 0xA376, 0x9B35, 0x9B36, 0xA356,
    0xA356, 0xA356, 0xB397, 0xC3F7, 0xA376, 0xA356, 0xA356, 0x9316, 0x7294, 0x51D0, 0x7AB4, 0x82D3,
    0x0023, 0x0024, 0x0003, 0x0003, 0x0003, 0x0003, 0x0004, 0x0004, 0x0003, 0x0003, 0x0003, 0x0023,
    0x0003, 0x0003, 0x0024, 0x0004, 0x0024, 0x0004, 0x0004, 0x0004, 0x0003, 0x0024, 0x0004, 0x0003,
    0x0024, 0x0024, 0x0004, 0x0024, 0x0024, 0x0004, 0x0004, 0x0004, 0x0003, 0x0003, 0x0024, 0x0003,
    0x0004, 0x0004, 0x0004, 0x0024, 0x0004, 0x0004, 0x0004, 0x0004, 0x0024, 0x0004, 0x0004, 0x0004,
    0x0004, 0x0004, 0x0004, 0x0003, 0x0003, 0x0024, 0x0024, 0x0023, 0x0024, 0x0003, 0x0864, 0x292A,
    0x18C8, 0x0887, 0x0887, 0x0887, 0x0887, 0x0887, 0x312D, 0x394E, 0x394E, 0x394E, 0x394E, 0x394E,
    0x394E, 0x394E, 0x394E, 0x394E, 0x394E, 0x394E, 0x394E, 0x394E, 0x394E, 0x394E, 0x394E, 0x394E,
    0x394E, 0x394E, 0x394E, 0x394E, 0x394E, 0x18C9, 0x0886, 0x0887, 0x0886, 0x0887, 0x0887, 0x0887,
    0x0887, 0x0887, 0x0887, 0x0886, 0x0886, 0x0886, 0x0887, 0x0886, 0x0886, 0x0887, 0x0887, 0x0886,
    0x0887, 0x0886, 0x0886, 0x0886, 0x0886, 0x0886, 0x0886, 0x0886, 0x0887, 0x0886, 0x0886, 0x0886,
    0x0886, 0x0887, 0x0887, 0x0886, 0x0887, 0x0886, 0x0886, 0x0886, 0x0886, 0x0886, 0x0886, 0x0886,
    0x0886, 0x0886, 0x0886, 0x0887, 0x0886, 0x0887, 0x0887, 0x0886, 0x0886, 0x10A7, 0x10A7, 0x18E9,
    0x314C, 0x2109, 0x20E9, 0x1086, 0x0003, 0x0024, 0x0024, 0x0004, 0x0004, 0x0003, 0x0003, 0x0003,
    0x0003, 0x0004, 0x0024, 0x0003, 0x0003, 0x0003, 0x0004, 0x0024, 0x0024, 0x0004, 0x0003, 0x0003,
    0x0003, 0x0003, 0x0004, 0x0004, 0x0003, 0x0004, 0x0004, 0x0003, 0x0003, 0x0003, 0x0024, 0x0024,
    0x0024, 0x0001, 0x8334, 0x522E, 0x0002, 0x0024, 0x0024, 0x0024, 0x0003, 0x0003, 0x0003, 0x0004,
    0x0003, 0x0003, 0x0003, 0x0003, 0x0004, 0x0003, 0x0003, 0x0003, 0x0003, 0x0003, 0x0004, 0x0004,
    0x0004, 0x0003, 0x0004, 0x0003, 0x0003, 0x0003, 0x0023, 0x0003, 0x0003, 0x0004, 0x0024, 0x0004,
    0x0003, 0x0003, 0x0004, 0x0003, 0x0004, 0x0024, 0x0023, 0x0023, 0x0024, 0x0844, 0x0845, 0x1088,
    0x49D0, 0x6A53, 0x6232, 0x5A11, 0x59F1, 0x6212, 0x59F1, 0x498F, 0x416F, 0x416E, 0x418F, 0x49AF,
    0x49B0, 0x49B0, 0x59F1, 0x59F2, 0x6212, 0x6212, 0x6A33, 0x6A54, 0xA373, 0xA373, 0x6A54, 0x7273,
    0x6A33, 0x8AD4, 0xAB76, 0xA376, 0xAB76, 0xC3D7, 0xCC17, 0xC3F7, 0xBBD7, 0xBBB7, 0xBBB7, 0xBBB7,
    0xBBB7, 0xBBB7, 0xB396, 0x9B36, 0x9B36, 0x92F5, 0x9B16, 0x9B36, 0x9336, 0xA375, 0xB395, 0xCBF4,
    0xDC14, 0xD3F5, 0xF453, 0xFC93, 0xFC92, 0xFC72, 0xFC52, 0xFC72, 0xFC52, 0xFC52, 0xFC52, 0xFCB2,
    0xFCF3, 0xFD53, 0xFD93, 0xFD53, 0xFCD2, 0xFCB2, 0xFD53, 0xFED5, 0xFE75, 0xFCD2, 0xFC92, 0xE497,
    0xE4B8, 0xBBD6, 0xA376, 0xA376, 0xCC16, 0xB396, 0x9B35, 0xA356, 0xA376, 0xA356, 0xABB6, 0xB3B7,
    0x9B36, 0x9B16, 0x8AD5, 0x82B5, 0x6A73, 0x6212, 0x6A53, 0x82D3, 0x0023, 0x0024, 0x0024, 0x0023,
    0x0023, 0x0004, 0x0004, 0x0024, 0x0004, 0x0003, 0x0003, 0x0003, 0x0023, 0x0003, 0x0003, 0x0004,
    0x0003, 0x0003, 0x0004, 0x0004, 0x0024, 0x0004, 0x0024, 0x0004, 0x0004, 0x0024, 0x0004, 0x0004,
    0x0004, 0x0024, 0x0024, 0x0004, 0x0024, 0x0004, 0x0024, 0x0004, 0x0004, 0x0004, 0x0004, 0x0004,
    0x0003, 0x0024, 0x0004, 0x0004, 0x0024, 0x0024, 0x0024, 0x0024, 0x0004, 0x0004, 0x0004, 0x0004,
    0x0024, 0x0024, 0x0024, 0x0003, 0x0844, 0x290A, 0x292A, 0x2109, 0x0886, 0x0887, 0x0887, 0x0887,
    0x0887, 0x1087, 0x312D, 0x394E, 0x394E, 0x394E, 0x394E, 0x394E, 0x394E, 0x394E, 0x394E, 0x394E,
    0x394E, 0x394E, 0x394E, 0x394E, 0x394E, 0x394E, 0x394E, 0x394E, 0x394E, 0x394E, 0x394E, 0x394E,
    0x394E, 0x18C9, 0x0886, 0x0887, 0x0886, 0x0887, 0x0887, 0x0887, 0x0887, 0x0886, 0x0886, 0x0886,
    0x0886, 0x0886, 0x0887, 0x0886, 0x0886, 0x0886, 0x0887, 0x0886, 0x0887, 0x0886, 0x0886, 0x0886,
    0x0886, 0x0886, 0x0886, 0x0886, 0x0887, 0x0886, 0x0886, 0x0886, 0x0887, 0x0887, 0x0887, 0x0886,
    0x0886, 0x0886, 0x0886, 0x0886, 0x0886, 0x0886, 0x0886, 0x0886, 0x0886, 0x0886, 0x0886, 0x0886,
    0x0886, 0x0886, 0x0886, 0x0886, 0x0887, 0x0886, 0x0886, 0x0886, 0x0886, 0x20E9, 0x292B, 0x292B,
    0x18C8, 0x0023, 0x0004, 0x0004, 0x0003, 0x0003, 0x0003, 0x0003, 0x0003, 0x0004, 0x0004, 0x0003,
    0x0003, 0x0003, 0x0003, 0x0024, 0x0024, 0x0003, 0x0003, 0x0003, 0x0004, 0x0004, 0x0004, 0x0004,
    0x0024, 0x0004, 0x0024, 0x0004, 0x0003, 0x0003, 0x0004, 0x0024, 0x0024, 0x0003, 0x18A7, 0x1086,
    0x0003, 0x0024, 0x0004, 0x0024, 0x0004, 0x0003, 0x0003, 0x0024, 0x0003, 0x0003, 0x0004, 0x0004,
    0x0024, 0x0004, 0x0004, 0x0003, 0x0004, 0x0003, 0x0004, 0x0003, 0x0003, 0x0024, 0x0024, 0x0024,
    0x0003, 0x0003, 0x0023, 0x0003, 0x0003, 0x0004, 0x0004, 0x0003, 0x0003, 0x0003, 0x0003, 0x0003,
    0x0024, 0x0003, 0x0023, 0x0024, 0x28E9, 0x6A53, 0x6A53, 0x7274, 0x7274, 0x7274, 0x7273, 0x6A53,
    0x7273, 0x8AD5, 0xBB93, 0x7A72, 0x61F1, 0x49AF, 0x416F, 0x49B0, 0x49B0, 0x51D0, 0x59F1, 0x59F1,
    0x6212, 0x6212, 0x59F2, 0x6A52, 0xE471, 0xE472, 0x7274, 0x6A33, 0x6212, 0x7A73, 0xA336, 0xAB76,
    0xAB96, 0xB3B7, 0xABB7, 0x9316, 0x8AF5, 0x8AF5, 0xB396, 0xC3B7, 0xBB96, 0x92F5, 0x8AD5, 0x8AF5,
    0x9315, 0x9B35, 0x9316, 0xAB75, 0xE433, 0xF4B3, 0xF4B3, 0xF472, 0xDC14, 0xC3F6, 0xC416, 0xCC36,
    0xE434, 0xEC33, 0xEC54, 0xFC93, 0xF4B4, 0xF473, 0xFC72, 0xFC72, 0xFC72, 0xFC73, 0xFCD3, 0xFCD3,
    0xFC92, 0xFCB2, 0xFC91, 0xFD93, 0xFD32, 0xFC92, 0xFCB2, 0xEC95, 0xECB7, 0xBBB6, 0xA356, 0xA376,
    0xAB96, 0xD436, 0xCC36, 0xA396, 0xA396, 0xA376, 0xA356, 0xA336, 0x9B15, 0x82B4, 0x7A94, 0x7A94,
    0x6A53, 0x6232, 0x7274, 0x82D3, 0x0023, 0x0024, 0x0003, 0x0002, 0x0023, 0x0004, 0x0024, 0x0024,
    0x0004, 0x0003, 0x0023, 0x0003, 0x0024, 0x0003, 0x0003, 0x0023, 0x0003, 0x0003, 0x0024, 0x0024,
    0x0024, 0x0024, 0x0024, 0x0004, 0x0024, 0x0024, 0x0004, 0x0004, 0x0004, 0x0004, 0x0004, 0x0004,
    0x0003, 0x0003, 0x0003, 0x0004, 0x0004, 0x0024, 0x0004, 0x0004, 0x0004, 0x0024, 0x0004, 0x0004,
    0x0024, 0x0004, 0x0024, 0x0004, 0x0004, 0x0004, 0x0004, 0x0024, 0x0024, 0x0024, 0x0024, 0x0003,
    0x0023, 0x292A, 0x314C, 0x2109, 0x0887, 0x0887, 0x0887, 0x0887, 0x0887, 0x10A7, 0x312D, 0x394E,
    0x394E, 0x394E, 0x394E, 0x394E, 0x394E, 0x394E, 0x394E, 0x394E, 0x394E, 0x394E, 0x394E, 0x394E,
    0x394E, 0x394E, 0x394E, 0x394E, 0x394E, 0x394E, 0x394E, 0x394E, 0x396E, 0x18E9, 0x0886, 0x0887,
    0x0886, 0x0886, 0x0886, 0x0887, 0x0887, 0x0887, 0x0886, 0x0887, 0x0887, 0x0886, 0x0887, 0x0887,
    0x0887, 0x0886, 0x0886, 0x0887, 0x0887, 0x0886, 0x0886, 0x0886, 0x0886, 0x0886, 0x0886, 0x0887,
    0x0887, 0x0887, 0x0886, 0x0886, 0x0886, 0x0886, 0x0886, 0x0887, 0x0887, 0x0886, 0x0886, 0x0886,
    0x0886, 0x0886, 0x0886, 0x0886, 0x0886, 0x0886, 0x0886, 0x0886, 0x0886, 0x0887, 0x0886, 0x0887,
    0x0886, 0x0886, 0x0886, 0x0886, 0x0886, 0x0886, 0x10C8, 0x292B, 0x314C, 0x18C7, 0x0023, 0x0024,
    0x0004, 0x0003, 0x0003, 0x0003, 0x0004, 0x0003, 0x0003, 0x0003, 0x0003, 0x0023, 0x0003, 0x0003,
    0x0003, 0x0003, 0x0003, 0x0003, 0x0004, 0x0004, 0x0004, 0x0004, 0x0004, 0x0024, 0x0024, 0x0024,
    0x0024, 0x0003, 0x0004, 0x0024, 0x0024, 0x0024, 0x0003, 0x0003, 0x0024, 0x0004, 0x0024, 0x0004,
    0x0003, 0x0003, 0x0003, 0x0003, 0x0024, 0x0003, 0x0004, 0x0024, 0x0004, 0x0003, 0x0003, 0x0003,
    0x0004, 0x0004, 0x0004, 0x0004, 0x0024, 0x0004, 0x0024, 0x0004, 0x0004, 0x0003, 0x0004, 0x0003,
    0x0003, 0x0003, 0x0003, 0x0024, 0x0024, 0x0004, 0x0024, 0x0024, 0x0003, 0x0844, 0x49AE, 0x6233,
    0x6233, 0x7274, 0x7294, 0x7294, 0x6A74, 0x7274, 0x6A33, 0x7AB4, 0x7273, 0x6232, 0x6A31, 0x6211,
    0x92D4, 0x8AB4, 0x6212, 0x4990, 0x49B0, 0x49B0, 0x51D0, 0x6212, 0x6212, 0x6232, 0x6233, 0x59F2,
    0x82B2, 0x92F2, 0x6233, 0x6A53, 0x6A53, 0x6A53, 0x92F5, 0xAB76, 0xA336, 0x8AF6, 0x8AF6, 0x8AF5,
    0x8AF5, 0x8AD5, 0x82D5, 0xA336, 0x9B36, 0x8AD5, 0x92F5, 0x9315, 0x9335, 0x9B36, 0xA375, 0xEC73,
    0xF473, 0xEC53, 0xEC53, 0xF452, 0xFC72, 0xF473, 0xCC16, 0xC3D6, 0xC3D6, 0xBBF6, 0xDC56, 0xD436,
    0xCC16, 0xD415, 0xF473, 0xFC92, 0xFC92, 0xFC72, 0xFC73, 0xFC73, 0xFC53, 0xFCB2, 0xFCB2, 0xFCB2,
    0xFCD2, 0xFCB2, 0xFC93, 0xFC93, 0xE476, 0xAB96, 0x9B35, 0xA356, 0xA356, 0xAB96, 0xB3D6, 0xA396,
    0xA376, 0x9335, 0x82B4, 0x8294, 0x7A74, 0x7A94, 0x82B5, 0x6A53, 0x6232, 0x6212, 0x7294, 0x7AB2,
    0x0023, 0x0003, 0x20A4, 0x20A5, 0x0003, 0x0024, 0x0024, 0x0024, 0x0003, 0x0004, 0x0024, 0x0004,
    0x0024, 0x0003, 0x0004, 0x0023, 0x0003, 0x0003, 0x0004, 0x0024, 0x0003, 0x0003, 0x0004, 0x0003,
    0x0023, 0x0004, 0x0024, 0x0004, 0x0003, 0x0004, 0x0004, 0x0004, 0x0004, 0x0024, 0x0004, 0x0004,
    0x0004, 0x0024, 0x0004, 0x0024, 0x0024, 0x0004, 0x0004, 0x0004, 0x0004, 0x0024, 0x0004, 0x0004,
    0x0004, 0x0004, 0x0024, 0x0024, 0x0024, 0x0024, 0x0024, 0x0024, 0x0845, 0x210A, 0x292A, 0x10C8,
    0x08A7, 0x0887, 0x0887, 0x0886, 0x0887, 0x0886, 0x312C, 0x394E, 0x394D, 0x394E, 0x394E, 0x394E,
    0x394E, 0x394E, 0x394D, 0x394D, 0x394D, 0x394D, 0x394E, 0x394E, 0x394E, 0x394E, 0x394E, 0x394E,
    0x394E, 0x394D, 0x394D, 0x394E, 0x396E, 0x18C9, 0x0886, 0x0886, 0x0886, 0x0886, 0x0886, 0x0887,
    0x0887, 0x0887, 0x0886, 0x0886, 0x0886, 0x0886, 0x0886, 0x0886, 0x0886, 0x0886, 0x0886, 0x0886,
    0x0886, 0x0887, 0x0886, 0x0886, 0x0886, 0x0886, 0x0886, 0x0887, 0x0887, 0x0887, 0x0886, 0x0886,
    0x0886, 0x0886, 0x0886, 0x0886, 0x0886, 0x0886, 0x0886, 0x0886, 0x0886, 0x0886, 0x0886, 0x0886,
    0x0886, 0x0886, 0x0886, 0x0886, 0x0886, 0x0886, 0x0886, 0x0887, 0x0886, 0x0886, 0x0886, 0x0886,
    0x0886, 0x0886, 0x0886, 0x18C8, 0x210A, 0x292A, 0x1065, 0x0003, 0x0024, 0x0024, 0x0003, 0x0003,
    0x0004, 0x0004, 0x0024, 0x0024, 0x0003, 0x0003, 0x0003, 0x0004, 0x0003, 0x0003, 0x0004, 0x0003,
    0x0004, 0x0024, 0x0024, 0x0024, 0x0024, 0x0024, 0x0024, 0x0004, 0x0004, 0x0004, 0x0024, 0x0024,
    0x0023, 0x0023, 0x0024, 0x0004, 0x0003, 0x0004, 0x0024, 0x0004, 0x0004, 0x0003, 0x0003, 0x0003,
    0x0003, 0x0003, 0x0004, 0x0004, 0x0004, 0x0004, 0x0004, 0x0003, 0x0024, 0x0004, 0x0024, 0x0003,
    0x0003, 0x0024, 0x0024, 0x0024, 0x0024, 0x0003, 0x0003, 0x0003, 0x0003, 0x0003, 0x0003, 0x0024,
    0x0024, 0x0024, 0x0024, 0x0003, 0x0823, 0x6A73, 0x7AB5, 0x6A74, 0x5A12, 0x5A11, 0x5A11, 0x6232,
    0x5A12, 0x59F1, 0x59F1, 0x5A12, 0x59F1, 0x51D1, 0x51D1, 0x51D0, 0x6A52, 0x7A74, 0x82D4, 0x6211,
    0x416F, 0x498F, 0x49B0, 0x6212, 0x6232, 0x6232, 0x6232, 0x6A33, 0x6233, 0x6213, 0x6A33, 0x6A33,
    0x6A53, 0x7274, 0x7274, 0x8AF5, 0x8AD6, 0x82B5, 0x8AD5, 0x8AF5, 0x8AF5, 0x8AF5, 0x82B5, 0x82B5,
    0x8AD5, 0x9315, 0x9315, 0x9335, 0x9B36, 0x9B36, 0xBBF6, 0xBBF6, 0x9B56, 0x9B35, 0x9315, 0xAB74,
    0xD3F3, 0xEC32, 0xF473, 0xC3D6, 0xBBD6, 0xC3F6, 0xC3F6, 0xBBD6, 0xC3D6, 0xC3D6, 0xC3D5, 0xE453,
    0xEC54, 0xF473, 0xFC92, 0xFC93, 0xFC53, 0xFC33, 0xFC52, 0xFCB2, 0xFC73, 0xFC73, 0xFC73, 0xF454,
    0xD416, 0xB395, 0x9B35, 0xA356, 0xA376, 0xA376, 0xA376, 0xA376, 0x9B36, 0xA356, 0x9315, 0x8AF4,
    0x7253, 0x6232, 0x6A73, 0x6A73, 0x6232, 0x5A12, 0x9316, 0x20C6, 0x0002, 0x0001, 0x59AA, 0x59CB,
    0x0003, 0x0024, 0x0024, 0x0003, 0x0003, 0x0024, 0x0004, 0x0004, 0x0024, 0x0024, 0x0003, 0x0003,
    0x0003, 0x0024, 0x0024, 0x0003, 0x30E6, 0x3927, 0x0003, 0x0004, 0x0004, 0x0003, 0x0004, 0x0003,
    0x0003, 0x0003, 0x0003, 0x0024, 0x0004, 0x0024, 0x0004, 0x0004, 0x0024, 0x0024, 0x0004, 0x0004,
    0x0004, 0x0004, 0x0004, 0x0004, 0x0004, 0x0024, 0x0024, 0x0004, 0x0004, 0x0004, 0x0024, 0x0003,
    0x0003, 0x0024, 0x0024, 0x0045, 0x292B, 0x314C, 0x18C9, 0x0886, 0x0887, 0x0886, 0x0886, 0x0886,
    0x0887, 0x0886, 0x18C9, 0x394E, 0x394E, 0x394E, 0x394E, 0x394E, 0x394E, 0x394E, 0x394E, 0x394E,
    0x394E, 0x394E, 0x394E, 0x394E, 0x394E, 0x394E, 0x394E, 0x394E, 0x394E, 0x394E, 0x394E, 0x396E,
    0x292C, 0x0887, 0x0887, 0x0886, 0x0886, 0x0886, 0x0886, 0x0887, 0x0887, 0x0886, 0x0886, 0x0887,
    0x0886, 0x0886, 0x0886, 0x0886, 0x0886, 0x0886, 0x0886, 0x0886, 0x0886, 0x0886, 0x0886, 0x0886,
    0x0886, 0x0886, 0x0886, 0x0887, 0x0887, 0x0886, 0x0886, 0x0886, 0x0886, 0x0886, 0x0886, 0x0886,
    0x0886, 0x0886, 0x0886, 0x0886, 0x0886, 0x0886, 0x0886, 0x0886, 0x0886, 0x0886, 0x0886, 0x0886,
    0x0886, 0x0886, 0x0886, 0x0886, 0x0886, 0x0886, 0x0886, 0x0886, 0x0886, 0x0886, 0x0886, 0x0886,
    0x1086, 0x292A, 0x18C8, 0x0024, 0x0003, 0x0003, 0x0024, 0x0024, 0x0004, 0x0004, 0x0004, 0x0003,
    0x0003, 0x0003, 0x0003, 0x0004, 0x0003, 0x0004, 0x0003, 0x0003, 0x0024, 0x0004, 0x0024, 0x0024,
    0x0024, 0x0024, 0x0024, 0x0004, 0x0024, 0x0024, 0x0024, 0x0024, 0x0024, 0x0004, 0x0003, 0x0003,
    0x0003, 0x0004, 0x0004, 0x0003, 0x0003, 0x0003, 0x0003, 0x0003, 0x0003, 0x0004, 0x0004, 0x0004,
    0x0004, 0x0004, 0x0004, 0x0004, 0x0024, 0x0024, 0x0003, 0x0024, 0x0845, 0x0024, 0x0003, 0x0024,
    0x0024, 0x0024, 0x0004, 0x0003, 0x0003, 0x0003, 0x0003, 0x0024, 0x0024, 0x0024, 0x0003, 0x1066,
    0x49B0, 0x6234, 0x59F2, 0x6253, 0x49B0, 0x312E, 0x312D, 0x394D, 0x49AF, 0x51D1, 0x51D1, 0x51D0,
    0x51D1, 0x59F1, 0x5A11, 0x6A52, 0x5A12, 0x51F1, 0x6A32, 0x7273, 0x59F1, 0x498F, 0x4990, 0x51D1,
    0x6232, 0x5A12, 0x5A12, 0x6232, 0x6A52, 0x6A32, 0x6A33, 0x6A33, 0x6212, 0x6233, 0x82D5, 0x8AF5,
    0x82D5, 0x8AD5, 0x8AD5, 0x8AD5, 0x8AD5, 0x8AF5, 0x92F5, 0xBB75, 0xA315, 0x92F5, 0x9335, 0x9335,
    0x9B36, 0x9336, 0x9336, 0x9336, 0x9B36, 0x9B35, 0x9B35, 0x9315, 0x8AF5, 0xB354, 0xE413, 0xEC74,
    0xBBD6, 0xB396, 0xBBB6, 0xC3D6, 0xBBD6, 0xC3D6, 0xC3B6, 0xBBB5, 0xBBB6, 0xD435, 0xEC94, 0xEC54,
    0xFC93, 0xFC52, 0xFC13, 0xFC53, 0xFC73, 0xFC73, 0xFC73, 0xD436, 0xE435, 0xFC33, 0xB3B5, 0xA376,
    0xA376, 0xA376, 0xA376, 0xA376, 0xA356, 0xC3B7, 0xCC17, 0xCC38, 0xB3B7, 0x7AB3, 0x6A53, 0x6A53,
    0x5A12, 0x51D1, 0x82D5, 0x1885, 0x0002, 0x0023, 0x0003, 0x0024, 0x0024, 0x0004, 0x0003, 0x0003,
    0x0003, 0x0003, 0x0003, 0x0024, 0x0004, 0x0024, 0x0003, 0x0003, 0x0003, 0x0003, 0x0024, 0x0002,
    0x61CA, 0x7A6C, 0x0002, 0x0024, 0x0024, 0x0004, 0x0004, 0x0004, 0x0024, 0x0004, 0x0004, 0x0024,
    0x0024, 0x0024, 0x0004, 0x0004, 0x0004, 0x0024, 0x0024, 0x0004, 0x0004, 0x0004, 0x0004, 0x0004,
    0x0004, 0x0004, 0x0004, 0x0024, 0x0003, 0x0004, 0x0024, 0x0024, 0x0004, 0x0003, 0x0023, 0x18C8,
    0x398D, 0x210A, 0x0887, 0x0887, 0x0886, 0x0886, 0x0886, 0x0886, 0x0887, 0x0887, 0x0886, 0x18C9,
    0x292C, 0x312C, 0x292C, 0x292C, 0x312C, 0x292C, 0x292C, 0x292C, 0x290C, 0x292C, 0x292C, 0x290C,
    0x290C, 0x290C, 0x292C, 0x292C, 0x292C, 0x292C, 0x312C, 0x210B, 0x10A7, 0x0887, 0x0886, 0x0886,
    0x0886, 0x0887, 0x0887, 0x0887, 0x0887, 0x0886, 0x0886, 0x0886, 0x0886, 0x0886, 0x0886, 0x0886,
    0x0886, 0x0886, 0x0886, 0x0886, 0x0886, 0x0887, 0x0887, 0x0886, 0x0886, 0x0886, 0x0886, 0x0887,
    0x0886, 0x0886, 0x0886, 0x0886, 0x0886, 0x0886, 0x0886, 0x0886, 0x0886, 0x0886, 0x0886, 0x0886,
    0x0886, 0x0886, 0x0886, 0x0886, 0x0886, 0x0886, 0x0886, 0x0886, 0x0886, 0x0886, 0x0886, 0x0886,
    0x0886, 0x0886, 0x0886, 0x0886, 0x0886, 0x0886, 0x0886, 0x0886, 0x1086, 0x18E8, 0x294B, 0x18E8,
    0x1086, 0x1086, 0x0024, 0x0024, 0x0024, 0x0024, 0x0003, 0x0003, 0x0003, 0x0003, 0x0003, 0x0003,
    0x0024, 0x0003, 0x0003, 0x0003, 0x0004, 0x0004, 0x0004, 0x0024, 0x0004, 0x0024, 0x0024, 0x0024,
    0x0024, 0x0024, 0x0024, 0x0004, 0x0024, 0x0024, 0x0003, 0x0003, 0x0003, 0x0003, 0x0003, 0x0003,
    0x0003, 0x0003, 0x0023, 0x0003, 0x0003, 0x0004, 0x0003, 0x0004, 0x0004, 0x0004, 0x0003, 0x0004,
    0x0024, 0x0003, 0x0024, 0x1089, 0x18CA, 0x1087, 0x0024, 0x0003, 0x0003, 0x0024, 0x0004, 0x0023,
    0x0004, 0x0003, 0x0024, 0x0024, 0x0024, 0x0003, 0x0844, 0x51D1, 0x6A55, 0x51D1, 0x394E, 0x310D,
    0x394E, 0x394E, 0x394E, 0x394E, 0x394E, 0x49AF, 0x49B0, 0x51D0, 0x59F1, 0x59F1, 0x59F1, 0x7A93,
    0x7252, 0x59F1, 0x51F1, 0x6232, 0x7273, 0x49B0, 0x498F, 0x49B0, 0x59F1, 0x6212, 0x6212, 0x6212,
    0x6232, 0x6A52, 0x6232, 0x6212, 0x51D1, 0x7274, 0x8AD6, 0x8AF5, 0x8AF5, 0x8AF5, 0x8AF5, 0x8AD5,
    0x82D5, 0x82D5, 0xBBB6, 0xE476, 0xAB76, 0x9315, 0x9335, 0x9335, 0x9336, 0x9335, 0x9315, 0x9315,
    0x9315, 0x9315, 0x9315, 0x9B35, 0x9B35, 0x9B35, 0x9316, 0xCC14, 0xC3D5, 0x9316, 0x9B35, 0xBBB5,
    0xCBD5, 0xC3B5, 0xB375, 0xBB95, 0xC3D5, 0xC3D6, 0xC3D6, 0xC3D6, 0xDC14, 0xEC74, 0xFCB3, 0xFC73,
    0xF453, 0xFC73, 0xEC54, 0xE435, 0xF453, 0xFC72, 0xDC34, 0xA376, 0xA356, 0xA356, 0x9B36, 0xA356,
    0xB396, 0xBBB7, 0xBBD7, 0xCC37, 0xDC99, 0xCC58, 0x92F5, 0x59F1, 0x51D1, 0x51D1, 0x5190, 0x0844,
    0x0003, 0x0004, 0x0045, 0x0024, 0x0024, 0x0003, 0x0023, 0x1044, 0x0003, 0x0003, 0x0003, 0x0004,
    0x0024, 0x0024, 0x0003, 0x0003, 0x0003, 0x0003, 0x0024, 0x0024, 0x0003, 0x0003, 0x0004, 0x0004,
    0x0004, 0x0004, 0x0004, 0x0003, 0x0003, 0x0004, 0x0024, 0x0024, 0x0004, 0x0024, 0x0004, 0x0004,
    0x0004, 0x0004, 0x0004, 0x0024, 0x0004, 0x0003, 0x0004, 0x0004, 0x0003, 0x0024, 0x0004, 0x0024,
    0x0024, 0x0024, 0x0024, 0x0024, 0x0024, 0x0023, 0x20E9, 0x314C, 0x210A, 0x10A7, 0x0887, 0x0887,
    0x0886, 0x0886, 0x0886, 0x0886, 0x0886, 0x0886, 0x08A7, 0x0886, 0x0886, 0x0886, 0x0886, 0x0886,
    0x0886, 0x0886, 0x0886, 0x0886, 0x0886, 0x0886, 0x0886, 0x0886, 0x0886, 0x0886, 0x0886, 0x0886,
    0x0886, 0x0886, 0x0886, 0x0886, 0x0887, 0x0887, 0x0886, 0x0886, 0x0887, 0x08A7, 0x0887, 0x08A7,
    0x0887, 0x0887, 0x0886, 0x0886, 0x0886, 0x0886, 0x0887, 0x0886, 0x0886, 0x0886, 0x0886, 0x0887,
    0x0886, 0x0887, 0x0887, 0x0886, 0x0886, 0x0886, 0x0887, 0x0886, 0x0886, 0x0886, 0x0886, 0x0886,
    0x0886, 0x0886, 0x0886, 0x0886, 0x0886, 0x0886, 0x0886, 0x0886, 0x0886, 0x0886, 0x0886, 0x0886,
    0x0886, 0x0886, 0x0886, 0x0886, 0x0886, 0x0886, 0x0886, 0x0886, 0x0886, 0x0886, 0x0886, 0x0886,
    0x0886, 0x0886, 0x0886, 0x0886, 0x0886, 0x0865, 0x10C8, 0x210A, 0x292B, 0x316D, 0x18C8, 0x0044,
    0x0003, 0x0024, 0x0003, 0x0003, 0x0003, 0x0003, 0x0003, 0x0004, 0x0004, 0x0003, 0x0003, 0x0003,
    0x0003, 0x0004, 0x0003, 0x0004, 0x0004, 0x0004, 0x0004, 0x0004, 0x0004, 0x0004, 0x0024, 0x0024,
    0x0004, 0x0024, 0x0003, 0x0003, 0x0003, 0x0003, 0x0003, 0x0003, 0x0003, 0x0003, 0x0003, 0x0003,
    0x0003, 0x0004, 0x0004, 0x0004, 0x0004, 0x0003, 0x0004, 0x0024, 0x0003, 0x0024, 0x1088, 0x1088,
    0x0887, 0x10A9, 0x1088, 0x0845, 0x0845, 0x0024, 0x0004, 0x0024, 0x0004, 0x0003, 0x0024, 0x0024,
    0x0024, 0x0003, 0x418E, 0x6A75, 0x418F, 0x312D, 0x314D, 0x394E, 0x394E, 0x394E, 0x394E, 0x394E,
    0x394E, 0x4190, 0x51D1, 0x51D1, 0x59F1, 0x59F1, 0x59F1, 0x51D1, 0x6A32, 0x8273, 0x6211, 0x5A11,
    0x6A32, 0x59F1, 0x498F, 0x49B0, 0x51B0, 0x59F1, 0x5A11, 0x59F1, 0x6212, 0x6212, 0x59F1, 0x51D1,
    0x6A53, 0x8AD5, 0x8AD5, 0x8AD5, 0x8AF5, 0x8AF5, 0x8AF5, 0x82D5, 0x82D5, 0x8AF5, 0x9336, 0xA396,
    0x9336, 0x9336, 0x9335, 0x9335, 0x9335, 0x9335, 0x9315, 0x9315, 0x92F5, 0x92F5, 0x9315, 0x9B35,
    0x9B56, 0x9B55, 0x9B36, 0x9315, 0x9B35, 0x9B35, 0x9315, 0x9B15, 0xB355, 0xCB94, 0x9B35, 0x9B35,
    0xB3B5, 0xC3F6, 0xC3D6, 0xC3D6, 0xBBD6, 0xC416, 0xDC75, 0xF474, 0xFC73, 0xF453, 0xEC34, 0xFC53,
    0xFC72, 0xFC73, 0xFC72, 0xB355, 0x9B35, 0xA335, 0xA336, 0x9B36, 0xC3F7, 0xABB6, 0x9B76, 0xAB96,
    0xCC58, 0xCC38, 0xBB97, 0x7A93, 0x51D1, 0x59F2, 0x4990, 0x416D, 0x59F0, 0x312B, 0x0003, 0x0024,
    0x0024, 0x0003, 0x0023, 0x1886, 0x0023, 0x0004, 0x0004, 0x0004, 0x0003, 0x0004, 0x0004, 0x0023,
    0x0004, 0x0004, 0x0024, 0x0004, 0x0024, 0x0024, 0x0004, 0x0004, 0x0004, 0x0004, 0x0004, 0x0004,
    0x0024, 0x0024, 0x0004, 0x0024, 0x0004, 0x0004, 0x0004, 0x0004, 0x0004, 0x0004, 0x0004, 0x0024,
    0x0024, 0x0004, 0x0024, 0x0024, 0x0003, 0x0024, 0x0004, 0x0024, 0x0024, 0x0003, 0x0024, 0x0024,
    0x0003, 0x18C8, 0x314C, 0x20E9, 0x0886, 0x0887, 0x0887, 0x0886, 0x0886, 0x0886, 0x0886, 0x0886,
    0x0886, 0x0886, 0x0886, 0x0886, 0x0886, 0x0886, 0x0886, 0x0886, 0x0886, 0x0887, 0x0887, 0x0887,
    0x0886, 0x0886, 0x0887, 0x0887, 0x0887, 0x0886, 0x0887, 0x0887, 0x0887, 0x0886, 0x0886, 0x0886,
    0x0886, 0x0886, 0x0887, 0x0886, 0x0887, 0x0887, 0x0886, 0x0887, 0x0887, 0x0887, 0x0886, 0x0886,
    0x0886, 0x0886, 0x0886, 0x0886, 0x0886, 0x0887, 0x0887, 0x0887, 0x0887, 0x0886, 0x0886, 0x0886,
    0x0886, 0x0886, 0x0886, 0x0886, 0x0886, 0x0886, 0x0886, 0x0886, 0x0886, 0x0886, 0x0886, 0x0886,
    0x0886, 0x0886, 0x0886, 0x0886, 0x0886, 0x0886, 0x0886, 0x0886, 0x0886, 0x0886, 0x0886, 0x0886,
    0x0886, 0x0886, 0x0886, 0x0886, 0x0886, 0x0886, 0x0886, 0x0886, 0x0886, 0x0886, 0x0886, 0x0886,
    0x0886, 0x0887, 0x0887, 0x0886, 0x10A7, 0x210A, 0x314B, 0x20E8, 0x0023, 0x0003, 0x0024, 0x0004,
    0x0003, 0x0003, 0x0023, 0x0004, 0x0003, 0x0003, 0x0003, 0x0003, 0x0003, 0x0004, 0x0004, 0x0003,
    0x0024, 0x0004, 0x0003, 0x0004, 0x0004, 0x0004, 0x0024, 0x0024, 0x0003, 0x0024, 0x0004, 0x0003,
    0x0003, 0x0003, 0x0003, 0x0003, 0x0003, 0x0003, 0x0003, 0x0003, 0x0003, 0x0003, 0x0003, 0x0024,
    0x0003, 0x0003, 0x0024, 0x0003, 0x0846, 0x0867, 0x0888, 0x0887, 0x1088, 0x1088, 0x1088, 0x1088,
    0x1088, 0x0867, 0x0024, 0x0024, 0x0003, 0x0003, 0x0023, 0x0024, 0x0003, 0x18A8, 0x5A12, 0x396E,
    0x292D, 0x314D, 0x394E, 0x394E, 0x394E, 0x394E, 0x394E, 0x394E, 0x416F, 0x51D1, 0x51D1, 0x51D1,
    0x51F1, 0x59F1, 0x51F1, 0x51D1, 0x51B0, 0x6A12, 0x6212, 0x51F1, 0x5A11, 0x6232, 0x51D0, 0x51B0,
    0x49B0, 0x49B0, 0x51D0, 0x59D1, 0x59F1, 0x51D1, 0x51D1, 0x6212, 0x82D5, 0x8AF5, 0x8AF5, 0x8AF5,
    0x82D5, 0x82D5, 0x8AD5, 0x9315, 0x8AF5, 0x9315, 0x9315, 0x8B15, 0x9335, 0x9315, 0x8AF5, 0x8AF5,
    0x8B15, 0x9335, 0x9315, 0x9315, 0x9315, 0x9315, 0x9315, 0x9335, 0x9335, 0x9336, 0x9315, 0x9315,
    0x9315, 0x9315, 0x9315, 0x92F5, 0x8AF5, 0xA355, 0xA375, 0x9B35, 0x9B55, 0xBBD6, 0xBBD6, 0xB3B6,
    0xC3D6, 0xC3D6, 0xB3B6, 0xBB95, 0xE3F4, 0xFC33, 0xF414, 0xFC53, 0xFC92, 0xFC72, 0xFC72, 0xAB75,
    0x9B35, 0xA335, 0xA356, 0xA356, 0xABB6, 0xA396, 0xA396, 0x9B76, 0x9B56, 0xAB76, 0xBBB7, 0xAB77,
    0x7273, 0x49B0, 0x6232, 0x7274, 0x7AB6, 0x7293, 0x51EE, 0x1065, 0x0003, 0x0023, 0x0003, 0x0003,
    0x0024, 0x0024, 0x0024, 0x0003, 0x0003, 0x0003, 0x0004, 0x0004, 0x0023, 0x0004, 0x0024, 0x0004,
    0x0004, 0x0004, 0x0004, 0x0003, 0x0004, 0x0024, 0x0004, 0x0004, 0x0024, 0x0004, 0x0003, 0x0024,
    0x0024, 0x0024, 0x0024, 0x0004, 0x0024, 0x0024, 0x0004, 0x0004, 0x0024, 0x0024, 0x0004, 0x0004,
    0x0023, 0x0024, 0x0004, 0x0003, 0x0024, 0x0024, 0x0024, 0x0003, 0x1086, 0x314C, 0x18E9, 0x10A7,
    0x08A7, 0x0886, 0x0886, 0x0886, 0x0886, 0x0886, 0x0886, 0x0886, 0x0886, 0x0886, 0x0886, 0x0886,
    0x0886, 0x0886, 0x0886, 0x0886, 0x0886, 0x0886, 0x0886, 0x0886, 0x0887, 0x0886, 0x0887, 0x0887,
    0x0886, 0x0886, 0x0886, 0x0886, 0x0886, 0x0886, 0x0886, 0x0886, 0x0886, 0x0886, 0x0886, 0x0887,
    0x0887, 0x0887, 0x0887, 0x0887, 0x0887, 0x0886, 0x0886, 0x0886, 0x0886, 0x0886, 0x0886, 0x0886,
    0x0887, 0x0886, 0x0887, 0x0887, 0x0886, 0x0886, 0x0886, 0x0886, 0x0886, 0x0886, 0x0886, 0x0886,
    0x0886, 0x0886, 0x0886, 0x0886, 0x0886, 0x0886, 0x0886, 0x0886, 0x0886, 0x0886, 0x0886, 0x0886,
    0x0886, 0x0886, 0x0886, 0x0886, 0x0886, 0x0886, 0x0886, 0x0886, 0x0886, 0x0886, 0x0886, 0x0886,
    0x0886, 0x0886, 0x0886, 0x0886, 0x0886, 0x0886, 0x0886, 0x0886, 0x0886, 0x0886, 0x0886, 0x10A7,
    0x10A7, 0x08A6, 0x18E8, 0x294B, 0x20E8, 0x0023, 0x0003, 0x0024, 0x0024, 0x0024, 0x0004, 0x0024,
    0x0003, 0x0004, 0x0024, 0x0003, 0x0004, 0x0003, 0x0004, 0x0003, 0x0004, 0x0004, 0x0004, 0x0024,
    0x0024, 0x0024, 0x0024, 0x0024, 0x0004, 0x0004, 0x0004, 0x0003, 0x0003, 0x0003, 0x0024, 0x0003,
    0x0003, 0x0003, 0x0003, 0x0003, 0x0003, 0x0003, 0x0004, 0x0003, 0x0003, 0x0004, 0x0003, 0x0846,
    0x1089, 0x1088, 0x1088, 0x0888, 0x0888, 0x0887, 0x0887, 0x0887, 0x0887, 0x0846, 0x0024, 0x0024,
    0x0024, 0x0004, 0x0024, 0x0024, 0x18A8, 0x5A13, 0x396F, 0x20EB, 0x290C, 0x394E, 0x394E, 0x394E,
    0x394E, 0x394E, 0x394E, 0x394E, 0x49B0, 0x51F1, 0x51D1, 0x51D1, 0x51D1, 0x59F1, 0x59F1, 0x59F1,
    0x51D1, 0x51D1, 0x51F1, 0x59F1, 0x59F1, 0x6212, 0x51D0, 0x51D0, 0x51D0, 0x51B0, 0x416F, 0x416E,
    0x418F, 0x51B0, 0x51B0, 0x6232, 0x7A94, 0x7AB4, 0x7AB4, 0x9B55, 0xBB95, 0x8AD5, 0x8AD5, 0x9B15,
    0x8AF5, 0x9315, 0x9315, 0x8B15, 0x8AF5, 0x82F5, 0x8AD5, 0x82D5, 0x8AF5, 0x82D5, 0x8AF5, 0x9315,
    0x9315, 0x8B15, 0x8B15, 0x9315, 0x9315, 0x9315, 0x9315, 0x92F5, 0x92F5, 0x92F5, 0x9315, 0x9315,
    0x9B15, 0x9B15, 0x9B35, 0x9B35, 0x9B35, 0xA355, 0xA355, 0x9B35, 0xAB55, 0xAB55, 0xA355, 0x9B35,
    0xA355, 0xEBF3, 0xFC33, 0xFC72, 0xFC92, 0xFCD3, 0xD435, 0xA356, 0xA355, 0xA356, 0xA356, 0x9B36,
    0x9B56, 0x9B56, 0x9B56, 0x9B56, 0x9B35, 0x9315, 0xAB96, 0xA377, 0x9315, 0x5A11, 0x7274, 0x82D5,
    0x6A53, 0x6233, 0x7AB5, 0x620F, 0x0023, 0x0024, 0x0024, 0x0024, 0x0024, 0x0024, 0x0003, 0x0003,
    0x0003, 0x0003, 0x0004, 0x0004, 0x0004, 0x0024, 0x0004, 0x0003, 0x0004, 0x0024, 0x0024, 0x0004,
    0x0024, 0x0004, 0x0004, 0x0004, 0x0004, 0x0004, 0x0003, 0x0024, 0x0023, 0x0024, 0x0024, 0x0003,
    0x0024, 0x0004, 0x0004, 0x0024, 0x0004, 0x0024, 0x0003, 0x0003, 0x0024, 0x0003, 0x0003, 0x0003,
    0x0003, 0x0024, 0x0023, 0x0865, 0x292A, 0x20E9, 0x0886, 0x08A7, 0x0887, 0x0886, 0x0886, 0x0886,
    0x0886, 0x0886, 0x0886, 0x0886, 0x0886, 0x0886, 0x0886, 0x0887, 0x0886, 0x0886, 0x0886, 0x0886,
    0x0887, 0x0887, 0x0886, 0x0886, 0x0887, 0x0886, 0x0886, 0x0887, 0x0886, 0x0886, 0x0886, 0x0886,
    0x0886, 0x0886, 0x0886, 0x0887, 0x0887, 0x0886, 0x0886, 0x0886, 0x0887, 0x0887, 0x08A7, 0x0887,
    0x0887, 0x0887, 0x0887, 0x0886, 0x0886, 0x0887, 0x0886, 0x0887, 0x0886, 0x0886, 0x0887, 0x0886,
    0x0886, 0x0886, 0x0886, 0x0886, 0x0886, 0x0886, 0x0886, 0x0886, 0x0886, 0x0886, 0x0886, 0x0887,
    0x0886, 0x0886, 0x0886, 0x0886, 0x0886, 0x0886, 0x0886, 0x0886, 0x0886, 0x0886, 0x0886, 0x0886,
    0x0886, 0x0886, 0x0886, 0x0886, 0x0886, 0x0886, 0x0886, 0x0886, 0x0886, 0x0886, 0x0886, 0x0886,
    0x0886, 0x0886, 0x0886, 0x0886, 0x0886, 0x0886, 0x0886, 0x0886, 0x0887, 0x0886, 0x08A6, 0x210A,
    0x314C, 0x18C8, 0x0024, 0x0024, 0x0024, 0x0024, 0x0004, 0x0003, 0x0003, 0x0004, 0x0003, 0x0003,
    0x0004, 0x0004, 0x0004, 0x0004, 0x0004, 0x0004, 0x0004, 0x0004, 0x0024, 0x0024, 0x0004, 0x0024,
    0x0024, 0x0004, 0x0004, 0x0003, 0x0024, 0x0003, 0x0003, 0x0003, 0x0003, 0x0004, 0x0024, 0x0024,
    0x0003, 0x0003, 0x0004, 0x0024, 0x0024, 0x0023, 0x0003, 0x0024, 0x0025, 0x0045, 0x0045, 0x0867,
    0x1088, 0x1088, 0x0866, 0x0025, 0x0025, 0x0004, 0x0024, 0x0024, 0x0024, 0x0024, 0x0023, 0x0844,
    0x51F2, 0x51D2, 0x290C, 0x290C, 0x312D, 0x312D, 0x312D, 0x394E, 0x394E, 0x394E, 0x394E, 0x394E,
    0x49B0, 0x51D1, 0x51F1, 0x59F1, 0x51F1, 0x51D1, 0xAAF1, 0x51B1, 0x51D1, 0x59F1, 0x59F1, 0x59F1,
    0x59F1, 0x51D0, 0x51B0, 0x51B0, 0x49B0, 0x418F, 0x49B0, 0x51B0, 0x51D0, 0x59F1, 0x59F1, 0x6232,
    0x7273, 0x7294, 0x7274, 0x82D4, 0x9315, 0x9B16, 0x8AF5, 0x82D5, 0x8AF5, 0x9315, 0x8AF5, 0x8AF5,
    0x82D5, 0x82D5, 0x82D5, 0x82D5, 0x82D5, 0xA354, 0x92F4, 0x92F5, 0x9315, 0x9315, 0x9315, 0x92F5,
    0x92F5, 0x92F5, 0x9B15, 0x9B15, 0x9B15, 0x9B15, 0x9B15, 0x9B15, 0x9B35, 0x9B35, 0x9B15, 0x9B15,
    0x9B35, 0x9B15, 0x9B15, 0x9B15, 0x9B35, 0xE493, 0xC3F4, 0x9B55, 0xA375, 0xAB96, 0xD3F5, 0xFC73,
    0xD3F5, 0xBBB5, 0xA356, 0x9B36, 0x9B35, 0x9315, 0x9315, 0x9315, 0x9B35, 0x9B36, 0x9B36, 0x9B35,
    0x9B55, 0x9B56, 0x9B36, 0x9B36, 0xA356, 0x8AF5, 0x7294, 0x82D5, 0x82B4, 0x7273, 0x59F2, 0x7274,
    0x498D, 0x0003, 0x0025, 0x0024, 0x0024, 0x0003, 0x0003, 0x0003, 0x0024, 0x0003, 0x0003, 0x0003,
    0x0024, 0x0024, 0x0003, 0x0004, 0x0004, 0x0024, 0x0004, 0x0004, 0x0004, 0x0004, 0x0024, 0x0003,
    0x0004, 0x0003, 0x0024, 0x0024, 0x0004, 0x0024, 0x0024, 0x0024, 0x0024, 0x0004, 0x0024, 0x0004,
    0x0003, 0x0004, 0x0004, 0x0024, 0x0023, 0x0004, 0x0004, 0x0024, 0x0003, 0x0024, 0x0003, 0x210A,
    0x210A, 0x10A7, 0x08A7, 0x0886, 0x0886, 0x0886, 0x0886, 0x0886, 0x0886, 0x0886, 0x0886, 0x0886,
    0x0886, 0x0886, 0x0886, 0x10A7, 0x10A7, 0x10A7, 0x10A7, 0x10A7, 0x0887, 0x0887, 0x0886, 0x0886,
    0x0886, 0x0886, 0x0886, 0x0886, 0x0886, 0x0886, 0x0886, 0x0887, 0x0887, 0x0887, 0x0887, 0x0887,
    0x0886, 0x0887, 0x0887, 0x0887, 0x0887, 0x0887, 0x0887, 0x0887, 0x0887, 0x0887, 0x0887, 0x0886,
    0x0886, 0x0887, 0x0887, 0x0887, 0x0886, 0x0886, 0x0887, 0x0886, 0x0886, 0x0887, 0x0887, 0x0886,
    0x0886, 0x0886, 0x0886, 0x0886, 0x0886, 0x0886, 0x0886, 0x0887, 0x0886, 0x0886, 0x0886, 0x0886,
    0x0886, 0x0886, 0x0886, 0x0886, 0x0886, 0x0886, 0x0886, 0x0886, 0x0886, 0x0886, 0x0886, 0x0886,
    0x0886, 0x0886, 0x0886, 0x0886, 0x0886, 0x0886, 0x0886, 0x0886, 0x0886, 0x0886, 0x0886, 0x0886,
    0x0886, 0x0886, 0x0886, 0x0886, 0x0886, 0x0887, 0x08A7, 0x10A7, 0x210A, 0x314C, 0x10A7, 0x0003,
    0x0024, 0x0004, 0x0004, 0x0003, 0x0004, 0x0003, 0x0003, 0x0003, 0x0003, 0x0004, 0x0004, 0x0004,
    0x0004, 0x0004, 0x0004, 0x0004, 0x0024, 0x0004, 0x0024, 0x0024, 0x0024, 0x0024, 0x0004, 0x0003,
    0x0004, 0x0003, 0x0003, 0x0003, 0x0004, 0x0004, 0x0003, 0x0002, 0x0024, 0x0003, 0x0003, 0x0024,
    0x0003, 0x0023, 0x0003, 0x0003, 0x0003, 0x0024, 0x0003, 0x0024, 0x0025, 0x0025, 0x0024, 0x0004,
    0x0004, 0x0004, 0x0003, 0x0003, 0x0023, 0x0003, 0x0865, 0x51F1, 0x51F2, 0x290C, 0x20EB, 0x20EB,
    0x312E, 0x312D, 0x312D, 0x312E, 0x394E, 0x394E, 0x394E, 0x416F, 0x49B0, 0x49B0, 0x51D0, 0x59F1,
    0x59F1, 0xAB52, 0xED53, 0xA310, 0x51D1, 0x59F1, 0x59F1, 0x59F1, 0x59F1, 0x49B0, 0x49B0, 0x416F,
    0x416F, 0x51D0, 0x59F1, 0x6212, 0x59F1, 0x59F1, 0x59F1, 0x5A12, 0x6232, 0x7273, 0x7273, 0x7273,
    0x7273, 0x7AB4, 0x8AD5, 0x8AD5, 0x82D5, 0x82D5, 0x82D5, 0x82D5, 0x82D5, 0x82D5, 0x82D5, 0x82B5,
    0x9335, 0xF4F2, 0xC3F3, 0x8AF5, 0x9335, 0x9315, 0x92F5, 0x9AF5, 0x9AF5, 0x9B15, 0x9B15, 0x9B15,
    0x9B15, 0xA315, 0xA315, 0xA335, 0xA335, 0xA335, 0xA335, 0x9B15, 0x9B15, 0x9B15, 0x9B15, 0x9B15,
    0x9B35, 0xC3F5, 0xBBF5, 0x9B35, 0x9B35, 0x9B36, 0xA356, 0xAB75, 0xA375, 0x9B15, 0x9315, 0xA356,
    0x9B36, 0x8AF5, 0x8AF5, 0x8AF5, 0x8AF5, 0x8AF5, 0x9B15, 0x9B36, 0x9B35, 0x9316, 0xC3F4, 0xB395,
    0x9B57, 0xA357, 0x7294, 0x7A94, 0x82B5, 0x82D5, 0x6A53, 0x51D1, 0x6A74, 0x312A, 0x0003, 0x0024,
    0x0023, 0x0003, 0x0003, 0x0024, 0x0024, 0x0024, 0x0846, 0x0025, 0x0023, 0x0024, 0x0024, 0x0024,
    0x0003, 0x0023, 0x0003, 0x0024, 0x0004, 0x0004, 0x0024, 0x0004, 0x0004, 0x0003, 0x0024, 0x0004,
    0x0003, 0x0024, 0x0024, 0x0004, 0x0003, 0x0024, 0x0024, 0x0004, 0x0004, 0x0004, 0x0004, 0x0004,
    0x0003, 0x0003, 0x0003, 0x0024, 0x0024, 0x0023, 0x1086, 0x292B, 0x18C8, 0x0886, 0x08A6, 0x0886,
    0x0886, 0x0886, 0x0886, 0x0886, 0x0886, 0x0886, 0x0886, 0x0886, 0x0886, 0x10A7, 0x10A7, 0x0866,
    0x0066, 0x0086, 0x0066, 0x0866, 0x0887, 0x10A7, 0x08A7, 0x0886, 0x0886, 0x0886, 0x0886, 0x0886,
    0x0886, 0x0886, 0x0886, 0x0886, 0x0886, 0x0887, 0x0887, 0x0887, 0x0887, 0x0887, 0x0886, 0x0886,
    0x0887, 0x0887, 0x0887, 0x0887, 0x0887, 0x0887, 0x0887, 0x0886, 0x0887, 0x0887, 0x0887, 0x0887,
    0x0886, 0x0886, 0x0886, 0x0886, 0x0886, 0x0886, 0x0886, 0x0886, 0x0886, 0x0886, 0x0886, 0x0886,
    0x0886, 0x0886, 0x0886, 0x0886, 0x0886, 0x0886, 0x0886, 0x0886, 0x0886, 0x0886, 0x0886, 0x0886,
    0x0886, 0x0886, 0x0886, 0x0886, 0x0886, 0x0886, 0x0886, 0x0886, 0x0886, 0x0886, 0x0886, 0x0886,
    0x0886, 0x0887, 0x0886, 0x0886, 0x0886, 0x0886, 0x0886, 0x0886, 0x0886, 0x0886, 0x0886, 0x0886,
    0x0886, 0x0886, 0x08A7, 0x0886, 0x18C8, 0x294C, 0x10A7, 0x0003, 0x0024, 0x0003, 0x0003, 0x0004,
    0x0003, 0x0003, 0x0003, 0x0003, 0x0004, 0x0004, 0x0004, 0x0004, 0x0004, 0x0024, 0x0004, 0x0004,
    0x0024, 0x0004, 0x0004, 0x0024, 0x0024, 0x0004, 0x0004, 0x0003, 0x0003, 0x0003, 0x0003, 0x0004,
    0x0024, 0x0002, 0x39CB, 0x8393, 0x0003, 0x0024, 0x0003, 0x0024, 0x0003, 0x0003, 0x0003, 0x0003,
    0x0024, 0x0024, 0x0024, 0x0004, 0x0004, 0x0004, 0x0024, 0x0024, 0x0024, 0x0003, 0x0003, 0x0003,
    0x0003, 0x0003, 0x0844, 0x6A55, 0x4190, 0x18CA, 0x20EA, 0x290C, 0x312D, 0x312D, 0x312E, 0x394E,
    0x394E, 0x394E, 0x394E, 0x394E, 0x416F, 0x498F, 0x49B0, 0x51D0, 0x51D0, 0x82B1, 0xDCB3, 0x8AB1,
    0x51D1, 0x51D1, 0x51D1, 0x51D1, 0x51B0, 0x49AF, 0x416E, 0x418F, 0x51D1, 0x59F1, 0x59F1, 0x59F1,
    0x61F2, 0x61F2, 0x59F1, 0x5A11, 0x59F1, 0x5A12, 0x6A53, 0x7273, 0x7273, 0x7273, 0x7A94, 0x82D5,
    0x82D5, 0x82B5, 0x82B5, 0x82B5, 0x82D5, 0x82D5, 0x82D5, 0x82D5, 0x82D5, 0xBBF4, 0xA355, 0x9315,
    0x9B35, 0x9B15, 0x9B15, 0xA315, 0xA315, 0xA315, 0xA315, 0xA335, 0xA335, 0xAB35, 0xAB35, 0xA335,
    0xA335, 0xA335, 0xA335, 0xA335, 0xA335, 0xA335, 0xA335, 0xA335, 0x9B35, 0x9315, 0x9B15, 0x9315,
    0x9315, 0x9B15, 0xA335, 0xD3F4, 0x9B35, 0x9B35, 0x9B55, 0xA376, 0xD475, 0xD454, 0x82F5, 0x82D5,
    0x82B4, 0x82D5, 0x9315, 0x9B56, 0x9316, 0xB354, 0xF5D3, 0xED74, 0xB375, 0x9B36, 0x7A94, 0x7A94,
    0x82B4, 0x9AF5, 0x7AB4, 0x59F1, 0x6254, 0x6A93, 0x1065, 0x0003, 0x0023, 0x0003, 0x0024, 0x0003,
    0x0025, 0x0888, 0x1089, 0x1087, 0x0044, 0x0023, 0x0024, 0x0024, 0x0023, 0x0003, 0x0003, 0x0004,
    0x0004, 0x0024, 0x0004, 0x0004, 0x0003, 0x0003, 0x0003, 0x0003, 0x0004, 0x0004, 0x0004, 0x0003,
    0x0003, 0x0004, 0x0004, 0x0024, 0x0024, 0x0004, 0x0004, 0x0004, 0x0003, 0x0003, 0x0003, 0x0024,
    0x0024, 0x0003, 0x210A, 0x292B, 0x0886, 0x0886, 0x0886, 0x0886, 0x0886, 0x0866, 0x10A7, 0x0887,
    0x0886, 0x0886, 0x0886, 0x1087, 0x0886, 0x0065, 0x0066, 0x2909, 0x396B, 0x396B, 0x41AC, 0x316B,
    0x10A7, 0x0886, 0x0886, 0x10A7, 0x0886, 0x0886, 0x0886, 0x0886, 0x0886, 0x0886, 0x0886, 0x0886,
    0x0886, 0x0886, 0x0886, 0x0887, 0x0887, 0x0886, 0x0886, 0x0886, 0x0887, 0x0887, 0x0887, 0x0887,
    0x0886, 0x0886, 0x0886, 0x0886, 0x0886, 0x0886, 0x0886, 0x0886, 0x0886, 0x0886, 0x0886, 0x0886,
    0x0886, 0x0886, 0x0886, 0x0886, 0x0886, 0x0886, 0x0886, 0x0886, 0x0886, 0x0887, 0x0887, 0x0886,
    0x0886, 0x0886, 0x0886, 0x0886, 0x0887, 0x0886, 0x0886, 0x0886, 0x0886, 0x0886, 0x0886, 0x0886,
    0x0886, 0x0886, 0x0886, 0x0886, 0x0886, 0x0886, 0x0886, 0x0886, 0x0886, 0x0886, 0x0886, 0x0886,
    0x0886, 0x0886, 0x0886, 0x0886, 0x0886, 0x0886, 0x0886, 0x0887, 0x0887, 0x0886, 0x0887, 0x10A7,
    0x08A6, 0x294C, 0x18A8, 0x0003, 0x0024, 0x0003, 0x0003, 0x0004, 0x0003, 0x0003, 0x0003, 0x0003,
    0x0004, 0x0004, 0x0004, 0x0024, 0x0004, 0x0024, 0x0024, 0x0024, 0x0024, 0x0024, 0x0004, 0x0003,
    0x0003, 0x0003, 0x0003, 0x0023, 0x0003, 0x0003, 0x0003, 0x0003, 0x0024, 0x0003, 0x2108, 0x420C,
    0x0003, 0x0024, 0x0003, 0x0003, 0x0003, 0x0003, 0x0003, 0x0003, 0x0024, 0x0024, 0x0024, 0x0024,
    0x0024, 0x0024, 0x0004, 0x0003, 0x0024, 0x0003, 0x0023, 0x0024, 0x0004, 0x0024, 0x394D, 0x49B1,
    0x20CA, 0x20CA, 0x18CA, 0x20EB, 0x312D, 0x312D, 0x314E, 0x394E, 0x394E, 0x394E, 0x394E, 0x394E,
    0x394D, 0x416E, 0x498F, 0x498F, 0x49B0, 0x49B1, 0x6A11, 0x49B0, 0x51B0, 0x51B0, 0x51D0, 0x51D0,
    0x498F, 0x396E, 0x396E, 0x51D1, 0x59D1, 0x59F1, 0x59F1, 0x59F1, 0x59F1, 0x59F1, 0x59F1, 0x5A11,
    0x5A11, 0x6212, 0x6212, 0x7273, 0x7273, 0x7293, 0x7274, 0x7AB4, 0x82D5, 0x82B5, 0x82D5, 0x82D5,
    0x82D5, 0x8AD5, 0x8AD5, 0x8AF5, 0x8AD5, 0x8AF5, 0x92F5, 0x9B15, 0x9B35, 0x9B15, 0xA335, 0xA335,
    0xAB35, 0xAB55, 0xAB55, 0xAB55, 0xAB55, 0xAB55, 0xAB35, 0xAB35, 0xAB35, 0xAB35, 0xAB35, 0xAB55,
    0xAB55, 0xA355, 0xA335, 0xA335, 0xA335, 0x9B35, 0x9B15, 0x9B15, 0x9B15, 0x9B35, 0xC3B4, 0xEC34,
    0xCBF4, 0x9335, 0x9B55, 0x9B56, 0xEC93, 0xFC91, 0xC352, 0x7A94, 0x82B5, 0x82D5, 0x82F5, 0x9B56,
    0xA376, 0xA376, 0xE4D3, 0xD474, 0x9B16, 0x9B56, 0x7AB4, 0x7294, 0x7273, 0x82B4, 0x8AF5, 0x7294,
    0x59F2, 0x7AB5, 0x18A7, 0x0003, 0x0024, 0x0003, 0x0023, 0x0867, 0x0868, 0x1088, 0x0867, 0x1087,
    0x1088, 0x0044, 0x0003, 0x0023, 0x0023, 0x0023, 0x0003, 0x0003, 0x0003, 0x0004, 0x0003, 0x0004,
    0x0004, 0x0004, 0x0004, 0x0004, 0x0004, 0x0004, 0x0004, 0x0003, 0x0003, 0x0003, 0x0003, 0x0003,
    0x0004, 0x0024, 0x0024, 0x0004, 0x0003, 0x0003, 0x0004, 0x0024, 0x0024, 0x0003, 0x20E9, 0x18E9,
    0x10A7, 0x10A7, 0x10A7, 0x0886, 0x18C6, 0x1907, 0x0867, 0x10A7, 0x0886, 0x0886, 0x10A7, 0x0066,
    0x10A7, 0x49EE, 0x8B15, 0xABF9, 0xB3FA, 0x9338, 0x9338, 0x8B58, 0x7AF6, 0x5211, 0x18C8, 0x0886,
    0x10A7, 0x10A7, 0x0887, 0x0887, 0x0887, 0x0887, 0x1087, 0x0886, 0x0886, 0x0886, 0x0886, 0x0886,
    0x0886, 0x0886, 0x0886, 0x0887, 0x0886, 0x0887, 0x0886, 0x0887, 0x0886, 0x0886, 0x0886, 0x0886,
    0x0886, 0x0886, 0x0886, 0x0886, 0x0886, 0x0886, 0x0886, 0x0886, 0x0886, 0x0886, 0x0886, 0x0886,
    0x0886, 0x0886, 0x0886, 0x0886, 0x0886, 0x0886, 0x0886, 0x0886, 0x0886, 0x0886, 0x0886, 0x0887,
    0x0887, 0x0886, 0x0886, 0x0886, 0x0886, 0x0886, 0x0886, 0x0886, 0x0886, 0x0886, 0x0886, 0x0886,
    0x0886, 0x0886, 0x0886, 0x0886, 0x0886, 0x0886, 0x0886, 0x0886, 0x0886, 0x0886, 0x0886, 0x0886,
    0x0886, 0x0886, 0x0886, 0x0887, 0x0887, 0x0886, 0x0887, 0x0887, 0x0886, 0x294B, 0x10A7, 0x0002,
    0x0004, 0x0003, 0x0003, 0x0003, 0x0004, 0x0003, 0x0003, 0x0003, 0x0004, 0x0004, 0x0004, 0x0004,
    0x0004, 0x0004, 0x0024, 0x0024, 0x0004, 0x0024, 0x0003, 0x0003, 0x0004, 0x0024, 0x0024, 0x0024,
    0x0003, 0x0003, 0x0003, 0x0003, 0x0003, 0x0024, 0x0003, 0x0002, 0x0003, 0x0003, 0x0003, 0x0003,
    0x0003, 0x0023, 0x0003, 0x0004, 0x0024, 0x0024, 0x0024, 0x0024, 0x0004, 0x0024, 0x0003, 0x0003,
    0x0024, 0x0024, 0x0024, 0x0024, 0x0024, 0x0865, 0x5A13, 0x20EB, 0x18A9, 0x18CA, 0x18CA, 0x20EB,
    0x394E, 0x394E, 0x394E, 0x394E, 0x394E, 0x394E, 0x394E, 0x394E, 0x394E, 0x394E, 0x394D, 0x418F,
    0x49B0, 0x49B0, 0x4990, 0x51B0, 0x49B0, 0x51B0, 0x49B0, 0x418F, 0x416E, 0x394E, 0x49B0, 0x59D1,
    0x51D1, 0x59F1, 0x59F1, 0x59F1, 0x59F1, 0x61F1, 0x61F1, 0x6211, 0x6212, 0x6212, 0x5A12, 0x6232,
    0x7273, 0x7294, 0x7274, 0x7273, 0x82B5, 0x82D5, 0x82D5, 0x82D5, 0x8AF5, 0x8AF5, 0x8AF5, 0x92F5,
    0x92F5, 0x9B15, 0x9B15, 0x9B15, 0xA335, 0xA335, 0xAB35, 0xAB55, 0xB375, 0xB375, 0xB375, 0xB375,
    0xB354, 0xB354, 0xB355, 0xB354, 0xB355, 0xB354, 0xAB55, 0xAB55, 0xAB55, 0xAB55, 0xAB55, 0xA335,
    0xA335, 0xA335, 0xA335, 0x9B35, 0x9B35, 0xA355, 0xA375, 0xA375, 0xCBB5, 0x9B15, 0x9315, 0x9336,
    0x9315, 0xD3B3, 0xF413, 0xAB54, 0x82D5, 0x82D4, 0x82D5, 0x8AF5, 0xA356, 0x9B56, 0xAB75, 0xA355,
    0x9336, 0x8AF5, 0x7294, 0x7294, 0x7274, 0x82B5, 0x92F6, 0x82D5, 0x5A12, 0x59F2, 0x51AF, 0x0024,
    0x0024, 0x0024, 0x0024, 0x0045, 0x0867, 0x0867, 0x1067, 0x1087, 0x1088, 0x0867, 0x0845, 0x0003,
    0x0024, 0x0024, 0x0003, 0x0003, 0x0004, 0x0003, 0x0003, 0x0004, 0x0024, 0x0004, 0x0004, 0x0004,
    0x0004, 0x0004, 0x0024, 0x0024, 0x0004, 0x0024, 0x0024, 0x0003, 0x0004, 0x0024, 0x0004, 0x0004,
    0x0024, 0x0004, 0x0024, 0x0024, 0x0003, 0x18A7, 0x292A, 0x10A6, 0x0886, 0x10A7, 0x10C7, 0x0867,
    0x8BEE, 0xB4CE, 0x0025, 0x0886, 0x0886, 0x10A7, 0x0065, 0x316B, 0xB478, 0xDD3C, 0xBC5B, 0xB41A,
    0xAC1A, 0xA399, 0x82F7, 0x82F7, 0x82F8, 0x82F8, 0x6254, 0x314D, 0x10C8, 0x10A7, 0x0886, 0x0886,
    0x0886, 0x0045, 0x0045, 0x0866, 0x0887, 0x0887, 0x0886, 0x0886, 0x0886, 0x0887, 0x0886, 0x0887,
    0x0886, 0x0886, 0x0886, 0x0887, 0x0886, 0x0886, 0x0887, 0x0886, 0x0886, 0x0886, 0x0886, 0x0886,
    0x0886, 0x0886, 0x0886, 0x0886, 0x0886, 0x0886, 0x0886, 0x0886, 0x0886, 0x0886, 0x0886, 0x0886,
    0x0886, 0x0886, 0x0887, 0x0886, 0x0886, 0x0886, 0x0886, 0x0887, 0x0886, 0x0886, 0x0886, 0x0886,
    0x0886, 0x0886, 0x0886, 0x0886, 0x0886, 0x0886, 0x0886, 0x0886, 0x0886, 0x0886, 0x0886, 0x0886,
    0x0886, 0x0886, 0x0886, 0x0886, 0x0886, 0x0886, 0x0886, 0x0886, 0x0886, 0x0886, 0x0886, 0x0886,
    0x0886, 0x0886, 0x0887, 0x0887, 0x0886, 0x10A8, 0x210A, 0x18A7, 0x0023, 0x0004, 0x0003, 0x0004,
    0x0004, 0x0003, 0x0003, 0x0003, 0x0004, 0x0004, 0x0004, 0x0004, 0x0024, 0x0004, 0x0024, 0x0004,
    0x0024, 0x0004, 0x0003, 0x0003, 0x0004, 0x0024, 0x0024, 0x0024, 0x0024, 0x0003, 0x0004, 0x0003,
    0x0003, 0x0003, 0x0024, 0x0024, 0x0003, 0x0003, 0x0003, 0x0003, 0x0003, 0x0003, 0x0003, 0x0003,
    0x0024, 0x0004, 0x0024, 0x0003, 0x0003, 0x0002, 0x0002, 0x0003, 0x0024, 0x0024, 0x0024, 0x0024,
    0x0003, 0x0844, 0x49D1, 0x18CA, 0x18CA, 0x18CA, 0x18CA, 0x20EB, 0x292C, 0x394E, 0x394E, 0x394E,
    0x394E, 0x394E, 0x394E, 0x394D, 0x312D, 0x392E, 0x392E, 0x394E, 0x418F, 0x498F, 0x498F, 0x498F,
    0x49B0, 0x4990, 0x416E, 0x396E, 0x396E, 0x396E, 0x51D1, 0x51D1, 0x59F1, 0x59F1, 0x59F1, 0x59F1,
    0x59F1, 0x61F1, 0x61F2, 0x6212, 0x6212, 0x6212, 0x6212, 0x5A12, 0x6A53, 0x7273, 0x7273, 0x7273,
    0x7AB4, 0x82D5, 0x82D5, 0x8AD5, 0x8AF5, 0x92F5, 0x9315, 0x9B15, 0x9B15, 0xA335, 0xA335, 0xA335,
    0xAB35, 0xAB55, 0xB375, 0xB375, 0xB375, 0xBB74, 0xBB74, 0xBB74, 0xBB74, 0xBB74, 0xBB74, 0xBB74,
    0xBB74, 0xBB74, 0xB374, 0xB375, 0xAB55, 0xAB55, 0xAB55, 0xAB55, 0xAB55, 0xAB55, 0xA335, 0xA335,
    0x9B35, 0x9B35, 0x9B35, 0x9315, 0x92F5, 0x92F5, 0x9315, 0x9315, 0x8B15, 0x9335, 0xBBD5, 0xC3D5,
    0x82D5, 0x82D4, 0x82D5, 0x82B5, 0x82B4, 0x8AF5, 0x8AF5, 0x9336, 0x9336, 0x72B4, 0x7294, 0x7274,
    0x7294, 0x82D5, 0x9B16, 0x8AB4, 0x51D1, 0x49B0, 0x6211, 0x0045, 0x0024, 0x0024, 0x0024, 0x0003,
    0x0024, 0x0867, 0x1088, 0x1088, 0x1068, 0x1088, 0x18AA, 0x10A9, 0x0024, 0x0004, 0x0004, 0x0024,
    0x0024, 0x0004, 0x0024, 0x0004, 0x0003, 0x0004, 0x0004, 0x0024, 0x0024, 0x0004, 0x0004, 0x0024,
    0x0024, 0x0024, 0x0004, 0x0024, 0x0024, 0x0004, 0x0004, 0x0024, 0x0024, 0x0003, 0x0024, 0x0024,
    0x0002, 0x20E8, 0x18E9, 0x0886, 0x10A6, 0x0886, 0x10A6, 0x9C4E, 0xFEF3, 0xFEF3, 0xBD0F, 0x18C6,
    0x0886, 0x0044, 0x49ED, 0xD4BC, 0xE55B, 0xDD3A, 0xD4FA, 0xB45A, 0xB43A, 0xB41A, 0xABD9, 0x9358,
    0x82F7, 0x7AD6, 0x7AD6, 0x6255, 0x396F, 0x10A7, 0x18C9, 0x314D, 0x398F, 0x6271, 0x72B2, 0x396B,
    0x0866, 0x0866, 0x0886, 0x0886, 0x0886, 0x0886, 0x0886, 0x0887, 0x0887, 0x0887, 0x0886, 0x0886,
    0x0886, 0x0886, 0x0886, 0x0886, 0x0886, 0x0886, 0x0886, 0x0886, 0x0886, 0x0886, 0x0886, 0x0886,
    0x0886, 0x0886, 0x0886, 0x0886, 0x0886, 0x0886, 0x0886, 0x0886, 0x0886, 0x0886, 0x0886, 0x0886,
    0x0886, 0x0886, 0x0886, 0x0886, 0x0886, 0x0887, 0x0887, 0x0886, 0x0886, 0x0887, 0x0886, 0x0886,
    0x0886, 0x0886, 0x0886, 0x0886, 0x0886, 0x0886, 0x0887, 0x0886, 0x0886, 0x0886, 0x0886, 0x0886,
    0x0886, 0x0886, 0x0886, 0x0886, 0x0886, 0x0886, 0x0886, 0x0886, 0x0886, 0x0886, 0x0887, 0x0887,
    0x0887, 0x0887, 0x292B, 0x210A, 0x0003, 0x0024, 0x0024, 0x0024, 0x0003, 0x0003, 0x0003, 0x0003,
    0x0004, 0x0004, 0x0003, 0x0004, 0x0024, 0x0004, 0x0024, 0x0004, 0x0024, 0x0003, 0x0004, 0x0004,
    0x0024, 0x0024, 0x0004, 0x0024, 0x0004, 0x0003, 0x0004, 0x0004, 0x0003, 0x0003, 0x0023, 0x0003,
    0x0003, 0x0003, 0x0003, 0x0003, 0x0003, 0x0003, 0x0003, 0x0023, 0x0003, 0x0023, 0x0003, 0x1087,
    0x18A9, 0x1087, 0x1088, 0x1088, 0x0024, 0x0024, 0x0023, 0x0003, 0x0023, 0x392C, 0x41B0, 0x18C9,
    0x20CA, 0x18CA, 0x18CA, 0x20EA, 0x20EA, 0x290C, 0x394D, 0x394D, 0x394E, 0x394E, 0x312C, 0x20EB,
    0x312D, 0x394E, 0x394E, 0x394E, 0x394E, 0x416F, 0x498F, 0x418F, 0x498F, 0x394E, 0x394E, 0x394E,
    0x394E, 0x394E, 0x51D0, 0x51D1, 0x59F1, 0x59F1, 0x59F1, 0x59F1, 0x59F1, 0x61F2, 0x61F2, 0x6212,
    0x6212, 0x6212, 0x6212, 0x59F2, 0x6A53, 0x7273, 0x7273, 0x7294, 0x82D5, 0x8AD5, 0x8AF5, 0x8AF5,
    0x9315, 0x9315, 0x9B15, 0x9B15, 0xA335, 0xA335, 0xAB35, 0xAB55, 0xB355, 0xB375, 0xBB94, 0xBB94,
    0xBB74, 0xBB74, 0xBB74, 0xBB94, 0xC394, 0xC394, 0xC394, 0xC394, 0xBB94, 0xBB94, 0xBB74, 0xB374,
    0xB374, 0xB375, 0xB375, 0xB375, 0xB355, 0xAB55, 0xAB55, 0xAB55, 0xA355, 0xA335, 0x9B15, 0x9B15,
    0x9315, 0x9315, 0x9315, 0x9315, 0x9315, 0x8AF5, 0x9B55, 0xB354, 0x7A94, 0x82D4, 0x7AB4, 0x82B4,
    0x82D4, 0x82D5, 0x82D5, 0x7AB4, 0x7294, 0x7294, 0x7294, 0x7294, 0x7A94, 0x7AB5, 0x7AB4, 0x6A53,
    0x51B0, 0x51D0, 0x6A32, 0x0866, 0x0024, 0x0024, 0x0024, 0x0024, 0x0023, 0x0024, 0x0845, 0x1088,
    0x0866, 0x0024, 0x0045, 0x0045, 0x0024, 0x0024, 0x0024, 0x0003, 0x0004, 0x0004, 0x0004, 0x0004,
    0x0004, 0x0004, 0x0024, 0x0024, 0x0024, 0x0004, 0x0004, 0x0004, 0x0024, 0x0024, 0x0003, 0x0024,
    0x0003, 0x0003, 0x0003, 0x0004, 0x0004, 0x0003, 0x0024, 0x0003, 0x18A7, 0x314B, 0x18C8, 0x0887,
    0x10A7, 0x08A7, 0x10A6, 0x10C6, 0x9C2D, 0xC550, 0x2149, 0x10C8, 0x0886, 0x396B, 0xD4BB, 0xED79,
    0xED97, 0xDD1A, 0xDCFB, 0xBC5A, 0xB41A, 0xB43A, 0xB45A, 0x9B99, 0x8B38, 0x8317, 0x8338, 0x6275,
    0x49D2, 0x394E, 0x292C, 0x316E, 0x316E, 0x520F, 0x7AD4, 0xAB99, 0x8B15, 0x20E8, 0x0886, 0x0887,
    0x0886, 0x0886, 0x0886, 0x0886, 0x0886, 0x0886, 0x0886, 0x0886, 0x0886, 0x0886, 0x0886, 0x0886,
    0x0886, 0x0886, 0x0886, 0x0886, 0x0886, 0x0886, 0x0886, 0x0886, 0x0886, 0x0886, 0x0886, 0x0886,
    0x0886, 0x0886, 0x0886, 0x0886, 0x0886, 0x0886, 0x0886, 0x0886, 0x0886, 0x0886, 0x0886, 0x0886,
    0x0886, 0x0886, 0x0886, 0x0886, 0x0886, 0x0887, 0x0886, 0x0886, 0x0886, 0x0886, 0x0886, 0x0886,
    0x0886, 0x0887, 0x0886, 0x0886, 0x0886, 0x0886, 0x0886, 0x0886, 0x0886, 0x0886, 0x0886, 0x0886,
    0x0886, 0x0886, 0x0886, 0x0886, 0x0886, 0x0886, 0x0886, 0x0887, 0x0887, 0x08A7, 0x10A7, 0x292B,
    0x18E8, 0x0024, 0x0024, 0x0003, 0x0003, 0x0003, 0x0003, 0x0003, 0x0003, 0x0004, 0x0004, 0x0024,
    0x0004, 0x0004, 0x0004, 0x0004, 0x0024, 0x0004, 0x0003, 0x0003, 0x0004, 0x0024, 0x0004, 0x0004,
    0x0004, 0x0004, 0x0024, 0x0003, 0x0003, 0x0003, 0x0003, 0x0003, 0x0003, 0x0003, 0x0003, 0x0023,
    0x0024, 0x0024, 0x0024, 0x0003, 0x0023, 0x10A9, 0x18A9, 0x18CB, 0x20CB, 0x18CB, 0x18CB, 0x20CB,
    0x18AA, 0x1088, 0x0023, 0x0003, 0x0023, 0x418F, 0x18EA, 0x18CA, 0x20EA, 0x20CA, 0x20CA, 0x18CA,
    0x18CA, 0x18C9, 0x20EB, 0x312C, 0x394D, 0x290C, 0x20EB, 0x290C, 0x312D, 0x312D, 0x392D, 0x394E,
    0x394E, 0x394E, 0x416F, 0x416F, 0x394E, 0x290C, 0x394E, 0x416E, 0x394E, 0x394E, 0x49B0, 0x51D1,
    0x51D1, 0x59F1, 0x59F2, 0x6212, 0x59F2, 0x59F2, 0x6212, 0x59F2, 0x59F1, 0x6212, 0x59F1, 0x6212,
    0x7273, 0x7273, 0x7274, 0x82B4, 0x82D5, 0x8AD5, 0x8AF5, 0x92F5, 0x9315, 0x9B35, 0x9B35, 0xA335,
    0xA335, 0xAB34, 0xAB34, 0xB354, 0xB374, 0xBB74, 0xBB94, 0xC394, 0xC394, 0xC394, 0xC394, 0xC394,
    0xC3B4, 0xCBB4, 0xCBB4, 0xCBB4, 0xC3B4, 0xC394, 0xC394, 0xBB94, 0xBB94, 0xBB74, 0xB374, 0xB374,
    0xB354, 0xB355, 0xAB55, 0xAB55, 0xAB55, 0xAB55, 0xA315, 0x9B15, 0x9B15, 0x9B15, 0x9B15, 0x9315,
    0x8AF5, 0x8AF5, 0x82B5, 0xAB33, 0x9B13, 0x82D5, 0x82D4, 0x7A94, 0x7A94, 0x7294, 0x7274, 0x6A53,
    0x7273, 0x7274, 0x7294, 0x7A94, 0x7274, 0x7A94, 0x7AB5, 0x6233, 0x51D1, 0x59F1, 0x49AF, 0x0046,
    0x0024, 0x0024, 0x0023, 0x0024, 0x0024, 0x0024, 0x0023, 0x0024, 0x0024, 0x0004, 0x0004, 0x0003,
    0x0003, 0x0024, 0x0004, 0x0003, 0x0023, 0x0023, 0x0004, 0x0004, 0x0024, 0x0024, 0x0004, 0x0024,
    0x0004, 0x0004, 0x0004, 0x0024, 0x0024, 0x0004, 0x0004, 0x0004, 0x0003, 0x0004, 0x0024, 0x0024,
    0x0003, 0x0003, 0x0024, 0x0003, 0x18C8, 0x18E9, 0x08A7, 0x08A7, 0x08A7, 0x08A7, 0x10A7, 0x0046,
    0x3168, 0x41E8, 0x0026, 0x10C7, 0x10C7, 0xAC58, 0xE57C, 0xED98, 0xE539, 0xDCDB, 0xC45A, 0xABFA,
    0xB43A, 0xB43A, 0x8B57, 0x7AD7, 0x8317, 0x82F7, 0x7AF7, 0x5A53, 0x49D1, 0x49B1, 0x20EA, 0x0886,
    0x0886, 0x0065, 0x0045, 0x520F, 0xCC5D, 0x41AD, 0x0066, 0x10A7, 0x0886, 0x0886, 0x0886, 0x0886,
    0x0886, 0x0886, 0x0887, 0x0887, 0x0886, 0x0886, 0x0886, 0x0886, 0x0886, 0x0886, 0x0886, 0x0886,
    0x0886, 0x0886, 0x0886, 0x0886, 0x0886, 0x0886, 0x0886, 0x0886, 0x0886, 0x0886, 0x0886, 0x0886,
    0x0886, 0x0886, 0x0886, 0x0886, 0x0886, 0x0886, 0x0886, 0x0886, 0x0886, 0x0886, 0x0886, 0x0886,
    0x0886, 0x0886, 0x0886, 0x0886, 0x0886, 0x0887, 0x0886, 0x0886, 0x0886, 0x0886, 0x0886, 0x0886,
    0x0886, 0x0886, 0x0886, 0x0886, 0x0886, 0x0886, 0x0886, 0x0886, 0x0886, 0x0886, 0x0886, 0x0886,
    0x0886, 0x0886, 0x0887, 0x0887, 0x0887, 0x0886, 0x0886, 0x294C, 0x210A, 0x0003, 0x0004, 0x0004,
    0x0004, 0x0024, 0x0004, 0x0004, 0x0004, 0x0004, 0x0004, 0x0004, 0x0024, 0x0004, 0x0024, 0x0004,
    0x0024, 0x0024, 0x0004, 0x0004, 0x0004, 0x0003, 0x0024, 0x0024, 0x0003, 0x0003, 0x0023, 0x0003,
    0x0003, 0x0003, 0x0003, 0x0003, 0x0003, 0x0003, 0x0003, 0x0003, 0x0024, 0x0024, 0x0003, 0x0024,
    0x18A9, 0x18CB, 0x18CB, 0x18CB, 0x18CA, 0x18CA, 0x18CA, 0x18CA, 0x18CA, 0x0887, 0x0867, 0x0044,
    0x0023, 0x4190, 0x20EB, 0x20EB, 0x18CA, 0x18CA, 0x18CA, 0x18CA, 0x18CA, 0x18CA, 0x18CA, 0x18CA,
    0x20EB, 0x210C, 0x312D, 0x312D, 0x312D, 0x312D, 0x312D, 0x392D, 0x394D, 0x394E, 0x416F, 0x396E,
    0x312D, 0x312D, 0x414E, 0x416E, 0x394E, 0x312D, 0x396E, 0x51D1, 0x51D1, 0x51F1, 0x51F1, 0x59F1,
    0x6212, 0x59F2, 0x59F2, 0x59F2, 0x59F2, 0x59F1, 0x51D1, 0x6A53, 0x6A53, 0x7253, 0x82B4, 0x82D5,
    0x82D5, 0x8AD5, 0x92F5, 0x9315, 0x9B15, 0xA335, 0xA335, 0xAB35, 0xAB34, 0xB334, 0xB334, 0xB354,
    0xBB74, 0xBB94, 0xC394, 0xC394, 0xCBB4, 0xCBB4, 0xCBB4, 0xCBB4, 0xCBB4, 0xCBD4, 0xCBD4, 0xCBD4,
    0xCBB4, 0xCBB4, 0xC3B4, 0xC394, 0xC394, 0xC394, 0xBB74, 0xBB74, 0xB354, 0xB354, 0xB354, 0xB354,
    0xB375, 0xAB55, 0xA335, 0xA335, 0xA315, 0x9B35, 0x9B15, 0x9315, 0x8AF5, 0x82B5, 0x82D5, 0x8AF5,
    0x8AD4, 0x82D4, 0x82D5, 0x82D4, 0x7294, 0x6A53, 0x7273, 0x7273, 0x7273, 0x7274, 0x7274, 0x7294,
    0x7A94, 0x7A94, 0x6A53, 0x59F1, 0x51D1, 0x59F2, 0x1087, 0x0004, 0x0024, 0x0003, 0x0003, 0x0024,
    0x0024, 0x0024, 0x0023, 0x0003, 0x0003, 0x0024, 0x0024, 0x0024, 0x0003, 0x0003, 0x0024, 0x0003,
    0x0003, 0x0004, 0x0003, 0x0004, 0x0024, 0x0024, 0x0004, 0x0004, 0x0024, 0x0004, 0x0004, 0x0024,
    0x0004, 0x0004, 0x0004, 0x0024, 0x0024, 0x0003, 0x0004, 0x0004, 0x0004, 0x0003, 0x0024, 0x0003,
    0x18C8, 0x10C8, 0x0886, 0x0887, 0x0887, 0x08A7, 0x0887, 0x10A7, 0x0886, 0x0866, 0x10A7, 0x0045,
    0x5A6E, 0xCCFC, 0xC4BB, 0xDD5C, 0xDD3B, 0xCCBA, 0xAC1A, 0xAC1A, 0xBC5A, 0xABF9, 0x7AF6, 0x8317,
    0x8317, 0x7AF7, 0x72D6, 0x6254, 0x51F2, 0x49B2, 0x396F, 0x10A7, 0x10A7, 0x10A7, 0x0065, 0x7AB3,
    0xB41B, 0x292A, 0x0886, 0x10A7, 0x0886, 0x0886, 0x0887, 0x0887, 0x0887, 0x0886, 0x0887, 0x0886,
    0x0886, 0x0886, 0x0886, 0x0886, 0x0886, 0x0886, 0x0886, 0x0886, 0x0886, 0x0886, 0x0886, 0x0886,
    0x0886, 0x0886, 0x0886, 0x0886, 0x0886, 0x0886, 0x0886, 0x0886, 0x0886, 0x0886, 0x0886, 0x0886,
    0x0886, 0x0886, 0x0886, 0x0886, 0x0886, 0x0886, 0x0886, 0x0886, 0x0886, 0x0886, 0x0886, 0x0886,
    0x0886, 0x0886, 0x0886, 0x0886, 0x0886, 0x0886, 0x0886, 0x0886, 0x0886, 0x0886, 0x0886, 0x0886,
    0x0886, 0x0886, 0x0886, 0x0886, 0x0886, 0x0886, 0x0886, 0x0886, 0x0887, 0x0886, 0x0886, 0x0886,
    0x0887, 0x0886, 0x1086, 0x290A, 0x292A, 0x1086, 0x0003, 0x0004, 0x0003, 0x0004, 0x0004, 0x0003,
    0x0003, 0x0003, 0x0004, 0x0004, 0x0024, 0x0003, 0x0004, 0x0004, 0x0024, 0x0004, 0x0003, 0x0003,
    0x0003, 0x0003, 0x0004, 0x0004, 0x0003, 0x0024, 0x0003, 0x0003, 0x0003, 0x0003, 0x0003, 0x0003,
    0x0003, 0x0003, 0x0003, 0x0003, 0x0024, 0x0024, 0x0023, 0x10A8, 0x20EB, 0x18CB, 0x18CA, 0x18CA,
    0x10A9, 0x0887, 0x0888, 0x1087, 0x10A9, 0x0887, 0x0887, 0x0867, 0x1086, 0x49B1, 0x20EB, 0x18C9,
    0x1087, 0x18A9, 0x18CA, 0x18CA, 0x18CA, 0x18CA, 0x18CA, 0x18EA, 0x290C, 0x312D, 0x310C, 0x290C,
    0x312D, 0x394E, 0x394D, 0x392D, 0x312D, 0x416E, 0x498F, 0x394E, 0x290C, 0x312D, 0x394E, 0x416E,
    0x416E, 0x312D, 0x312D, 0x498F, 0x51D0, 0x49B0, 0x418F, 0x49B0, 0x6212, 0x6211, 0x6212, 0x59F1,
    0x59F1, 0x59D1, 0x5A12, 0x6A33, 0x6A33, 0x7274, 0x82B5, 0x82B5, 0x8AD5, 0x8AF5, 0x92F5, 0x9B15,
    0xA335, 0xA355, 0xAB55, 0xAB34, 0xB354, 0xB354, 0xBB54, 0xBB53, 0xBB74, 0xC394, 0xC394, 0xCBB4,
    0xCBB4, 0xD3D4, 0xD3D3, 0xD3D3, 0xD3D3, 0xD3D3, 0xD3D4, 0xD3D4, 0xCBD4, 0xCBD4, 0xCBD4, 0xCBB4,
    0xCBB4, 0xC394, 0xC394, 0xC374, 0xBB74, 0xBB74, 0xB374, 0xB374, 0xB374, 0xB354, 0xAB34, 0xA334,
    0xA335, 0xA335, 0x9B15, 0x9315, 0x92F5, 0x8AD5, 0x82B4, 0x82D5, 0x82D5, 0x82D5, 0x82D4, 0x82B4,
    0x82D4, 0x7AB4, 0x6A53, 0x6233, 0x6A53, 0x7273, 0x7274, 0x7274, 0x7A94, 0x6A74, 0x59F2, 0x59F2,
    0x49B0, 0x7295, 0x20C7, 0x0002, 0x0845, 0x4929, 0x496A, 0x1887, 0x0025, 0x0024, 0x0024, 0x0003,
    0x0003, 0x0003, 0x0003, 0x0024, 0x0024, 0x0003, 0x0004, 0x0004, 0x0003, 0x0003, 0x0003, 0x0004,
    0x0004, 0x0024, 0x0024, 0x0024, 0x0024, 0x0004, 0x0004, 0x0004, 0x0024, 0x0004, 0x0004, 0x0024,
    0x0003, 0x0003, 0x0024, 0x0003, 0x0004, 0x0003, 0x0024, 0x0003, 0x20E9, 0x18C7, 0x0866, 0x0886,
    0x0886, 0x0887, 0x0887, 0x0886, 0x10A6, 0x10A6, 0x0886, 0x0886, 0x9B97, 0xBC5B, 0xB43A, 0xC4BB,
    0xC49A, 0xB45A, 0xB43A, 0xB43A, 0xB41A, 0xB45A, 0x9BB8, 0x7B17, 0x8317, 0x8337, 0x72B5, 0x6254,
    0x5A33, 0x49B1, 0x4190, 0x10A7, 0x0044, 0x10A7, 0x7AD4, 0xB3FA, 0x396C, 0x0066, 0x0887, 0x0886,
    0x0886, 0x0886, 0x0886, 0x0886, 0x0887, 0x0887, 0x0887, 0x0887, 0x0887, 0x0887, 0x0886, 0x0886,
    0x0886, 0x0886, 0x0886, 0x0886, 0x0886, 0x0886, 0x0886, 0x0886, 0x0886, 0x0886, 0x0886, 0x0886,
    0x0886, 0x0886, 0x0886, 0x0886, 0x0886, 0x0886, 0x0886, 0x0886, 0x0886, 0x0886, 0x0886, 0x0886,
    0x0886, 0x0886, 0x0886, 0x0886, 0x0886, 0x0886, 0x0886, 0x0886, 0x0886, 0x0886, 0x0886, 0x0886,
    0x0886, 0x0886, 0x0886, 0x0886, 0x0886, 0x0886, 0x0886, 0x0886, 0x0886, 0x0886, 0x0886, 0x0886,
    0x0886, 0x0886, 0x0886, 0x0886, 0x0886, 0x0887, 0x0886, 0x0886, 0x0886, 0x0886, 0x0886, 0x10A6,
    0x292B, 0x20E9, 0x0003, 0x0004, 0x0003, 0x0024, 0x0024, 0x0004, 0x0004, 0x0004, 0x0003, 0x0004,
    0x0003, 0x0004, 0x0024, 0x0024, 0x0004, 0x0004, 0x0003, 0x0003, 0x0003, 0x0003, 0x0003, 0x0003,
    0x0003, 0x0024, 0x0003, 0x0003, 0x0004, 0x0003, 0x0003, 0x0003, 0x0003, 0x0003, 0x0003, 0x0003,
    0x0023, 0x0002, 0x1087, 0x18CB, 0x18CA, 0x20CB, 0x10A9, 0x0887, 0x0887, 0x0887, 0x0887, 0x0887,
    0x0887, 0x0887, 0x0867, 0x0845, 0x0866, 0x49B2, 0x18CA, 0x10A8, 0x0866, 0x18A9, 0x18CA, 0x18CA,
    0x20CA, 0x18CA, 0x20CA, 0x20EB, 0x290C, 0x290C, 0x290C, 0x290C, 0x310D, 0x312D, 0x312D, 0x392D,
    0x312D, 0x394E, 0x418F, 0x312D, 0x310D, 0x290C, 0x290C, 0x394D, 0x414E, 0x394E, 0x396E, 0x394E,
    0x312D, 0x312D, 0x49B0, 0x59F1, 0x59F1, 0x59F1, 0x59F2, 0x59F1, 0x51D1, 0x59F1, 0x6A33, 0x7274,
    0x7A74, 0x7A94, 0x82B5, 0x8AD5, 0x8AF5, 0x92F5, 0x9B15, 0x9B35, 0xA335, 0xAB55, 0xAB55, 0xB354,
    0xB354, 0xBB54, 0xBB74, 0xC373, 0xC373, 0xCB94, 0xCBB3, 0xD3D3, 0xD3D3, 0xD3D3, 0xD3F3, 0xDBF3,
    0xDBF3, 0xD3F3, 0xD3F3, 0xD3D3, 0xD3D3, 0xD3F4, 0xD3D4, 0xCBB3, 0xC3B3, 0xCBB4, 0xC3B4, 0xC394,
    0xC394, 0xBB74, 0xBB74, 0xBB94, 0xBB74, 0xB374, 0xB354, 0xAB34, 0xAB34, 0xA335, 0x9B15, 0x9B15,
    0x92F5, 0x92F5, 0x82B5, 0x7AB4, 0x82D4, 0x82D4, 0x82D4, 0x82D4, 0x82D5, 0x82D5, 0x6A73, 0x59F2,
    0x6212, 0x6A53, 0x7274, 0x6A33, 0x6212, 0x6212, 0x5A12, 0x51F1, 0x312D, 0x6213, 0x20C8, 0x0846,
    0x18A9, 0x310B, 0x394C, 0x414D, 0x290B, 0x0865, 0x0003, 0x0003, 0x0003, 0x0024, 0x0023, 0x0003,
    0x0024, 0x0024, 0x0004, 0x0004, 0x0003, 0x0003, 0x0003, 0x0003, 0x0003, 0x0024, 0x0003, 0x0024,
    0x0024, 0x0004, 0x0004, 0x0004, 0x0003, 0x0003, 0x0003, 0x0004, 0x0004, 0x0024, 0x0024, 0x0004,
    0x0004, 0x0003, 0x0004, 0x0003, 0x18C8, 0x18C8, 0x0886, 0x0886, 0x0886, 0x0886, 0x0886, 0x0887,
    0x08A7, 0x10A7, 0x0065, 0x316B, 0xBC3B, 0xB43A, 0xB43A, 0xB41A, 0xB41A, 0xB43A, 0xB43A, 0xB43A,
    0xB43A, 0xB43A, 0x9378, 0x8317, 0x7AF7, 0x82F7, 0x6A75, 0x6254, 0x51F2, 0x41B1, 0x4191, 0x18EA,
    0x396B, 0xA399, 0x9B58, 0x292A, 0x0045, 0x0887, 0x0886, 0x0886, 0x0886, 0x0886, 0x0887, 0x0887,
    0x0887, 0x0887, 0x0887, 0x0887, 0x0887, 0x0887, 0x0887, 0x0886, 0x0887, 0x0886, 0x0886, 0x0886,
    0x0886, 0x0886, 0x0886, 0x0886, 0x0886, 0x0886, 0x0886, 0x0886, 0x0886, 0x0886, 0x0887, 0x0886,
    0x0886, 0x0886, 0x0886, 0x0886, 0x0886, 0x0886, 0x0886, 0x0886, 0x0886, 0x0886, 0x0886, 0x0886,
    0x0886, 0x0886, 0x0886, 0x0886, 0x0886, 0x0886, 0x0886, 0x0886, 0x0886, 0x0886, 0x0886, 0x0886,
    0x0886, 0x0886, 0x0886, 0x0887, 0x0886, 0x0886, 0x0886, 0x0886, 0x0886, 0x0886, 0x0886, 0x0886,
    0x0886, 0x0886, 0x0886, 0x0886, 0x0886, 0x0886, 0x0886, 0x10A7, 0x292B, 0x18C8, 0x0003, 0x0024,
    0x0004, 0x0004, 0x0004, 0x0004, 0x0004, 0x0003, 0x0003, 0x0003, 0x0003, 0x0003, 0x0003, 0x0024,
    0x0024, 0x0004, 0x0004, 0x0004, 0x0003, 0x0003, 0x0003, 0x0024, 0x0004, 0x0024, 0x0003, 0x0003,
    0x0024, 0x0003, 0x0003, 0x0023, 0x0003, 0x0003, 0x0023, 0x0845, 0x1089, 0x0845, 0x1088, 0x20EB,
    0x20EB, 0x18AA, 0x1088, 0x1087, 0x0887, 0x1087, 0x1088, 0x1087, 0x0887, 0x0867, 0x0866, 0x0845,
    0x0865, 0x314D, 0x20EB, 0x1088, 0x0867, 0x0887, 0x18CA, 0x18CA, 0x20CA, 0x18CA, 0x20CB, 0x20EB,
    0x290C, 0x290C, 0x310C, 0x312C, 0x312C, 0x290C, 0x310C, 0x392D, 0x392D, 0x394E, 0x416F, 0x394E,
    0x290C, 0x290C, 0x290C, 0x290C, 0x312D, 0x394E, 0x394E, 0x312D, 0x394E, 0x4990, 0x51B0, 0x51D1,
    0x51D1, 0x59F1, 0x59F1, 0x51D1, 0x59F1, 0x6A33, 0x7253, 0x7253, 0x7A94, 0x82D5, 0x8AD5, 0x8AD5,
    0x92F5, 0x9B15, 0x9B15, 0xA335, 0xAB54, 0xAB54, 0xAB54, 0xB354, 0xBB74, 0xC373, 0xC393, 0xCB93,
    0xCB93, 0xCB93, 0xD3B3, 0xD3D3, 0xD3D3, 0xDBF3, 0xDBF3, 0xDBF3, 0xDBF3, 0xDBF3, 0xDBF3, 0xDBF3,
    0xDBF3, 0xD3F3, 0xD3D3, 0xDBF4, 0xDBF4, 0xCBB3, 0xC3B3, 0xC393, 0xC393, 0xC393, 0xC373, 0xBB73,
    0xBB94, 0xBB74, 0xB354, 0xB334, 0xAB34, 0xAB34, 0xA314, 0x9B15, 0x9B15, 0x92F5, 0x8AF5, 0x7A94,
    0x7A94, 0x82D4, 0x82D5, 0x82D5, 0x82B5, 0x7AB4, 0x7AB5, 0x6233, 0x6212, 0x6233, 0x6212, 0x59F2,
    0x59F1, 0x51D0, 0x418F, 0x396E, 0x314E, 0x49B1, 0x18A9, 0x10A8, 0x18CA, 0x18C9, 0x290B, 0x312C,
    0x394C, 0x310A, 0x0844, 0x0003, 0x0024, 0x0004, 0x0024, 0x0024, 0x0024, 0x0024, 0x0024, 0x0024,
    0x0024, 0x0003, 0x0003, 0x0003, 0x0003, 0x0003, 0x0003, 0x0004, 0x0004, 0x0003, 0x0004, 0x0003,
    0x0003, 0x0003, 0x0004, 0x0004, 0x0024, 0x0024, 0x0004, 0x0024, 0x0003, 0x0003, 0x0003, 0x1065,
    0x210A, 0x18C9, 0x0887, 0x0886, 0x0886, 0x0886, 0x0886, 0x10A7, 0x10A7, 0x10A7, 0x0866, 0x49AE,
    0xB3FA, 0xABF9, 0xB41A, 0xB43A, 0xB43A, 0xB41A, 0xB41A, 0xAC1A, 0xAC1A, 0x9398, 0x7B17, 0x7AF7,
    0x7AF7, 0x72B5, 0x6254, 0x6254, 0x3970, 0x394F, 0x6233, 0x9B98, 0xB3FB, 0x6A72, 0x0887, 0x0066,
    0x10A7, 0x0886, 0x0886, 0x0886, 0x0886, 0x0886, 0x0887, 0x0887, 0x0887, 0x0887, 0x0887, 0x0887,
    0x0886, 0x0887, 0x0886, 0x0886, 0x0886, 0x0886, 0x0886, 0x0886, 0x0886, 0x0886, 0x0886, 0x0886,
    0x0886, 0x0886, 0x0886, 0x0886, 0x0886, 0x0886, 0x0886, 0x0886, 0x0886, 0x0886, 0x0886, 0x0886,
    0x0886, 0x0886, 0x0886, 0x0886, 0x0887, 0x0887, 0x0887, 0x0887, 0x0886, 0x0886, 0x0886, 0x0886,
    0x0886, 0x0886, 0x0886, 0x0886, 0x0886, 0x0886, 0x0887, 0x0886, 0x0886, 0x0886, 0x0886, 0x0887,
    0x0887, 0x0887, 0x0886, 0x0886, 0x0886, 0x0886, 0x0886, 0x0886, 0x0886, 0x0886, 0x0886, 0x0886,
    0x0886, 0x0886, 0x0886, 0x10A7, 0x294C, 0x18E9, 0x0003, 0x0024, 0x0004, 0x0004, 0x0004, 0x0003,
    0x0003, 0x0003, 0x0003, 0x0003, 0x0003, 0x0003, 0x0003, 0x0003, 0x0004, 0x0024, 0x0004, 0x0003,
    0x0004, 0x0024, 0x0004, 0x0004, 0x0024, 0x0024, 0x0003, 0x0004, 0x0003, 0x0003, 0x0003, 0x0023,
    0x0003, 0x0003, 0x0025, 0x1088, 0x1087, 0x0866, 0x1089, 0x18AA, 0x10A9, 0x1088, 0x0887, 0x0867,
    0x0887, 0x1087, 0x1087, 0x1087, 0x0887, 0x0887, 0x0866, 0x0845, 0x0044, 0x0845, 0x394F, 0x1087,
    0x0867, 0x1087, 0x20CA, 0x20CB, 0x18C9, 0x18A9, 0x20CA, 0x18CA, 0x20CA, 0x290C, 0x310C, 0x20EB,
    0x9AAD, 0x28EA, 0x20CB, 0x312D, 0x394D, 0x394E, 0x396E, 0x396E, 0x312D, 0x290C, 0x312C, 0x290C,
    0x290C, 0x312C, 0x312C, 0x314D, 0x49B0, 0x51D0, 0x51B0, 0x51D0, 0x51D1, 0x51D1, 0x51D1, 0x51D1,
    0x6232, 0x7253, 0x7274, 0x7274, 0x82B4, 0x8AD5, 0x8AF5, 0x92F5, 0x9B15, 0x9B15, 0x9B15, 0xA334,
    0xAB54, 0xB354, 0xB354, 0xB353, 0xC373, 0xC393, 0xCBB3, 0xCBB3, 0xCBB3, 0xD3B3, 0xD3B3, 0xD3D3,
    0xDBD3, 0xDBF3, 0xDBF3, 0xE413, 0xE413, 0xE413, 0xE413, 0xE413, 0xDC13, 0xDBF3, 0xDC13, 0xBB91,
    0xA310, 0xD3F4, 0xD3B4, 0xCBB3, 0xCB93, 0x598B, 0x518B, 0xCB93, 0xBB73, 0xBB73, 0xBB74, 0xB354,
    0xAB34, 0xAB34, 0xA314, 0xA335, 0x9B15, 0x92F5, 0x92F5, 0x82B4, 0x6A53, 0x7AB4, 0x82B5, 0x82B5,
    0x7AB5, 0x7AB4, 0x82D5, 0x7294, 0x5A12, 0x51D1, 0x51B0, 0x416F, 0x396E, 0x394E, 0x394E, 0x310D,
    0x49D1, 0x290B, 0x0046, 0x18A9, 0x18CA, 0x18CA, 0x18CA, 0x18CA, 0x290A, 0x28EA, 0x516B, 0x18A8,
    0x0003, 0x0024, 0x0024, 0x0004, 0x0024, 0x0024, 0x0024, 0x0004, 0x0024, 0x0024, 0x0003, 0x0003,
    0x0003, 0x0004, 0x0004, 0x0004, 0x0004, 0x0004, 0x0003, 0x0004, 0x0004, 0x0024, 0x0004, 0x0004,
    0x0004, 0x0004, 0x0004, 0x0003, 0x0003, 0x0024, 0x0003, 0x20E8, 0x316C, 0x10C8, 0x0886, 0x0886,
    0x0887, 0x0886, 0x10A7, 0x0886, 0x08A6, 0x398F, 0x418F, 0x5A11, 0x9339, 0x9358, 0xABFA, 0xABFA,
    0x9B99, 0xABFA, 0xA3D9, 0x9378, 0x8B58, 0x8317, 0x7AF7, 0x8317, 0x72B6, 0x5A13, 0x51F2, 0x51F2,
    0x6A74, 0xA398, 0xBBFA, 0x82F5, 0x292A, 0x0066, 0x0887, 0x08A7, 0x0886, 0x0886, 0x0886, 0x0886,
    0x0887, 0x0886, 0x0886, 0x0886, 0x0886, 0x0887, 0x0886, 0x0886, 0x0886, 0x0886, 0x0886, 0x0886,
    0x0886, 0x0887, 0x0886, 0x0886, 0x0886, 0x0886, 0x0886, 0x0886, 0x0887, 0x0886, 0x0886, 0x0886,
    0x0886, 0x0886, 0x0886, 0x0886, 0x0886, 0x0886, 0x0886, 0x0886, 0x0886, 0x0886, 0x0886, 0x0886,
    0x0887, 0x0886, 0x0887, 0x0886, 0x0886, 0x0886, 0x0886, 0x0886, 0x0886, 0x0886, 0x0887, 0x0887,
    0x0887, 0x0886, 0x0887, 0x0886, 0x0886, 0x0886, 0x0886, 0x0886, 0x0886, 0x0886, 0x0886, 0x0886,
    0x0886, 0x0886, 0x0886, 0x0886, 0x0886, 0x0886, 0x0886, 0x0886, 0x0886, 0x0887, 0x0886, 0x10A7,
    0x294B, 0x18E9, 0x0003, 0x0024, 0x0004, 0x0004, 0x0003, 0x0003, 0x0003, 0x0003, 0x0004, 0x0003,
    0x0003, 0x0003, 0x0004, 0x0003, 0x0004, 0x0004, 0x0004, 0x0004, 0x0004, 0x0024, 0x0024, 0x0004,
    0x0023, 0x0004, 0x0024, 0x0003, 0x0003, 0x0003, 0x0003, 0x0023, 0x0023, 0x0024, 0x0004, 0x0003,
    0x0003, 0x0002, 0x0045, 0x0867, 0x0887, 0x1087, 0x0887, 0x0887, 0x10A8, 0x20CB, 0x1088, 0x1087,
    0x0887, 0x0866, 0x0845, 0x0045, 0x0044, 0x0865, 0x312E, 0x0866, 0x0867, 0x1088, 0x18CA, 0x290D,
    0x18A9, 0x10A8, 0x18CA, 0x18CA, 0x20CA, 0x18CA, 0x312B, 0x928E, 0xEC72, 0x92AE, 0x28EB, 0x28EC,
    0x312D, 0x394D, 0x394E, 0x394E, 0x312D, 0x290C, 0x290C, 0x290C, 0x290C, 0x292C, 0x290C, 0x416F,
    0x49B0, 0x51D0, 0x51D1, 0x51D1, 0x51D1, 0x51D1, 0x51D1, 0x59F2, 0x6A33, 0x7253, 0x7A74, 0x7A94,
    0x82D4, 0x8AD5, 0x8AF5, 0x92F5, 0x9B15, 0x9B15, 0xA334, 0xAB34, 0xAB54, 0xB354, 0xC394, 0xCBB4,
    0xC393, 0xC392, 0xC392, 0xCBB2, 0xDBF3, 0xDBF3, 0xDBF3, 0xDBD3, 0xDBD3, 0xDBF3, 0xE3F3, 0xE413,
    0xE413, 0xE413, 0xE413, 0xE433, 0xE433, 0xDC13, 0xEC74, 0x51AB, 0x0004, 0x51AB, 0x6A0C, 0x61EC,
    0x20E9, 0x0005, 0x61EC, 0xD3B3, 0xBB73, 0xBB73, 0xBB74, 0xB354, 0xB354, 0xAB34, 0xAB34, 0xA335,
    0x9B15, 0x92F5, 0x92F5, 0x82B4, 0x6A33, 0x7274, 0x82B5, 0x7AB5, 0x7AB5, 0x82D5, 0x82D5, 0x6A53,
    0x6233, 0x7253, 0x6A53, 0x49B0, 0x312D, 0x312D, 0x394E, 0x394E, 0x4190, 0x1888, 0x0045, 0x10A8,
    0x18C9, 0x18CA, 0x18C9, 0x18A9, 0x10A9, 0x20EA, 0x496C, 0x290B, 0x0866, 0x0024, 0x0024, 0x0004,
    0x0003, 0x0024, 0x0024, 0x0024, 0x0003, 0x0003, 0x0024, 0x0024, 0x0003, 0x0004, 0x0024, 0x0003,
    0x0024, 0x0024, 0x0004, 0x0024, 0x0004, 0x0004, 0x0024, 0x0024, 0x0004, 0x0004, 0x0004, 0x0003,
    0x0004, 0x0024, 0x0003, 0x18A7, 0x292A, 0x10A6, 0x0886, 0x08A7, 0x0887, 0x10A7, 0x0886, 0x18C8,
    0x41AF, 0x41B0, 0x10C8, 0x398C, 0x9359, 0x72B6, 0x8B38, 0x9378, 0x72B6, 0x7AF7, 0x8317, 0x8317,
    0x8337, 0x8317, 0x7AD7, 0x6A95, 0x6254, 0x6A73, 0x9336, 0xB3F9, 0xBC1A, 0x8B57, 0x5212, 0x18EB,
    0x0065, 0x10A7, 0x08A6, 0x0886, 0x08A7, 0x0887, 0x0886, 0x0886, 0x0886, 0x0887, 0x0886, 0x0886,
    0x0886, 0x0886, 0x0886, 0x0887, 0x0887, 0x0887, 0x0886, 0x0886, 0x0887, 0x0886, 0x0886, 0x0886,
    0x0886, 0x0886, 0x0886, 0x0887, 0x0887, 0x0886, 0x0886, 0x0886, 0x0886, 0x0886, 0x0886, 0x0886,
    0x0886, 0x0886, 0x0886, 0x0886, 0x0886, 0x0886, 0x0886, 0x0886, 0x0886, 0x0887, 0x0887, 0x0887,
    0x0887, 0x0886, 0x0886, 0x0886, 0x0886, 0x0886, 0x0887, 0x0887, 0x0887, 0x0886, 0x0886, 0x0886,
    0x0887, 0x0886, 0x0887, 0x0886, 0x0886, 0x0886, 0x0886, 0x0886, 0x0886, 0x0886, 0x0886, 0x0886,
    0x0886, 0x0886, 0x0886, 0x0886, 0x0887, 0x0887, 0x0886, 0x10A7, 0x294C, 0x18C8, 0x0003, 0x0024,
    0x0024, 0x0003, 0x0003, 0x0003, 0x0003, 0x0003, 0x0003, 0x0003, 0x0003, 0x0003, 0x0004, 0x0004,
    0x0004, 0x0004, 0x0024, 0x0024, 0x0004, 0x0024, 0x0003, 0x0004, 0x0004, 0x0003, 0x0003, 0x0003,
    0x0003, 0x0003, 0x0003, 0x0024, 0x0023, 0x0004, 0x0004, 0x0024, 0x0004, 0x0003, 0x0003, 0x0024,
    0x0888, 0x1087, 0x0887, 0x1088, 0x20CA, 0x20EB, 0x18A9, 0x0867, 0x0866, 0x0045, 0x0045, 0x0045,
    0x0044, 0x0845, 0x310D, 0x18A8, 0x0867, 0x1087, 0x10A8, 0x292D, 0x18C9, 0x10A8, 0x18CA, 0x18C9,
    0x18CA, 0x18CA, 0x20CA, 0x51AC, 0xD3F1, 0x61CD, 0x28EB, 0x28EB, 0x28EB, 0x290C, 0x314D, 0x312D,
    0x312C, 0x28EB, 0x20EB, 0x290B, 0x290C, 0x292D, 0x312D, 0x498F, 0x498F, 0x49B0, 0x51D1, 0x51D1,
    0x51D0, 0x51D1, 0x59F1, 0x6212, 0x6A32, 0x6A53, 0x7274, 0x82B4, 0x8AD5, 0x8AF5, 0x8AF5, 0x92F5,
    0x9B15, 0x9B15, 0xAB34, 0xAB34, 0xAB54, 0xBB94, 0x8A8F, 0x6A0C, 0xC393, 0xD3D3, 0xD3D3, 0xDBD3,
    0x92AE, 0x28E7, 0xC391, 0xE413, 0xDBF2, 0xDBF2, 0xE412, 0xE412, 0xE412, 0xE412, 0xE433, 0xE433,
    0xE413, 0xDC13, 0xDC33, 0xC3B2, 0x59CB, 0x1046, 0x0025, 0x0026, 0x18A8, 0x7A4E, 0xD3B3, 0xCBB3,
    0xD3F3, 0xD3D3, 0xCB93, 0xBB73, 0xAB34, 0xB354, 0xAB34, 0xA334, 0x9B15, 0x9315, 0x8AD5, 0x8AD5,
    0x7273, 0x6232, 0x7AB4, 0x7AB5, 0x7AB5, 0x82D5, 0x7294, 0x7274, 0x7274, 0x7274, 0x7274, 0x7253,
    0x61F2, 0x394E, 0x312D, 0x4170, 0x290B, 0x0025, 0x0867, 0x0887, 0x1088, 0x18A9, 0x18A9, 0x20C9,
    0x18C9, 0x18C9, 0x18CA, 0x312D, 0x28EB, 0x0024, 0x0004, 0x0003, 0x0004, 0x0003, 0x0024, 0x0003,
    0x0844, 0x18A6, 0x0003, 0x0004, 0x0004, 0x0003, 0x0003, 0x0003, 0x0004, 0x0004, 0x0004, 0x0024,
    0x0003, 0x0004, 0x0004, 0x0004, 0x0024, 0x0004, 0x0004, 0x0024, 0x0024, 0x0024, 0x0003, 0x18C7,
    0x292B, 0x10A7, 0x0887, 0x08A7, 0x10A7, 0x0065, 0x398D, 0x82D6, 0x312C, 0x0865, 0x0865, 0x210A,
    0x8317, 0x82F7, 0x7AD7, 0x8B37, 0x7AF6, 0x7AD6, 0x7AF7, 0x7AD6, 0x72D6, 0x72D6, 0x82F6, 0x9B77,
    0xC45A, 0xC45A, 0xB3B9, 0x7294, 0x416F, 0x394F, 0x41B1, 0x20EA, 0x10A7, 0x0886, 0x0065, 0x0045,
    0x08A7, 0x08A7, 0x0887, 0x0886, 0x0886, 0x0886, 0x0887, 0x0887, 0x0887, 0x0886, 0x0887, 0x0887,
    0x0886, 0x0886, 0x0886, 0x0886, 0x0886, 0x0887, 0x0886, 0x0886, 0x0886, 0x0886, 0x0886, 0x0887,
    0x0886, 0x0886, 0x0886, 0x0886, 0x0886, 0x0886, 0x0886, 0x0886, 0x0886, 0x0886, 0x0886, 0x0886,
    0x0886, 0x0886, 0x0886, 0x0886, 0x0886, 0x0886, 0x0886, 0x0887, 0x0887, 0x0887, 0x0886, 0x0887,
    0x0886, 0x0887, 0x0887, 0x0887, 0x0887, 0x0886, 0x0886, 0x0886, 0x0886, 0x0887, 0x0887, 0x0886,
    0x0886, 0x0886, 0x0886, 0x0886, 0x0886, 0x0887, 0x0886, 0x0886, 0x0886, 0x0887, 0x0886, 0x0887,
    0x0887, 0x0887, 0x0886, 0x10A7, 0x210A, 0x292A, 0x1086, 0x0003, 0x0024, 0x0004, 0x0003, 0x0003,
    0x0003, 0x0003, 0x0004, 0x0004, 0x0024, 0x0004, 0x0024, 0x0004, 0x0004, 0x0004, 0x0004, 0x0004,
    0x0004, 0x0024, 0x0004, 0x0004, 0x0004, 0x0003, 0x0003, 0x0003, 0x0003, 0x0003, 0x0003, 0x0024,
    0x0003, 0x0003, 0x0023, 0x0024, 0x0003, 0x0024, 0x0867, 0x1088, 0x0887, 0x0887, 0x0887, 0x1088,
    0x1088, 0x1087, 0x0866, 0x0865, 0x0045, 0x0045, 0x0045, 0x0044, 0x0044, 0x0044, 0x10A8, 0x396F,
    0x0887, 0x1087, 0x1087, 0x10A8, 0x18C9, 0x10A8, 0x18C9, 0x20CA, 0x20CA, 0x20CA, 0x20EA, 0x18CA,
    0x6A0D, 0x20EB, 0x20EB, 0x20EB, 0x20EB, 0x28EB, 0x290C, 0x290B, 0x20EB, 0x290C, 0x312C, 0x312D,
    0x314D, 0x312C, 0x312D, 0x416F, 0x498F, 0x49B0, 0x51B0, 0x51B0, 0x51B0, 0x51B1, 0x5A12, 0x6233,
    0x6A53, 0x7273, 0x7A94, 0x82B4, 0x82B4, 0x8AD5, 0x8AF5, 0x9315, 0x9B15, 0xA335, 0xAB34, 0xAB54,
    0xB354, 0xC3B5, 0x498B, 0x0003, 0x3109, 0x59CC, 0x59EB, 0x416A, 0x0006, 0x20C7, 0xCB91, 0xE3F3,
    0xDBF2, 0xE412, 0xE412, 0xE412, 0xE412, 0xEC12, 0xEC12, 0xE413, 0xE413, 0xDBF3, 0xDBF3, 0xDC13,
    0xE414, 0xBB72, 0xB351, 0xB331, 0xC392, 0xD3D4, 0xCBB3, 0xEC33, 0xFC53, 0xFC32, 0xFC12, 0xF413,
    0xD3D3, 0xAB54, 0xAB54, 0xA334, 0x9B14, 0x92F4, 0x8AD4, 0x8AD5, 0x7A94, 0x5A12, 0x7274, 0x7AB4,
    0x7AB4, 0x7294, 0x7273, 0x7274, 0x7273, 0x7274, 0x7274, 0x6A53, 0x7A74, 0x6A53, 0x394E, 0x312D,
    0x0866, 0x0866, 0x0867, 0x0867, 0x0867, 0x10A9, 0x20C9, 0x30EA, 0x18C9, 0x18CA, 0x20CA, 0x20EB,
    0x290B, 0x1065, 0x0003, 0x0004, 0x0023, 0x0023, 0x0024, 0x0003, 0x1086, 0x498C, 0x0023, 0x0024,
    0x0024, 0x0004, 0x0004, 0x0024, 0x0024, 0x0004, 0x0004, 0x0003, 0x0003, 0x0004, 0x0004, 0x0004,
    0x0024, 0x0024, 0x0004, 0x0024, 0x0024, 0x0024, 0x0003, 0x0023, 0x18C8, 0x18E9, 0x08A7, 0x10A7,
    0x0886, 0x2109, 0xAC1B, 0x520F, 0x0044, 0x10C7, 0x10C7, 0x08A7, 0x6273, 0x82F8, 0x7AF7, 0x7B17,
    0x8B57, 0x8337, 0x8317, 0x82F7, 0xA3B8, 0xC47A, 0xD49A, 0xBC19, 0x9336, 0x6A54, 0x4190, 0x394E,
    0x392E, 0x416F, 0x4190, 0x10C8, 0x10C8, 0x0866, 0x398B, 0x8332, 0x0866, 0x0887, 0x0886, 0x0886,
    0x0886, 0x0886, 0x0886, 0x0887, 0x0887, 0x0887, 0x0886, 0x0886, 0x0886, 0x0886, 0x0886, 0x0887,
    0x0886, 0x0886, 0x0886, 0x0886, 0x0886, 0x0886, 0x0886, 0x0887, 0x0886, 0x0886, 0x0886, 0x0886,
    0x0886, 0x0886, 0x0886, 0x0886, 0x0886, 0x0886, 0x0886, 0x0886, 0x0886, 0x0886, 0x0886, 0x0886,
    0x0886, 0x0886, 0x0886, 0x0886, 0x0886, 0x0887, 0x0887, 0x0887, 0x0887, 0x0887, 0x0887, 0x0887,
    0x0887, 0x0887, 0x0887, 0x0886, 0x0886, 0x0887, 0x0887, 0x0887, 0x0886, 0x0886, 0x0886, 0x0886,
    0x0886, 0x0886, 0x0886, 0x0887, 0x0887, 0x0887, 0x0886, 0x0887, 0x0887, 0x0887, 0x0887, 0x0886,
    0x10A7, 0x314C, 0x10A7, 0x0003, 0x0024, 0x0004, 0x0003, 0x0003, 0x0003, 0x0004, 0x0003, 0x0024,
    0x0024, 0x0004, 0x0024, 0x0004, 0x0004, 0x0004, 0x0004, 0x0024, 0x0004, 0x0004, 0x0024, 0x0003,
    0x0004, 0x0003, 0x0003, 0x0003, 0x0003, 0x0003, 0x0004, 0x0024, 0x0024, 0x0024, 0x0024, 0x0003,
    0x0846, 0x1089, 0x1088, 0x0887, 0x0867, 0x0887, 0x1088, 0x0867, 0x1087, 0x0866, 0x0044, 0x0045,
    0x0045, 0x0045, 0x0045, 0x0045, 0x0045, 0x0045, 0x1087, 0x394F, 0x1087, 0x1088, 0x1087, 0x18A9,
    0x18A9, 0x0886, 0x1087, 0x18C9, 0x20CA, 0x20CA, 0x20EA, 0x20EB, 0x18CA, 0x20CA, 0x20EA, 0x20EB,
    0x20EB, 0x20EB, 0x20EB, 0x20EB, 0x312D, 0x416E, 0x416F, 0x418F, 0x498F, 0x394E, 0x290C, 0x416E,
    0x416F, 0x4990, 0x51B0, 0x51B0, 0x49B0, 0x51D1, 0x6232, 0x6A33, 0x6A53, 0x7273, 0x7A94, 0x7AB4,
    0x82B4, 0x8AD5, 0x92F5, 0x9B15, 0x9B35, 0xA355, 0xAB55, 0xAB34, 0xAB34, 0xB354, 0xB374, 0x7A4E,
    0x20C8, 0x0005, 0x0004, 0x0046, 0x69CC, 0xCB92, 0xE3F3, 0xDBD2, 0xDBF2, 0xE3F2, 0xE412, 0xEC12,
    0xEC12, 0xEC12, 0xEC12, 0xE412, 0xE413, 0xE413, 0xDBF3, 0xDBF3, 0xD3F3, 0xDC13, 0xDC14, 0xD3D3,
    0xC3B3, 0xC3D3, 0xF433, 0xFC52, 0xFC32, 0xFC32, 0xFC32, 0xFC32, 0xFC73, 0xD3F4, 0xA334, 0xA334,
    0x9B14, 0x92D4, 0x8AD4, 0x82B4, 0x82B4, 0x6212, 0x7274, 0x7A94, 0x7A94, 0x7253, 0x6A53, 0x7253,
    0x7253, 0x7274, 0x7A93, 0xAB33, 0x6A54, 0x7A95, 0x59F2, 0x1087, 0x0044, 0x0846, 0x0866, 0x0866,
    0x1088, 0x1087, 0x1087, 0x18CA, 0x18CA, 0x18CA, 0x18CA, 0x10A8, 0x18CA, 0x1066, 0x0003, 0x0024,
    0x0003, 0x0023, 0x0024, 0x0024, 0x0024, 0x0003, 0x0024, 0x0024, 0x0003, 0x0003, 0x0004, 0x0024,
    0x0004, 0x0024, 0x0004, 0x0024, 0x0024, 0x0004, 0x0024, 0x0024, 0x0004, 0x0004, 0x0004, 0x0024,
    0x0024, 0x0003, 0x0024, 0x0003, 0x18C8, 0x292B, 0x10A7, 0x10A7, 0x0045, 0x6290, 0xC49D, 0x49CD,
    0x0865, 0x0886, 0x0886, 0x0044, 0x292A, 0x8B38, 0x8B37, 0x8B37, 0xA3D8, 0xBC5A, 0xCCBB, 0xD4DB,
    0xBC39, 0xA3B8, 0x6A95, 0x51F3, 0x49B2, 0x49B1, 0x49B0, 0x49B0, 0x416F, 0x4190, 0x18C9, 0x0044,
    0x0886, 0x08A7, 0x294A, 0x522F, 0x0887, 0x0886, 0x0886, 0x0886, 0x0886, 0x0886, 0x0886, 0x0887,
    0x0886, 0x0886, 0x0887, 0x0886, 0x0887, 0x0886, 0x0886, 0x0886, 0x0886, 0x0887, 0x0886, 0x0886,
    0x0886, 0x0886, 0x0886, 0x0886, 0x0886, 0x0886, 0x0886, 0x0886, 0x0886, 0x0886, 0x0886, 0x0886,
    0x0886, 0x0886, 0x0886, 0x0886, 0x0886, 0x0886, 0x0886, 0x0886, 0x0886, 0x0886, 0x0887, 0x0886,
    0x0886, 0x0887, 0x0887, 0x0887, 0x0887, 0x0887, 0x0887, 0x0887, 0x0887, 0x0887, 0x0887, 0x0886,
    0x0887, 0x0886, 0x0887, 0x0887, 0x0887, 0x0886, 0x0887, 0x0887, 0x0887, 0x0887, 0x0887, 0x0887,
    0x0886, 0x0886, 0x0886, 0x0886, 0x0886, 0x0887, 0x0887, 0x0886, 0x10C8, 0x294B, 0x210A, 0x0024,
    0x0003, 0x0003, 0x0003, 0x0003, 0x0004, 0x0004, 0x0004, 0x0004, 0x0004, 0x0024, 0x0024, 0x0004,
    0x0004, 0x0024, 0x0004, 0x0004, 0x0003, 0x0003, 0x0003, 0x0003, 0x0004, 0x0004, 0x0003, 0x0023,
    0x0003, 0x0004, 0x0024, 0x0024, 0x0003, 0x0003, 0x0003, 0x0045, 0x0888, 0x1088, 0x0867, 0x0887,
    0x0887, 0x0867, 0x0867, 0x0866, 0x0866, 0x0865, 0x0044, 0x0044, 0x0045, 0x0045, 0x0045, 0x0045,
    0x0045, 0x0045, 0x0044, 0x20EA, 0x290C, 0x1087, 0x1088, 0x1088, 0x1088, 0x1087, 0x0887, 0x18A8,
    0x18A8, 0x18C9, 0x20EA, 0x20EB, 0x20EB, 0x20EA, 0x20EA, 0x20EA, 0x20CA, 0x20CB, 0x20EB, 0x394E,
    0x416F, 0x416F, 0x416E, 0x498F, 0x49B0, 0x4990, 0x394E, 0x394E, 0x416F, 0x416F, 0x49B0, 0x49B0,
    0x49B0, 0x51D1, 0x6233, 0x6233, 0x6A33, 0x7273, 0x7274, 0x7A94, 0x82B4, 0x8AD4, 0x9315, 0x9315,
    0x9B15, 0xA335, 0xB375, 0xDBB3, 0xE3B3, 0xE3B3, 0xDBD3, 0xD3F5, 0xC393, 0xA2F1, 0xA2D1, 0xAAF1,
    0xD372, 0xD392, 0xDBD2, 0xDBF2, 0xE412, 0xE412, 0xE412, 0xEC32, 0xEC12, 0xEC12, 0xEC12, 0xE412,
    0xE412, 0xE413, 0xDBF3, 0xDBF3, 0xD3F3, 0xD3D3, 0xCBD3, 0xCBD3, 0xC3B3, 0xE3F3, 0xFC52, 0xFC32,
    0xFC32, 0xFC32, 0xFC32, 0xFC53, 0xFC53, 0xF433, 0xA354, 0x9B14, 0x9B15, 0x92F5, 0x8AD5, 0x82B5,
    0x7A94, 0x6212, 0x6212, 0x7273, 0x7274, 0x7254, 0x7273, 0x7253, 0x6A53, 0x6A53, 0xC433, 0xF574,
    0xA333, 0x6A54, 0x59F2, 0x394D, 0x0845, 0x0845, 0x0866, 0x0867, 0x1087, 0x0866, 0x0866, 0x1088,
    0x18C9, 0x18CA, 0x18A9, 0x1087, 0x18C9, 0x1067, 0x0004, 0x0024, 0x0024, 0x0024, 0x0024, 0x0024,
    0x0024, 0x0024, 0x0023, 0x0003, 0x0004, 0x0004, 0x0004, 0x0004, 0x0004, 0x0024, 0x0004, 0x0024,
    0x0004, 0x0004, 0x0024, 0x0024, 0x0024, 0x0004, 0x0004, 0x0004, 0x0003, 0x0023, 0x0004, 0x0024,
    0x0866, 0x210A, 0x10C8, 0x0886, 0x0065, 0x314A, 0x9B98, 0xB3FA, 0x8B56, 0x72D3, 0x72B2, 0x7AB3,
    0x8314, 0xC49A, 0xE53C, 0xBC59, 0xA3B8, 0x9B97, 0x7AF6, 0x7AF6, 0x5A34, 0x5213, 0x5A13, 0x5A33,
    0x51F2, 0x4190, 0x416F, 0x416F, 0x49B1, 0x394E, 0x394B, 0x416C, 0x396C, 0x10C7, 0x08A7, 0x0866,
    0x0887, 0x0886, 0x0886, 0x0886, 0x0886, 0x0886, 0x0886, 0x0886, 0x0886, 0x0887, 0x0887, 0x0886,
    0x0886, 0x0886, 0x0886, 0x0886, 0x0887, 0x0887, 0x0886, 0x0886, 0x0886, 0x0886, 0x0886, 0x0886,
    0x0886, 0x0886, 0x0886, 0x0886, 0x0886, 0x0886, 0x0886, 0x0886, 0x0886, 0x0886, 0x0886, 0x0886,
    0x0886, 0x0886, 0x0886, 0x0886, 0x0886, 0x0886, 0x0886, 0x0886, 0x0886, 0x0887, 0x0887, 0x0887,
    0x0887, 0x0887, 0x0887, 0x0887, 0x0887, 0x0887, 0x0887, 0x0886, 0x0886, 0x0887, 0x0887, 0x0887,
    0x0887, 0x0887, 0x0887, 0x0887, 0x0887, 0x0887, 0x0887, 0x0887, 0x0887, 0x0887, 0x0886, 0x0886,
    0x0886, 0x0886, 0x0887, 0x0886, 0x10C8, 0x294B, 0x294B, 0x0845, 0x0003, 0x0023, 0x0003, 0x0003,
    0x0004, 0x0004, 0x0004, 0x0004, 0x0024, 0x0024, 0x0024, 0x0024, 0x0024, 0x0004, 0x0004, 0x0023,
    0x0004, 0x0003, 0x0003, 0x0003, 0x0004, 0x0004, 0x0004, 0x0024, 0x0003, 0x0004, 0x0003, 0x0023,
    0x0025, 0x0025, 0x0023, 0x0866, 0x1088, 0x0887, 0x0867, 0x0866, 0x0867, 0x0887, 0x0845, 0x0845,
    0x0045, 0x0045, 0x0045, 0x0045, 0x0045, 0x0045, 0x0045, 0x0045, 0x0045, 0x0045, 0x0024, 0x0846,
    0x290C, 0x1087, 0x1087, 0x0867, 0x1087, 0x10A8, 0x10A8, 0x10A8, 0x1087, 0x1087, 0x18A8, 0x20EB,
    0x20EB, 0x20EB, 0x20CA, 0x18A9, 0x18CA, 0x20CB, 0x20EC, 0x416F, 0x416F, 0x416E, 0x498F, 0x51D1,
    0x51D1, 0x51B0, 0x418F, 0x290C, 0x418F, 0x498F, 0x4990, 0x49B0, 0x51B0, 0x49B0, 0x59F2, 0x6A33,
    0x6A33, 0x7253, 0x7274, 0x82B4, 0x82B4, 0x82D4, 0x92F4, 0x9315, 0x92F5, 0xB354, 0xF3F3, 0xFC33,
    0xFC13, 0xFC12, 0xFBF2, 0xF3F3, 0xDBD3, 0xC3B4, 0xC3B4, 0xCB93, 0xC372, 0xCB72, 0xD3B2, 0xDBD2,
    0xDBF2, 0xE412, 0xEC53, 0xF453, 0xE412, 0xE3F2, 0xE3F2, 0xEC33, 0xEC53, 0xE413, 0xDBF3, 0xD3F3,
    0xD3D3, 0xD3D3, 0xCBD3, 0xCBD3, 0xC3B4, 0xEC13, 0xFC52, 0xFC52, 0xFC32, 0xFC32, 0xFC32, 0xFC33,
    0xFC53, 0xF413, 0xA334, 0x9AF4, 0x92F4, 0x92F5, 0x82D5, 0x82B5, 0x7A95, 0x59F2, 0x59D1, 0x6212,
    0x7273, 0x7253, 0x7253, 0x7253, 0x7273, 0x6A53, 0x9B12, 0xDC32, 0x7AB3, 0x6A54, 0x59F1, 0x416E,
    0x0045, 0x0845, 0x0866, 0x0867, 0x0866, 0x0866, 0x0866, 0x0866, 0x0866, 0x1088, 0x1088, 0x10A8,
    0x1087, 0x0025, 0x0025, 0x0024, 0x0024, 0x0024, 0x0024, 0x0003, 0x0003, 0x0023, 0x0023, 0x0004,
    0x0004, 0x0004, 0x0024, 0x0004, 0x0004, 0x0004, 0x0024, 0x0004, 0x0004, 0x0004, 0x0004, 0x0004,
    0x0004, 0x0024, 0x0003, 0x0003, 0x0024, 0x0004, 0x0004, 0x0024, 0x0004, 0x20E9, 0x18C8, 0x08A7,
    0x10A7, 0x0866, 0x18C8, 0x72D3, 0x9376, 0x8B76, 0x8B56, 0x9B97, 0x72D2, 0x41AC, 0x8314, 0x7AD6,
    0x5A14, 0x5A13, 0x5A34, 0x5A33, 0x6233, 0x5A33, 0x5A33, 0x5A33, 0x49D1, 0x4190, 0x396F, 0x418F,
    0x396F, 0x7293, 0xA378, 0x9B79, 0x82F7, 0x5211, 0x0886, 0x0886, 0x0886, 0x0886, 0x0886, 0x0886,
    0x0886, 0x0886, 0x0887, 0x0887, 0x0887, 0x0887, 0x0886, 0x0886, 0x0886, 0x0886, 0x0886, 0x0887,
    0x0887, 0x0886, 0x0886, 0x0886, 0x0886, 0x0886, 0x0887, 0x0886, 0x0886, 0x0886, 0x0886, 0x0886,
    0x0886, 0x0886, 0x0886, 0x0886, 0x0886, 0x0886, 0x0886, 0x0886, 0x0886, 0x0886, 0x0886, 0x0886,
    0x0886, 0x0886, 0x0887, 0x0887, 0x0887, 0x0887, 0x0887, 0x0887, 0x0887, 0x0886, 0x0886, 0x0886,
    0x0886, 0x0887, 0x0887, 0x0886, 0x0886, 0x0886, 0x0886, 0x0887, 0x0887, 0x0887, 0x0887, 0x0887,
    0x0886, 0x0887, 0x0887, 0x0887, 0x0887, 0x0887, 0x0887, 0x0886, 0x0886, 0x0887, 0x0887, 0x0886,
    0x10A8, 0x292B, 0x294C, 0x0845, 0x0003, 0x0003, 0x0003, 0x0003, 0x0003, 0x0004, 0x0024, 0x0024,
    0x0004, 0x0024, 0x0024, 0x0024, 0x0024, 0x0004, 0x0004, 0x0003, 0x0003, 0x0003, 0x0003, 0x0003,
    0x0023, 0x0004, 0x0004, 0x0024, 0x0004, 0x0003, 0x0024, 0x0866, 0x1088, 0x1088, 0x0867, 0x0867,
    0x1088, 0x0867, 0x0867, 0x0867, 0x1087, 0x0887, 0x0845, 0x0045, 0x0045, 0x0045, 0x0045, 0x0045,
    0x0045, 0x0024, 0x0845, 0x0045, 0x290B, 0x418E, 0x49AE, 0x41AD, 0x314C, 0x396D, 0x290A, 0x1087,
    0x1087, 0x1087, 0x1088, 0x10A8, 0x18CA, 0x18C9, 0x10A8, 0x18A8, 0x20CA, 0x20CA, 0x18A9, 0x18A9,
    0x18CA, 0x20EB, 0x314D, 0x394E, 0x396E, 0x416E, 0x498F, 0x59F2, 0x59F1, 0x59F1, 0x51B0, 0x312D,
    0x416F, 0x4990, 0x498F, 0x498F, 0x49B0, 0x49B0, 0x51D1, 0x6212, 0x6A33, 0x6A53, 0x7274, 0x7A94,
    0x82B4, 0x82B4, 0x8AD4, 0x8AF5, 0x9B14, 0xF3F3, 0xFC12, 0xFC13, 0xFC33, 0xFC13, 0xFC13, 0xFC12,
    0xFC12, 0xD3B3, 0xBB73, 0xC393, 0xCB93, 0xCB93, 0xD3B3, 0xD3D3, 0xDBD3, 0xE413, 0x824C, 0x92CD,
    0xF473, 0xF453, 0xF453, 0xAB0F, 0x3928, 0xCBD2, 0xDBF3, 0xD3D3, 0xD3D3, 0xCBD3, 0xCBD3, 0xCBD3,
    0xC3B4, 0xDBF3, 0xFC72, 0xFC52, 0xFC52, 0xFC32, 0xFC32, 0xFC32, 0xFC32, 0xD3B4, 0x9B14, 0x9AF4,
    0x92D4, 0x8AD4, 0x82D5, 0x7AB4, 0x7274, 0x59F1, 0x51D1, 0x59F1, 0x6232, 0x6A53, 0x7253, 0x7273,
    0x7273, 0x7273, 0x7253, 0x8293, 0x6A54, 0x6233, 0x51B0, 0x414F, 0x20C9, 0x0045, 0x0845, 0x0865,
    0x0866, 0x0866, 0x0866, 0x0866, 0x0866, 0x0866, 0x1087, 0x18A9, 0x0866, 0x1087, 0x20EC, 0x20EB,
    0x18C9, 0x0024, 0x0003, 0x0004, 0x0003, 0x0003, 0x0003, 0x0024, 0x0024, 0x0004, 0x0004, 0x0004,
    0x0003, 0x0004, 0x0024, 0x0004, 0x0004, 0x0003, 0x0003, 0x0004, 0x0024, 0x0004, 0x0024, 0x0024,
    0x0023, 0x0024, 0x0004, 0x0024, 0x0002, 0x18C8, 0x10A7, 0x0886, 0x08A7, 0x10A7, 0x0887, 0x0886,
    0x0866, 0x0066, 0x0887, 0x0887, 0x0887, 0x0066, 0x0887, 0x49D0, 0x6254, 0x5A33, 0x6254, 0x5A33,
    0x5A13, 0x51F2, 0x49D1, 0x41B0, 0x4190, 0x4190, 0x4190, 0x312E, 0x51F0, 0xABD9, 0x9B78, 0x8317,
    0x72B5, 0x6A95, 0x418F, 0x18A8, 0x0886, 0x1086, 0x0886, 0x0886, 0x0886, 0x0886, 0x0886, 0x0886,
    0x0887, 0x0886, 0x0886, 0x0886, 0x0887, 0x0887, 0x0887, 0x0886, 0x0886, 0x0886, 0x0886, 0x0886,
    0x0886, 0x0886, 0x0886, 0x0886, 0x0886, 0x0886, 0x0886, 0x0886, 0x0886, 0x0886, 0x0886, 0x0886,
    0x0886, 0x0886, 0x0886, 0x0886, 0x0886, 0x0886, 0x0886, 0x0886, 0x0887, 0x0886, 0x0887, 0x0887,
    0x0887, 0x0886, 0x0887, 0x0886, 0x0887, 0x0886, 0x0887, 0x0886, 0x0887, 0x0886, 0x0886, 0x0886,
    0x0886, 0x0887, 0x0887, 0x0887, 0x0887, 0x0887, 0x0887, 0x0887, 0x0887, 0x0887, 0x0887, 0x0887,
    0x0887, 0x0886, 0x0887, 0x0887, 0x0887, 0x0886, 0x0886, 0x0886, 0x10C8, 0x294C, 0x314C, 0x0845,
    0x0003, 0x0003, 0x0003, 0x0003, 0x0004, 0x0004, 0x0004, 0x0004, 0x0024, 0x0024, 0x0024, 0x0004,
    0x0004, 0x0004, 0x0004, 0x0003, 0x0024, 0x0003, 0x0003, 0x0003, 0x0003, 0x0003, 0x0024, 0x0004,
    0x0004, 0x0024, 0x0867, 0x0888, 0x0887, 0x0887, 0x1088, 0x1088, 0x1088, 0x0867, 0x0867, 0x0867,
    0x0887, 0x0866, 0x0845, 0x0044, 0x0045, 0x0045, 0x0045, 0x0045, 0x0045, 0x1067, 0x312C, 0x416D,
    0x51AE, 0x51CF, 0x620F, 0x7A6F, 0x498E, 0x51AE, 0x6A0F, 0x8A6F, 0x518D, 0x28E9, 0x18A9, 0x1088,
    0x18A9, 0x18CA, 0x18A9, 0x1087, 0x1087, 0x1088, 0x1088, 0x18CA, 0x20EB, 0x20EB, 0x314D, 0x394E,
    0x394E, 0x416F, 0x418F, 0x51D1, 0x59F2, 0x59F1, 0x6212, 0x49AF, 0x310D, 0x416E, 0x416F, 0x418F,
    0x49B0, 0x51D1, 0x51B0, 0x5A12, 0x6A53, 0x6A33, 0x6A53, 0x7A74, 0x8294, 0x7A94, 0x82D4, 0x8AF5,
    0xCB74, 0xFBF2, 0xF3F2, 0xFC12, 0xFC33, 0xFC33, 0xFC33, 0xFC32, 0xFC32, 0xEBD3, 0xB333, 0xC373,
    0xC393, 0xCBB3, 0xD3B3, 0xD3B3, 0xD3B3, 0xDBF3, 0x61EB, 0x0005, 0x414A, 0x51AB, 0x498A, 0x0825,
    0x59AA, 0xD3D3, 0xD3D3, 0xD3D3, 0xCBB3, 0xCBB3, 0xC3B3, 0xC3B4, 0xC3B4, 0xBBB4, 0xD3F3, 0xF432,
    0xFC52, 0xFC52, 0xFC52, 0xFC33, 0xE3F3, 0xA354, 0x9B14, 0x92F4, 0x8AD4, 0x82B4, 0x7A94, 0x7274,
    0x6A33, 0x51D0, 0x59F1, 0x59F1, 0x59F1, 0x6232, 0x7274, 0x7274, 0x7273, 0x7273, 0x6A53, 0x6A54,
    0x6A53, 0x59F2, 0x49B0, 0x414F, 0x394D, 0x0045, 0x0845, 0x0045, 0x0866, 0x1087, 0x0866, 0x0866,
    0x0866, 0x0866, 0x0866, 0x1067, 0x18C9, 0x290B, 0x20EB, 0x28EC, 0x28EC, 0x20EB, 0x0866, 0x0003,
    0x0004, 0x0003, 0x0003, 0x0003, 0x0003, 0x0004, 0x0003, 0x0004, 0x0004, 0x0004, 0x0024, 0x0004,
    0x0004, 0x0004, 0x0024, 0x0004, 0x0004, 0x0004, 0x0024, 0x0003, 0x0023, 0x0024, 0x0004, 0x0003,
    0x0844, 0x2109, 0x10A7, 0x0886, 0x0887, 0x08A7, 0x10A7, 0x10A7, 0x08A7, 0x0887, 0x1087, 0x10A7,
    0x10A7, 0x10A7, 0x0886, 0x0886, 0x314D, 0x49B1, 0x49D2, 0x49B1, 0x4190, 0x4190, 0x41B0, 0x4190,
    0x4190, 0x418F, 0x8316, 0x7AD5, 0x7294, 0x8B58, 0x8337, 0x6A95, 0x51F3, 0x6274, 0x6A75, 0x49B1,
    0x10A7, 0x0886, 0x0886, 0x0886, 0x0886, 0x0886, 0x0886, 0x0886, 0x0887, 0x0887, 0x0886, 0x0886,
    0x0886, 0x0887, 0x0887, 0x0887, 0x0886, 0x0886, 0x0886, 0x0886, 0x0886, 0x0886, 0x0886, 0x0886,
    0x0886, 0x0886, 0x0886, 0x0886, 0x0886, 0x0886, 0x0886, 0x0886, 0x0886, 0x0886, 0x0886, 0x0886,
    0x0886, 0x0886, 0x0886, 0x0886, 0x0887, 0x0887, 0x0886, 0x0887, 0x0886, 0x0887, 0x0887, 0x0886,
    0x0887, 0x0887, 0x0886, 0x0887, 0x0887, 0x0887, 0x0886, 0x0887, 0x0887, 0x0887, 0x0887, 0x0887,
    0x0887, 0x0887, 0x0887, 0x0887, 0x0887, 0x0887, 0x0887, 0x0887, 0x0887, 0x0886, 0x0886, 0x0886,
    0x0887, 0x0886, 0x0887, 0x0886, 0x10C8, 0x294B, 0x292B, 0x0844, 0x0003, 0x0024, 0x0003, 0x0003,
    0x0004, 0x0004, 0x0004, 0x0024, 0x0024, 0x0024, 0x0004, 0x0004, 0x0004, 0x0004, 0x0004, 0x0024,
    0x0004, 0x0003, 0x0003, 0x0003, 0x0003, 0x0024, 0x0024, 0x0003, 0x0023, 0x0867, 0x1088, 0x0887,
    0x1088, 0x10A9, 0x1087, 0x0866, 0x0867, 0x0845, 0x0045, 0x0045, 0x0845, 0x0845, 0x0867, 0x0045,
    0x0045, 0x0045, 0x0045, 0x0045, 0x28EB, 0x49AF, 0x59D0, 0x51AE, 0x51AE, 0x394D, 0x312D, 0x312C,
    0x496D, 0x498E, 0x724F, 0x8270, 0x7230, 0x7A4F, 0x722F, 0x312B, 0x0887, 0x1067, 0x18A8, 0x18A8,
    0x1088, 0x1087, 0x1088, 0x20EC, 0x20EB, 0x20EB, 0x312D, 0x392E, 0x394E, 0x416F, 0x418F, 0x418F,
    0x51D1, 0x5A12, 0x59F1, 0x5A11, 0x418F, 0x394D, 0x418F, 0x418F, 0x49B0, 0x49B0, 0x51D1, 0x51D1,
    0x6212, 0x6233, 0x6A53, 0x7273, 0x7A94, 0x7AB4, 0x82B4, 0x82F5, 0xBB54, 0xFBF2, 0xF3F2, 0xF412,
    0xFC33, 0xFC33, 0xFC33, 0xFC33, 0xFC33, 0xDBB3, 0xB333, 0xBB73, 0xC393, 0xC3B3, 0xCBB3, 0xCBB3,
    0xCBB3, 0xD3B3, 0xD3F3, 0xAB10, 0x3929, 0x30E8, 0x4129, 0xA310, 0xDBF4, 0xD3B3, 0xCBB3, 0xCBB3,
    0xC3B3, 0xC393, 0xC393, 0xBB94, 0xBB94, 0xB394, 0xB374, 0xB374, 0xCBB3, 0xD3D3, 0xD3B3, 0xB354,
    0x9B14, 0x9B14, 0x9B14, 0x8AD4, 0x82B4, 0x7A94, 0x7274, 0x7253, 0x59F1, 0x49B0, 0x59F1, 0x59F1,
    0x59F2, 0x59F2, 0x6232, 0x6A73, 0x7273, 0x7273, 0x6A53, 0x6212, 0x59F2, 0x59F2, 0x4190, 0x416F,
    0x394D, 0x0045, 0x0845, 0x0045, 0x0845, 0x20A9, 0x20CA, 0x0867, 0x0866, 0x0866, 0x0866, 0x1088,
    0x20CA, 0x18CA, 0x1088, 0x18C9, 0x20EB, 0x20EB, 0x20CA, 0x0844, 0x0003, 0x0024, 0x0003, 0x0004,
    0x0023, 0x0003, 0x0004, 0x0004, 0x0004, 0x0024, 0x0024, 0x0023, 0x0004, 0x0004, 0x0004, 0x0003,
    0x0024, 0x0004, 0x0024, 0x0003, 0x0003, 0x0023, 0x0024, 0x0003, 0x18C8, 0x316C, 0x10A7, 0x0886,
    0x0887, 0x0887, 0x08A7, 0x08A7, 0x0887, 0x0887, 0x0886, 0x0886, 0x0886, 0x08A6, 0x08A7, 0x10A7,
    0x0886, 0x18C8, 0x210A, 0x312C, 0x396F, 0x4190, 0x41B1, 0x4190, 0x20EA, 0x6253, 0x9B79, 0x82F7,
    0x6213, 0x7295, 0x72D5, 0x51D2, 0x6254, 0x7AD6, 0x51F3, 0x51F2, 0x18C9, 0x0886, 0x0887, 0x0886,
    0x0886, 0x0886, 0x0887, 0x0886, 0x0887, 0x0887, 0x0887, 0x0886, 0x0886, 0x0887, 0x0886, 0x0886,
    0x0886, 0x0886, 0x0886, 0x0886, 0x0886, 0x0886, 0x0886, 0x0886, 0x0886, 0x0886, 0x0886, 0x0886,
    0x0886, 0x0886, 0x0886, 0x0886, 0x0886, 0x0886, 0x0886, 0x0886, 0x0886, 0x0886, 0x0886, 0x0886,
    0x0887, 0x0887, 0x0887, 0x0887, 0x0887, 0x0887, 0x0887, 0x0887, 0x0886, 0x0887, 0x0887, 0x0886,
    0x0887, 0x0887, 0x0886, 0x0887, 0x0887, 0x0887, 0x0887, 0x0887, 0x0887, 0x0887, 0x0887, 0x0887,
    0x0887, 0x0887, 0x0887, 0x0887, 0x0887, 0x0886, 0x0886, 0x0886, 0x0886, 0x0886, 0x0887, 0x0886,
    0x10C8, 0x292B, 0x292B, 0x0844, 0x0003, 0x0024, 0x0024, 0x0003, 0x0004, 0x0004, 0x0024, 0x0004,
    0x0004, 0x0024, 0x0004, 0x0004, 0x0004, 0x0003, 0x0004, 0x0003, 0x0003, 0x0003, 0x0024, 0x0003,
    0x0024, 0x0024, 0x0024, 0x0025, 0x0023, 0x0888, 0x1088, 0x0887, 0x1087, 0x1087, 0x0846, 0x0044,
    0x0044, 0x0045, 0x0045, 0x0045, 0x0045, 0x0045, 0x0845, 0x0045, 0x0045, 0x0044, 0x0844, 0x28EB,
    0x498F, 0x418E, 0x394D, 0x292D, 0x292C, 0x312C, 0x312C, 0x312C, 0x312D, 0x312D, 0x396D, 0x418E,
    0x418E, 0x828F, 0x92B0, 0x6A0F, 0x414B, 0x1087, 0x1087, 0x1087, 0x1087, 0x1087, 0x18A8, 0x10AA,
    0x20EB, 0x20EB, 0x290C, 0x394E, 0x394E, 0x416F, 0x416F, 0x416F, 0x416F, 0x51D1, 0x59F1, 0x59F1,
    0x59F1, 0x6232, 0x51D1, 0x49B0, 0x49B0, 0x4990, 0x49B0, 0x49B0, 0x59F1, 0x6A33, 0x6A33, 0x6A53,
    0x7273, 0x7A94, 0x82B4, 0x82D4, 0x82D4, 0xDBB3, 0xFC53, 0xFC33, 0xFC13, 0xFC12, 0xFC33, 0xFC53,
    0xEBF3, 0xB354, 0xB354, 0xBB74, 0xBB74, 0xC394, 0xC394, 0xC3B4, 0xC393, 0xCBB3, 0xCBB3, 0xD3F4,
    0xD3D4, 0xD3D4, 0xDBF4, 0xD3F4, 0xCBB3, 0xCBB3, 0xC3B3, 0xC393, 0xC393, 0xBB93, 0xBB73, 0xB374,
    0xB374, 0xB374, 0xAB54, 0xAB54, 0xA334, 0xA334, 0x9B14, 0x92F4, 0x92F4, 0x92D4, 0x8AD4, 0x82B4,
    0x7A94, 0x7274, 0x6A53, 0x6A53, 0x51F1, 0x51B0, 0x59F2, 0x59F2, 0x59F2, 0x59F1, 0x59F2, 0x59F2,
    0x6212, 0x6212, 0x59F1, 0x51D1, 0x51F1, 0x49B0, 0x396F, 0x416F, 0x314C, 0x0024, 0x0044, 0x0045,
    0x0044, 0x0865, 0x20C9, 0x0887, 0x0866, 0x0866, 0x1088, 0x0887, 0x0887, 0x1088, 0x1088, 0x0887,
    0x10A8, 0x18C9, 0x20CA, 0x20C9, 0x0844, 0x0004, 0x0004, 0x0004, 0x0003, 0x0004, 0x0024, 0x0004,
    0x0024, 0x0024, 0x0003, 0x0003, 0x0024, 0x0003, 0x0004, 0x0004, 0x0024, 0x0004, 0x0024, 0x0003,
    0x0004, 0x0024, 0x0003, 0x0024, 0x210A, 0x20E9, 0x0886, 0x0887, 0x0887, 0x0887, 0x0887, 0x0887,
    0x0887, 0x0887, 0x0887, 0x0887, 0x18A9, 0x10A7, 0x0886, 0x10A7, 0x10A7, 0x0886, 0x0886, 0x0886,
    0x10C8, 0x10C8, 0x10C8, 0x10A8, 0x0865, 0x51F1, 0x6A55, 0x59F2, 0x4170, 0x51F2, 0x5A33, 0x51D2,
    0x5A13, 0x5A13, 0x51D3, 0x49B0, 0x10A7, 0x0886, 0x0887, 0x0886, 0x0887, 0x0886, 0x0887, 0x0887,
    0x0887, 0x0887, 0x0886, 0x0887, 0x0886, 0x0887, 0x0886, 0x0886, 0x0886, 0x0886, 0x0886, 0x0886,
    0x0886, 0x0886, 0x0886, 0x0887, 0x0886, 0x0886, 0x0886, 0x0886, 0x0886, 0x0886, 0x0886, 0x0886,
    0x0886, 0x0886, 0x0886, 0x0886, 0x0886, 0x0886, 0x0886, 0x0887, 0x0887, 0x0887, 0x0887, 0x0887,
    0x0887, 0x0886, 0x0886, 0x0886, 0x0886, 0x0887, 0x0887, 0x0886, 0x0886, 0x0887, 0x0887, 0x0887,
    0x0887, 0x0887, 0x0887, 0x0887, 0x0887, 0x0887, 0x0887, 0x0887, 0x0887, 0x0887, 0x0887, 0x0886,
    0x0887, 0x0886, 0x0886, 0x0886, 0x0886, 0x0887, 0x1087, 0x0886, 0x18C8, 0x294C, 0x2109, 0x0024,
    0x0024, 0x0024, 0x0024, 0x0003, 0x0003, 0x0003, 0x0004, 0x0004, 0x0004, 0x0004, 0x0024, 0x0024,
    0x0004, 0x0003, 0x0004, 0x0003, 0x0003, 0x0003, 0x0003, 0x0024, 0x0024, 0x0024, 0x0866, 0x1088,
    0x0866, 0x1088, 0x1088, 0x0888, 0x0866, 0x0045, 0x0044, 0x0045, 0x0045, 0x0045, 0x0045, 0x0045,
    0x0045, 0x0045, 0x0045, 0x0045, 0x0045, 0x0044, 0x20EA, 0x394D, 0x312C, 0x290B, 0x290B, 0x290C,
    0x290C, 0x312C, 0x312C, 0x312C, 0x312D, 0x394D, 0x312D, 0x312D, 0x314D, 0x394D, 0x59EE, 0x59CE,
    0x59AE, 0x394B, 0x0867, 0x1087, 0x1087, 0x0866, 0x0886, 0x598B, 0x312B, 0x20EB, 0x20EB, 0x394E,
    0x396E, 0x416E, 0x416F, 0x416F, 0x418F, 0x418F, 0x51D0, 0x59F1, 0x5A11, 0x6212, 0x6212, 0x6212,
    0x49B0, 0x416F, 0x49B0, 0x51B0, 0x51D1, 0x6212, 0x6A53, 0x6A53, 0x7253, 0x7274, 0x7A94, 0x82B4,
    0x82D4, 0x9315, 0xC3D4, 0xE413, 0xFC13, 0xFC13, 0xEC14, 0xCBB4, 0xAB54, 0xA334, 0xAB54, 0xB354,
    0xB354, 0xBB54, 0xBB94, 0xBB94, 0xC394, 0xC394, 0xC394, 0xC3B3, 0xC393, 0xC394, 0xC393, 0xC393,
    0xC394, 0xC394, 0xC394, 0xBB94, 0xBB73, 0xB374, 0xB354, 0xAB33, 0xAB34, 0xAB34, 0xA334, 0xA334,
    0xA334, 0xA314, 0x9B14, 0x92F4, 0x8AD4, 0x82B4, 0x7A94, 0x7274, 0x7274, 0x6A53, 0x6233, 0x6213,
    0x51B0, 0x51D0, 0x61F2, 0x59F1, 0x61F2, 0x61F2, 0x61F2, 0x51B0, 0x51D1, 0x49B0, 0x4990, 0x51D1,
    0x418F, 0x396E, 0x394E, 0x416F, 0x20E9, 0x0023, 0x0044, 0x0045, 0x0045, 0x0045, 0x0045, 0x0866,
    0x0866, 0x1087, 0x1087, 0x1087, 0x1087, 0x1087, 0x0887, 0x1087, 0x0887, 0x0887, 0x18A9, 0x290C,
    0x18A9, 0x0003, 0x0004, 0x0003, 0x0003, 0x0003, 0x0004, 0x0004, 0x0004, 0x0003, 0x0003, 0x0004,
    0x0003, 0x0024, 0x0024, 0x0003, 0x0003, 0x0004, 0x0004, 0x0004, 0x0004, 0x0024, 0x0003, 0x0844,
    0x292B, 0x10A7, 0x0887, 0x10A7, 0x0887, 0x0887, 0x0886, 0x0886, 0x0886, 0x0887, 0x08A7, 0x08A7,
    0x10A7, 0x08A7, 0x0887, 0x0887, 0x0887, 0x0886, 0x0887, 0x0887, 0x0886, 0x0887, 0x0886, 0x0886,
    0x0886, 0x18EA, 0x49D1, 0x49B2, 0x4991, 0x4191, 0x290C, 0x4190, 0x51D2, 0x49B1, 0x418F, 0x18C9,
    0x0886, 0x08A7, 0x0887, 0x0887, 0x0887, 0x0887, 0x0886, 0x0887, 0x0887, 0x0887, 0x0887, 0x0887,
    0x0887, 0x0887, 0x0887, 0x0887, 0x0887, 0x0887, 0x0886, 0x0887, 0x0886, 0x0886, 0x0886, 0x0886,
    0x0886, 0x0886, 0x0886, 0x0886, 0x0886, 0x0886, 0x0886, 0x0886, 0x0886, 0x0886, 0x0886, 0x0886,
    0x0886, 0x0886, 0x0887, 0x0887, 0x0887, 0x0886, 0x0887, 0x0887, 0x0886, 0x0886, 0x0886, 0x0886,
    0x0886, 0x0887, 0x0886, 0x0886, 0x0886, 0x0887, 0x0887, 0x0887, 0x0887, 0x0887, 0x0887, 0x0887,
    0x0887, 0x0887, 0x0887, 0x0887, 0x0887, 0x0887, 0x0887, 0x0886, 0x0886, 0x0886, 0x0886, 0x0886,
    0x0886, 0x0887, 0x10A7, 0x0886, 0x10C8, 0x294B, 0x0865, 0x0003, 0x0024, 0x0024, 0x0004, 0x0004,
    0x0004, 0x0004, 0x0004, 0x0004, 0x0004, 0x0004, 0x0003, 0x0003, 0x0004, 0x0024, 0x0003, 0x0024,
    0x0004, 0x0003, 0x0003, 0x0024, 0x0003, 0x0846, 0x1088, 0x1088, 0x1088, 0x1088, 0x1088, 0x0867,
    0x0045, 0x0045, 0x0045, 0x0045, 0x0045, 0x0045, 0x0045, 0x0045, 0x0044, 0x0045, 0x0045, 0x0045,
    0x0044, 0x1086, 0x312D, 0x290C, 0x290B, 0x290B, 0x290C, 0x416D, 0x59AE, 0x312D, 0x310C, 0x312C,
    0x312C, 0x312D, 0x392D, 0x394D, 0x392D, 0x312D, 0x290C, 0x312C, 0x518E, 0x59CF, 0x290A, 0x0867,
    0x0886, 0x0866, 0x1087, 0x518C, 0x312C, 0x20EB, 0x20EB, 0x314D, 0x416F, 0x394E, 0x394E, 0x416F,
    0x418F, 0x416F, 0x416F, 0x418F, 0x51B0, 0x59F1, 0x59F1, 0x59F1, 0x59F1, 0x49B0, 0x418F, 0x51D1,
    0x51D1, 0x51D1, 0x6212, 0x6A33, 0x6A33, 0x6A53, 0x7273, 0x7273, 0x7A94, 0x8AD4, 0x82D4, 0x8AB4,
    0x92D3, 0xA314, 0x9B34, 0x9315, 0x9B14, 0xA334, 0xA334, 0xAB34, 0xAB54, 0xB354, 0xB354, 0xB374,
    0xBB74, 0xBB74, 0xBB74, 0xBB94, 0xBB94, 0xBB94, 0xBB94, 0xBB94, 0xBB94, 0xBB74, 0xB374, 0xB374,
    0xB374, 0xAB54, 0xAB34, 0xA334, 0xA334, 0x9B14, 0x9B14, 0x9B14, 0x92F4, 0x92F4, 0x8AD4, 0x82D4,
    0x82B4, 0x82B4, 0x7A94, 0x7253, 0x6A53, 0x6233, 0x6233, 0x51D0, 0x416E, 0x51B0, 0x59F1, 0x6212,
    0x6212, 0x61F2, 0x59F1, 0x4990, 0x51D0, 0x4990, 0x394E, 0x416F, 0x396E, 0x396E, 0x312D, 0x310C,
    0x0866, 0x0044, 0x0845, 0x0845, 0x0845, 0x0845, 0x0845, 0x0045, 0x0866, 0x1088, 0x0867, 0x0866,
    0x1087, 0x1087, 0x0867, 0x0887, 0x1088, 0x1088, 0x1088, 0x18EB, 0x18A9, 0x0003, 0x0024, 0x0024,
    0x0024, 0x0024, 0x0003, 0x0024, 0x0003, 0x0023, 0x0003, 0x0004, 0x0004, 0x0004, 0x0003, 0x0004,
    0x0024, 0x0003, 0x0003, 0x0003, 0x0004, 0x0024, 0x0003, 0x0865, 0x314B, 0x18C8, 0x08A7, 0x08A7,
    0x08A7, 0x0887, 0x0886, 0x0886, 0x0886, 0x0887, 0x0887, 0x08A7, 0x0886, 0x0887, 0x0887, 0x0887,
    0x0886, 0x0886, 0x0886, 0x0887, 0x0887, 0x0886, 0x0886, 0x0886, 0x0887, 0x0886, 0x10A8, 0x210B,
    0x210B, 0x10A8, 0x0886, 0x10A7, 0x18E9, 0x18C8, 0x0886, 0x0886, 0x10A7, 0x0887, 0x08A7, 0x0887,
    0x0887, 0x0887, 0x0887, 0x0887, 0x0886, 0x0887, 0x0887, 0x0887, 0x0887, 0x0887, 0x0887, 0x0887,
    0x0886, 0x0886, 0x0886, 0x0886, 0x0887, 0x0887, 0x0886, 0x0886, 0x0887, 0x0886, 0x0886, 0x0886,
    0x0886, 0x0886, 0x0886, 0x0886, 0x0886, 0x0886, 0x0886, 0x0886, 0x0886, 0x0886, 0x0887, 0x0886,
    0x0887, 0x0886, 0x0886, 0x0886, 0x0886, 0x0886, 0x0886, 0x0886, 0x0886, 0x0886, 0x0886, 0x0886,
    0x0887, 0x0887, 0x0887, 0x08A7, 0x0887, 0x0887, 0x0887, 0x0887, 0x0887, 0x0887, 0x0887, 0x0887,
    0x0887, 0x0886, 0x0887, 0x0886, 0x0887, 0x0886, 0x0886, 0x0886, 0x0887, 0x0887, 0x10A7, 0x10A7,
    0x210A, 0x294B, 0x1086, 0x0004, 0x0024, 0x0024, 0x0024, 0x0024, 0x0004, 0x0004, 0x0003, 0x0003,
    0x0003, 0x0004, 0x0003, 0x0003, 0x0004, 0x0024, 0x0024, 0x0004, 0x0004, 0x0024, 0x0024, 0x0024,
    0x0024, 0x0887, 0x1088, 0x1088, 0x1087, 0x0888, 0x0887, 0x0845, 0x0045, 0x0045, 0x0045, 0x0045,
    0x0045, 0x0845, 0x0024, 0x0023, 0x0845, 0x0866, 0x0867, 0x0045, 0x0022, 0x18A8, 0x290C, 0x290B,
    0x290C, 0x290C, 0x290C, 0x722E, 0x8A6F, 0x312C, 0x290D, 0x312D, 0x312D, 0x312D, 0x312D, 0x312D,
    0x394D, 0x312D, 0x312D, 0x290C, 0x394C, 0x59AF, 0x394C, 0x0866, 0x0866, 0x0866, 0x1087, 0x10AA,
    0x20EB, 0x20EB, 0x20EB, 0x210C, 0x394E, 0x416F, 0x394E, 0x418F, 0x498F, 0x416F, 0x416F, 0x416F,
    0x416F, 0x49B0, 0x51B0, 0x51D0, 0x59F1, 0x6212, 0x49B0, 0x498F, 0x51B0, 0x51B0, 0x51B0, 0x59F1,
    0x6212, 0x6212, 0x6A33, 0x7253, 0x7A74, 0x7A73, 0x7A93, 0x82B4, 0x82B4, 0x82D4, 0x8AD4, 0x92F4,
    0x92F4, 0x9B14, 0x9B14, 0xA314, 0xA334, 0xAB34, 0xAB34, 0xAB54, 0xAB54, 0xB354, 0xB374, 0xB374,
    0xB374, 0xBB74, 0xB374, 0xB374, 0xB374, 0xB374, 0xAB54, 0xAB54, 0xAB54, 0xA334, 0xA334, 0x9B14,
    0x9B34, 0x9B34, 0x92F4, 0x82B3, 0x8AD4, 0x8AD4, 0x82B4, 0x82D4, 0x7A94, 0x7274, 0x6A53, 0x6A53,
    0x6212, 0x6212, 0x6212, 0x498F, 0x416F, 0x51D0, 0x49B0, 0x51D1, 0x59F1, 0x59D1, 0x418F, 0x416F,
    0x498F, 0x416F, 0x394E, 0x394E, 0x416E, 0x394E, 0x290C, 0x28EA, 0x0045, 0x0024, 0x0024, 0x0024,
    0x0024, 0x0845, 0x0865, 0x0845, 0x0865, 0x0867, 0x0866, 0x0045, 0x0866, 0x0867, 0x1088, 0x0887,
    0x1089, 0x1088, 0x1087, 0x10A9, 0x10A9, 0x0003, 0x0003, 0x0003, 0x0004, 0x0004, 0x0024, 0x0004,
    0x0004, 0x0024, 0x0004, 0x0004, 0x0004, 0x0003, 0x0024, 0x0004, 0x0004, 0x0004, 0x0003, 0x0004,
    0x0003, 0x0003, 0x0003, 0x0865, 0x316C, 0x18C8, 0x0887, 0x0887, 0x0887, 0x0887, 0x0886, 0x0886,
    0x0886, 0x0887, 0x0887, 0x0887, 0x0887, 0x0887, 0x0887, 0x0887, 0x0887, 0x0887, 0x0887, 0x0887,
    0x0887, 0x0886, 0x0886, 0x0886, 0x0886, 0x0886, 0x0886, 0x0866, 0x0866, 0x0886, 0x0886, 0x0886,
    0x0886, 0x0886, 0x0887, 0x0887, 0x0887, 0x0887, 0x0887, 0x0887, 0x0887, 0x0887, 0x0887, 0x0887,
    0x0886, 0x0887, 0x0887, 0x0887, 0x0887, 0x0887, 0x0887, 0x0887, 0x0886, 0x0886, 0x0886, 0x0886,
    0x0886, 0x0886, 0x0886, 0x0886, 0x0886, 0x0886, 0x0886, 0x0886, 0x0886, 0x0886, 0x0886, 0x0886,
    0x0886, 0x0886, 0x0886, 0x0886, 0x0886, 0x0886, 0x0886, 0x0886, 0x0886, 0x0886, 0x0887, 0x0886,
    0x0886, 0x0886, 0x0886, 0x0886, 0x0887, 0x0886, 0x0886, 0x0886, 0x0887, 0x0887, 0x0887, 0x0887,
    0x0887, 0x0887, 0x0887, 0x0887, 0x0887, 0x0887, 0x0887, 0x0887, 0x0887, 0x0886, 0x0887, 0x0887,
    0x0887, 0x0887, 0x0886, 0x0886, 0x0886, 0x10A7, 0x10A7, 0x10C8, 0x294B, 0x292A, 0x0866, 0x0024,
    0x0024, 0x0024, 0x0004, 0x0024, 0x0003, 0x0004, 0x0004, 0x0003, 0x0004, 0x0003, 0x0003, 0x0003,
    0x0003, 0x0024, 0x0024, 0x0004, 0x0004, 0x0024, 0x0024, 0x0003, 0x0023, 0x0867, 0x0887, 0x0887,
    0x0887, 0x1088, 0x1088, 0x0845, 0x0045, 0x0045, 0x0045, 0x0045, 0x0845, 0x0044, 0x0866, 0x1087,
    0x20EB, 0x290C, 0x312E, 0x20EB, 0x1088, 0x18A9, 0x28EC, 0x28EC, 0x290C, 0x290C, 0x290C, 0x312C,
    0x416C, 0x20EC, 0x312D, 0x312D, 0x290C, 0x290C, 0x312D, 0x312D, 0x312D, 0x312D, 0x312D, 0x312D,
    0x312D, 0x394D, 0x51AF, 0x28E9, 0x0865, 0x1087, 0x1087, 0x18A9, 0x18CA, 0x20CA, 0x20EA, 0x20EB,
    0x290B, 0x394D, 0x416F, 0x416F, 0x416F, 0x414E, 0x416F, 0x416F, 0x416F, 0x418F, 0x416F, 0x418F,
    0x49B0, 0x59F1, 0x49B0, 0x394E, 0x416E, 0x394E, 0x49B0, 0x6212, 0x7254, 0x7253, 0x7253, 0x7A74,
    0x7A94, 0x7A94, 0x7253, 0x6212, 0x7A94, 0x8AF4, 0x8AD4, 0x8AD4, 0x8AD4, 0x92F4, 0x92D4, 0x9AF4,
    0x9B14, 0xA314, 0xA314, 0xA314, 0xA314, 0xA334, 0xAB54, 0xAB54, 0xAB54, 0xAB54, 0xAB54, 0xAB54,
    0xAB54, 0xAB54, 0xA334, 0xA334, 0x9B34, 0x9B14, 0x9B14, 0x9B35, 0x9314, 0x7252, 0x6A32, 0x92D3,
    0x92F4, 0x8AD4, 0x8AB4, 0x82B4, 0x82B4, 0x7294, 0x5A12, 0x59F2, 0x6212, 0x59F2, 0x51D1, 0x312E,
    0x416F, 0x498F, 0x498F, 0x498F, 0x498F, 0x498F, 0x394D, 0x394E, 0x416E, 0x414E, 0x394E, 0x416E,
    0x394E, 0x312D, 0x312C, 0x0045, 0x1886, 0x516A, 0x4969, 0x4149, 0x4949, 0x1066, 0x0024, 0x0865,
    0x0845, 0x0845, 0x0845, 0x0845, 0x0045, 0x0845, 0x0867, 0x1088, 0x1087, 0x1087, 0x1088, 0x1088,
    0x0866, 0x0845, 0x0866, 0x1067, 0x0024, 0x0003, 0x0024, 0x0004, 0x0004, 0x0024, 0x0004, 0x0024,
    0x0024, 0x0003, 0x0003, 0x0004, 0x0004, 0x0004, 0x0004, 0x0004, 0x0024, 0x0024, 0x0003, 0x0865,
    0x314C, 0x2109, 0x10A7, 0x08A7, 0x10A7, 0x0887, 0x0887, 0x0887, 0x0887, 0x0887, 0x0887, 0x0887,
    0x0886, 0x0887, 0x0887, 0x0886, 0x0887, 0x0887, 0x0886, 0x0886, 0x0886, 0x0886, 0x0886, 0x0886,
    0x0886, 0x0886, 0x0887, 0x0887, 0x0887, 0x0886, 0x0886, 0x0886, 0x0886, 0x0886, 0x0886, 0x0887,
    0x0887, 0x0887, 0x0887, 0x0887, 0x1087, 0x10A7, 0x10A7, 0x0887, 0x0886, 0x0887, 0x0887, 0x0887,
    0x0886, 0x0887, 0x0887, 0x0886, 0x0886, 0x0886, 0x0886, 0x0886, 0x0886, 0x0886, 0x0887, 0x0886,
    0x0886, 0x0886, 0x0886, 0x0886, 0x0886, 0x0886, 0x0886, 0x0886, 0x0886, 0x0886, 0x0886, 0x0886,
    0x0886, 0x0886, 0x0886, 0x0886, 0x0886, 0x0886, 0x0887, 0x0887, 0x0887, 0x0886, 0x0886, 0x0886,
    0x0886, 0x0886, 0x0887, 0x0887, 0x0887, 0x0887, 0x0887, 0x0887, 0x0887, 0x0887, 0x0887, 0x0887,
    0x0887, 0x0887, 0x0887, 0x0887, 0x0886, 0x0886, 0x0886, 0x0886, 0x0887, 0x0886, 0x0886, 0x0886,
    0x0886, 0x10A7, 0x10A7, 0x10C7, 0x316C, 0x18C9, 0x0004, 0x0024, 0x0024, 0x0004, 0x0003, 0x0004,
    0x0004, 0x0004, 0x0024, 0x0004, 0x0004, 0x0004, 0x0003, 0x0003, 0x0004, 0x0004, 0x0024, 0x0024,
    0x0024, 0x0024, 0x0023, 0x0866, 0x0866, 0x0888, 0x1088, 0x0887, 0x0887, 0x0866, 0x0866, 0x0866,
    0x0845, 0x0845, 0x0045, 0x0845, 0x0045, 0x18A9, 0x290D, 0x290D, 0x20EC, 0x290C, 0x290C, 0x312E,
    0x312E, 0x28EC, 0x20EB, 0x20EB, 0x28EC, 0x28EB, 0x28EB, 0x28EB, 0x28EB, 0x290C, 0x290C, 0x20EB,
    0x18CA, 0x18CA, 0x20EA, 0x20EB, 0x310C, 0x310C, 0x312C, 0x312D, 0x312D, 0x312D, 0x416E, 0x290A,
    0x0845, 0x0866, 0x0846, 0x0866, 0x1067, 0x18A9, 0x20CA, 0x20CA, 0x20EB, 0x290B, 0x314D, 0x416F,
    0x416F, 0x414E, 0x416E, 0x416F, 0x418F, 0x416F, 0x418F, 0x418F, 0x498F, 0x498F, 0x49B0, 0x396E,
    0x290C, 0x49B0, 0x6233, 0x6A33, 0x6A33, 0x6A53, 0x7253, 0x7274, 0x7A94, 0x7A74, 0x7A73, 0x7252,
    0x7A93, 0x6211, 0x518F, 0x59F0, 0x82B4, 0x82B4, 0x8AD4, 0x92D4, 0x92F4, 0x9AF4, 0x9AF4, 0x9AF4,
    0x9B14, 0x9B14, 0xA334, 0xA334, 0xA334, 0xA334, 0xA314, 0x9B14, 0x9B14, 0x9B14, 0x9B14, 0x9B14,
    0x92F4, 0x92F4, 0x92F4, 0x6A73, 0x6A32, 0x8252, 0x92D3, 0xAB55, 0x92F4, 0x82B4, 0x82B4, 0x7A94,
    0x7274, 0x7294, 0x6A53, 0x51D1, 0x6212, 0x59F1, 0x290C, 0x310D, 0x394E, 0x394E, 0x416F, 0x4990,
    0x416F, 0x394E, 0x394E, 0x416E, 0x416E, 0x416E, 0x414E, 0x312D, 0x290C, 0x290C, 0x18A9, 0x496A,
    0x69ED, 0xA2D0, 0x9AAF, 0x928F, 0x9AAF, 0x7A0D, 0x61AA, 0x0845, 0x0045, 0x0865, 0x0845, 0x0845,
    0x0845, 0x0845, 0x0845, 0x0866, 0x1087, 0x1087, 0x1088, 0x1088, 0x0887, 0x1088, 0x10A9, 0x10A9,
    0x10A8, 0x0045, 0x0003, 0x0024, 0x0024, 0x0024, 0x0004, 0x0004, 0x0004, 0x0004, 0x0003, 0x0003,
    0x0004, 0x0004, 0x0004, 0x0003, 0x0003, 0x0024, 0x0003, 0x0844, 0x292A, 0x316C, 0x10C8, 0x0887,
    0x10A7, 0x08A7, 0x1087, 0x0887, 0x0887, 0x0887, 0x0887, 0x0886, 0x0886, 0x0887, 0x0887, 0x0887,
    0x0887, 0x0887, 0x0886, 0x0887, 0x0886, 0x0886, 0x0886, 0x0886, 0x0886, 0x0886, 0x0887, 0x0886,
    0x0886, 0x0886, 0x0886, 0x0887, 0x0886, 0x0886, 0x0887, 0x0887, 0x0887, 0x0887, 0x0887, 0x0887,
    0x0887, 0x0887, 0x10A7, 0x0887, 0x0886, 0x0886, 0x0886, 0x0887, 0x0887, 0x0887, 0x0887, 0x0887,
    0x0886, 0x0886, 0x0886, 0x0886, 0x0887, 0x0886, 0x0887, 0x0886, 0x0886, 0x0886, 0x0886, 0x0886,
    0x0886, 0x0886, 0x0886, 0x0886, 0x0886, 0x0886, 0x0887, 0x0887, 0x0887, 0x0886, 0x0887, 0x0887,
    0x0887, 0x0886, 0x0887, 0x0887, 0x0887, 0x0887, 0x0886, 0x0886, 0x0887, 0x0887, 0x0887, 0x0887,
    0x0887, 0x0887, 0x0887, 0x0887, 0x0887, 0x0887, 0x0887, 0x0887, 0x0887, 0x0887, 0x0887, 0x0887,
    0x0887, 0x0887, 0x0887, 0x0887, 0x0887, 0x0886, 0x0886, 0x0886, 0x0886, 0x10A7, 0x10C7, 0x292A,
    0x294B, 0x0886, 0x0024, 0x0024, 0x0024, 0x0024, 0x0024, 0x0004, 0x0004, 0x0004, 0x0024, 0x0004,
    0x0003, 0x0003, 0x0004, 0x0004, 0x0004, 0x0024, 0x0004, 0x0024, 0x0023, 0x0024, 0x0867, 0x0887,
    0x1088, 0x0888, 0x0887, 0x0887, 0x0845, 0x0045, 0x0045, 0x0845, 0x0845, 0x0845, 0x0845, 0x0845,
    0x10A8, 0x292E, 0x314F, 0x292D, 0x20EC, 0x20EC, 0x20EC, 0x290C, 0x290C, 0x290C, 0x290C, 0x18CB,
    0x20EC, 0x28EC, 0x290B, 0x28EB, 0x28EB, 0x20CB, 0x20CA, 0x18CA, 0x18C9, 0x18C9, 0x18A9, 0x18C9,
    0x18CA, 0x28EB, 0x290C, 0x290C, 0x290C, 0x290C, 0x312D, 0x18C9, 0x1066, 0x312C, 0x416B, 0x28E9,
    0x1087, 0x1088, 0x18CA, 0x18CA, 0x20EA, 0x20EB, 0x20EB, 0x290C, 0x310C, 0x416E, 0x416F, 0x416F,
    0x416F, 0x416F, 0x416F, 0x416F, 0x498F, 0x498F, 0x416F, 0x290C, 0x416E, 0x59F2, 0x5A12, 0x6213,
    0x6233, 0x6A33, 0x7253, 0x7274, 0x7274, 0x7A74, 0x7A94, 0x82B4, 0x8AD4, 0x8292, 0x9A91, 0x9AD1,
    0x61F1, 0x59D1, 0x6A53, 0x82B4, 0x8AD4, 0x8AD4, 0x92D4, 0x8AD4, 0x92D4, 0x92F4, 0x92F4, 0x9B14,
    0x92F4, 0x92F4, 0x92F4, 0x92D4, 0x92D4, 0x92F4, 0x92F4, 0x8AD4, 0x8AD4, 0x7273, 0x6A52, 0x82B2,
    0xC373, 0xB333, 0x92F5, 0x8AD4, 0x8AD4, 0x82B4, 0x7A94, 0x7294, 0x7274, 0x7273, 0x7274, 0x49AF,
    0x51B0, 0x394D, 0x18A9, 0x312D, 0x394E, 0x394E, 0x394E, 0x394E, 0x312D, 0x394D, 0x394E, 0x416E,
    0x416F, 0x416F, 0x310D, 0x290C, 0x20EB, 0x310B, 0x51AD, 0x69EE, 0x7A2F, 0x8A6F, 0x722F, 0x6A0E,
    0x928F, 0x9AB0, 0x8A6F, 0x61AB, 0x18A6, 0x0045, 0x0865, 0x0845, 0x0045, 0x0044, 0x0865, 0x0867,
    0x0866, 0x0865, 0x0887, 0x1088, 0x1088, 0x0887, 0x0887, 0x0867, 0x10A8, 0x1088, 0x0023, 0x0024,
    0x0024, 0x0004, 0x0024, 0x0004, 0x0024, 0x0024, 0x0003, 0x0003, 0x0023, 0x0003, 0x0003, 0x0024,
    0x0004, 0x0004, 0x0024, 0x0003, 0x18A7, 0x314C, 0x210A, 0x10A7, 0x10A7, 0x10A7, 0x10A7, 0x0887,
    0x0887, 0x0887, 0x0887, 0x0887, 0x0887, 0x0887, 0x0887, 0x0887, 0x0887, 0x0887, 0x0886, 0x0887,
    0x0886, 0x0886, 0x0886, 0x0886, 0x0886, 0x0886, 0x0886, 0x0886, 0x0886, 0x0886, 0x0886, 0x0886,
    0x0886, 0x0886, 0x0887, 0x0887, 0x0887, 0x0887, 0x0887, 0x0887, 0x0887, 0x0887, 0x08A7, 0x0887,
    0x0886, 0x0886, 0x0886, 0x0887, 0x0886, 0x0887, 0x0887, 0x0887, 0x0887, 0x0887, 0x0887, 0x0887,
    0x0887, 0x0887, 0x0886, 0x0887, 0x0886, 0x0886, 0x0886, 0x0887, 0x0886, 0x0887, 0x0886, 0x0887,
    0x0887, 0x0887, 0x0886, 0x0886, 0x0886, 0x0887, 0x0887, 0x0887, 0x0886, 0x0887, 0x0887, 0x0887,
    0x0887, 0x0887, 0x0887, 0x0886, 0x0887, 0x0887, 0x0887, 0x0887, 0x0887, 0x0887, 0x0887, 0x0887,
    0x0887, 0x0887, 0x0887, 0x0886, 0x0886, 0x0887, 0x0887, 0x0887, 0x0887, 0x0887, 0x0887, 0x0887,
    0x0887, 0x0887, 0x0887, 0x08A7, 0x0886, 0x08A6, 0x210A, 0x314C, 0x210A, 0x0024, 0x0024, 0x0024,
    0x0024, 0x0024, 0x0004, 0x0004, 0x0004, 0x0004, 0x0024, 0x0004, 0x0004, 0x0024, 0x0024, 0x0004,
    0x0004, 0x0024, 0x0024, 0x0004, 0x0003, 0x0867, 0x0867, 0x0867, 0x0867, 0x0867, 0x0045, 0x0845,
    0x0845, 0x0045, 0x0045, 0x0845, 0x0045, 0x0845, 0x0024, 0x1087, 0x20EC, 0x290D, 0x20EC, 0x10A9,
    0x10A9, 0x20EB, 0x290C, 0x28EC, 0x290C, 0x290C, 0x290C, 0x290C, 0x290C, 0x290C, 0x20EB, 0x10A8,
    0x10A9, 0x18CA, 0x18CA, 0x18CA, 0x18C9, 0x18C9, 0x18C9, 0x18C9, 0x18C9, 0x18CA, 0x28EB, 0x290C,
    0x290C, 0x290C, 0x290C, 0x312C, 0x418E, 0x418F, 0x9AD0, 0x61CD, 0x416E, 0x290C, 0x18CA, 0x18CA,
    0x18CA, 0x20CA, 0x20EB, 0x20EB, 0x28EB, 0x290C, 0x312D, 0x394E, 0x416E, 0x394E, 0x416E, 0x394E,
    0x312D, 0x394E, 0x28EB, 0x290C, 0x51F1, 0x51F1, 0x59F2, 0x59F2, 0x6233, 0x6233, 0x6A53, 0x7253,
    0x7274, 0x7274, 0x7274, 0x7274, 0x7A94, 0x82B4, 0x8AB4, 0x9AF4, 0xA314, 0xA313, 0x8271, 0x59F1,
    0x7A94, 0x8AD4, 0x82B4, 0x82B4, 0x8AD4, 0x8AD4, 0x92F4, 0x8AF4, 0x8AD4, 0x8AD4, 0x8AD4, 0x8AD4,
    0x8AD4, 0x8AD4, 0x8AD4, 0x82D4, 0x6232, 0x7272, 0xBB74, 0xBB74, 0x92F4, 0x82B4, 0x82B4, 0x8AB4,
    0x82B4, 0x8294, 0x7A94, 0x7274, 0x7274, 0x6A53, 0x6212, 0x59F1, 0x18C9, 0x18C9, 0x312C, 0x392D,
    0x394D, 0x392D, 0x310D, 0x310C, 0x310D, 0x392D, 0x394D, 0x392D, 0x392D, 0x290C, 0x290C, 0x20EB,
    0x20C9, 0x722E, 0x722F, 0x6A0E, 0x61EE, 0x51AE, 0x49AE, 0x416E, 0x51CE, 0x722E, 0x824E, 0x824F,
    0x720D, 0x1887, 0x0045, 0x0865, 0x0845, 0x0845, 0x0845, 0x0045, 0x0845, 0x0845, 0x0845, 0x0866,
    0x0867, 0x0867, 0x0887, 0x0887, 0x1087, 0x0867, 0x0024, 0x0024, 0x0024, 0x0024, 0x0024, 0x0004,
    0x0004, 0x0024, 0x0004, 0x0004, 0x0003, 0x0003, 0x0003, 0x0024, 0x0024, 0x0024, 0x0024, 0x0003,
    0x0866, 0x292B, 0x314C, 0x2109, 0x10A7, 0x10A7, 0x10A7, 0x10A7, 0x10A7, 0x10A7, 0x10A7, 0x10A7,
    0x0887, 0x0887, 0x0887, 0x0887, 0x0887, 0x0887, 0x0887, 0x0887, 0x0886, 0x0886, 0x0886, 0x0886,
    0x0886, 0x0886, 0x0886, 0x0886, 0x0887, 0x0887, 0x0887, 0x0886, 0x0886, 0x0886, 0x0886, 0x0886,
    0x0886, 0x0886, 0x0886, 0x0887, 0x0887, 0x0887, 0x08A7, 0x0887, 0x0887, 0x0887, 0x0887, 0x0887,
    0x0887, 0x0887, 0x0887, 0x0887, 0x0887, 0x0887, 0x0887, 0x0887, 0x0887, 0x0886, 0x0887, 0x0886,
    0x0886, 0x0886, 0x0886, 0x0886, 0x0886, 0x0887, 0x0887, 0x0886, 0x0886, 0x0886, 0x0886, 0x0886,
    0x0886, 0x0887, 0x0887, 0x0887, 0x0887, 0x0886, 0x0886, 0x0887, 0x0887, 0x0887, 0x0887, 0x0886,
    0x0887, 0x0887, 0x0887, 0x0887, 0x0887, 0x0887, 0x0887, 0x0887, 0x0887, 0x0886, 0x0886, 0x0886,
    0x0886, 0x0887, 0x0887, 0x0887, 0x0887, 0x0887, 0x0887, 0x0887, 0x0887, 0x10A7, 0x10A7, 0x08A7,
    0x10A7, 0x212A, 0x314C, 0x314B, 0x18C7, 0x0003, 0x0024, 0x0024, 0x0024, 0x0004, 0x0004, 0x0004,
    0x0004, 0x0004, 0x0003, 0x0004, 0x0024, 0x0024, 0x0003, 0x0004, 0x0024, 0x0024, 0x0003, 0x0024,
    0x0004, 0x0024, 0x0024, 0x0024, 0x0024, 0x0024, 0x0024, 0x0045, 0x0045, 0x0045, 0x0024, 0x0024,
    0x0045, 0x0003, 0x1066, 0x20EB, 0x18A9, 0x10A8, 0x10A9, 0x10A9, 0x10A9, 0x10A9, 0x20EB, 0x290C,
    0x290D, 0x290C, 0x290C, 0x290C, 0x20EB, 0x10A9, 0x10A8, 0x1088, 0x1088, 0x10A8, 0x18A9, 0x18A9,
    0x18C9, 0x18C9, 0x18CA, 0x20EA, 0x20EA, 0x18C9, 0x18CA, 0x290C, 0x290C, 0x290C, 0x290C, 0x394D,
    0x49AF, 0x418F, 0x394E, 0x498E, 0x49AF, 0x498F, 0x394D, 0x18A9, 0x18A9, 0x18CA, 0x18A9, 0x20CA,
    0x20EB, 0x28EB, 0x290C, 0x290C, 0x290C, 0x290C, 0x290C, 0x290C, 0x290B, 0x28EB, 0x28EB, 0x394D,
    0x51D1, 0x59F2, 0x59F2, 0x59F2, 0x6212, 0x6233, 0x6A33, 0x6A53, 0x6A53, 0x6A53, 0x7274, 0x7274,
    0x7274, 0x7273, 0x7294, 0x7AB4, 0x82B4, 0x92F5, 0xB374, 0xAB33, 0x6211, 0x7253, 0x8294, 0x7A94,
    0x82B4, 0x82B4, 0x82B4, 0x82B4, 0x82B4, 0x82B4, 0x82B4, 0x7AB4, 0x82B4, 0x7AB4, 0x82B4, 0x6A53,
    0x7252, 0xCBB4, 0xAB34, 0x7A94, 0x8294, 0x82B4, 0x82B4, 0x82B4, 0x7A94, 0x7A94, 0x7274, 0x7274,
    0x6A53, 0x6232, 0x59F1, 0x49B0, 0x10A9, 0x28EB, 0x312D, 0x312D, 0x392D, 0x312D, 0x310C, 0x312D,
    0x310C, 0x28EB, 0x20EB, 0x28EC, 0x20EB, 0x20EB, 0x18C9, 0x0866, 0x414B, 0x720F, 0x722E, 0x51AE,
    0x416D, 0x396D, 0x416E, 0x418E, 0x396E, 0x416E, 0x59CE, 0x6A0E, 0xA2F0, 0x7A4E, 0x0866, 0x0845,
    0x0845, 0x0845, 0x0845, 0x0845, 0x0045, 0x0045, 0x0045, 0x0044, 0x0845, 0x0867, 0x0887, 0x1088,
    0x1088, 0x1088, 0x1088, 0x1087, 0x0024, 0x0003, 0x0024, 0x0004, 0x0024, 0x0004, 0x0004, 0x0003,
    0x0024, 0x0024, 0x0004, 0x0004, 0x0023, 0x0024, 0x0024, 0x0024, 0x0003, 0x1086, 0x292A, 0x314C,
    0x212A, 0x10C7, 0x0886, 0x08A7, 0x10A7, 0x10A7, 0x10A7, 0x10A7, 0x10A7, 0x0887, 0x0887, 0x0887,
    0x0887, 0x0887, 0x0887, 0x0887, 0x0886, 0x0886, 0x0887, 0x0887, 0x0887, 0x0887, 0x0887, 0x0886,
    0x0887, 0x0887, 0x0887, 0x0887, 0x0887, 0x0887, 0x0887, 0x0887, 0x0886, 0x0886, 0x0886, 0x0887,
    0x0887, 0x0887, 0x0887, 0x0887, 0x0887, 0x0887, 0x0887, 0x0887, 0x0887, 0x0887, 0x0887, 0x0886,
    0x0886, 0x0886, 0x0886, 0x0886, 0x0886, 0x0886, 0x0886, 0x0886, 0x0886, 0x0886, 0x0886, 0x0886,
    0x0886, 0x0887, 0x0886, 0x0886, 0x0886, 0x0886, 0x0886, 0x0886, 0x0887, 0x0886, 0x0887, 0x0887,
    0x0887, 0x0887, 0x0887, 0x0887, 0x0887, 0x0887, 0x0887, 0x0886, 0x0887, 0x0887, 0x0887, 0x0887,
    0x0887, 0x0887, 0x0887, 0x0887, 0x0887, 0x0886, 0x0886, 0x0886, 0x0886, 0x0887, 0x0886, 0x0887,
    0x0887, 0x0887, 0x1087, 0x10A7, 0x10A7, 0x08A7, 0x0886, 0x08A6, 0x212A, 0x314C, 0x314C, 0x18C8,
    0x0003, 0x0024, 0x0004, 0x0024, 0x0024, 0x0024, 0x0004, 0x0004, 0x0004, 0x0004, 0x0004, 0x0004,
    0x0004, 0x0003, 0x0003, 0x0024, 0x0003, 0x0003, 0x0024, 0x0003, 0x0024, 0x0003, 0x0023, 0x0024,
    0x0003, 0x0003, 0x0004, 0x0024, 0x0023, 0x0024, 0x0024, 0x0024, 0x0023, 0x0044, 0x20CB, 0x18A9,
    0x0887, 0x1088, 0x1088, 0x10A8, 0x10A8, 0x10A8, 0x1088, 0x18CA, 0x290C, 0x290C, 0x290C, 0x18CA,
    0x1088, 0x1088, 0x1088, 0x1088, 0x1088, 0x1088, 0x1088, 0x10A8, 0x18A9, 0x20CA, 0x310C, 0x394E,
    0x312D, 0x20EB, 0x18C9, 0x20EA, 0x290C, 0x290C, 0x312D, 0x290C, 0x290D, 0x290C, 0x290C, 0x310C,
    0x290D, 0x59CF, 0x61EE, 0x416D, 0x20EA, 0x18A8, 0x20CA, 0x20CA, 0x20CA, 0x20CA, 0x20EB, 0x20EB,
    0x28EB, 0x290B, 0x290B, 0x28EB, 0x28EB, 0x20CA, 0x20C9, 0x418F, 0x49B0, 0x51D1, 0x51D1, 0x51D1,
    0x59F2, 0x6233, 0x6233, 0x6233, 0x6A33, 0x6A53, 0x6A53, 0x6A53, 0x7274, 0x7274, 0x7274, 0x7AB4,
    0x82B4, 0x82B4, 0x8AD4, 0xA335, 0xC353, 0x61F0, 0x7253, 0x7A94, 0x7A74, 0x7A74, 0x7A73, 0x7A74,
    0x7A74, 0x7A94, 0x7A73, 0x7A93, 0x7273, 0x7273, 0x6A53, 0x59F1, 0xAB14, 0x92F4, 0x7A94, 0x7A93,
    0x7A93, 0x8294, 0x7A94, 0x7A94, 0x7274, 0x6A54, 0x6A53, 0x6A53, 0x5A12, 0x59F2, 0x5A12, 0x20EA,
    0x0868, 0x20CA, 0x18CA, 0x290C, 0x310C, 0x28EB, 0x20EB, 0x290B, 0x20CA, 0x20CA, 0x18CA, 0x18AA,
    0x1889, 0x18A9, 0x0867, 0x18A7, 0x518D, 0x518E, 0x416E, 0x416E, 0x396D, 0x416D, 0x498E, 0x416E,
    0x416D, 0x416D, 0x394D, 0x418D, 0x724F, 0x8A90, 0x416A, 0x0044, 0x0845, 0x0024, 0x0024, 0x0045,
    0x0845, 0x0044, 0x0045, 0x0045, 0x0044, 0x0845, 0x0888, 0x0888, 0x1088, 0x1088, 0x1088, 0x1088,
    0x1088, 0x0024, 0x0004, 0x0024, 0x0024, 0x0004, 0x0004, 0x0004, 0x0024, 0x0024, 0x0004, 0x0004,
    0x0024, 0x0024, 0x0004, 0x0024, 0x0024, 0x0003, 0x1085, 0x20E8, 0x292B, 0x294B, 0x10C7, 0x10A7,
    0x0886, 0x08A7, 0x0886, 0x0886, 0x0886, 0x0886, 0x0886, 0x0887, 0x08A7, 0x0887, 0x0887, 0x0887,
    0x0887, 0x0887, 0x0887, 0x0887, 0x0887, 0x0887, 0x0887, 0x0887, 0x0887, 0x0887, 0x0887, 0x0887,
    0x0887, 0x0887, 0x0887, 0x0887, 0x0887, 0x0886, 0x0887, 0x0887, 0x0887, 0x0887, 0x0887, 0x0887,
    0x0887, 0x0887, 0x0887, 0x0886, 0x0887, 0x0887, 0x0887, 0x0886, 0x0886, 0x0886, 0x0887, 0x0887,
    0x0887, 0x0887, 0x0887, 0x0887, 0x0887, 0x0887, 0x0887, 0x0887, 0x0886, 0x0886, 0x0886, 0x0886,
    0x0886, 0x0887, 0x0886, 0x0886, 0x0886, 0x0887, 0x0887, 0x0887, 0x0887, 0x0887, 0x0887, 0x0887,
    0x0887, 0x0887, 0x0887, 0x0887, 0x0887, 0x0887, 0x0887, 0x0887, 0x0887, 0x0886, 0x0887, 0x0887,
    0x0886, 0x0886, 0x0887, 0x0887, 0x0887, 0x0887, 0x0887, 0x0886, 0x0887, 0x08A7, 0x0886, 0x0886,
    0x0886, 0x10A7, 0x10A7, 0x20E9, 0x20E9, 0x18C8, 0x18C8, 0x0023, 0x0024, 0x0004, 0x0024, 0x0024,
    0x0004, 0x0004, 0x0004, 0x0004, 0x0004, 0x0004, 0x0004, 0x0004, 0x0024, 0x0004, 0x0003, 0x0023,
    0x0003, 0x0024, 0x0024, 0x0023, 0x0003, 0x0024, 0x0024, 0x0004, 0x0003, 0x0023, 0x0003, 0x0024,
    0x0024, 0x0003, 0x0003, 0x0024, 0x0003, 0x1088, 0x20EC, 0x1088, 0x10A8, 0x1088, 0x1088, 0x20CB,
    0x18CB, 0x10A9, 0x1088, 0x1088, 0x10A9, 0x290C, 0x20EB, 0x0887, 0x1087, 0x1088, 0x1088, 0x1088,
    0x1088, 0x1088, 0x1088, 0x1088, 0x18CA, 0x290C, 0x392D, 0x312D, 0x312D, 0x312D, 0x290B, 0x20EB,
    0x290C, 0x290C, 0x290C, 0x290C, 0x290C, 0x290C, 0x312C, 0x518D, 0x312D, 0x312D, 0x722F, 0x51CF,
    0x292C, 0x0845, 0x0866, 0x18A9, 0x18A9, 0x18A9, 0x18A9, 0x20CA, 0x20EB, 0x28EB, 0x28EB, 0x20EB,
    0x20CA, 0x18A9, 0x1087, 0x416F, 0x416F, 0x4990, 0x51B1, 0x51D1, 0x59F2, 0x5A12, 0x5A12, 0x6212,
    0x6233, 0x6233, 0x6A33, 0x6A33, 0x6A53, 0x6A54, 0x7274, 0x7294, 0x7A94, 0x82B4, 0x82B4, 0x7AB4,
    0x9B14, 0x8A50, 0x49B0, 0x6A53, 0x6A53, 0x6A53, 0x6A33, 0x6A53, 0x6A53, 0x7253, 0x7253, 0x6A53,
    0x6A53, 0x6A53, 0x51B0, 0x6A31, 0x92D4, 0x82B4, 0x7A94, 0x7A93, 0x7A94, 0x7A94, 0x7294, 0x7274,
    0x6A53, 0x6A33, 0x6233, 0x6212, 0x59F2, 0x6213, 0x498F, 0x1067, 0x10A8, 0x18A9, 0x18CA, 0x18AA,
    0x18CA, 0x18CA, 0x20CA, 0x20C9, 0x18A8, 0x1088, 0x18C9, 0x310A, 0x61CC, 0x720E, 0x3929, 0x20C9,
    0x498E, 0x394D, 0x312D, 0x394E, 0x416E, 0x416D, 0x416D, 0x518E, 0x59AE, 0x416D, 0x396D, 0x416E,
    0x416D, 0x6A2F, 0x620D, 0x0025, 0x0866, 0x20C7, 0x20A6, 0x0845, 0x0025, 0x0845, 0x0045, 0x0045,
    0x0045, 0x0845, 0x0887, 0x1088, 0x0867, 0x0866, 0x0866, 0x0866, 0x0866, 0x0004, 0x0004, 0x0024,
    0x0004, 0x0004, 0x0024, 0x0004, 0x0004, 0x0004, 0x0024, 0x0024, 0x0004, 0x0003, 0x0004, 0x0024,
    0x0024, 0x0024, 0x0003, 0x0003, 0x18A7, 0x20E9, 0x292B, 0x292B, 0x18E9, 0x18E9, 0x18E9, 0x18E9,
    0x18C8, 0x18C8, 0x10C7, 0x10A7, 0x0886, 0x0886, 0x0886, 0x0886, 0x0886, 0x0886, 0x0886, 0x0886,
    0x0887, 0x1087, 0x0887, 0x0887, 0x0887, 0x0887, 0x0887, 0x0887, 0x0887, 0x0887, 0x0887, 0x0887,
    0x0887, 0x0887, 0x0887, 0x0887, 0x0887, 0x0887, 0x08A7, 0x0887, 0x0887, 0x0887, 0x0887, 0x0887,
    0x0887, 0x0887, 0x0887, 0x0887, 0x0887, 0x0887, 0x0887, 0x0887, 0x0887, 0x0887, 0x0887, 0x0886,
    0x0886, 0x0886, 0x0886, 0x0886, 0x0886, 0x0886, 0x0886, 0x0886, 0x0886, 0x0887, 0x0886, 0x0887,
    0x0887, 0x0887, 0x0887, 0x0887, 0x0887, 0x0887, 0x10A7, 0x0887, 0x0887, 0x0887, 0x10A7, 0x0887,
    0x1087, 0x0887, 0x0887, 0x1087, 0x0887, 0x0886, 0x0887, 0x0887, 0x0887, 0x0887, 0x0886, 0x0886,
    0x0886, 0x0886, 0x1086, 0x10A7, 0x10A7, 0x18C8, 0x18E9, 0x18E9, 0x20E9, 0x292B, 0x294C, 0x210A,
    0x0845, 0x0003, 0x0003, 0x0024, 0x0024, 0x0004, 0x0004, 0x0024, 0x0024, 0x0024, 0x0024, 0x0004,
    0x0004, 0x0003, 0x0003, 0x0004, 0x0003, 0x0003, 0x0024, 0x0003, 0x0003, 0x0004, 0x0004, 0x0024,
    0x0003, 0x0024, 0x0024, 0x0023, 0x0003, 0x0024, 0x0024, 0x0024, 0x0003, 0x0024, 0x0845, 0x0044,
    0x0003, 0x1087, 0x18EB, 0x10A8, 0x1088, 0x0887, 0x1087, 0x20CA, 0x10A9, 0x1088, 0x1088, 0x1088,
    0x1088, 0x18C9, 0x10A9, 0x1088, 0x1088, 0x1088, 0x1088, 0x1088, 0x1088, 0x1088, 0x1087, 0x18C9,
    0x290D, 0x20CB, 0x20EB, 0x18C9, 0x10A8, 0x10A8, 0x20EB, 0x290C, 0x290C, 0x290C, 0x290C, 0x290C,
    0x290C, 0x290C, 0x312D, 0x392D, 0x312D, 0x290C, 0x290D, 0x394D, 0x312D, 0x0865, 0x0866, 0x1087,
    0x0045, 0x0844, 0x0866, 0x1087, 0x18A9, 0x18C9, 0x18A8, 0x18A9, 0x1087, 0x0045, 0x0866, 0x290B,
    0x394E, 0x416F, 0x49B0, 0x51B0, 0x51D1, 0x59F1, 0x59F2, 0x59F2, 0x5A12, 0x6212, 0x6213, 0x6212,
    0x6213, 0x6A33, 0x6A53, 0x7274, 0x7294, 0x7A94, 0x7AB4, 0x7AB4, 0x7A94, 0x9AB2, 0x496D, 0x49B1,
    0x6212, 0x6212, 0x6212, 0x6232, 0x6232, 0x6A32, 0x6232, 0x6212, 0x6212, 0x59F2, 0x496F, 0x8AB4,
    0x8294, 0x7A94, 0x7A73, 0x7273, 0x7273, 0x7254, 0x6A53, 0x6A33, 0x6212, 0x6212, 0x59F2, 0x59F2,
    0x6213, 0x49AF, 0x1087, 0x0845, 0x1087, 0x0867, 0x10A8, 0x414B, 0x392A, 0x28E9, 0x0867, 0x1088,
    0x1087, 0x1066, 0x496B, 0x7A2F, 0x7A2E, 0x824F, 0x8270, 0x61CE, 0x312D, 0x312D, 0x312D, 0x392D,
    0x394D, 0x290B, 0x290B, 0x416D, 0x496D, 0x394D, 0x394D, 0x394D, 0x394D, 0x396D, 0x394C, 0x20C9,
    0x498C, 0x7A50, 0x7A2E, 0x414A, 0x0844, 0x0045, 0x0845, 0x0045, 0x0045, 0x0045, 0x0045, 0x0867,
    0x0866, 0x0024, 0x0003, 0x0003, 0x0003, 0x0004, 0x0003, 0x0003, 0x0004, 0x0004, 0x0004, 0x0024,
    0x0024, 0x0024, 0x0024, 0x0004, 0x0024, 0x0003, 0x0004, 0x0024, 0x0024, 0x0024, 0x0004, 0x0024,
    0x0003, 0x0003, 0x1087, 0x18C8, 0x18C8, 0x18C8, 0x20E9, 0x2109, 0x292B, 0x314C, 0x314C, 0x292B,
    0x18C8, 0x18E8, 0x18E9, 0x18C8, 0x18C8, 0x18C8, 0x18C8, 0x18C8, 0x10A7, 0x0887, 0x10A7, 0x10A7,
    0x1087, 0x10A7, 0x10A7, 0x10A7, 0x10A7, 0x10A7, 0x10A7, 0x0887, 0x08A7, 0x0887, 0x0887, 0x0887,
    0x0887, 0x0887, 0x08A7, 0x0887, 0x1087, 0x0887, 0x0887, 0x0887, 0x0887, 0x0887, 0x0887, 0x0887,
    0x0887, 0x0887, 0x0887, 0x0887, 0x0887, 0x0887, 0x0886, 0x0887, 0x0886, 0x0887, 0x0886, 0x0886,
    0x0886, 0x0886, 0x0886, 0x0886, 0x0886, 0x0886, 0x0887, 0x0887, 0x0887, 0x0887, 0x0887, 0x08A7,
    0x10A7, 0x08A7, 0x0886, 0x08A7, 0x10A7, 0x0887, 0x0886, 0x0886, 0x0886, 0x0886, 0x0886, 0x0887,
    0x0887, 0x0887, 0x0886, 0x0886, 0x0886, 0x0886, 0x10A7, 0x10C8, 0x10C8, 0x10A7, 0x18C8, 0x292B,
    0x292A, 0x20E9, 0x20E9, 0x20E9, 0x18C9, 0x18C8, 0x18C8, 0x0023, 0x0024, 0x0024, 0x0024, 0x0024,
    0x0004, 0x0004, 0x0004, 0x0004, 0x0004, 0x0024, 0x0004, 0x0003, 0x0004, 0x0004, 0x0003, 0x0003,
    0x0004, 0x0004, 0x0024, 0x0004, 0x0004, 0x0004, 0x0024, 0x0003, 0x0003, 0x0003, 0x0003, 0x0024,
    0x0024, 0x0024, 0x0023, 0x0045, 0x0846, 0x0888, 0x10A9, 0x18A9, 0x1088, 0x0867, 0x10A9, 0x10A8,
    0x10A8, 0x1088, 0x1087, 0x0867, 0x0887, 0x1088, 0x1088, 0x1088, 0x1088, 0x1088, 0x1088, 0x1088,
    0x1088, 0x1088, 0x1088, 0x1088, 0x1088, 0x1087, 0x10A8, 0x18C9, 0x18A9, 0x10A8, 0x10A8, 0x10A8,
    0x10A8, 0x10A8, 0x10A9, 0x10A8, 0x18C9, 0x20EB, 0x290C, 0x290C, 0x290C, 0x28EB, 0x20EA, 0x28EB,
    0x28EC, 0x20EC, 0x28EC, 0x20EC, 0x20EC, 0x20CA, 0x290C, 0x290C, 0x18A7, 0x0044, 0x0865, 0x0866,
    0x0866, 0x0866, 0x0865, 0x0865, 0x0866, 0x0865, 0x0845, 0x0866, 0x310C, 0x416F, 0x416F, 0x49B0,
    0x49B0, 0x49B0, 0x51D1, 0x51D1, 0x59F2, 0x59F2, 0x59F2, 0x59F2, 0x59F2, 0x6212, 0x6233, 0x6233,
    0x6A53, 0x6A73, 0x7273, 0x7A93, 0x7294, 0x8AB3, 0x414B, 0x394E, 0x51B0, 0x59F1, 0x5A12, 0x6212,
    0x59F1, 0x59F1, 0x51F1, 0x51D1, 0x51B0, 0x49B0, 0x414E, 0x7A94, 0x7A74, 0x7273, 0x6A53, 0x6A33,
    0x6A33, 0x6A33, 0x6213, 0x59F2, 0x59F2, 0x59F2, 0x6213, 0x51D1, 0x394D, 0x0866, 0x0045, 0x0866,
    0x0866, 0x3109, 0x518B, 0x8A6F, 0x824E, 0x61CD, 0x394A, 0x10A8, 0x1087, 0x59AD, 0x71EF, 0x61CE,
    0x51AE, 0x51AE, 0x59CE, 0x69EF, 0x59AE, 0x310C, 0x28EC, 0x310D, 0x20CB, 0x18AA, 0x20CA, 0x20EA,
    0x392C, 0x394D, 0x314D, 0x314D, 0x312C, 0x310C, 0x310C, 0x59CF, 0x620F, 0x314E, 0x392D, 0x496E,
    0x412A, 0x0044, 0x0024, 0x0023, 0x0024, 0x0024, 0x0024, 0x0024, 0x0024, 0x0024, 0x0024, 0x0024,
    0x0004, 0x0004, 0x0023, 0x0004, 0x0004, 0x0004, 0x0004, 0x0024, 0x0024, 0x0004, 0x0004, 0x0024,
    0x0004, 0x0003, 0x0003, 0x0003, 0x0024, 0x0024, 0x0004, 0x0024, 0x0024, 0x0024, 0x0003, 0x0003,
    0x0023, 0x0003, 0x0003, 0x0044, 0x18C8, 0x18E9, 0x20E9, 0x20E9, 0x20E9, 0x20E9, 0x210A, 0x210A,
    0x2109, 0x210A, 0x292B, 0x292B, 0x18C8, 0x10A7, 0x0886, 0x0886, 0x08A6, 0x0886, 0x0886, 0x0887,
    0x0887, 0x0886, 0x0887, 0x0887, 0x0887, 0x0887, 0x10A7, 0x08A7, 0x10A7, 0x1087, 0x0887, 0x0887,
    0x0887, 0x0887, 0x0887, 0x08A7, 0x0887, 0x0887, 0x10A7, 0x10A7, 0x10A7, 0x0887, 0x0887, 0x0887,
    0x08A7, 0x1087, 0x1087, 0x0887, 0x0887, 0x10A7, 0x0887, 0x0887, 0x0887, 0x0887, 0x0887, 0x0886,
    0x0886, 0x0887, 0x0887, 0x0886, 0x0886, 0x08A7, 0x10A7, 0x0886, 0x0886, 0x10A7, 0x18E8, 0x10A7,
    0x0886, 0x10A7, 0x18C8, 0x18C8, 0x18C8, 0x18C8, 0x18C8, 0x18C8, 0x10A7, 0x0887, 0x10A7, 0x18C8,
    0x18E9, 0x18C8, 0x292B, 0x314C, 0x292B, 0x210A, 0x18C9, 0x20E9, 0x20E8, 0x1086, 0x0002, 0x0003,
    0x0003, 0x0003, 0x0003, 0x0024, 0x0024, 0x0004, 0x0004, 0x0004, 0x0004, 0x0004, 0x0004, 0x0024,
    0x0003, 0x0004, 0x0004, 0x0003, 0x0004, 0x0004, 0x0003, 0x0003, 0x0004, 0x0004, 0x0024, 0x0024,
    0x0024, 0x0024, 0x0024, 0x0003, 0x0003, 0x0003, 0x0024, 0x0024, 0x0024, 0x0003, 0x0045, 0x0867,
    0x1089, 0x1088, 0x0888, 0x10A9, 0x18A9, 0x0887, 0x1088, 0x1088, 0x1088, 0x1087, 0x1088, 0x1088,
    0x1088, 0x1088, 0x1087, 0x1088, 0x1088, 0x1088, 0x1088, 0x1088, 0x1088, 0x1088, 0x0867, 0x0867,
    0x1088, 0x1088, 0x10A8, 0x1087, 0x1088, 0x1088, 0x1088, 0x1088, 0x1088, 0x10A8, 0x10A8, 0x10A9,
    0x10A8, 0x10A8, 0x20EB, 0x290B, 0x20EA, 0x10A8, 0x1088, 0x18C9, 0x20CB, 0x28EC, 0x28EC, 0x28EC,
    0x28EC, 0x290C, 0x20EC, 0x28EC, 0x392E, 0x28EA, 0x1088, 0x10A8, 0x18A9, 0x18CA, 0x10A8, 0x1088,
    0x1087, 0x18A8, 0x1087, 0x0887, 0x1087, 0x20EA, 0x312D, 0x4190, 0x4990, 0x4990, 0x4990, 0x49B0,
    0x49B0, 0x51D1, 0x59D1, 0x59D1, 0x59F2, 0x59F2, 0x59F2, 0x5A12, 0x6212, 0x6212, 0x6233, 0x6A33,
    0x6A53, 0x6A54, 0x20E9, 0x20C9, 0x394E, 0x4990, 0x59F2, 0x6212, 0x59F2, 0x51D1, 0x49B0, 0x416F,
    0x312C, 0x20CA, 0x20CA, 0x7274, 0x6A53, 0x6A33, 0x6233, 0x6233, 0x6213, 0x6213, 0x59F2, 0x59F2,
    0x51D1, 0x51F1, 0x394D, 0x20C9, 0x0045, 0x0887, 0x10A8, 0x0066, 0x28E9, 0x720F, 0x7A30, 0x59CF,
    0x394D, 0x498D, 0x722F, 0x51AD, 0x414C, 0x69F0, 0x51AE, 0x416E, 0x394E, 0x312E, 0x414D, 0x518E,
    0x518E, 0x496E, 0x28EC, 0x20CB, 0x20CA, 0x18AA, 0x18A9, 0x18A9, 0x20CA, 0x290C, 0x394D, 0x290C,
    0x20CA, 0x20CA, 0x290B, 0x394D, 0x310C, 0x20EC, 0x20EB, 0x312D, 0x414D, 0x1086, 0x1087, 0x0865,
    0x0003, 0x0024, 0x0024, 0x0024, 0x0024, 0x0024, 0x0024, 0x0024, 0x0003, 0x0004, 0x0024, 0x0004,
    0x0004, 0x0004, 0x0024, 0x0024, 0x0024, 0x0004, 0x0004, 0x0004, 0x0024, 0x0004, 0x0024, 0x0003,
    0x0003, 0x0024, 0x0004, 0x0024, 0x0024, 0x0024, 0x0024, 0x0024, 0x0024, 0x0024, 0x0024, 0x0024,
    0x0023, 0x0003, 0x0003, 0x0023, 0x0003, 0x0003, 0x0003, 0x0003, 0x0003, 0x0003, 0x10A6, 0x292B,
    0x314B, 0x292A, 0x18C9, 0x18E9, 0x10C8, 0x2109, 0x2109, 0x18E9, 0x18C8, 0x18C8, 0x0886, 0x0886,
    0x18C8, 0x10C8, 0x0886, 0x0887, 0x0886, 0x0886, 0x0887, 0x08A7, 0x0887, 0x0886, 0x0886, 0x10A7,
    0x10A7, 0x0886, 0x0886, 0x0886, 0x0886, 0x0886, 0x0886, 0x0886, 0x0886, 0x0886, 0x0886, 0x0887,
    0x10A7, 0x0886, 0x0886, 0x0886, 0x0886, 0x0886, 0x0886, 0x0886, 0x0886, 0x0886, 0x0886, 0x10A7,
    0x18C9, 0x10A7, 0x0887, 0x18C8, 0x10C8, 0x210A, 0x314C, 0x20E9, 0x18C8, 0x292B, 0x294B, 0x292B,
    0x314C, 0x314C, 0x314B, 0x314B, 0x292A, 0x210A, 0x314C, 0x294B, 0x210A, 0x316D, 0x210A, 0x18C8,
    0x18C7, 0x0865, 0x0024, 0x0024, 0x0003, 0x0023, 0x0024, 0x0024, 0x0024, 0x0024, 0x0024, 0x0004,
    0x0024, 0x0024, 0x0004, 0x0004, 0x0004, 0x0004, 0x0003, 0x0024, 0x0004, 0x0004, 0x0004, 0x0004,
    0x0004, 0x0004, 0x0003, 0x0003, 0x0003, 0x0004, 0x0003, 0x0004, 0x0024, 0x0004, 0x0004, 0x0004,
    0x0024, 0x0024, 0x0024, 0x0024, 0x0003, 0x0846, 0x1088, 0x1088, 0x0888, 0x1088, 0x1088, 0x0888,
    0x0887, 0x1087, 0x0866, 0x0865, 0x0845, 0x0866, 0x0866, 0x0867, 0x1088, 0x1088, 0x1088, 0x1088,
    0x1088, 0x1088, 0x1088, 0x1088, 0x0867, 0x0866, 0x0865, 0x0845, 0x0867, 0x1088, 0x1088, 0x1087,
    0x1088, 0x1088, 0x1088, 0x1088, 0x1088, 0x1088, 0x1088, 0x1088, 0x10A8, 0x10A8, 0x10A8, 0x18C9,
    0x1088, 0x10A8, 0x10A9, 0x10A8, 0x1088, 0x20EB, 0x28EC, 0x28EC, 0x28EC, 0x20EC, 0x20EC, 0x20CB,
    0x290C, 0x416F, 0x312C, 0x10A8, 0x18A9, 0x18CA, 0x20CA, 0x20CA, 0x20EA, 0x290C, 0x20CA, 0x20CA,
    0x10A8, 0x1087, 0x1087, 0x18A8, 0x18A8, 0x20C9, 0x312D, 0x418F, 0x498F, 0x49B0, 0x51D1, 0x312D,
    0x418F, 0x59F2, 0x59D2, 0x59F1, 0x51D1, 0x59F1, 0x59F2, 0x59F2, 0x6233, 0x51D1, 0x0887, 0x0845,
    0x1087, 0x1887, 0x18A8, 0x20C9, 0x20C9, 0x18C8, 0x18A8, 0x1087, 0x0866, 0x0044, 0x0865, 0x418D,
    0x6233, 0x6213, 0x6213, 0x6213, 0x6212, 0x6213, 0x51F1, 0x290B, 0x18A8, 0x20C9, 0x0866, 0x0866,
    0x0887, 0x0887, 0x0888, 0x310A, 0x598D, 0x414D, 0x394D, 0x394D, 0x290C, 0x310C, 0x414C, 0x61CE,
    0x61EF, 0x416E, 0x312D, 0x312D, 0x312D, 0x312D, 0x310C, 0x394D, 0x394D, 0x498F, 0x310C, 0x18A9,
    0x18AA, 0x18AA, 0x18AA, 0x18CA, 0x20CA, 0x20CA, 0x20CB, 0x20CA, 0x20CA, 0x18AA, 0x20CA, 0x20CA,
    0x20EB, 0x292C, 0x28EC, 0x20CA, 0x18CA, 0x28EC, 0x312D, 0x28EC, 0x1087, 0x0025, 0x0024, 0x0024,
    0x0024, 0x0024, 0x0024, 0x0024, 0x0004, 0x0024, 0x0004, 0x0024, 0x0024, 0x0024, 0x0004, 0x0004,
    0x0004, 0x0004, 0x0003, 0x0004, 0x0004, 0x0003, 0x0004, 0x0004, 0x0004, 0x0024, 0x0024, 0x0024,
    0x0024, 0x0004, 0x0024, 0x0004, 0x0024, 0x0024, 0x0024, 0x0024, 0x0024, 0x0024, 0x0024, 0x0024,
    0x0024, 0x0024, 0x0024, 0x0024, 0x0024, 0x0003, 0x0044, 0x18A8, 0x10A7, 0x18A7, 0x18A8, 0x18A8,
    0x1087, 0x18C8, 0x18C8, 0x18C8, 0x294C, 0x294B, 0x210A, 0x210A, 0x316C, 0x292A, 0x18C8, 0x10A7,
    0x18C8, 0x18C8, 0x0887, 0x10A7, 0x10A7, 0x18E9, 0x18C8, 0x0886, 0x08A7, 0x10A7, 0x290A, 0x6293,
    0x41CF, 0x18C8, 0x20E9, 0x210A, 0x2109, 0x18E8, 0x18C8, 0x0886, 0x0887, 0x18C8, 0x18E9, 0x18C8,
    0x18E8, 0x18E9, 0x18E9, 0x18C8, 0x18E9, 0x18E9, 0x18C8, 0x210A, 0x292B, 0x18EA, 0x210B, 0x292B,
    0x210A, 0x18A7, 0x1086, 0x1086, 0x1087, 0x10A7, 0x10A7, 0x10A7, 0x10A7, 0x18A7, 0x10A7, 0x1087,
    0x1087, 0x18A8, 0x18A8, 0x1087, 0x0845, 0x18C8, 0x0045, 0x0003, 0x0003, 0x0024, 0x0024, 0x0024,
    0x0024, 0x0024, 0x0024, 0x0004, 0x0024, 0x0024, 0x0024, 0x0024, 0x0004, 0x0024, 0x0004, 0x0004,
    0x0024, 0x0004, 0x0004, 0x0003, 0x0003, 0x0004, 0x0003, 0x0004, 0x0004, 0x0003, 0x0003, 0x0003,
    0x0003, 0x0004, 0x0003, 0x0004, 0x0024, 0x0004, 0x0004, 0x0004, 0x0004, 0x0024, 0x0024, 0x0024,
    0x0023, 0x0025, 0x0845, 0x0866, 0x0867, 0x1088, 0x1088, 0x1088, 0x0867, 0x0866, 0x0045, 0x0045,
    0x0045, 0x0845, 0x0865, 0x0865, 0x0867, 0x1088, 0x1088, 0x1088, 0x1088, 0x1088, 0x1088, 0x0867,
    0x0866, 0x0845, 0x0845, 0x0845, 0x0845, 0x0866, 0x1088, 0x1088, 0x1087, 0x1087, 0x1087, 0x1088,
    0x1088, 0x1088, 0x1088, 0x1088, 0x1088, 0x10A8, 0x10A8, 0x10A8, 0x10A9, 0x10A9, 0x10A9, 0x10A8,
    0x10A8, 0x10A8, 0x20EB, 0x28EC, 0x18CA, 0x18A9, 0x18A9, 0x18AA, 0x18AA, 0x290C, 0x392D, 0x210B,
    0x18A8, 0x1088, 0x18CA, 0x20EB, 0x20EB, 0x28EC, 0x310D, 0x28EC, 0x28EB, 0x20CA, 0x18A8, 0x1888,
    0x18A9, 0x1088, 0x1088, 0x10A7, 0x10A7, 0x18A7, 0x18A8, 0x0866, 0x0866, 0x292B, 0x49B0, 0x51D1,
    0x51D1, 0x59F2, 0x59F2, 0x59D1, 0x498E, 0x0866, 0x0045, 0x1088, 0x1087, 0x0866, 0x0845, 0x0845,
    0x0866, 0x0866, 0x0866, 0x0866, 0x0887, 0x1087, 0x0045, 0x0845, 0x312B, 0x51B0, 0x59F2, 0x51F1,
    0x51D1, 0x396D, 0x18A7, 0x0845, 0x1087, 0x18A8, 0x18CA, 0x18CA, 0x290A, 0x516C, 0x494B, 0x496D,
    0x394D, 0x28EB, 0x28EB, 0x290C, 0x310C, 0x310C, 0x290C, 0x312D, 0x416E, 0x394E, 0x314D, 0x290C,
    0x20CA, 0x20CA, 0x290B, 0x312D, 0x312D, 0x312D, 0x20CB, 0x1889, 0x18A9, 0x18A9, 0x18A9, 0x20CA,
    0x20CA, 0x18A9, 0x18A9, 0x18AA, 0x20CA, 0x18A9, 0x1088, 0x1088, 0x18A9, 0x20CA, 0x18AA, 0x18AA,
    0x20CA, 0x20CB, 0x20CB, 0x18AA, 0x1089, 0x0045, 0x0024, 0x0024, 0x0024, 0x0024, 0x0004, 0x0024,
    0x0024, 0x0004, 0x0004, 0x0004, 0x0004, 0x0024, 0x0004, 0x0004, 0x0004, 0x0004, 0x0004, 0x0004,
    0x0003, 0x0003, 0x0004, 0x0004, 0x0004, 0x0004, 0x0004, 0x0024, 0x0024, 0x0004, 0x0024, 0x0003,
    0x0004, 0x0024, 0x0024, 0x0024, 0x0024, 0x0024, 0x0024, 0x0024, 0x0004, 0x0004, 0x0024, 0x0024,
    0x0004, 0x0024, 0x0004, 0x0003, 0x0003, 0x0003, 0x0003, 0x0003, 0x0003, 0x0003, 0x0003, 0x0024,
    0x1086, 0x1087, 0x1087, 0x1087, 0x18A7, 0x314B, 0x20E9, 0x1086, 0x290A, 0x290A, 0x20EA, 0x210B,
    0x210B, 0x292B, 0x210A, 0x18E9, 0x18C8, 0x0865, 0x49F0, 0x937C, 0x7B18, 0x20E9, 0x1087, 0x10A7,
    0x18A7, 0x292A, 0x294B, 0x2109, 0x210A, 0x292C, 0x314C, 0x292B, 0x18C8, 0x10A7, 0x18A7, 0x314B,
    0x18C8, 0x18A8, 0x20E9, 0x1066, 0x0866, 0x0846, 0x10A7, 0x1086, 0x0865, 0x0023, 0x0003, 0x0003,
    0x0003, 0x0003, 0x0003, 0x0003, 0x0003, 0x0003, 0x0003, 0x0003, 0x0003, 0x0003, 0x0003, 0x0003,
    0x0003, 0x0003, 0x0024, 0x0024, 0x0024, 0x0024, 0x0024, 0x0024, 0x0024, 0x0024, 0x0024, 0x0004,
    0x0004, 0x0024, 0x0024, 0x0004, 0x0004, 0x0024, 0x0024, 0x0004, 0x0024, 0x0004, 0x0004, 0x0004,
    0x0024, 0x0004, 0x0004, 0x0004, 0x0004, 0x0004, 0x0024, 0x0004, 0x0003, 0x0003, 0x0004, 0x0024,
    0x0004, 0x0024, 0x0024, 0x0024, 0x0004, 0x0004, 0x0004, 0x0024, 0x0024, 0x0003, 0x0023, 0x0024,
    0x0024, 0x0845, 0x0865, 0x0865, 0x0866, 0x0845, 0x0845, 0x0845, 0x0845, 0x0845, 0x0865, 0x0865,
    0x0865, 0x0866, 0x1088, 0x1088, 0x1088, 0x0866, 0x0865, 0x0845, 0x0866, 0x1087, 0x0887, 0x0867,
    0x0866, 0x0845, 0x0845, 0x0866, 0x0866, 0x0865, 0x0887, 0x1088, 0x1088, 0x1088, 0x1088, 0x1088,
    0x1088, 0x10A8, 0x10A8, 0x10A8, 0x1088, 0x1088, 0x1088, 0x1088, 0x18A9, 0x18A9, 0x18A8, 0x18A9,
    0x1088, 0x1088, 0x1088, 0x1088, 0x1088, 0x18A9, 0x18A9, 0x18A9, 0x18A9, 0x18A9, 0x1088, 0x10A9,
    0x10A9, 0x10A9, 0x20CA, 0x28EB, 0x28EB, 0x20CA, 0x20CB, 0x20EB, 0x20CA, 0x20CA, 0x20CA, 0x18A9,
    0x1087, 0x0866, 0x0866, 0x0867, 0x0866, 0x0866, 0x10A7, 0x20C9, 0x312B, 0x312C, 0x314D, 0x20E9,
    0x0044, 0x0045, 0x1067, 0x1088, 0x18A9, 0x18A9, 0x18A9, 0x18A9, 0x18A9, 0x18A9, 0x20CA, 0x18A9,
    0x18A9, 0x1089, 0x1087, 0x0867, 0x0866, 0x1087, 0x1087, 0x1087, 0x1087, 0x0866, 0x1087, 0x10A8,
    0x18A9, 0x18A9, 0x20EB, 0x392C, 0x496D, 0x394D, 0x310C, 0x20CB, 0x20EA, 0x28EB, 0x28EB, 0x28EB,
    0x20CA, 0x18AA, 0x20EB, 0x20EB, 0x20CB, 0x290C, 0x20CB, 0x18CA, 0x18A9, 0x18A9, 0x18CA, 0x20CB,
    0x20EA, 0x18AA, 0x18AA, 0x1089, 0x1088, 0x1088, 0x1088, 0x18A9, 0x1889, 0x1087, 0x1087, 0x1088,
    0x18A8, 0x1089, 0x1089, 0x1089, 0x1067, 0x1067, 0x1067, 0x1068, 0x1088, 0x0867, 0x0846, 0x0024,
    0x0024, 0x0023, 0x0003, 0x0024, 0x0003, 0x0004, 0x0024, 0x0024, 0x0004, 0x0004, 0x0004, 0x0004,
    0x0003, 0x0024, 0x0004, 0x0004, 0x0004, 0x0004, 0x0004, 0x0003, 0x0024, 0x0004, 0x0024, 0x0004,
    0x0004, 0x0004, 0x0004, 0x0024, 0x0004, 0x0004, 0x0003, 0x0024, 0x0024, 0x0004, 0x0024, 0x0024,
    0x0004, 0x0024, 0x0024, 0x0004, 0x0003, 0x0004, 0x0024, 0x0024, 0x0024, 0x0024, 0x0024, 0x0024,
    0x0024, 0x0024, 0x0024, 0x0024, 0x0024, 0x0024, 0x0024, 0x0024, 0x0003, 0x0003, 0x0004, 0x0003,
    0x0003, 0x0864, 0x0044, 0x0044, 0x0844, 0x0865, 0x20E9, 0x210A, 0x290A, 0x20E9, 0x0866, 0x0865,
    0x0002, 0x0001, 0x1065, 0x5A32, 0x316B, 0x0023, 0x0003, 0x0003, 0x0003, 0x0866, 0x0886, 0x1066,
    0x1065, 0x0865, 0x0866, 0x0866, 0x0024, 0x0003, 0x0003, 0x0865, 0x0023, 0x0024, 0x0865, 0x0003,
    0x0024, 0x0024, 0x0003, 0x0003, 0x0003, 0x0024, 0x0024, 0x0024, 0x0024, 0x0024, 0x0024, 0x0024,
    0x0024, 0x0024, 0x0024, 0x0024, 0x0024, 0x0024, 0x0024, 0x0024, 0x0024, 0x0024, 0x0024, 0x0004,
    0x0024, 0x0004, 0x0004, 0x0024, 0x0024, 0x0004, 0x0004, 0x0024, 0x0004, 0x0024, 0x0024, 0x0004,
    0x0004, 0x0004, 0x0004, 0x0004, 0x0004, 0x0004, 0x0004, 0x0004, 0x0024, 0x0003, 0x0004, 0x0004,
    0x0003, 0x0004, 0x0024, 0x0004, 0x0004, 0x0004, 0x0024, 0x0024, 0x0024, 0x0024, 0x0003, 0x0003,
    0x0003, 0x0004, 0x0024, 0x0024, 0x0024, 0x0024, 0x0024, 0x0004, 0x0003, 0x0024, 0x0024, 0x0024,
    0x0044, 0x0845, 0x0846, 0x0845, 0x0865, 0x0845, 0x0045, 0x0045, 0x0845, 0x0865, 0x0866, 0x0867,
    0x0866, 0x0865, 0x0865, 0x0845, 0x0866, 0x1088, 0x10A9, 0x10AA, 0x1087, 0x0845, 0x0845, 0x0866,
    0x0845, 0x0865, 0x0866, 0x0866, 0x0865, 0x0867, 0x1088, 0x1088, 0x1088, 0x1088, 0x1088, 0x0866,
    0x0846, 0x1088, 0x1088, 0x1067, 0x0866, 0x0866, 0x0866, 0x1067, 0x0867, 0x1088, 0x1089, 0x1089,
    0x1088, 0x0866, 0x0845, 0x0867, 0x1088, 0x18A8, 0x1088, 0x1088, 0x1089, 0x1089, 0x1088, 0x1088,
    0x18A8, 0x18A9, 0x18A9, 0x18A9, 0x18A9, 0x18CA, 0x20CA, 0x18A9, 0x18A9, 0x10A8, 0x18A9, 0x18A8,
    0x10A8, 0x18A9, 0x1088, 0x0866, 0x0846, 0x0866, 0x0866, 0x0867, 0x1088, 0x1088, 0x1089, 0x1088,
    0x18A9, 0x18A9, 0x1888, 0x18A9, 0x1088, 0x18A8, 0x18A8, 0x1087, 0x1088, 0x10A9, 0x10A9, 0x10A9,
    0x1088, 0x0846, 0x0045, 0x0846, 0x0866, 0x1088, 0x18A9, 0x10A8, 0x1088, 0x18A9, 0x20C9, 0x20EA,
    0x10A9, 0x10A9, 0x1089, 0x0867, 0x1088, 0x18CA, 0x18A9, 0x1088, 0x1087, 0x0887, 0x0867, 0x0867,
    0x1088, 0x1066, 0x10A8, 0x10A9, 0x18A9, 0x18A9, 0x10A9, 0x1087, 0x0846, 0x0846, 0x0866, 0x1087,
    0x1088, 0x1088, 0x1088, 0x1088, 0x1088, 0x1088, 0x1088, 0x1087, 0x1088, 0x1088, 0x0867, 0x0846,
    0x0025, 0x0024, 0x0023, 0x0003, 0x0003, 0x0023, 0x0024, 0x0024, 0x0024, 0x0024, 0x0003, 0x0004,
    0x0004, 0x0004, 0x0024, 0x0004, 0x0024, 0x0004, 0x0004, 0x0004, 0x0004, 0x0024, 0x0024, 0x0004,
    0x0003, 0x0004, 0x0004, 0x0024, 0x0024, 0x0004, 0x0004, 0x0024, 0x0004, 0x0004, 0x0004, 0x0004,
    0x0004, 0x0004, 0x0004, 0x0003, 0x0003, 0x0004, 0x0024, 0x0024, 0x0024, 0x0004, 0x0024, 0x0004,
    0x0024, 0x0024, 0x0004, 0x0024, 0x0024, 0x0024, 0x0024, 0x0004, 0x0004, 0x0024, 0x0024, 0x0024,
    0x0004, 0x0024, 0x0024, 0x0024, 0x0024, 0x0024, 0x0024, 0x0024, 0x0003, 0x0003, 0x0023, 0x0004,
    0x0004, 0x0003, 0x0023, 0x0003, 0x0003, 0x0024, 0x0003, 0x1086, 0x49EF, 0x18C7, 0x0003, 0x0002,
    0x0002, 0x0003, 0x0024, 0x0024, 0x0024, 0x0003, 0x0003, 0x0003, 0x0003, 0x0003, 0x0003, 0x0003,
    0x0024, 0x0024, 0x0024, 0x0003, 0x0024, 0x0024, 0x0023, 0x0024, 0x0024, 0x0024, 0x0024, 0x0024,
    0x0024, 0x0024, 0x0024, 0x0024, 0x0004, 0x0003, 0x0024, 0x0024, 0x0004, 0x0004, 0x0004, 0x0024,
    0x0024, 0x0004, 0x0004, 0x0004, 0x0024, 0x0024, 0x0003, 0x0024, 0x0024, 0x0024, 0x0024, 0x0024,
    0x0024, 0x0004, 0x0004, 0x0024, 0x0004, 0x0004, 0x0004, 0x0024, 0x0004, 0x0004, 0x0004, 0x0004,
    0x0024, 0x0004, 0x0004, 0x0024, 0x0004, 0x0024, 0x0024, 0x0003, 0x0004, 0x0004, 0x0004, 0x0024,
    0x0024, 0x0004, 0x0004, 0x0024, 0x0024, 0x0004, 0x0004, 0x0004, 0x0004, 0x0024, 0x0024, 0x0024,
    0x0024, 0x0004, 0x0024, 0x0024, 0x0004, 0x0024, 0x0003, 0x0004, 0x0004, 0x0024, 0x0045, 0x0845,
    0x0865, 0x0865, 0x0845, 0x0845, 0x0865, 0x0865, 0x0865, 0x0845, 0x0845, 0x0865, 0x0865, 0x0865,
    0x0845, 0x0866, 0x0866, 0x0866, 0x0866, 0x0846, 0x0045, 0x0044, 0x0866, 0x0865, 0x0845, 0x0044,
    0x0044, 0x0846, 0x0866, 0x0867, 0x0867, 0x0866, 0x0866, 0x0845, 0x0845, 0x0866, 0x0866, 0x0045,
    0x0044, 0x0845, 0x0845, 0x0845, 0x0845, 0x0866, 0x0866, 0x0866, 0x0866, 0x0045, 0x0025, 0x0024,
    0x0845, 0x0866, 0x0867, 0x0867, 0x0867, 0x0866, 0x0866, 0x0866, 0x0867, 0x1087, 0x1088, 0x0887,
    0x1088, 0x0867, 0x0866, 0x0846, 0x0866, 0x0867, 0x1088, 0x1088, 0x10A9, 0x1089, 0x1088, 0x1088,
    0x1088, 0x1088, 0x1088, 0x18A9, 0x1089, 0x1089, 0x1087, 0x0866, 0x0845, 0x0866, 0x0866, 0x0866,
    0x0867, 0x0866, 0x0846, 0x0045, 0x0866, 0x1088, 0x0867, 0x0866, 0x0845, 0x0846, 0x0845, 0x0845,
    0x0846, 0x0845, 0x0866, 0x0866, 0x0866, 0x0866, 0x0846, 0x0866, 0x0866, 0x0866, 0x0045, 0x0845,
    0x0846, 0x0866, 0x0867, 0x0867, 0x0865, 0x0024, 0x0024, 0x0024, 0x0045, 0x0045, 0x0866, 0x0866,
    0x0867, 0x0867, 0x0866, 0x0024, 0x0024, 0x0024, 0x0045, 0x0845, 0x0866, 0x0867, 0x0866, 0x0845,
    0x0846, 0x0846, 0x0846, 0x0846, 0x0845, 0x0024, 0x0024, 0x0003, 0x0024, 0x0024, 0x0024, 0x0003,
    0x0024, 0x0004, 0x0024, 0x0024, 0x0004, 0x0003, 0x0004, 0x0004, 0x0004, 0x0024, 0x0024, 0x0024,
    0x0004, 0x0024, 0x0004, 0x0004, 0x0024, 0x0004, 0x0004, 0x0024, 0x0004, 0x0004, 0x0024, 0x0024,
    0x0024, 0x0024, 0x0024, 0x0024, 0x0004, 0x0024, 0x0024, 0x0004, 0x0003, 0x0004, 0x0024, 0x0004,
    0x0004, 0x0004, 0x0004, 0x0024, 0x0004, 0x0024, 0x0004, 0x0024, 0x0024, 0x0004, 0x0024, 0x0024,
    0x0024, 0x0004, 0x0004, 0x0024, 0x0004, 0x0024, 0x0024, 0x0004, 0x0004, 0x0024, 0x0024, 0x0004,
    0x0024, 0x0023, 0x0004, 0x0024, 0x0003, 0x0024, 0x0004, 0x0024, 0x0024, 0x0024, 0x0004, 0x0003,
    0x0003, 0x0003, 0x0001, 0x5231, 0x9BFE, 0x6AD4, 0x0003, 0x0024, 0x0024, 0x0003, 0x0024, 0x0004,
    0x0024, 0x0024, 0x0024, 0x0024, 0x0024, 0x0024, 0x0024, 0x0004, 0x0024, 0x0024, 0x0004, 0x0024,
    0x0024, 0x0024, 0x0024, 0x0024, 0x0004, 0x0004, 0x0004, 0x0004, 0x0004, 0x0024, 0x0024, 0x0024,
    0x0004, 0x0024, 0x0024, 0x0004, 0x0004, 0x0004, 0x0004, 0x0024, 0x0004, 0x0024, 0x0004, 0x0004,
    0x0024, 0x0004, 0x0024, 0x0004, 0x0004, 0x0024, 0x0024, 0x0004, 0x0004, 0x0004, 0x0024, 0x0024,
    0x0004, 0x0004, 0x0004, 0x0004, 0x0004, 0x0004, 0x0024, 0x0024, 0x0003, 0x0024, 0x0024, 0x0024,
    0x0024, 0x0024, 0x0004, 0x0004, 0x0004, 0x0004, 0x0004, 0x0004, 0x0004, 0x0004, 0x0004, 0x0004,
    0x0024, 0x0004, 0x0004, 0x0004, 0x0024, 0x0024, 0x0024, 0x0024, 0x0004, 0x0024, 0x0024, 0x0004,
    0x0004, 0x0004, 0x0023, 0x0024, 0x0024, 0x0024, 0x0024, 0x0024, 0x0024, 0x0024, 0x0024, 0x0024,
    0x0024, 0x0024, 0x0024, 0x0024, 0x0045, 0x0845, 0x0865, 0x0865, 0x0045, 0x0045, 0x0045, 0x0845,
    0x0045, 0x0025, 0x0024, 0x0024, 0x0024, 0x0024, 0x0845, 0x0045, 0x0045, 0x0045, 0x0045, 0x0045,
    0x0024, 0x0024, 0x0024, 0x0045, 0x0845, 0x0045, 0x0044, 0x0024, 0x0024, 0x0024, 0x0024, 0x0045,
    0x0045, 0x0045, 0x0044, 0x0044, 0x0024, 0x0024, 0x0024, 0x0024, 0x0024, 0x0024, 0x0024, 0x0045,
    0x0045, 0x0045, 0x0045, 0x0845, 0x0845, 0x0845, 0x0845, 0x0845, 0x0845, 0x0045, 0x0024, 0x0024,
    0x0024, 0x0045, 0x0846, 0x0045, 0x0045, 0x0866, 0x0866, 0x1088, 0x1088, 0x1068, 0x0866, 0x0846,
    0x0866, 0x0845, 0x0045, 0x0024, 0x0024, 0x0024, 0x0024, 0x0024, 0x0024, 0x0024, 0x0025, 0x0045,
    0x0845, 0x0845, 0x0044, 0x0045, 0x0045, 0x0045, 0x0024, 0x0024, 0x0024, 0x0024, 0x0045, 0x0045,
    0x0045, 0x0045, 0x0044, 0x0024, 0x0024, 0x0024, 0x0003, 0x0024, 0x0024, 0x0024, 0x0024, 0x0024,
    0x0024, 0x0004, 0x0004, 0x0004, 0x0024, 0x0024, 0x0024, 0x0024, 0x0024, 0x0024, 0x0024, 0x0004,
    0x0024, 0x0024, 0x0024, 0x0024, 0x0024, 0x0024, 0x0024, 0x0023, 0x0003, 0x0024, 0x0004, 0x0004,
    0x0003, 0x0003, 0x0003, 0x0004, 0x0024, 0x0004, 0x0004, 0x0003, 0x0004, 0x0004, 0x0003, 0x0004,
    0x0003, 0x0003, 0x0003, 0x0003, 0x0004, 0x0024, 0x0004, 0x0003, 0x0004, 0x0024, 0x0004, 0x0004,
    0x0024, 0x0024, 0x0004, 0x0004, 0x0003, 0x0004, 0x0004, 0x0004, 0x0024, 0x0024, 0x0004, 0x0004,
    0x0004, 0x0024, 0x0024, 0x0004, 0x0004, 0x0004, 0x0024, 0x0024, 0x0004, 0x0024, 0x0004, 0x0004,
    0x0004, 0x0024, 0x0024, 0x0004, 0x0004, 0x0004, 0x0024, 0x0004, 0x0024, 0x0004, 0x0004, 0x0004,
    0x0004, 0x0004, 0x0004, 0x0004, 0x0004, 0x0004, 0x0024, 0x0003, 0x0004, 0x0004, 0x0004, 0x0004,
    0x0004, 0x0004, 0x0003, 0x0024, 0x0024, 0x0004, 0x0004, 0x0003, 0x0003, 0x0023, 0x0003, 0x20E8,
    0x6293, 0x2109, 0x0003, 0x0024, 0x0024, 0x0003, 0x0004, 0x0004, 0x0004, 0x0003, 0x0004, 0x0004,
    0x0024, 0x0024, 0x0003, 0x0003, 0x0003, 0x0003, 0x0004, 0x0004, 0x0004, 0x0004, 0x0004, 0x0004,
    0x0004, 0x0024, 0x0024, 0x0024, 0x0004, 0x0024, 0x0004, 0x0004, 0x0004, 0x0004, 0x0004, 0x0024,
    0x0024, 0x0024, 0x0004, 0x0024, 0x0004, 0x0004, 0x0004, 0x0004, 0x0024, 0x0004, 0x0004, 0x0024,
    0x0004, 0x0004, 0x0024, 0x0004, 0x0003, 0x0004, 0x0004, 0x0004, 0x0024, 0x0024, 0x0024, 0x0004,
    0x0004, 0x0024, 0x0004, 0x0003, 0x0004, 0x0004, 0x0004, 0x0024, 0x0004, 0x0024, 0x0024, 0x0004,
    0x0004, 0x0024, 0x0004, 0x0004, 0x0004, 0x0024, 0x0004, 0x0004, 0x0024, 0x0004, 0x0004, 0x0024,
    0x0004, 0x0004, 0x0003, 0x0024, 0x0004, 0x0004, 0x0023, 0x0003, 0x0004, 0x0004, 0x0003, 0x0024,
    0x0024, 0x0024, 0x0024, 0x0003, 0x0003, 0x0003, 0x0024, 0x0024, 0x0004, 0x0004, 0x0024, 0x0024,
    0x0024, 0x0024, 0x0024, 0x0024, 0x0024, 0x0024, 0x0024, 0x0024, 0x0024, 0x0024, 0x0024, 0x0004,
    0x0003, 0x0003, 0x0024, 0x0024, 0x0024, 0x0024, 0x0024, 0x0024, 0x0024, 0x0024, 0x0004, 0x0024,
    0x0024, 0x0024, 0x0024, 0x0024, 0x0024, 0x0024, 0x0024, 0x0024, 0x0024, 0x0024, 0x0024, 0x0024,
    0x0024, 0x0024, 0x0024, 0x0024, 0x0024, 0x0004, 0x0024, 0x0024, 0x0024, 0x0024, 0x0024, 0x0024,
    0x0024, 0x0024, 0x0024, 0x0024, 0x0024, 0x0024, 0x0024, 0x0004, 0x0024, 0x0024, 0x0024, 0x0024,
    0x0024, 0x0024, 0x0024, 0x0024, 0x0025, 0x0024, 0x0024, 0x0024, 0x0024, 0x0003, 0x0024, 0x0024,
    0x0004, 0x0024, 0x0024, 0x0003, 0x0003, 0x0024, 0x0024, 0x0024, 0x0024, 0x0024, 0x0024, 0x0024,
    0x0024, 0x0024, 0x0024, 0x0024, 0x0024, 0x0024, 0x0024, 0x0024, 0x0024, 0x0024, 0x0004, 0x0004,
    0x0003, 0x0003, 0x0024, 0x0003, 0x0024, 0x0024, 0x0004, 0x0004, 0x0003, 0x0024, 0x0004, 0x0004,
    0x0024, 0x0003, 0x0004, 0x0004, 0x0004, 0x0004, 0x0003, 0x0004, 0x0024, 0x0024, 0x0024, 0x0003,
    0x0003, 0x0003, 0x0003, 0x0004, 0x0004, 0x0024, 0x0024, 0x0024, 0x0024, 0x0024, 0x0003, 0x0003,
    0x0004, 0x0003, 0x0024, 0x0024, 0x0024, 0x0004, 0x0003, 0x0003, 0x0003, 0x0004, 0x0024, 0x0004,
    0x0024, 0x0004, 0x0003, 0x0003, 0x0004, 0x0004, 0x0004, 0x0004, 0x0004, 0x0004, 0x0004, 0x0024,
    0x0003, 0x0003, 0x0004, 0x0004, 0x0004, 0x0004, 0x0003, 0x0004, 0x0003, 0x0003, 0x0004, 0x0024,
    0x0024, 0x0024, 0x0004, 0x0004, 0x0004, 0x0024, 0x0004, 0x0024, 0x0024, 0x0024, 0x0024, 0x0024,
    0x0024, 0x0004, 0x0024, 0x0004, 0x0004, 0x0024, 0x0003, 0x0003, 0x0004, 0x0004, 0x0004, 0x0004,
    0x0004, 0x0004, 0x0004, 0x0004, 0x0003, 0x0004, 0x0004, 0x0004, 0x0024, 0x0024, 0x0023, 0x0004,
    0x0003, 0x0003, 0x0003, 0x0024, 0x0024, 0x0003, 0x0002, 0x0002, 0x0002, 0x0003, 0x0004, 0x0024,
    0x0024, 0x0024, 0x0004, 0x0023, 0x0003, 0x0003, 0x0004, 0x0004, 0x0004, 0x0004, 0x0004, 0x0004,
    0x0003, 0x0004, 0x0004, 0x0004, 0x0004, 0x0024, 0x0004, 0x0024, 0x0024, 0x0004, 0x0024, 0x0024,
    0x0004, 0x0004, 0x0004, 0x0004, 0x0004, 0x0003, 0x0024, 0x0004, 0x0024, 0x0024, 0x0024, 0x0024,
    0x0004, 0x0004, 0x0004, 0x0004, 0x0004, 0x0004, 0x0004, 0x0004, 0x0024, 0x0004, 0x0004, 0x0003,
    0x0004, 0x0004, 0x0004, 0x0004, 0x0004, 0x0004, 0x0004, 0x0024, 0x0024, 0x0004, 0x0004, 0x0004,
    0x0003, 0x0004, 0x0004, 0x0024, 0x0024, 0x0004, 0x0004, 0x0004, 0x0004, 0x0004, 0x0004, 0x0024,
    0x0024, 0x0004, 0x0024, 0x0024, 0x0004, 0x0024, 0x0004, 0x0004, 0x0004, 0x0004, 0x0004, 0x0003,
    0x0004, 0x0024, 0x0003, 0x0003, 0x0003, 0x0003, 0x0024, 0x0004, 0x0004, 0x0004, 0x0004, 0x0024,
    0x0024, 0x0004, 0x0024, 0x0024, 0x0024, 0x0024, 0x0024, 0x0004, 0x0024, 0x0024, 0x0003, 0x0003,
    0x0003, 0x0004, 0x0004, 0x0024, 0x0004, 0x0004, 0x0024, 0x0004, 0x0004, 0x0004, 0x0003, 0x0024,
    0x0004, 0x0004, 0x0003, 0x0003, 0x0004, 0x0024, 0x0004, 0x0003, 0x0003, 0x0003, 0x0003, 0x0024,
    0x0003, 0x0024, 0x0024, 0x0004, 0x0004, 0x0024, 0x0004, 0x0003, 0x0003, 0x0024, 0x0024, 0x0004,
    0x0024, 0x0004, 0x0024, 0x0003, 0x0004, 0x0004, 0x0003, 0x0004, 0x0004, 0x0003, 0x0004, 0x0004,
    0x0004, 0x0024, 0x0024, 0x0004, 0x0004, 0x0004, 0x0004, 0x0003, 0x0003, 0x0004, 0x0004, 0x0003,
    0x0003, 0x0003, 0x0004, 0x0004, 0x0003, 0x0003, 0x0004, 0x0004, 0x0024, 0x0004, 0x0003, 0x0003,
    0x0003, 0x0004, 0x0004, 0x0004, 0x0004, 0x0004, 0x0004, 0x0004, 0x0003, 0x0003, 0x0004, 0x0004,
    0x0024, 0x0004, 0x0003, 0x0004, 0x0004, 0x0004, 0x0004, 0x0003, 0x0003, 0x0003, 0x0003, 0x0004,
    0x0024, 0x0004, 0x0004, 0x0004, 0x0004, 0x0004, 0x0004, 0x0004, 0x0004, 0x0004, 0x0004, 0x0004,
    0x0004, 0x0004, 0x0004, 0x0004, 0x0004, 0x0024, 0x0003, 0x0003, 0x0004, 0x0003, 0x0004, 0x0004,
    0x0004, 0x0024, 0x0024, 0x0023, 0x0024, 0x0024, 0x0004, 0x0004, 0x0004, 0x0003, 0x0003, 0x0004,
    0x0024, 0x0004, 0x0004, 0x0003, 0x0003, 0x0004, 0x0004, 0x0004, 0x0004, 0x0024, 0x0004, 0x0004,
    0x0004, 0x0004, 0x0004, 0x0004, 0x0004, 0x0004, 0x0004, 0x0004, 0x0004, 0x0004, 0x0024, 0x0004,
    0x0003, 0x0004, 0x0004, 0x0004, 0x0003, 0x0003, 0x0004, 0x0004, 0x0004, 0x0004, 0x0024, 0x0024,
    0x0004, 0x0004, 0x0024, 0x0004, 0x0024, 0x0024, 0x0004, 0x0004, 0x0024, 0x0023, 0x0024, 0x0024,
    0x0004, 0x0024, 0x0004, 0x0004, 0x0004, 0x0004, 0x0004, 0x0004, 0x0004, 0x0004, 0x0004, 0x0004,
    0x0004, 0x0004, 0x0003, 0x0003, 0x0003, 0x0004, 0x0024, 0x0024, 0x0003, 0x0024, 0x0003, 0x0024,
    0x0003, 0x39A9, 0xACF6, 0x4A2B, 0x0003, 0x0024, 0x0024, 0x0003, 0x0004, 0x0004, 0x0003, 0x0004,
    0x0004, 0x0004, 0x0003, 0x0003, 0x0024, 0x0024, 0x0024, 0x0004, 0x0004, 0x0004, 0x0004, 0x0024,
    0x0004, 0x0024, 0x0004, 0x0024, 0x0024, 0x0004, 0x0004, 0x0004, 0x0004, 0x0004, 0x0003, 0x0004,
    0x0004, 0x0004, 0x0004, 0x0024, 0x0003, 0x0004, 0x0004, 0x0024, 0x0024, 0x0004, 0x0024, 0x0003,
    0x0004, 0x0024, 0x0024, 0x0004, 0x0024, 0x0004, 0x0004, 0x0004, 0x0024, 0x0024, 0x0024, 0x0024,
    0x0004, 0x0004, 0x0024, 0x0024, 0x0024, 0x0004, 0x0004, 0x0004, 0x0004, 0x0024, 0x0024, 0x0024,
    0x0024, 0x0004, 0x0003, 0x0003, 0x0004, 0x0004, 0x0004, 0x0004, 0x0004, 0x0003, 0x0004, 0x0004,
    0x0004, 0x0024, 0x0004, 0x0004, 0x0004, 0x0004, 0x0024, 0x0004, 0x0024, 0x0004, 0x0003, 0x0004,
    0x0003, 0x0024, 0x0024, 0x0004, 0x0003, 0x0024, 0x0004, 0x0024, 0x0024, 0x0024, 0x0024, 0x0004,
    0x0004, 0x0004, 0x0004, 0x0004, 0x0004, 0x0004, 0x0003, 0x0004, 0x0004, 0x0004, 0x0004, 0x0024,
    0x0003, 0x0003, 0x0004, 0x0024, 0x0004, 0x0004, 0x0004, 0x0004, 0x0004, 0x0004, 0x0004, 0x0004,
    0x0003, 0x0004, 0x0003, 0x0003, 0x0003, 0x0023, 0x0024, 0x0004, 0x0003, 0x0004, 0x0024, 0x0004,
    0x0024, 0x0024, 0x0024, 0x0003, 0x0003, 0x0003, 0x0004, 0x0004, 0x0024, 0x0004, 0x0004, 0x0004,
    0x0004, 0x0004, 0x0003, 0x0003, 0x0003, 0x0003, 0x0003, 0x0004, 0x0024, 0x0004, 0x0004, 0x0003,
    0x0004, 0x0004, 0x0024, 0x0024, 0x0004, 0x0024, 0x0024, 0x0004, 0x0024, 0x0003, 0x0004, 0x0024,
    0x0003, 0x0003, 0x0003, 0x0004, 0x0003, 0x0004, 0x0004, 0x0003, 0x0004, 0x0004, 0x0004, 0x0003,
    0x0004, 0x0004, 0x0004, 0x0004, 0x0003, 0x0004, 0x0004, 0x0004, 0x0004, 0x0004, 0x0004, 0x0004,
    0x0004, 0x0003, 0x0004, 0x0024, 0x0004, 0x0003, 0x0004, 0x0004, 0x0004, 0x0004, 0x0003, 0x0004,
    0x0004, 0x0004, 0x0004, 0x0004, 0x0004, 0x0004, 0x0004, 0x0004, 0x0004, 0x0004, 0x0024, 0x0004,
    0x0003, 0x0003, 0x0004, 0x0003, 0x0004, 0x0024, 0x0003, 0x0003, 0x0003, 0x0004, 0x0004, 0x0003,
    0x0024, 0x0024, 0x0004, 0x0003, 0x0024, 0x0004, 0x0003, 0x0004, 0x0024, 0x0024, 0x0004, 0x0003,
    0x0003, 0x0024, 0x0004, 0x0004, 0x0004, 0x0004, 0x0024, 0x0004, 0x0004, 0x0024, 0x0004, 0x0004,
    0x0004, 0x0004, 0x0024, 0x0004, 0x0004, 0x0004, 0x0004, 0x0004, 0x0003, 0x0004, 0x0004, 0x0004,
    0x0004, 0x0004, 0x0024, 0x0004, 0x0004, 0x0004, 0x0004, 0x0024, 0x0004, 0x0004, 0x0004, 0x0004,
    0x0004, 0x0004, 0x0004, 0x0004, 0x0024, 0x0024, 0x0004, 0x0024, 0x0024, 0x0004, 0x0004, 0x0024,
    0x0024, 0x0004, 0x0004, 0x0004, 0x0004, 0x0024, 0x0024, 0x0003, 0x0004, 0x0003, 0x0024, 0x0003,
    0x0003, 0x0003, 0x0024, 0x0004, 0x0004, 0x0003, 0x0024, 0x0024, 0x0002, 0xBD78, 0xFF9F, 0xDE3C,
    0x0864, 0x0003, 0x0024, 0x0003, 0x0003, 0x0004, 0x0004, 0x0024, 0x0004, 0x0004, 0x0004, 0x0004,
    0x0024, 0x0024, 0x0024, 0x0004, 0x0004, 0x0003, 0x0004, 0x0004, 0x0004, 0x0024, 0x0003, 0x0004,
    0x0004, 0x0003, 0x0024, 0x0024, 0x0004, 0x0004, 0x0004, 0x0004, 0x0004, 0x0004, 0x0004, 0x0024,
    0x0004, 0x0004, 0x0024, 0x0024, 0x0004, 0x0024, 0x0024, 0x0004, 0x0004, 0x0024, 0x0004, 0x0004,
    0x0004, 0x0024, 0x0024, 0x0024, 0x0002, 0x0003, 0x0024, 0x0024, 0x0024, 0x0024, 0x0024, 0x0024,
    0x0004, 0x0004, 0x0024, 0x0004, 0x0024, 0x0004, 0x0024, 0x0024, 0x0024, 0x0004, 0x0003, 0x0024,
    0x0003, 0x0003, 0x0023, 0x0004, 0x0003, 0x0003, 0x0004, 0x0004, 0x0004, 0x0024, 0x0024, 0x0024,
    0x0004, 0x0004, 0x0004, 0x0004, 0x0004, 0x0004, 0x0004, 0x0003, 0x0003, 0x0004, 0x0004, 0x0003,
    0x0003, 0x0004, 0x0004, 0x0004, 0x0024, 0x0004, 0x0004, 0x0004, 0x0004, 0x0024, 0x0024, 0x0024,
    0x0004, 0x0004, 0x0024, 0x0003, 0x0004, 0x0004, 0x0004, 0x0024, 0x0003, 0x0003, 0x0004, 0x0004,
    0x0004, 0x0004, 0x0024, 0x0004, 0x0004, 0x0004, 0x0003, 0x0004, 0x0003, 0x0003, 0x0003, 0x0003,
    0x0003, 0x0003, 0x0003, 0x0003, 0x0003, 0x0004, 0x0004, 0x0004, 0x0024, 0x0024, 0x0003, 0x0003,
    0x0003, 0x0003, 0x0003, 0x0004, 0x0004, 0x0004, 0x0004, 0x0003, 0x0003, 0x0004, 0x0003, 0x0003,
    0x0003, 0x0003, 0x0003, 0x0003, 0x0003, 0x0004, 0x0004, 0x0004, 0x0004, 0x0024, 0x0024, 0x0004,
    0x0004, 0x0004, 0x0004, 0x0004, 0x0024, 0x0003, 0x0003, 0x0024, 0x0004, 0x0003, 0x0003, 0x0003,
    0x0003, 0x0003, 0x0004, 0x0024, 0x0024, 0x0024, 0x0003, 0x0004, 0x0024, 0x0004, 0x0004, 0x0024,
    0x0024, 0x0004, 0x0004, 0x0004, 0x0024, 0x0024, 0x0004, 0x0004, 0x0004, 0x0004, 0x0004, 0x0003,
    0x0003, 0x0004, 0x0023, 0x0003, 0x0003, 0x0003, 0x0004, 0x0003, 0x0003, 0x0004, 0x0004, 0x0004,
    0x0004, 0x0004, 0x0004, 0x0003, 0x0003, 0x0004, 0x0004, 0x0003, 0x0003, 0x0003, 0x0004, 0x0004,
    0x0004, 0x0003, 0x0003, 0x0003, 0x0003, 0x0003, 0x0004, 0x0024, 0x0003, 0x0003, 0x0003, 0x0003,
    0x0004, 0x0004, 0x0003, 0x0003, 0x0004, 0x0024, 0x0003, 0x0003, 0x0003, 0x0003, 0x0004, 0x0004,
    0x0004, 0x0004, 0x0024, 0x0004, 0x0004, 0x0024, 0x0004, 0x0004, 0x0003, 0x0004, 0x0024, 0x0004,
    0x0004, 0x0024, 0x0004, 0x0004, 0x0004, 0x0004, 0x0004, 0x0004, 0x0004, 0x0003, 0x0004, 0x0004,
    0x0004, 0x0024, 0x0024, 0x0024, 0x0004, 0x0004, 0x0024, 0x0004, 0x0004, 0x0004, 0x0004, 0x0004,
    0x0024, 0x0024, 0x0024, 0x0004, 0x0004, 0x0004, 0x0024, 0x0004, 0x0024, 0x0024, 0x0004, 0x0024,
    0x0024, 0x0004, 0x0003, 0x0003, 0x0003, 0x0003, 0x0003, 0x0003, 0x0004, 0x0003, 0x0003, 0x0003,
    0x0004, 0x0003, 0x0003, 0x0024, 0x0002, 0x62EE, 0xE67C, 0x7B91, 0x0023, 0x0024, 0x0004, 0x0003,
    0x0004, 0x0024, 0x0004, 0x0024, 0x0004, 0x0024, 0x0004, 0x0024, 0x0024, 0x0024, 0x0024, 0x0024,
    0x0003, 0x0004, 0x0004, 0x0003, 0x0024, 0x0024, 0x0004, 0x0024, 0x0004, 0x0004, 0x0024, 0x0024,
    0x0004, 0x0024, 0x0024, 0x0004, 0x0004, 0x0024, 0x0024, 0x0004, 0x0024, 0x0004, 0x0024, 0x0024,
    0x0024, 0x0004, 0x0024, 0x0024, 0x0004, 0x0004, 0x0024, 0x0024, 0x0024, 0x0024, 0x0024, 0x0023,
    0x316B, 0x1086, 0x0003, 0x0024, 0x0024, 0x0004, 0x0024, 0x0024, 0x0003, 0x0024, 0x0004, 0x0024,
    0x0004, 0x0004, 0x0024, 0x0004, 0x0004, 0x0003, 0x0003, 0x0023, 0x0003, 0x0004, 0x0004, 0x0003,
    0x0003, 0x0003, 0x0003, 0x0024, 0x0024, 0x0004, 0x0024, 0x0024, 0x0004, 0x0024, 0x0004, 0x0024,
    0x0004, 0x0024, 0x0024, 0x0003, 0x0003, 0x0004, 0x0003, 0x0003, 0x0004, 0x0004, 0x0004, 0x0004,
    0x0024, 0x0004, 0x0004, 0x0004, 0x0024, 0x0024, 0x0003, 0x0003, 0x0003, 0x0004, 0x0024, 0x0004,
    0x0003, 0x0004, 0x0003, 0x0003, 0x0003, 0x0004, 0x0004, 0x0004, 0x0004, 0x0024, 0x0004, 0x0003,
    0x0004, 0x0004, 0x0003, 0x0004, 0x0003, 0x0003, 0x0003, 0x0004, 0x0003, 0x0024, 0x0003, 0x0003,
    0x0003, 0x0004, 0x0004, 0x0003, 0x0003, 0x0003, 0x0004, 0x0024, 0x0004, 0x0004, 0x0004, 0x0004,
    0x0003, 0x0003, 0x0003, 0x0003, 0x0003, 0x0004, 0x0004, 0x0003, 0x0003, 0x0003, 0x0003, 0x0003,
    0x0004, 0x0004, 0x0004, 0x0004, 0x0024, 0x0024, 0x0024, 0x0004, 0x0004, 0x0004, 0x0004, 0x0004,
    0x0004, 0x0004, 0x0024, 0x0024, 0x0023, 0x0003, 0x0003, 0x0003, 0x0003, 0x0003, 0x0004, 0x0003,
    0x0024, 0x0024, 0x0004, 0x0004, 0x0024, 0x0004, 0x0004, 0x0024, 0x0024, 0x0004, 0x0004, 0x0004,
    0x0004, 0x0024, 0x0004, 0x0004, 0x0004, 0x0004, 0x0004, 0x0003, 0x0003, 0x0004, 0x0004, 0x0003,
    0x0003, 0x0003, 0x0003, 0x0003, 0x0004, 0x0004, 0x0004, 0x0004, 0x0004, 0x0004, 0x0004, 0x0004,
    0x0003, 0x0004, 0x0003, 0x0003, 0x0004, 0x0003, 0x0004, 0x0024, 0x0004, 0x0003, 0x0003, 0x0003,
    0x0003, 0x0003, 0x0024, 0x0004, 0x0003, 0x0004, 0x0003, 0x0003, 0x0004, 0x0004, 0x0004, 0x0024,
    0x0004, 0x0003, 0x0003, 0x0003, 0x0003, 0x0004, 0x0004, 0x0004, 0x0004, 0x0024, 0x0024, 0x0024,
    0x0024, 0x0024, 0x0003, 0x0003, 0x0003, 0x0003, 0x0004, 0x0024, 0x0024, 0x0024, 0x0004, 0x0004,
    0x0004, 0x0004, 0x0004, 0x0003, 0x0003, 0x0024, 0x0004, 0x0004, 0x0004, 0x0004, 0x0024, 0x0024,
    0x0004, 0x0004, 0x0004, 0x0004, 0x0004, 0x0004, 0x0004, 0x0004, 0x0024, 0x0024, 0x0024, 0x0024,
    0x0024, 0x0004, 0x0024, 0x0004, 0x0024, 0x0004, 0x0024, 0x0024, 0x0003, 0x0004, 0x0004, 0x0004,
    0x0003, 0x0004, 0x0004, 0x0003, 0x0003, 0x0003, 0x0003, 0x0003, 0x0003, 0x0003, 0x0004, 0x0004,
    0x0003, 0x0002, 0x10A5, 0x0003, 0x0003, 0x0024, 0x0024, 0x0004, 0x0024, 0x0004, 0x0024, 0x0024,
    0x0004, 0x0024, 0x0024, 0x0024, 0x0024, 0x0004, 0x0024, 0x0024, 0x0003, 0x0004, 0x0004, 0x0004,
    0x0024, 0x0004, 0x0003, 0x0004, 0x0003, 0x0024, 0x0024, 0x0004, 0x0004, 0x0024, 0x0024, 0x0024,
    0x0004, 0x0004, 0x0024, 0x0024, 0x0024, 0x0004, 0x0024, 0x0024, 0x0024, 0x0024, 0x0024, 0x0004,
    0x0004, 0x0004, 0x0024, 0x0004, 0x0024, 0x0024, 0x0024, 0x0023, 0x6AD4, 0x314B, 0x0003, 0x0024,
    0x0004, 0x0004, 0x0004, 0x0004, 0x0003, 0x0024, 0x0004, 0x0004, 0x0024, 0x0024, 0x0004, 0x0024,
    0x0004, 0x0003, 0x0003, 0x0003, 0x0004, 0x0004, 0x0024, 0x0003, 0x0003, 0x0003, 0x0004, 0x0004,
    0x0024, 0x0004, 0x0004, 0x0004, 0x0004, 0x0024, 0x0003, 0x0004, 0x0024, 0x0024, 0x0024, 0x0004,
    0x0004, 0x0004, 0x0024, 0x0003, 0x0003, 0x0024, 0x0004, 0x0024, 0x0004, 0x0024, 0x0004, 0x0024,
    0x0024, 0x0024, 0x0004, 0x0003, 0x0024, 0x0003, 0x0003, 0x0004, 0x0004, 0x0003, 0x0004, 0x0004,
    0x0024, 0x0004, 0x0004, 0x0004, 0x0004, 0x0004, 0x0004, 0x0004, 0x0003, 0x0003, 0x0004, 0x0003,
    0x0024, 0x0003, 0x0003, 0x0004, 0x0004, 0x0003, 0x0004, 0x0004, 0x0024, 0x0004, 0x0003, 0x0004,
    0x0003, 0x0004, 0x0004, 0x0004, 0x0004, 0x0004, 0x0024, 0x0004, 0x0003, 0x0004, 0x0003, 0x0003,
    0x0003, 0x0004, 0x0004, 0x0003, 0x0003, 0x0003, 0x0003, 0x0004, 0x0003, 0x0003, 0x0004, 0x0024,
    0x0024, 0x0004, 0x0024, 0x0003, 0x0024, 0x0004, 0x0003, 0x0004, 0x0004, 0x0024, 0x0024, 0x0024,
    0x0004, 0x0003, 0x0003, 0x0003, 0x0003, 0x0003, 0x0004, 0x0004, 0x0024, 0x0004, 0x0004, 0x0004,
    0x0024, 0x0024, 0x0004, 0x0004, 0x0024, 0x0004, 0x0004, 0x0004, 0x0004, 0x0004, 0x0004, 0x0003,
    0x0003, 0x0024, 0x0004, 0x0003, 0x0023, 0x0003, 0x0003, 0x0003, 0x0003, 0x0003, 0x0003, 0x0003,
    0x0003, 0x0004, 0x0024, 0x0004, 0x0004, 0x0003, 0x0004, 0x0004, 0x0003, 0x0003, 0x0003, 0x0003,
    0x0003, 0x0004, 0x0024, 0x0003, 0x0003, 0x0003, 0x0003, 0x0003, 0x0004, 0x0003, 0x0004, 0x0003,
    0x0003, 0x0003, 0x0003, 0x0003, 0x0003, 0x0004, 0x0004, 0x0004, 0x0004, 0x0004, 0x0004, 0x0003,
    0x0004, 0x0004, 0x0004, 0x0004, 0x0004, 0x0004, 0x0024, 0x0024, 0x0024, 0x0024, 0x0003, 0x0003,
    0x0004, 0x0024, 0x0024, 0x0024, 0x0024, 0x0004, 0x0024, 0x0024, 0x0004, 0x0024, 0x0004, 0x0003,
    0x0004, 0x0024, 0x0024, 0x0024, 0x0024, 0x0004, 0x0024, 0x0004, 0x0004, 0x0004, 0x0024, 0x0024,
    0x0004, 0x0004, 0x0004, 0x0004, 0x0024, 0x0024, 0x0024, 0x0024, 0x0024, 0x0024, 0x0024, 0x0004,
    0x0004, 0x0004, 0x0004, 0x0024, 0x0004, 0x0004, 0x0004, 0x0004, 0x0004, 0x0004, 0x0004, 0x0003,
    0x0003, 0x0003, 0x0003, 0x0023, 0x0003, 0x0003, 0x0004, 0x0003, 0x0003, 0x0003, 0x0002, 0x0024,
    0x0024, 0x0004, 0x0004, 0x0024, 0x0024, 0x0024, 0x0024, 0x0024, 0x0024, 0x0004, 0x0004, 0x0004,
    0x0024, 0x0004, 0x0024, 0x0004, 0x0004, 0x0024, 0x0024, 0x0004, 0x0004, 0x0004, 0x0003, 0x0004,
    0x0004, 0x0004, 0x0004, 0x0004, 0x0024, 0x0024, 0x0004, 0x0004, 0x0024, 0x0004, 0x0024, 0x0024,
    0x0004, 0x0004, 0x0024, 0x0024, 0x0024, 0x0024, 0x0004, 0x0024, 0x0024, 0x0024, 0x0024, 0x0024,
    0x0024, 0x0004, 0x0024, 0x0003, 0x0024, 0x0023, 0x0004, 0x0004, 0x0004, 0x0004, 0x0004, 0x0024,
    0x0004, 0x0004, 0x0004, 0x0024, 0x0024, 0x0024, 0x0024, 0x0024, 0x0024, 0x0023, 0x0003, 0x0003,
    0x0004, 0x0004, 0x0003, 0x0024, 0x0003, 0x0003, 0x0003, 0x0024, 0x0004, 0x0024, 0x0004, 0x0003,
    0x0004, 0x0024, 0x0024, 0x0024, 0x0024, 0x0004, 0x0004, 0x0004, 0x0004, 0x0003, 0x0004, 0x0004,
    0x0004, 0x0004, 0x0003, 0x0024, 0x0004, 0x0004, 0x0004, 0x0004, 0x0024, 0x0004, 0x0004, 0x0024,
    0x0024, 0x0003, 0x0003, 0x0023, 0x0004, 0x0004, 0x0024, 0x0004, 0x0004, 0x0003, 0x0004, 0x0003,
    0x0003, 0x0004, 0x0004, 0x0004, 0x0003, 0x0003, 0x0003, 0x0004, 0x0004, 0x0004, 0x0003, 0x0003,
    0x0003, 0x0003, 0x0003, 0x0003, 0x0004, 0x0003, 0x0024, 0x0024, 0x0004, 0x0004, 0x0004, 0x0003,
    0x0004, 0x0004, 0x0004, 0x0004, 0x0004, 0x0003, 0x0004, 0x0004, 0x0004, 0x0004, 0x0004, 0x0004,
    0x0003, 0x0004, 0x0004, 0x0003, 0x0003, 0x0004, 0x0004, 0x0004, 0x0003, 0x0023, 0x0003, 0x0003,
    0x0004, 0x0024, 0x0004, 0x0024, 0x0004, 0x0003, 0x0004, 0x0003, 0x0003, 0x0004, 0x0004, 0x0004,
    0x0003, 0x0004, 0x0024, 0x0003, 0x0004, 0x0004, 0x0004, 0x0004, 0x0024, 0x0004, 0x0004, 0x0024,
    0x0004, 0x0004, 0x0024, 0x0024, 0x0003, 0x0003, 0x0003, 0x0003, 0x0003, 0x0003, 0x0003, 0x0003,
    0x0023, 0x0004, 0x0004, 0x0004, 0x0003, 0x0003, 0x0003, 0x0003, 0x0003, 0x0003, 0x0004, 0x0004,
    0x0004, 0x0003, 0x0004, 0x0004, 0x0004, 0x0004, 0x0003, 0x0003, 0x0004, 0x0003, 0x0004, 0x0004,
    0x0004, 0x0003, 0x0003, 0x0004, 0x0003, 0x0003, 0x0004, 0x0003, 0x0003, 0x0003, 0x0004, 0x0004,
    0x0003, 0x0004, 0x0003, 0x0004, 0x0004, 0x0004, 0x0004, 0x0004, 0x0004, 0x0004, 0x0004, 0x0004,
    0x0004, 0x0024, 0x0003, 0x0024, 0x0004, 0x0024, 0x0024, 0x0024, 0x0004, 0x0004, 0x0024, 0x0004,
    0x0004, 0x0024, 0x0004, 0x0004, 0x0004, 0x0024, 0x0004, 0x0004, 0x0004, 0x0004, 0x0004, 0x0024,
    0x0024, 0x0024, 0x0004, 0x0004, 0x0003, 0x0024, 0x0024, 0x0024, 0x0004, 0x0024, 0x0024, 0x0024,
    0x0024, 0x0024, 0x0024, 0x0024, 0x0004, 0x0004, 0x0024, 0x0004, 0x0004, 0x0004, 0x0003, 0x0003,
    0x0004, 0x0003, 0x0004, 0x0003, 0x0004, 0x0004, 0x0024, 0x0003, 0x0003, 0x0003, 0x0003, 0x0003,
    0x0003, 0x0003, 0x0003, 0x0024, 0x0003, 0x2926, 0x736D, 0x0023, 0x0024, 0x0004, 0x0004, 0x0004,
    0x0024, 0x0024, 0x0004, 0x0024, 0x0024, 0x0024, 0x0004, 0x0024, 0x0024, 0x0004, 0x0024, 0x0024,
    0x0004, 0x0024, 0x0004, 0x0003, 0x0003, 0x0004, 0x0003, 0x0004, 0x0004, 0x0024, 0x0024, 0x0024,
    0x0024, 0x0004, 0x0024, 0x0004, 0x0004, 0x0024, 0x0024, 0x0024, 0x0004, 0x0024, 0x0024, 0x0024,
    0x0024, 0x0004, 0x0004, 0x0004, 0x0004, 0x0024, 0x0004, 0x0024, 0x0024, 0x0024, 0x0024, 0x0024,
    0x0003, 0x0024, 0x0004, 0x0004, 0x0004, 0x0024, 0x0004, 0x0024, 0x0024, 0x0024, 0x0004, 0x0024,
    0x0004, 0x0004, 0x0004, 0x0004, 0x0024, 0x0004, 0x0003, 0x0003, 0x0004, 0x0004, 0x0003, 0x0004,
    0x0024, 0x0024, 0x0003, 0x0003, 0x0004, 0x0024, 0x0003, 0x0003, 0x0004, 0x0003, 0x0004, 0x0004,
    0x0004, 0x0004, 0x0004, 0x0004, 0x0004, 0x0004, 0x0004, 0x0004, 0x0024, 0x0003, 0x0004, 0x0024,
    0x0004, 0x0004, 0x0024, 0x0024, 0x0024, 0x0024, 0x0004, 0x0003, 0x0004, 0x0024, 0x0024, 0x0003,
    0x0003, 0x0003, 0x0024, 0x0024, 0x0004, 0x0004, 0x0004, 0x0003, 0x0003, 0x0003, 0x0004, 0x0003,
    0x0023, 0x0003, 0x0003, 0x0003, 0x0024, 0x0003, 0x0003, 0x0003, 0x0003, 0x0003, 0x0003, 0x0003,
    0x0003, 0x0004, 0x0004, 0x0004, 0x0004, 0x0004, 0x0004, 0x0004, 0x0004, 0x0004, 0x0004, 0x0004,
    0x0004, 0x0003, 0x0003, 0x0003, 0x0004, 0x0004, 0x0024, 0x0004, 0x0003, 0x0004, 0x0024, 0x0003,
    0x0003, 0x0004, 0x0004, 0x0003, 0x0003, 0x0003, 0x0003, 0x0003, 0x0004, 0x0004, 0x0024, 0x0024,
    0x0004, 0x0004, 0x0024, 0x0004, 0x0003, 0x0003, 0x0004, 0x0003, 0x0003, 0x0003, 0x0003, 0x0004,
    0x0004, 0x0004, 0x0004, 0x0004, 0x0004, 0x0003, 0x0004, 0x0003, 0x0004, 0x0024, 0x0024, 0x0024,
    0x0023, 0x0003, 0x0004, 0x0004, 0x0004, 0x0024, 0x0004, 0x0004, 0x0003, 0x0003, 0x0003, 0x0004,
    0x0003, 0x0003, 0x0003, 0x0003, 0x0003, 0x0003, 0x0004, 0x0004, 0x0004, 0x0004, 0x0004, 0x0004,
    0x0003, 0x0004, 0x0004, 0x0003, 0x0003, 0x0003, 0x0003, 0x0003, 0x0003, 0x0003, 0x0004, 0x0023,
    0x0004, 0x0004, 0x0004, 0x0024, 0x0003, 0x0003, 0x0003, 0x0023, 0x0024, 0x0004, 0x0004, 0x0003,
    0x0004, 0x0024, 0x0004, 0x0004, 0x0024, 0x0004, 0x0004, 0x0004, 0x0004, 0x0004, 0x0024, 0x0004,
    0x0003, 0x0004, 0x0004, 0x0004, 0x0003, 0x0023, 0x0024, 0x0024, 0x0004, 0x0024, 0x0024, 0x0024,
    0x0024, 0x0024, 0x0004, 0x0024, 0x0004, 0x0004, 0x0004, 0x0024, 0x0023, 0x0003, 0x0004, 0x0004,
    0x0004, 0x0004, 0x0024, 0x0024, 0x0004, 0x0024, 0x0024, 0x0024, 0x0024, 0x0024, 0x0024, 0x0024,
    0x0004, 0x0004, 0x0004, 0x0004, 0x0024, 0x0023, 0x0003, 0x0003, 0x0004, 0x0003, 0x0003, 0x0003,
    0x0003, 0x0003, 0x0004, 0x0003, 0x0003, 0x0023, 0x0003, 0x0003, 0x0003, 0x0003, 0x0003, 0x0044,
    0x0002, 0x7B8D, 0xFFFF, 0x39C7, 0x0003, 0x0044, 0x0004, 0x0004, 0x0004, 0x0024, 0x0024, 0x0024,
    0x0004, 0x0004, 0x0004, 0x0004, 0x0024, 0x0024, 0x0024, 0x0024, 0x0024, 0x0024, 0x0024, 0x0004,
    0x0004, 0x0004, 0x0004, 0x0003, 0x0004, 0x0004, 0x0004, 0x0004, 0x0024, 0x0003, 0x0003, 0x0024,
    0x0024, 0x0024, 0x0004, 0x0024, 0x0024, 0x0024, 0x0024, 0x0024, 0x0024, 0x0004, 0x0004, 0x0024,
    0x0024, 0x0024, 0x0004, 0x0024, 0x0024, 0x0024, 0x0024, 0x0004, 0x0024, 0x0024, 0x0004, 0x0004,
    0x0004, 0x0004, 0x0004, 0x0004, 0x0024, 0x0004, 0x0003, 0x0004, 0x0024, 0x0024, 0x0004, 0x0024,
    0x0024, 0x0003, 0x0003, 0x0004, 0x0003, 0x0004, 0x0004, 0x0004, 0x0024, 0x0024, 0x0003, 0x0003,
    0x0003, 0x0004, 0x0004, 0x0004, 0x0004, 0x0004, 0x0004, 0x0003, 0x0004, 0x0004, 0x0004, 0x0004,
    0x0004, 0x0004, 0x0004, 0x0004, 0x0024, 0x0003, 0x0003, 0x0024, 0x0004, 0x0004, 0x0004, 0x0004,
    0x0024, 0x0004, 0x0004, 0x0004, 0x0024, 0x0004, 0x0004, 0x0024, 0x0004, 0x0024, 0x0004, 0x0003,
    0x0004, 0x0004, 0x0003, 0x0003, 0x0003, 0x0003, 0x0003, 0x0003, 0x0003, 0x0003, 0x0003, 0x0003,
    0x0003, 0x0003, 0x0003, 0x0003, 0x0003, 0x0003, 0x0003, 0x0023, 0x0004, 0x0004, 0x0004, 0x0004,
    0x0004, 0x0004, 0x0004, 0x0004, 0x0024, 0x0004, 0x0003, 0x0004, 0x0004, 0x0003, 0x0004, 0x0004,
    0x0003, 0x0004, 0x0004, 0x0003, 0x0003, 0x0004, 0x0003, 0x0004, 0x0003, 0x0004, 0x0004, 0x0003,
    0x0003, 0x0003, 0x0003, 0x0003, 0x0003, 0x0023, 0x0003, 0x0024, 0x0024, 0x0004, 0x0003, 0x0004,
    0x0004, 0x0003, 0x0004, 0x0003, 0x0003, 0x0003, 0x0003, 0x0004, 0x0004, 0x0024, 0x0004, 0x0004,
    0x0004, 0x0003, 0x0003, 0x0003, 0x0003, 0x0004, 0x0004, 0x0024, 0x0004, 0x0003, 0x0004, 0x0003,
    0x0023, 0x0004, 0x0004, 0x0024, 0x0004, 0x0004, 0x0003, 0x0003, 0x0024, 0x0003, 0x0003, 0x0003,
    0x0003, 0x0003, 0x0004, 0x0004, 0x0004, 0x0004, 0x0004, 0x0003, 0x0003, 0x0003, 0x0003, 0x0003,
    0x0003, 0x0004, 0x0003, 0x0003, 0x0003, 0x0003, 0x0004, 0x0004, 0x0004, 0x0004, 0x0004, 0x0024,
    0x0003, 0x0003, 0x0003, 0x0003, 0x0004, 0x0024, 0x0004, 0x0004, 0x0004, 0x0004, 0x0004, 0x0024,
    0x0024, 0x0004, 0x0024, 0x0004, 0x0004, 0x0004, 0x0024, 0x0004, 0x0003, 0x0004, 0x0003, 0x0003,
    0x0004, 0x0024, 0x0004, 0x0024, 0x0004, 0x0004, 0x0004, 0x0004, 0x0024, 0x0024, 0x0004, 0x0024,
    0x0024, 0x0004, 0x0004, 0x0004, 0x0024, 0x0004, 0x0003, 0x0004, 0x0003, 0x0004, 0x0024, 0x0024,
    0x0024, 0x0024, 0x0024, 0x0024, 0x0024, 0x0024, 0x0004, 0x0024, 0x0004, 0x0004, 0x0003, 0x0004,
    0x0004, 0x0004, 0x0004, 0x0004, 0x0003, 0x0004, 0x0004, 0x0003, 0x0024, 0x0003, 0x0003, 0x0003,
    0x0003, 0x0003, 0x0003, 0x0003, 0x0003, 0x0003, 0x0003, 0x0002, 0x0842, 0xD570, 0xFFFF, 0xA46E,
    0x0001, 0x0002, 0x0003, 0x0004, 0x0004, 0x0004, 0x0024, 0x0004, 0x0004, 0x0004, 0x0004, 0x0024,
    0x0004, 0x0024, 0x0024, 0x0024, 0x0004, 0x0024, 0x0024, 0x0004, 0x0003, 0x0004, 0x0003, 0x0003,
    0x0003, 0x0004, 0x0004, 0x0004, 0x0024, 0x0004, 0x0004, 0x0024, 0x0004, 0x0024, 0x0024, 0x0004,
    0x0024, 0x0024, 0x0024, 0x0024, 0x0004, 0x0024, 0x0004, 0x0004, 0x0024, 0x0024, 0x0003, 0x0004,
    0x0004, 0x0004, 0x0024, 0x0004, 0x0004, 0x0024, 0x0024, 0x0004, 0x0024, 0x0024, 0x0004, 0x0004,
    0x0024, 0x0004, 0x0004, 0x0004, 0x0024, 0x0024, 0x0024, 0x0024, 0x0004, 0x0004, 0x0004, 0x0004,
    0x0003, 0x0004, 0x0003, 0x0004, 0x0004, 0x0004, 0x0003, 0x0003, 0x0003, 0x0003, 0x0003, 0x0004,
    0x0004, 0x0003, 0x0004, 0x0004, 0x0004, 0x0004, 0x0024, 0x0024, 0x0004, 0x0024, 0x0024, 0x0004,
    0x0023, 0x0003, 0x0023, 0x0024, 0x0024, 0x0004, 0x0024, 0x0003, 0x0003, 0x0003, 0x0003, 0x0004,
    0x0024, 0x0024, 0x0024, 0x0024, 0x0004, 0x0004, 0x0004, 0x0024, 0x0004, 0x0004, 0x0003, 0x0003,
    0x0003, 0x0003, 0x0003, 0x0003, 0x0003, 0x0003, 0x0003, 0x0003, 0x0003, 0x0003, 0x0003, 0x0003,
    0x0004, 0x0024, 0x0024, 0x0023, 0x0004, 0x0004, 0x0024, 0x0004, 0x0004, 0x0004, 0x0004, 0x0004,
    0x0024, 0x0004, 0x0004, 0x0004, 0x0004, 0x0004, 0x0004, 0x0003, 0x0003, 0x0003, 0x0003, 0x0004,
    0x0003, 0x0004, 0x0004, 0x0003, 0x0004, 0x0003, 0x0003, 0x0003, 0x0003, 0x0004, 0x0003, 0x0003,
    0x0003, 0x0024, 0x0004, 0x0004, 0x0004, 0x0023, 0x0003, 0x0004, 0x0024, 0x0024, 0x0004, 0x0003,
    0x0003, 0x0003, 0x0004, 0x0004, 0x0004, 0x0004, 0x0004, 0x0004, 0x0004, 0x0004, 0x0003, 0x0003,
    0x0003, 0x0003, 0x0004, 0x0004, 0x0004, 0x0004, 0x0004, 0x0023, 0x0003, 0x0004, 0x0004, 0x0004,
    0x0024, 0x0024, 0x0024, 0x0004, 0x0023, 0x0003, 0x0003, 0x0003, 0x0003, 0x0003, 0x0004, 0x0004,
    0x0004, 0x0004, 0x0003, 0x0003, 0x0003, 0x0003, 0x0003, 0x0003, 0x0004, 0x0004, 0x0004, 0x0003,
    0x0004, 0x0003, 0x0004, 0x0004, 0x0004, 0x0003, 0x0004, 0x0004, 0x0004, 0x0003, 0x0003, 0x0004,
    0x0024, 0x0004, 0x0024, 0x0024, 0x0004, 0x0004, 0x0024, 0x0004, 0x0004, 0x0004, 0x0004, 0x0024,
    0x0004, 0x0004, 0x0024, 0x0004, 0x0004, 0x0024, 0x0003, 0x0003, 0x0024, 0x0024, 0x0024, 0x0004,
    0x0024, 0x0024, 0x0004, 0x0004, 0x0024, 0x0024, 0x0024, 0x0004, 0x0003, 0x0003, 0x0004, 0x0004,
    0x0024, 0x0004, 0x0003, 0x0004, 0x0004, 0x0024, 0x0024, 0x0024, 0x0024, 0x0024, 0x0024, 0x0024,
    0x0004, 0x0004, 0x0003, 0x0024, 0x0004, 0x0024, 0x0004, 0x0024, 0x0004, 0x0003, 0x0004, 0x0004,
    0x0003, 0x0003, 0x0003, 0x0004, 0x0003, 0x0003, 0x0003, 0x0003, 0x0003, 0x0003, 0x0003, 0x0003,
    0x0003, 0x0003, 0x18A4, 0x41A7, 0xAC8D, 0xFED3, 0xFFBE, 0xFFBD, 0xA44F, 0x3166, 0x1084, 0x0004,
    0x0024, 0x0004, 0x0004, 0x0024, 0x0003, 0x0003, 0x0004, 0x0004, 0x0024, 0x0004, 0x0024, 0x0024,
    0x0024, 0x0004, 0x0004, 0x0004, 0x0004, 0x0004, 0x0003, 0x0004, 0x0003, 0x0004, 0x0004, 0x0024,
    0x0024, 0x0004, 0x0024, 0x0004, 0x0004, 0x0004, 0x0024, 0x0024, 0x0024, 0x0004, 0x0004, 0x0004,
    0x0024, 0x0004, 0x0004, 0x0004, 0x0004, 0x0004, 0x0004, 0x0004, 0x0004, 0x0024, 0x0024, 0x0004,
    0x0004, 0x0024, 0x0024, 0x0024, 0x0004, 0x0003, 0x0024, 0x0004, 0x0024, 0x0004, 0x0004, 0x0004,
    0x0004, 0x0004, 0x0004, 0x0004, 0x0024, 0x0024, 0x0004, 0x0024, 0x0003, 0x0003, 0x0003, 0x0003,
    0x0004, 0x0003, 0x0003, 0x0003, 0x0003, 0x0004, 0x0003, 0x0004, 0x0004, 0x0004, 0x0004, 0x0024,
    0x0024, 0x0004, 0x0024, 0x0004, 0x0024, 0x0003, 0x0003, 0x0004, 0x0003, 0x0003, 0x0023, 0x0004,
    0x0024, 0x0003, 0x0004, 0x0024, 0x0003, 0x0003, 0x0004, 0x0004, 0x0004, 0x0024, 0x0004, 0x0004,
    0x0004, 0x0004, 0x0004, 0x0004, 0x0004, 0x0004, 0x0003, 0x0003, 0x0003, 0x0003, 0x0003, 0x0003,
    0x0004, 0x0003, 0x0004, 0x0003, 0x0003, 0x0004, 0x0004, 0x0004, 0x0004, 0x0004, 0x0024, 0x0004,
    0x0004, 0x0004, 0x0023, 0x0024, 0x0024, 0x0004, 0x0024, 0x0004, 0x0004, 0x0024, 0x0004, 0x0004,
    0x0004, 0x0004, 0x0003, 0x0003, 0x0004, 0x0003, 0x0003, 0x0003, 0x0023, 0x0004, 0x0004, 0x0004,
    0x0004, 0x0004, 0x0004, 0x0004, 0x0003, 0x0024, 0x0004, 0x0004, 0x0004, 0x0003, 0x0003, 0x0003,
    0x0004, 0x0004, 0x0024, 0x0024, 0x0024, 0x0024, 0x0004, 0x0003, 0x0003, 0x0003, 0x0003, 0x0004,
    0x0004, 0x0004, 0x0004, 0x0004, 0x0003, 0x0024, 0x0003, 0x0003, 0x0004, 0x0004, 0x0024, 0x0003,
    0x0004, 0x0024, 0x0003, 0x0004, 0x0004, 0x0004, 0x0004, 0x0003, 0x0003, 0x0004, 0x0003, 0x0004,
    0x0004, 0x0004, 0x0003, 0x0004, 0x0003, 0x0003, 0x0004, 0x0004, 0x0004, 0x0004, 0x0003, 0x0003,
    0x0003, 0x0003, 0x0004, 0x0003, 0x0004, 0x0004, 0x0004, 0x0004, 0x0004, 0x0003, 0x0024, 0x0004,
    0x0004, 0x0004, 0x0004, 0x0004, 0x0003, 0x0003, 0x0003, 0x0004, 0x0024, 0x0004, 0x0004, 0x0004,
    0x0004, 0x0024, 0x0024, 0x0004, 0x0004, 0x0004, 0x0004, 0x0004, 0x0004, 0x0024, 0x0024, 0x0024,
    0x0024, 0x0004, 0x0003, 0x0003, 0x0004, 0x0024, 0x0004, 0x0004, 0x0024, 0x0004, 0x0004, 0x0004,
    0x0024, 0x0004, 0x0004, 0x0003, 0x0004, 0x0004, 0x0004, 0x0004, 0x0004, 0x0004, 0x0004, 0x0004,
    0x0004, 0x0004, 0x0004, 0x0004, 0x0004, 0x0004, 0x0004, 0x0004, 0x0024, 0x0003, 0x0003, 0x0003,
    0x0003, 0x0003, 0x0004, 0x0004, 0x0004, 0x0004, 0x0003, 0x0004, 0x0003, 0x0003, 0x0003, 0x0003,
    0x0003, 0x0003, 0x0004, 0x0003, 0x0003, 0x0003, 0x0003, 0x0003, 0x0024, 0x0003, 0x93AA, 0xFF13,
    0xFF54, 0xFED5, 0xFF9D, 0xFFFF, 0xFFFF, 0xFFBA, 0x7B4A, 0x0003, 0x0024, 0x0003, 0x0003, 0x0003,
    0x0003, 0x0003, 0x0004, 0x0004, 0x0004, 0x0004, 0x0024, 0x0004, 0x0004, 0x0024, 0x0024, 0x0004,
    0x0004, 0x0004, 0x0003, 0x0003, 0x0003, 0x0003, 0x0004, 0x0024, 0x0024, 0x0024, 0x0004, 0x0004,
    0x0024, 0x0004, 0x0004, 0x0024, 0x0004, 0x0004, 0x0024, 0x0003, 0x0004, 0x0024, 0x0024, 0x0024,
    0x0004, 0x0004, 0x0024, 0x0004, 0x0004, 0x0004, 0x0004, 0x0004, 0x0004, 0x0024, 0x0004, 0x0004,
    0x0004, 0x0004, 0x0004, 0x0004, 0x0004, 0x0004, 0x0004, 0x0004, 0x0004, 0x0024, 0x0004, 0x0024,
    0x0024, 0x0004, 0x0004, 0x0024, 0x0003, 0x0003, 0x0004, 0x0004, 0x0003, 0x0003, 0x0003, 0x0003,
    0x0004, 0x0024, 0x0004, 0x0024, 0x0004, 0x0004, 0x0024, 0x0024, 0x0024, 0x0024, 0x0004, 0x0024,
    0x0024, 0x0003, 0x0003, 0x0024, 0x0003, 0x0003, 0x0003, 0x0004, 0x0024, 0x0004, 0x0003, 0x0024,
    0x0004, 0x0003, 0x0003, 0x0003, 0x0004, 0x0004, 0x0024, 0x0024, 0x0004, 0x0003, 0x0003, 0x0004,
    0x0004, 0x0004, 0x0003, 0x0003, 0x0003, 0x0003, 0x0003, 0x0003, 0x0003, 0x0003, 0x0004, 0x0003,
    0x0003, 0x0003, 0x0004, 0x0004, 0x0004, 0x0004, 0x0004, 0x0004, 0x0024, 0x0004, 0x0004, 0x0004,
    0x0024, 0x0004, 0x0004, 0x0004, 0x0004, 0x0024, 0x0004, 0x0003, 0x0003, 0x0003, 0x0024, 0x0004,
    0x0003, 0x0003, 0x0003, 0x0003, 0x0003, 0x0024, 0x0003, 0x0004, 0x0003, 0x0003, 0x0003, 0x0024,
    0x0004, 0x0024, 0x0004, 0x0003, 0x0003, 0x0003, 0x0003, 0x0003, 0x0003, 0x0004, 0x0024, 0x0004,
    0x0004, 0x0024, 0x0004, 0x0004, 0x0004, 0x0003, 0x0003, 0x0004, 0x0003, 0x0003, 0x0004, 0x0003,
    0x0004, 0x0024, 0x0004, 0x0003, 0x0024, 0x0004, 0x0004, 0x0003, 0x0003, 0x0003, 0x0003, 0x0004,
    0x0004, 0x0003, 0x0003, 0x0004, 0x0003, 0x0003, 0x0004, 0x0003, 0x0004, 0x0003, 0x0004, 0x0003,
    0x0003, 0x0003, 0x0004, 0x0024, 0x0024, 0x0003, 0x0004, 0x0003, 0x0003, 0x0003, 0x0003, 0x0003,
    0x0004, 0x0004, 0x0004, 0x0004, 0x0004, 0x0024, 0x0024, 0x0004, 0x0004, 0x0004, 0x0004, 0x0004,
    0x0004, 0x0003, 0x0003, 0x0004, 0x0004, 0x0004, 0x0004, 0x0024, 0x0024, 0x0024, 0x0004, 0x0004,
    0x0003, 0x0004, 0x0004, 0x0004, 0x0024, 0x0024, 0x0024, 0x0024, 0x0024, 0x0024, 0x0003, 0x0003,
    0x0003, 0x0003, 0x0024, 0x0024, 0x0024, 0x0004, 0x0004, 0x0024, 0x0024, 0x0004, 0x0003, 0x0004,
    0x0004, 0x0004, 0x0024, 0x0024, 0x0004, 0x0004, 0x0004, 0x0004, 0x0024, 0x0024, 0x0024, 0x0004,
    0x0004, 0x0004, 0x0004, 0x0004, 0x0004, 0x0003, 0x0004, 0x0004, 0x0004, 0x0004, 0x0004, 0x0004,
    0x0024, 0x0004, 0x0004, 0x0024, 0x0004, 0x0004, 0x0004, 0x0004, 0x0003, 0x0004, 0x0004, 0x0004,
    0x0004, 0x0003, 0x0003, 0x0004, 0x0003, 0x0003, 0x0843, 0x39A7, 0xC570, 0xFEF5, 0xFED5, 0xFF5A,
    0xBD10, 0x3986, 0x0044, 0x0004, 0x0024, 0x0003, 0x0003, 0x0003, 0x0003, 0x0003, 0x0004, 0x0024,
    0x0004, 0x0004, 0x0004, 0x0024, 0x0024, 0x0003, 0x0004, 0x0004, 0x0004, 0x0003, 0x0003, 0x0003,
    0x0024, 0x0004, 0x0004, 0x0024, 0x0004, 0x0004, 0x0024, 0x0004, 0x0024, 0x0023, 0x0024, 0x0024,
    0x0024, 0x0024, 0x0024, 0x0004, 0x0004, 0x0024, 0x0024, 0x0024, 0x0024, 0x0004, 0x0004, 0x0004,
    0x0004, 0x0004, 0x0024, 0x0024, 0x0004, 0x0024, 0x0004, 0x0004, 0x0024, 0x0003, 0x0004, 0x0004,
    0x0004, 0x0004, 0x0004, 0x0004, 0x0024, 0x0024, 0x0004, 0x0004, 0x0004, 0x0024, 0x0004, 0x0003,
    0x0004, 0x0003, 0x0004, 0x0003, 0x0003, 0x0003, 0x0003, 0x0003, 0x0004, 0x0004, 0x0004, 0x0024,
    0x0004, 0x0004, 0x0024, 0x0024, 0x0004, 0x0004, 0x0024, 0x0024, 0x0024, 0x0003, 0x0003, 0x0003,
    0x0003, 0x0003, 0x0003, 0x0003, 0x0004, 0x0024, 0x0024, 0x0004, 0x0004, 0x0003, 0x0003, 0x0004,
    0x0004, 0x0004, 0x0024, 0x0004, 0x0004, 0x0004, 0x0003, 0x0003, 0x0003, 0x0003, 0x0003, 0x0004,
    0x0003, 0x0003, 0x0003, 0x0003, 0x0004, 0x0004, 0x0004, 0x0004, 0x0003, 0x0004, 0x0003, 0x0003,
    0x0003, 0x0004, 0x0003, 0x0003, 0x0004, 0x0003, 0x0024, 0x0024, 0x0024, 0x0024, 0x0024, 0x0024,
    0x0004, 0x0004, 0x0004, 0x0004, 0x0003, 0x0003, 0x0003, 0x0003, 0x0003, 0x0003, 0x0004, 0x0004,
    0x0003, 0x0003, 0x0003, 0x0004, 0x0004, 0x0003, 0x0003, 0x0024, 0x0024, 0x0004, 0x0004, 0x0004,
    0x0004, 0x0003, 0x0003, 0x0004, 0x0024, 0x0004, 0x0004, 0x0004, 0x0004, 0x0024, 0x0003, 0x0024,
    0x0004, 0x0004, 0x0004, 0x0004, 0x0003, 0x0004, 0x0004, 0x0003, 0x0004, 0x0004, 0x0024, 0x0004,
    0x0003, 0x0004, 0x0004, 0x0004, 0x0024, 0x0003, 0x0003, 0x0003, 0x0003, 0x0003, 0x0003, 0x0004,
    0x0003, 0x0004, 0x0004, 0x0004, 0x0004, 0x0024, 0x0004, 0x0004, 0x0004, 0x0004, 0x0004, 0x0004,
    0x0004, 0x0003, 0x0003, 0x0003, 0x0003, 0x0003, 0x0004, 0x0004, 0x0003, 0x0004, 0x0004, 0x0004,
    0x0024, 0x0024, 0x0004, 0x0004, 0x0004, 0x0004, 0x0004, 0x0004, 0x0004, 0x0003, 0x0004, 0x0024,
    0x0004, 0x0004, 0x0004, 0x0004, 0x0004, 0x0024, 0x0004, 0x0004, 0x0024, 0x0004, 0x0004, 0x0004,
    0x0004, 0x0004, 0x0004, 0x0024, 0x0024, 0x0024, 0x0004, 0x0003, 0x0004, 0x0024, 0x0024, 0x0024,
    0x0024, 0x0004, 0x0003, 0x0003, 0x0024, 0x0024, 0x0004, 0x0024, 0x0004, 0x0004, 0x0004, 0x0024,
    0x0003, 0x0004, 0x0004, 0x0004, 0x0004, 0x0024, 0x0024, 0x0024, 0x0024, 0x0003, 0x0004, 0x0024,
    0x0024, 0x0024, 0x0003, 0x0003, 0x0003, 0x0003, 0x0003, 0x0003, 0x0003, 0x0003, 0x0003, 0x0003,
    0x0003, 0x0003, 0x0003, 0x0003, 0x0003, 0x0003, 0x0003, 0x0003, 0x0003, 0x0024, 0x0024, 0x0024,
    0x0004, 0x0023, 0x0023, 0x0003, 0x18C5, 0xE610, 0xFEF2, 0xC4EE, 0x0823, 0x0002, 0x0003, 0x0004,
    0x0003, 0x0003, 0x0004, 0x0003, 0x0003, 0x0003, 0x0004, 0x0024, 0x0024, 0x0004, 0x0024, 0x0004,
    0x0004, 0x0004, 0x0003, 0x0004, 0x0004, 0x0004, 0x0003, 0x0003, 0x0024, 0x0004, 0x0004, 0x0024,
    0x0024, 0x0024, 0x0004, 0x0024, 0x0004, 0x0024, 0x0024, 0x0004, 0x0024, 0x0004, 0x0004, 0x0024,
    0x0024, 0x0024, 0x0024, 0x0024, 0x0024, 0x0024, 0x0003, 0x0004, 0x0004, 0x0004, 0x0024, 0x0004,
    0x0004, 0x0024, 0x0004, 0x0004, 0x0024, 0x0024, 0x0004, 0x0004, 0x0004, 0x0004, 0x0004, 0x0024,
    0x0024, 0x0024, 0x0004, 0x0024, 0x0004, 0x0024, 0x0004, 0x0004, 0x0004, 0x0004, 0x0003, 0x0003,
    0x0003, 0x0004, 0x0003, 0x0004, 0x0004, 0x0004, 0x0024, 0x0024, 0x0024, 0x0003, 0x0004, 0x0004,
    0x0003, 0x0004, 0x0024, 0x0024, 0x0004, 0x0003, 0x0003, 0x0003, 0x0003, 0x0003, 0x0003, 0x0003,
    0x0003, 0x0024, 0x0024, 0x0024, 0x0024, 0x0024, 0x0004, 0x0004, 0x0004, 0x0004, 0x0004, 0x0004,
    0x0004, 0x0004, 0x0004, 0x0003, 0x0003, 0x0003, 0x0003, 0x0003, 0x0003, 0x0004, 0x0003, 0x0003,
    0x0004, 0x0004, 0x0003, 0x0004, 0x0023, 0x0004, 0x0003, 0x0003, 0x0003, 0x0003, 0x0024, 0x0003,
    0x0003, 0x0003, 0x0003, 0x0004, 0x0004, 0x0004, 0x0004, 0x0004, 0x0024, 0x0024, 0x0004, 0x0004,
    0x0024, 0x0024, 0x0004, 0x0004, 0x0003, 0x0004, 0x0024, 0x0004, 0x0024, 0x0004, 0x0003, 0x0004,
    0x0003, 0x0003, 0x0003, 0x0003, 0x0004, 0x0004, 0x0024, 0x0004, 0x0004, 0x0004, 0x0003, 0x0004,
    0x0024, 0x0024, 0x0004, 0x0004, 0x0004, 0x0004, 0x0004, 0x0004, 0x0004, 0x0004, 0x0004, 0x0003,
    0x0003, 0x0003, 0x0004, 0x0024, 0x0024, 0x0004, 0x0003, 0x0003, 0x0024, 0x0004, 0x0004, 0x0003,
    0x0004, 0x0004, 0x0004, 0x0003, 0x0003, 0x0003, 0x0004, 0x0004, 0x0003, 0x0004, 0x0024, 0x0024,
    0x0004, 0x0024, 0x0004, 0x0004, 0x0024, 0x0004, 0x0004, 0x0024, 0x0003, 0x0003, 0x0003, 0x0003,
    0x0003, 0x0003, 0x0003, 0x0004, 0x0004, 0x0004, 0x0004, 0x0004, 0x0004, 0x0003, 0x0003, 0x0004,
    0x0004, 0x0004, 0x0004, 0x0024, 0x0004, 0x0004, 0x0004, 0x0004, 0x0024, 0x0004, 0x0004, 0x0004,
    0x0004, 0x0024, 0x0024, 0x0004, 0x0003, 0x0004, 0x0004, 0x0004, 0x0004, 0x0024, 0x0004, 0x0024,
    0x0024, 0x0024, 0x0024, 0x0004, 0x0004, 0x0024, 0x0024, 0x0004, 0x0003, 0x0003, 0x0003, 0x0003,
    0x0003, 0x0004, 0x0004, 0x0004, 0x0004, 0x0004, 0x0004, 0x0003, 0x0004, 0x0004, 0x0004, 0x0004,
    0x0003, 0x0004, 0x0024, 0x0004, 0x0024, 0x0024, 0x0024, 0x0003, 0x0003, 0x0003, 0x0044, 0x1086,
    0x0865, 0x0024, 0x0045, 0x0045, 0x0845, 0x0845, 0x0845, 0x0845, 0x0845, 0x0845, 0x0845, 0x0845,
    0x0845, 0x0865, 0x0865, 0x0845, 0x0023, 0x0002, 0x0003, 0x0004, 0x0024, 0x0024, 0x0024, 0x0044,
    0x0003, 0x836A, 0xFEF2, 0x39A7, 0x0024, 0x0024, 0x0024, 0x0003, 0x0003, 0x0003, 0x0004, 0x0003,
    0x0003, 0x0003, 0x0004, 0x0004, 0x0024, 0x0004, 0x0024, 0x0004, 0x0004, 0x0024, 0x0004, 0x0003,
    0x0004, 0x0004, 0x0004, 0x0004, 0x0004, 0x0004, 0x0004, 0x0004, 0x0024, 0x0024, 0x0024, 0x0004,
    0x0004, 0x0024, 0x0024, 0x0004, 0x0004, 0x0004, 0x0003, 0x0003, 0x0004, 0x0024, 0x0024, 0x0024,
    0x0024, 0x0004, 0x0024, 0x0024, 0x0004, 0x0004, 0x0024, 0x0004, 0x0004, 0x0004, 0x0004, 0x0004,
    0x0024, 0x0004, 0x0004, 0x0004, 0x0004, 0x0004, 0x0024, 0x0024, 0x0024, 0x0024, 0x0004, 0x0004,
    0x0004, 0x0004, 0x0003, 0x0004, 0x0004, 0x0003, 0x0003, 0x0003, 0x0003, 0x0024, 0x0024, 0x0024,
    0x0003, 0x0004, 0x0024, 0x0024, 0x0024, 0x0004, 0x0004, 0x0003, 0x0003, 0x0024, 0x0024, 0x0004,
    0x0004, 0x0004, 0x0003, 0x0003, 0x0003, 0x0003, 0x0003, 0x0003, 0x0003, 0x0024, 0x0024, 0x0004,
    0x0003, 0x0004, 0x0004, 0x0004, 0x0004, 0x0024, 0x0004, 0x0004, 0x0004, 0x0003, 0x0004, 0x0003,
    0x0003, 0x0003, 0x0003, 0x0003, 0x0003, 0x0003, 0x0003, 0x0004, 0x0004, 0x0004, 0x0024, 0x0004,
    0x0004, 0x0004, 0x0003, 0x0004, 0x0004, 0x0004, 0x0003, 0x0003, 0x0004, 0x0004, 0x0004, 0x0024,
    0x0004, 0x0004, 0x0004, 0x0004, 0x0004, 0x0024, 0x0024, 0x0004, 0x0004, 0x0024, 0x0004, 0x0004,
    0x0004, 0x0004, 0x0003, 0x0024, 0x0024, 0x0004, 0x0003, 0x0003, 0x0003, 0x0004, 0x0004, 0x0004,
    0x0004, 0x0004, 0x0004, 0x0004, 0x0003, 0x0004, 0x0004, 0x0004, 0x0004, 0x0024, 0x0024, 0x0024,
    0x0004, 0x0004, 0x0004, 0x0004, 0x0004, 0x0004, 0x0004, 0x0004, 0x0004, 0x0004, 0x0004, 0x0024,
    0x0004, 0x0024, 0x0024, 0x0003, 0x0003, 0x0004, 0x0024, 0x0004, 0x0004, 0x0004, 0x0004, 0x0004,
    0x0003, 0x0003, 0x0004, 0x0004, 0x0024, 0x0004, 0x0024, 0x0004, 0x0004, 0x0024, 0x0024, 0x0004,
    0x0004, 0x0004, 0x0003, 0x0004, 0x0004, 0x0003, 0x0003, 0x0003, 0x0003, 0x0003, 0x0004, 0x0003,
    0x0004, 0x0024, 0x0004, 0x0004, 0x0004, 0x0023, 0x0004, 0x0004, 0x0004, 0x0004, 0x0024, 0x0004,
    0x0003, 0x0004, 0x0004, 0x0004, 0x0024, 0x0004, 0x0004, 0x0004, 0x0024, 0x0024, 0x0024, 0x0004,
    0x0004, 0x0004, 0x0024, 0x0004, 0x0004, 0x0004, 0x0004, 0x0024, 0x0004, 0x0024, 0x0024, 0x0004,
    0x0004, 0x0004, 0x0024, 0x0004, 0x0024, 0x0003, 0x0003, 0x0003, 0x0004, 0x0004, 0x0004, 0x0004,
    0x0004, 0x0004, 0x0004, 0x0004, 0x0004, 0x0004, 0x0004, 0x0024, 0x0024, 0x0003, 0x0003, 0x0024,
    0x0024, 0x0003, 0x0023, 0x18A7, 0x18A7, 0x18C8, 0x292A, 0x314B, 0x292B, 0x18C8, 0x18C8, 0x18C9,
    0x18C8, 0x18C8, 0x18C8, 0x18C9, 0x18C9, 0x18C9, 0x18C9, 0x18E9, 0x18C9, 0x18C9, 0x18C8, 0x2109,
    0x20E8, 0x10A6, 0x18A6, 0x0045, 0x0004, 0x0024, 0x0023, 0x0003, 0x0002, 0x10A3, 0x62A8, 0x0002,
    0x0024, 0x0003, 0x0024, 0x0003, 0x0003, 0x0003, 0x0003, 0x0003, 0x0003, 0x0024, 0x0004, 0x0004,
    0x0024, 0x0024, 0x0024, 0x0003, 0x0004, 0x0004, 0x0004, 0x0003, 0x0004, 0x0004, 0x0004, 0x0024,
    0x0004, 0x0003, 0x0004, 0x0004, 0x0004, 0x0024, 0x0024, 0x0024, 0x0004, 0x0024, 0x0024, 0x0024,
    0x0004, 0x0004, 0x0004, 0x0004, 0x0004, 0x0004, 0x0024, 0x0024, 0x0004, 0x0004, 0x0024, 0x0004,
    0x0004, 0x0004, 0x0004, 0x0004, 0x0004, 0x0004, 0x0024, 0x0004, 0x0003, 0x0004, 0x0024, 0x0004,
    0x0004, 0x0004, 0x0004, 0x0004, 0x0004, 0x0004, 0x0004, 0x0004, 0x0004, 0x0003, 0x0003, 0x0003,
    0x0004, 0x0003, 0x0003, 0x0004, 0x0004, 0x0004, 0x0003, 0x0004, 0x0004, 0x0004, 0x0004, 0x0004,
    0x0004, 0x0004, 0x0024, 0x0024, 0x0003, 0x0024, 0x0024, 0x0024, 0x0024, 0x0003, 0x0003, 0x0003,
    0x0003, 0x0003, 0x0003, 0x0003, 0x0003, 0x0004, 0x0024, 0x0004, 0x0003, 0x0004, 0x0024, 0x0004,
    0x0004, 0x0004, 0x0004, 0x0004, 0x0004, 0x0004, 0x0003, 0x0003, 0x0004, 0x0004, 0x0003, 0x0003,
    0x0024, 0x0003, 0x0003, 0x0004, 0x0004, 0x0004, 0x0004, 0x0004, 0x0024, 0x0004, 0x0003, 0x0003,
    0x0004, 0x0003, 0x0003, 0x0003, 0x0004, 0x0004, 0x0004, 0x0004, 0x0024, 0x0004, 0x0024, 0x0024,
    0x0004, 0x0024, 0x0024, 0x0003, 0x0024, 0x0024, 0x0004, 0x0003, 0x0004, 0x0004, 0x0004, 0x0004,
    0x0003, 0x0003, 0x0004, 0x0003, 0x0003, 0x0003, 0x0003, 0x0004, 0x0004, 0x0004, 0x0004, 0x0024,
    0x0024, 0x0004, 0x0003, 0x0004, 0x0024, 0x0024, 0x0024, 0x0004, 0x0004, 0x0004, 0x0004, 0x0004,
    0x0004, 0x0004, 0x0004, 0x0003, 0x0024, 0x0004, 0x0004, 0x0024, 0x0003, 0x0024, 0x0024, 0x0004,
    0x0004, 0x0004, 0x0024, 0x0004, 0x0003, 0x0004, 0x0004, 0x0004, 0x0003, 0x0004, 0x0004, 0x0004,
    0x0004, 0x0004, 0x0004, 0x0004, 0x0004, 0x0003, 0x0024, 0x0004, 0x0003, 0x0003, 0x0003, 0x0003,
    0x0004, 0x0004, 0x0003, 0x0003, 0x0003, 0x0004, 0x0004, 0x0003, 0x0004, 0x0004, 0x0004, 0x0004,
    0x0004, 0x0003, 0x0003, 0x0003, 0x0004, 0x0004, 0x0024, 0x0004, 0x0003, 0x0003, 0x0004, 0x0004,
    0x0024, 0x0004, 0x0004, 0x0004, 0x0024, 0x0004, 0x0024, 0x0004, 0x0004, 0x0003, 0x0003, 0x0004,
    0x0004, 0x0004, 0x0004, 0x0024, 0x0004, 0x0004, 0x0004, 0x0024, 0x0004, 0x0004, 0x0004, 0x0004,
    0x0003, 0x0003, 0x0003, 0x0004, 0x0004, 0x0004, 0x0004, 0x0024, 0x0024, 0x0004, 0x0004, 0x0004,
    0x0003, 0x0004, 0x0024, 0x0024, 0x0024, 0x0003, 0x0004, 0x0024, 0x0003, 0x0865, 0x20C9, 0x294C,
    0x292B, 0x18E8, 0x18C8, 0x18C8, 0x18C8, 0x0886, 0x0886, 0x0886, 0x0886, 0x0886, 0x0886, 0x0886,
    0x0886, 0x0886, 0x0886, 0x0886, 0x0886, 0x0886, 0x0886, 0x10C8, 0x18E9, 0x18E9, 0x292B, 0x20E9,
    0x18E9, 0x0866, 0x0003, 0x0003, 0x0003, 0x0003, 0x0003, 0x0003, 0x0002, 0x18C5, 0x0003, 0x0003,
    0x0003, 0x0023, 0x0004, 0x0004, 0x0003, 0x0003, 0x0004, 0x0004, 0x0024, 0x0024, 0x0024, 0x0003,
    0x0004, 0x0004, 0x0004, 0x0004, 0x0004, 0x0003, 0x0004, 0x0024, 0x0024, 0x0004, 0x0004, 0x0004,
    0x0024, 0x0024, 0x0004, 0x0024, 0x0024, 0x0004, 0x0004, 0x0024, 0x0004, 0x0004, 0x0003, 0x0004,
    0x0004, 0x0024, 0x0024, 0x0004, 0x0004, 0x0004, 0x0024, 0x0004, 0x0004, 0x0024, 0x0004, 0x0004,
    0x0004, 0x0003, 0x0004, 0x0004, 0x0004, 0x0024, 0x0024, 0x0004, 0x0004, 0x0004, 0x0004, 0x0004,
    0x0004, 0x0004, 0x0004, 0x0004, 0x0004, 0x0004, 0x0003, 0x0003, 0x0004, 0x0004, 0x0004, 0x0004,
    0x0024, 0x0024, 0x0024, 0x0004, 0x0004, 0x0024, 0x0024, 0x0024, 0x0003, 0x0003, 0x0024, 0x0004,
    0x0003, 0x0024, 0x0024, 0x0004, 0x0003, 0x0004, 0x0003, 0x0003, 0x0003, 0x0003, 0x0003, 0x0003,
    0x0003, 0x0004, 0x0024, 0x0004, 0x0004, 0x0004, 0x0024, 0x0004, 0x0004, 0x0004, 0x0024, 0x0004,
    0x0004, 0x0004, 0x0003, 0x0004, 0x0004, 0x0004, 0x0004, 0x0004, 0x0004, 0x0004, 0x0003, 0x0004,
    0x0004, 0x0024, 0x0004, 0x0004, 0x0004, 0x0004, 0x0024, 0x0024, 0x0004, 0x0003, 0x0004, 0x0003,
    0x0003, 0x0004, 0x0024, 0x0004, 0x0024, 0x0004, 0x0024, 0x0024, 0x0024, 0x0024, 0x0004, 0x0004,
    0x0004, 0x0024, 0x0003, 0x0003, 0x0003, 0x0003, 0x0004, 0x0003, 0x0003, 0x0003, 0x0003, 0x0003,
    0x0003, 0x0003, 0x0004, 0x0003, 0x0004, 0x0004, 0x0004, 0x0004, 0x0004, 0x0004, 0x0004, 0x0004,
    0x0004, 0x0004, 0x0024, 0x0024, 0x0024, 0x0004, 0x0004, 0x0024, 0x0004, 0x0004, 0x0024, 0x0004,
    0x0004, 0x0004, 0x0004, 0x0004, 0x0004, 0x0004, 0x0003, 0x0004, 0x0004, 0x0004, 0x0004, 0x0003,
    0x0004, 0x0004, 0x0004, 0x0003, 0x0004, 0x0004, 0x0004, 0x0004, 0x0024, 0x0004, 0x0003, 0x0024,
    0x0004, 0x0003, 0x0003, 0x0003, 0x0003, 0x0003, 0x0003, 0x0004, 0x0003, 0x0003, 0x0003, 0x0003,
    0x0003, 0x0003, 0x0004, 0x0004, 0x0004, 0x0004, 0x0004, 0x0004, 0x0004, 0x0024, 0x0004, 0x0004,
    0x0024, 0x0003, 0x0004, 0x0024, 0x0024, 0x0004, 0x0004, 0x0004, 0x0004, 0x0004, 0x0004, 0x0004,
    0x0004, 0x0004, 0x0004, 0x0004, 0x0003, 0x0003, 0x0004, 0x0004, 0x0004, 0x0024, 0x0004, 0x0004,
    0x0004, 0x0004, 0x0004, 0x0004, 0x0004, 0x0004, 0x0024, 0x0004, 0x0003, 0x0004, 0x0003, 0x0004,
    0x0024, 0x0004, 0x0004, 0x0004, 0x0004, 0x0004, 0x0024, 0x0003, 0x0004, 0x0024, 0x0003, 0x0004,
    0x0003, 0x0024, 0x0024, 0x0003, 0x0844, 0x292B, 0x294C, 0x18E8, 0x10C8, 0x0886, 0x0886, 0x0887,
    0x0886, 0x0886, 0x0886, 0x0886, 0x0887, 0x0887, 0x0887, 0x0887, 0x0887, 0x0886, 0x0886, 0x0886,
    0x0886, 0x0886, 0x0886, 0x0886, 0x0887, 0x08A7, 0x10A7, 0x18E8, 0x294B, 0x292A, 0x18A7, 0x0024,
    0x0024, 0x0024, 0x0045, 0x0024, 0x9432, 0xEEFD, 0x6B0F, 0x0002, 0x0024, 0x0024, 0x0004, 0x0004,
    0x0004, 0x0003, 0x0004, 0x0004, 0x0004, 0x0004, 0x0004, 0x0024, 0x0024, 0x0024, 0x0024, 0x0024,
    0x0004, 0x0004, 0x0024, 0x0024, 0x0024, 0x0004, 0x0004, 0x0024, 0x0004, 0x0004, 0x0004, 0x0024,
    0x0004, 0x0024, 0x0004, 0x0004, 0x0003, 0x0003, 0x0003, 0x0004, 0x0024, 0x0024, 0x0024, 0x0024,
    0x0003, 0x0003, 0x0004, 0x0004, 0x0003, 0x0024, 0x0004, 0x0004, 0x0024, 0x0004, 0x0004, 0x0024,
    0x0024, 0x0024, 0x0004, 0x0004, 0x0024, 0x0024, 0x0004, 0x0024, 0x0004, 0x0004, 0x0004, 0x0004,
    0x0004, 0x0024, 0x0004, 0x0004, 0x0004, 0x0004, 0x0004, 0x0004, 0x0004, 0x0024, 0x0024, 0x0024,
    0x0024, 0x0024, 0x0024, 0x0004, 0x0024, 0x0004, 0x0004, 0x0024, 0x0003, 0x0004, 0x0024, 0x0004,
    0x0004, 0x0004, 0x0004, 0x0004, 0x0003, 0x0004, 0x0004, 0x0004, 0x0004, 0x0004, 0x0004, 0x0004,
    0x0024, 0x0024, 0x0004, 0x0004, 0x0003, 0x0003, 0x0004, 0x0004, 0x0003, 0x0004, 0x0004, 0x0004,
    0x0004, 0x0004, 0x0004, 0x0004, 0x0004, 0x0004, 0x0004, 0x0004, 0x0004, 0x0004, 0x0004, 0x0004,
    0x0004, 0x0004, 0x0004, 0x0004, 0x0004, 0x0004, 0x0004, 0x0003, 0x0003, 0x0004, 0x0003, 0x0024,
    0x0004, 0x0004, 0x0004, 0x0004, 0x0024, 0x0024, 0x0024, 0x0004, 0x0004, 0x0004, 0x0004, 0x0003,
    0x0003, 0x0003, 0x0004, 0x0003, 0x0003, 0x0003, 0x0003, 0x0003, 0x0003, 0x0004, 0x0004, 0x0004,
    0x0004, 0x0004, 0x0004, 0x0004, 0x0004, 0x0004, 0x0004, 0x0003, 0x0004, 0x0004, 0x0004, 0x0004,
    0x0004, 0x0004, 0x0024, 0x0004, 0x0004, 0x0004, 0x0024, 0x0004, 0x0024, 0x0004, 0x0004, 0x0004,
    0x0004, 0x0003, 0x0003, 0x0003, 0x0004, 0x0004, 0x0004, 0x0004, 0x0004, 0x0004, 0x0004, 0x0004,
    0x0004, 0x0004, 0x0004, 0x0004, 0x0004, 0x0003, 0x0003, 0x0003, 0x0003, 0x0003, 0x0003, 0x0003,
    0x0003, 0x0023, 0x0004, 0x0004, 0x0004, 0x0003, 0x0004, 0x0004, 0x0003, 0x0003, 0x0004, 0x0004,
    0x0024, 0x0004, 0x0004, 0x0004, 0x0004, 0x0024, 0x0004, 0x0004, 0x0003, 0x0004, 0x0004, 0x0024,
    0x0024, 0x0004, 0x0004, 0x0024, 0x0004, 0x0004, 0x0004, 0x0004, 0x0024, 0x0003, 0x0004, 0x0004,
    0x0003, 0x0004, 0x0004, 0x0003, 0x0004, 0x0024, 0x0024, 0x0004, 0x0004, 0x0004, 0x0004, 0x0004,
    0x0004, 0x0024, 0x0024, 0x0004, 0x0004, 0x0004, 0x0004, 0x0004, 0x0024, 0x0004, 0x0004, 0x0004,
    0x0003, 0x0004, 0x0004, 0x0004, 0x0004, 0x0004, 0x0024, 0x0004, 0x0024, 0x0024, 0x0023, 0x1086,
    0x292A, 0x18E9, 0x10A8, 0x10A7, 0x08A7, 0x0887, 0x0886, 0x0887, 0x0886, 0x0886, 0x0886, 0x0886,
    0x0886, 0x0886, 0x0886, 0x0886, 0x0886, 0x0886, 0x0886, 0x0886, 0x0886, 0x0886, 0x0887, 0x0887,
    0x08A7, 0x10A7, 0x0886, 0x0886, 0x0886, 0x20E9, 0x294B, 0x210A, 0x0044, 0x0023, 0x0004, 0x0864,
    0xDE5B, 0xFFFF, 0xBD78, 0x0003, 0x0024, 0x0004, 0x0004, 0x0003, 0x0003, 0x0004, 0x0003, 0x0003,
    0x0003, 0x0004, 0x0003, 0x0004, 0x0024, 0x0024, 0x0024, 0x0024, 0x0004, 0x0003, 0x0024, 0x0004,
    0x0004, 0x0004, 0x0004, 0x0024, 0x0004, 0x0024, 0x0024, 0x0004, 0x0004, 0x0024, 0x0004, 0x0004,
    0x0023, 0x0004, 0x0024, 0x0004, 0x0004, 0x0024, 0x0024, 0x0003, 0x0003, 0x0003, 0x0003, 0x0004,
    0x0003, 0x0004, 0x0004, 0x0004, 0x0004, 0x0004, 0x0024, 0x0004, 0x0004, 0x0024, 0x0004, 0x0004,
    0x0004, 0x0004, 0x0004, 0x0004, 0x0004, 0x0024, 0x0004, 0x0004, 0x0024, 0x0024, 0x0004, 0x0004,
    0x0004, 0x0004, 0x0004, 0x0024, 0x0004, 0x0024, 0x0024, 0x0024, 0x0004, 0x0024, 0x0024, 0x0004,
    0x0003, 0x0003, 0x0003, 0x0004, 0x0004, 0x0024, 0x0004, 0x0004, 0x0004, 0x0004, 0x0024, 0x0024,
    0x0024, 0x0004, 0x0004, 0x0004, 0x0024, 0x0004, 0x0004, 0x0024, 0x0024, 0x0024, 0x0024, 0x0004,
    0x0004, 0x0004, 0x0003, 0x0024, 0x0004, 0x0024, 0x0004, 0x0004, 0x0004, 0x0004, 0x0003, 0x0004,
    0x0004, 0x0004, 0x0004, 0x0004, 0x0004, 0x0024, 0x0004, 0x0004, 0x0004, 0x0024, 0x0024, 0x0004,
    0x0024, 0x0004, 0x0004, 0x0003, 0x0004, 0x0024, 0x0003, 0x0024, 0x0004, 0x0004, 0x0004, 0x0004,
    0x0004, 0x0024, 0x0023, 0x0003, 0x0003, 0x0024, 0x0004, 0x0003, 0x0004, 0x0003, 0x0003, 0x0003,
    0x0003, 0x0003, 0x0004, 0x0003, 0x0003, 0x0003, 0x0003, 0x0004, 0x0004, 0x0004, 0x0004, 0x0004,
    0x0003, 0x0003, 0x0003, 0x0003, 0x0003, 0x0024, 0x0004, 0x0004, 0x0004, 0x0024, 0x0004, 0x0024,
    0x0004, 0x0004, 0x0004, 0x0004, 0x0004, 0x0024, 0x0004, 0x0004, 0x0003, 0x0024, 0x0003, 0x0004,
    0x0004, 0x0004, 0x0004, 0x0004, 0x0004, 0x0004, 0x0004, 0x0004, 0x0004, 0x0004, 0x0024, 0x0004,
    0x0004, 0x0004, 0x0003, 0x0003, 0x0003, 0x0003, 0x0003, 0x0003, 0x0003, 0x0003, 0x0003, 0x0004,
    0x0004, 0x0004, 0x0004, 0x0004, 0x0003, 0x0004, 0x0004, 0x0024, 0x0004, 0x0004, 0x0004, 0x0004,
    0x0004, 0x0004, 0x0004, 0x0004, 0x0004, 0x0004, 0x0004, 0x0004, 0x0004, 0x0003, 0x0003, 0x0004,
    0x0004, 0x0024, 0x0004, 0x0024, 0x0004, 0x0004, 0x0024, 0x0024, 0x0024, 0x0004, 0x0004, 0x0004,
    0x0004, 0x0004, 0x0024, 0x0004, 0x0024, 0x0004, 0x0004, 0x0024, 0x0004, 0x0024, 0x0024, 0x0024,
    0x0004, 0x0003, 0x0003, 0x0003, 0x0004, 0x0004, 0x0004, 0x0004, 0x0004, 0x0024, 0x0004, 0x0003,
    0x0003, 0x0004, 0x0004, 0x0024, 0x0024, 0x0003, 0x18A7, 0x314C, 0x18E8, 0x0886, 0x0887, 0x10A7,
    0x10A7, 0x10A7, 0x10A7, 0x10A7, 0x10A7, 0x10A7, 0x10A7, 0x10A7, 0x10A7, 0x10A7, 0x10A7, 0x10A7,
    0x10A7, 0x10A7, 0x10A7, 0x10A7, 0x10A7, 0x10A7, 0x0886, 0x08A7, 0x08A7, 0x08A7, 0x08A7, 0x0886,
    0x0886, 0x0886, 0x10C7, 0x294B, 0x2109, 0x0024, 0x0024, 0x0002, 0x39C9, 0xA516, 0x2969, 0x0003,
    0x0024, 0x0004, 0x0004, 0x0024, 0x0024, 0x0004, 0x0003, 0x0003, 0x0004, 0x0004, 0x0003, 0x0003,
    0x0004, 0x0024, 0x0024, 0x0004, 0x0004, 0x0003, 0x0024, 0x0004, 0x0004, 0x0004, 0x0004, 0x0004,
    0x0024, 0x0024, 0x0024, 0x0004, 0x0024, 0x0004, 0x0003, 0x0004, 0x0003, 0x0003, 0x0003, 0x0004,
    0x0024, 0x0024, 0x0024, 0x0004, 0x0003, 0x0003, 0x0003, 0x0003, 0x0003, 0x0004, 0x0003, 0x0004,
    0x0004, 0x0004, 0x0024, 0x0004, 0x0004, 0x0004, 0x0004, 0x0004, 0x0024, 0x0004, 0x0004, 0x0004,
    0x0004, 0x0004, 0x0004, 0x0004, 0x0024, 0x0004, 0x0004, 0x0004, 0x0004, 0x0004, 0x0004, 0x0024,
    0x0004, 0x0004, 0x0024, 0x0024, 0x0004, 0x0024, 0x0004, 0x0004, 0x0004, 0x0004, 0x0004, 0x0004,
    0x0004, 0x0003, 0x0004, 0x0004, 0x0004, 0x0004, 0x0004, 0x0024, 0x0004, 0x0004, 0x0024, 0x0004,
    0x0024, 0x0004, 0x0004, 0x0004, 0x0004, 0x0004, 0x0024, 0x0024, 0x0004, 0x0004, 0x0004, 0x0004,
    0x0004, 0x0024, 0x0003, 0x0004, 0x0004, 0x0003, 0x0004, 0x0004, 0x0004, 0x0004, 0x0004, 0x0003,
    0x0004, 0x0004, 0x0004, 0x0004, 0x0004, 0x0024, 0x0024, 0x0004, 0x0004, 0x0004, 0x0004, 0x0003,
    0x0004, 0x0024, 0x0023, 0x0003, 0x0004, 0x0004, 0x0004, 0x0024, 0x0004, 0x0024, 0x0024, 0x0004,
    0x0003, 0x0004, 0x0004, 0x0004, 0x0004, 0x0004, 0x0003, 0x0003, 0x0003, 0x0004, 0x0004, 0x0003,
    0x0003, 0x0003, 0x0003, 0x0004, 0x0004, 0x0003, 0x0003, 0x0004, 0x0004, 0x0004, 0x0003, 0x0003,
    0x0003, 0x0024, 0x0024, 0x0004, 0x0024, 0x0024, 0x0003, 0x0004, 0x0004, 0x0024, 0x0004, 0x0004,
    0x0004, 0x0024, 0x0024, 0x0004, 0x0003, 0x0004, 0x0004, 0x0004, 0x0004, 0x0004, 0x0024, 0x0024,
    0x0003, 0x0004, 0x0004, 0x0003, 0x0023, 0x0024, 0x0024, 0x0003, 0x0004, 0x0003, 0x0003, 0x0004,
    0x0004, 0x0003, 0x0003, 0x0003, 0x0003, 0x0003, 0x0024, 0x0004, 0x0004, 0x0004, 0x0004, 0x0004,
    0x0004, 0x0004, 0x0004, 0x0004, 0x0004, 0x0003, 0x0004, 0x0004, 0x0004, 0x0004, 0x0004, 0x0004,
    0x0024, 0x0004, 0x0004, 0x0004, 0x0004, 0x0004, 0x0004, 0x0004, 0x0004, 0x0024, 0x0004, 0x0004,
    0x0004, 0x0004, 0x0004, 0x0024, 0x0004, 0x0024, 0x0003, 0x0004, 0x0024, 0x0004, 0x0024, 0x0004,
    0x0004, 0x0004, 0x0004, 0x0004, 0x0004, 0x0004, 0x0004, 0x0004, 0x0004, 0x0003, 0x0023, 0x0003,
    0x0004, 0x0004, 0x0004, 0x0003, 0x0004, 0x0004, 0x0004, 0x0003, 0x0003, 0x0024, 0x0024, 0x0024,
    0x0003, 0x0844, 0x314C, 0x210A, 0x0887, 0x1087, 0x0886, 0x210B, 0x314D, 0x314E, 0x314D, 0x314D,
    0x314D, 0x314D, 0x314D, 0x314D, 0x314D, 0x312D, 0x312D, 0x314D, 0x314D, 0x314D, 0x314D, 0x314D,
    0x314D, 0x314D, 0x20EA, 0x0887, 0x10A7, 0x0887, 0x08A7, 0x0886, 0x0886, 0x0886, 0x0886, 0x1087,
    0x294B, 0x210A, 0x0004, 0x0024, 0x0003, 0x0003, 0x0003, 0x0024, 0x0004, 0x0024, 0x0024, 0x0004,
    0x0024, 0x0004, 0x0003, 0x0003, 0x0004, 0x0004, 0x0004, 0x0004, 0x0004, 0x0004, 0x0003, 0x0003,
    0x0003, 0x0004, 0x0004, 0x0024, 0x0024, 0x0004, 0x0024, 0x0024, 0x0024, 0x0024, 0x0024, 0x0004,
    0x0024, 0x0024, 0x0024, 0x0024, 0x0024, 0x0024, 0x0003, 0x0003, 0x0004, 0x0003, 0x0024, 0x0004,
    0x0004, 0x0003, 0x0003, 0x0003, 0x0003, 0x0003, 0x0004, 0x0004, 0x0004, 0x0024, 0x0024, 0x0024,
    0x0003, 0x0004, 0x0004, 0x0003, 0x0003, 0x0023, 0x0004, 0x0024, 0x0004, 0x0004, 0x0004, 0x0004,
    0x0004, 0x0003, 0x0004, 0x0004, 0x0004, 0x0004, 0x0004, 0x0004, 0x0004, 0x0004, 0x0004, 0x0004,
    0x0024, 0x0024, 0x0024, 0x0024, 0x0024, 0x0024, 0x0024, 0x0004, 0x0004, 0x0003, 0x0024, 0x0004,
    0x0004, 0x0004, 0x0024, 0x0024, 0x0004, 0x0024, 0x0024, 0x0004, 0x0024, 0x0004, 0x0004, 0x0004,
    0x0004, 0x0004, 0x0024, 0x0024, 0x0004, 0x0004, 0x0004, 0x0004, 0x0024, 0x0004, 0x0004, 0x0004,
    0x0004, 0x0004, 0x0003, 0x0003, 0x0004, 0x0004, 0x0003, 0x0003, 0x0004, 0x0004, 0x0004, 0x0004,
    0x0004, 0x0024, 0x0004, 0x0004, 0x0004, 0x0004, 0x0004, 0x0003, 0x0004, 0x0003, 0x0004, 0x0004,
    0x0003, 0x0004, 0x0024, 0x0004, 0x0003, 0x0024, 0x0004, 0x0004, 0x0004, 0x0004, 0x0004, 0x0004,
    0x0003, 0x0004, 0x0004, 0x0004, 0x0004, 0x0004, 0x0004, 0x0004, 0x0004, 0x0004, 0x0004, 0x0004,
    0x0004, 0x0024, 0x0003, 0x0004, 0x0004, 0x0003, 0x0004, 0x0024, 0x0004, 0x0024, 0x0003, 0x0004,
    0x0004, 0x0024, 0x0004, 0x0004, 0x0004, 0x0024, 0x0003, 0x0004, 0x0004, 0x0004, 0x0004, 0x0004,
    0x0004, 0x0004, 0x0004, 0x0004, 0x0004, 0x0024, 0x0004, 0x0024, 0x0004, 0x0003, 0x0004, 0x0004,
    0x0003, 0x0004, 0x0004, 0x0004, 0x0004, 0x0004, 0x0003, 0x0003, 0x0004, 0x0003, 0x0003, 0x0003,
    0x0004, 0x0004, 0x0004, 0x0004, 0x0004, 0x0004, 0x0004, 0x0004, 0x0004, 0x0004, 0x0004, 0x0004,
    0x0004, 0x0024, 0x0004, 0x0004, 0x0004, 0x0004, 0x0004, 0x0003, 0x0004, 0x0004, 0x0004, 0x0004,
    0x0024, 0x0004, 0x0004, 0x0024, 0x0003, 0x0004, 0x0004, 0x0004, 0x0004, 0x0024, 0x0004, 0x0004,
    0x0004, 0x0004, 0x0004, 0x0004, 0x0004, 0x0024, 0x0024, 0x0004, 0x0004, 0x0004, 0x0004, 0x0004,
    0x0004, 0x0004, 0x0004, 0x0003, 0x0024, 0x0004, 0x0024, 0x0004, 0x0004, 0x0004, 0x0004, 0x0004,
    0x0004, 0x0004, 0x0004, 0x0003, 0x0003, 0x0003, 0x0024, 0x0024, 0x0023, 0x0865, 0x292A, 0x18C8,
    0x10A7, 0x08A7, 0x20EA, 0x394E, 0x394E, 0x394E, 0x394E, 0x394E, 0x394E, 0x394E, 0x394E, 0x394E,
    0x394E, 0x394E, 0x394E, 0x394E, 0x394E, 0x394E, 0x394E, 0x394E, 0x394E, 0x394D, 0x396E, 0x18C9,
    0x0886, 0x0887, 0x0886, 0x0887, 0x0887, 0x0886, 0x0886, 0x0886, 0x20E9, 0x316C, 0x18A7, 0x0003,
    0x0024, 0x0044, 0x0023, 0x0002, 0x0022, 0x0003, 0x0024, 0x0024, 0x0003, 0x0004, 0x0024, 0x0024,
    0x0024, 0x0024, 0x0024, 0x0004, 0x0004, 0x0024, 0x0003, 0x0003, 0x0024, 0x0024, 0x0024, 0x0024,
    0x0003, 0x0003, 0x0003, 0x0003, 0x0003, 0x0024, 0x0024, 0x0024, 0x0004, 0x0003, 0x0003, 0x0003,
    0x0003, 0x0003, 0x0003, 0x0004, 0x0004, 0x0004, 0x0024, 0x0024, 0x0004, 0x0023, 0x0003, 0x0003,
    0x0003, 0x0003, 0x0003, 0x0004, 0x0024, 0x0004, 0x0024, 0x0023, 0x0003, 0x0003, 0x0024, 0x0024,
    0x0003, 0x0004, 0x0004, 0x0004, 0x0004, 0x0004, 0x0004, 0x0004, 0x0004, 0x0004, 0x0004, 0x0004,
    0x0003, 0x0003, 0x0024, 0x0004, 0x0003, 0x0004, 0x0004, 0x0004, 0x0024, 0x0024, 0x0004, 0x0004,
    0x0003, 0x0024, 0x0004, 0x0004, 0x0004, 0x0004, 0x0004, 0x0024, 0x0004, 0x0004, 0x0024, 0x0024,
    0x0004, 0x0004, 0x0004, 0x0004, 0x0004, 0x0004, 0x0024, 0x0004, 0x0004, 0x0004, 0x0003, 0x0024,
    0x0024, 0x0024, 0x0004, 0x0024, 0x0024, 0x0004, 0x0004, 0x0004, 0x0003, 0x0004, 0x0003, 0x0004,
    0x0004, 0x0004, 0x0004, 0x0003, 0x0003, 0x0003, 0x0024, 0x0004, 0x0004, 0x0004, 0x0004, 0x0024,
    0x0004, 0x0004, 0x0004, 0x0004, 0x0004, 0x0004, 0x0004, 0x0004, 0x0004, 0x0004, 0x0004, 0x0004,
    0x0004, 0x0024, 0x0003, 0x0003, 0x0003, 0x0004, 0x0004, 0x0004, 0x0004, 0x0004, 0x0004, 0x0004,
    0x0004, 0x0004, 0x0024, 0x0024, 0x0004, 0x0004, 0x0004, 0x0004, 0x0004, 0x0003, 0x0004, 0x0004,
    0x0004, 0x0004, 0x0004, 0x0024, 0x0024, 0x0004, 0x0004, 0x0024, 0x0004, 0x0004, 0x0004, 0x0024,
    0x0004, 0x0004, 0x0004, 0x0004, 0x0004, 0x0004, 0x0024, 0x0024, 0x0004, 0x0004, 0x0004, 0x0004,
    0x0004, 0x0004, 0x0024, 0x0004, 0x0004, 0x0004, 0x0004, 0x0003, 0x0004, 0x0004, 0x0004, 0x0004,
    0x0003, 0x0003, 0x0003, 0x0004, 0x0004, 0x0004, 0x0004, 0x0004, 0x0004, 0x0024, 0x0024, 0x0024,
    0x0024, 0x0004, 0x0004, 0x0004, 0x0004, 0x0004, 0x0004, 0x0004, 0x0004, 0x0004, 0x0004, 0x0004,
    0x0003, 0x0004, 0x0024, 0x0024, 0x0024, 0x0004, 0x0004, 0x0004, 0x0004, 0x0004, 0x0004, 0x0003,
    0x0003, 0x0003, 0x0004, 0x0004, 0x0003, 0x0004, 0x0004, 0x0004, 0x0004, 0x0004, 0x0004, 0x0024,
    0x0024, 0x0004, 0x0004, 0x0004, 0x0004, 0x0024, 0x0024, 0x0024, 0x0004, 0x0003, 0x0004, 0x0003,
    0x0024, 0x0024, 0x0004, 0x0003, 0x0024, 0x0004, 0x0004, 0x0004, 0x0004, 0x0004, 0x0003, 0x0003,
    0x0003, 0x0003, 0x0024, 0x0024, 0x0045, 0x292B, 0x18C9, 0x0886, 0x10A7, 0x10A7, 0x314D, 0x394E,
    0x394D, 0x394E, 0x394D, 0x394E, 0x394E, 0x394E, 0x394E, 0x394E, 0x394E, 0x394E, 0x394E, 0x394E,
    0x394E, 0x394E, 0x394E, 0x394E, 0x394E, 0x394D, 0x394E, 0x290C, 0x0886, 0x0886, 0x0886, 0x0886,
    0x0886, 0x0886, 0x0887, 0x0886, 0x10A7, 0x210A, 0x294B, 0x18A8, 0x0845, 0x0003, 0x0022, 0x41CE,
    0x6293, 0x1086, 0x0003, 0x0003, 0x18A7, 0x0024, 0x0003, 0x0003, 0x0003, 0x0003, 0x0003, 0x0003,
    0x0024, 0x0024, 0x0003, 0x0003, 0x0003, 0x0003, 0x0003, 0x0023, 0x0024, 0x0044, 0x0845, 0x0865,
    0x0865, 0x0024, 0x0003, 0x0003, 0x0024, 0x0865, 0x0845, 0x0844, 0x0844, 0x0845, 0x0844, 0x0003,
    0x0003, 0x0003, 0x0024, 0x0024, 0x0024, 0x0024, 0x0004, 0x0004, 0x0024, 0x0004, 0x0003, 0x0003,
    0x0024, 0x0024, 0x0024, 0x0004, 0x0004, 0x0003, 0x0004, 0x0004, 0x0003, 0x0004, 0x0004, 0x0024,
    0x0024, 0x0004, 0x0004, 0x0004, 0x0024, 0x0004, 0x0004, 0x0003, 0x0004, 0x0004, 0x0004, 0x0004,
    0x0004, 0x0024, 0x0004, 0x0004, 0x0004, 0x0004, 0x0003, 0x0004, 0x0004, 0x0024, 0x0004, 0x0004,
    0x0024, 0x0003, 0x0024, 0x0024, 0x0024, 0x0024, 0x0024, 0x0024, 0x0004, 0x0004, 0x0004, 0x0004,
    0x0023, 0x0004, 0x0004, 0x0004, 0x0004, 0x0004, 0x0003, 0x0004, 0x0024, 0x0024, 0x0024, 0x0024,
    0x0024, 0x0024, 0x0024, 0x0004, 0x0024, 0x0004, 0x0004, 0x0004, 0x0004, 0x0024, 0x0004, 0x0003,
    0x0024, 0x0024, 0x0004, 0x0004, 0x0004, 0x0004, 0x0004, 0x0004, 0x0004, 0x0004, 0x0003, 0x0003,
    0x0003, 0x0024, 0x0004, 0x0003, 0x0004, 0x0004, 0x0004, 0x0024, 0x0004, 0x0004, 0x0004, 0x0004,
    0x0003, 0x0003, 0x0004, 0x0004, 0x0004, 0x0004, 0x0003, 0x0003, 0x0004, 0x0024, 0x0024, 0x0004,
    0x0024, 0x0024, 0x0024, 0x0004, 0x0004, 0x0003, 0x0004, 0x0004, 0x0003, 0x0003, 0x0004, 0x0024,
    0x0024, 0x0004, 0x0004, 0x0024, 0x0004, 0x0004, 0x0004, 0x0024, 0x0004, 0x0024, 0x0003, 0x0004,
    0x0004, 0x0004, 0x0024, 0x0024, 0x0003, 0x0003, 0x0004, 0x0003, 0x0004, 0x0003, 0x0004, 0x0003,
    0x0003, 0x0004, 0x0004, 0x0004, 0x0024, 0x0004, 0x0004, 0x0003, 0x0003, 0x0003, 0x0024, 0x0004,
    0x0024, 0x0024, 0x0004, 0x0024, 0x0024, 0x0024, 0x0024, 0x0004, 0x0024, 0x0004, 0x0004, 0x0004,
    0x0004, 0x0024, 0x0004, 0x0004, 0x0004, 0x0004, 0x0004, 0x0004, 0x0004, 0x0004, 0x0024, 0x0024,
    0x0024, 0x0004, 0x0004, 0x0024, 0x0024, 0x0004, 0x0004, 0x0003, 0x0003, 0x0004, 0x0004, 0x0004,
    0x0024, 0x0004, 0x0004, 0x0024, 0x0004, 0x0004, 0x0004, 0x0004, 0x0004, 0x0004, 0x0024, 0x0004,
    0x0024, 0x0004, 0x0004, 0x0004, 0x0004, 0x0003, 0x0004, 0x0003, 0x0004, 0x0024, 0x0003, 0x0004,
    0x0024, 0x0004, 0x0003, 0x0003, 0x0003, 0x0004, 0x0004, 0x0004, 0x0003, 0x0024, 0x0023, 0x0003,
    0x10A7, 0x314C, 0x10A8, 0x0887, 0x0886, 0x10A7, 0x394E, 0x394E, 0x394D, 0x394D, 0x394E, 0x394E,
    0x394E, 0x394E, 0x394E, 0x394E, 0x394E, 0x394E, 0x394E, 0x394E, 0x394E, 0x394E, 0x394E, 0x394E,
    0x394E, 0x394E, 0x394E, 0x290C, 0x0886, 0x0887, 0x0886, 0x0886, 0x0887, 0x0887, 0x0887, 0x0887,
    0x0887, 0x0886, 0x18C8, 0x292A, 0x210A, 0x0845, 0x10A6, 0x72D6, 0x8B9A, 0x398D, 0x0844, 0x398D,
    0x8339, 0x41AE, 0x0843, 0x1065, 0x0865, 0x0865, 0x0865, 0x0866, 0x0003, 0x0003, 0x0003, 0x0845,
    0x0845, 0x1066, 0x0865, 0x18C8, 0x210A, 0x294B, 0x314C, 0x294B, 0x314C, 0x18E8, 0x0865, 0x0865,
    0x18C7, 0x314C, 0x292B, 0x292B, 0x292B, 0x294B, 0x290A, 0x1066, 0x1066, 0x0866, 0x0024, 0x0003,
    0x0003, 0x0004, 0x0024, 0x0004, 0x0024, 0x0024, 0x0024, 0x0003, 0x0003, 0x0024, 0x0024, 0x0024,
    0x0024, 0x0004, 0x0004, 0x0003, 0x0004, 0x0003, 0x0004, 0x0024, 0x0024, 0x0004, 0x0004, 0x0004,
    0x0004, 0x0004, 0x0004, 0x0003, 0x0004, 0x0004, 0x0024, 0x0004, 0x0004, 0x0004, 0x0004, 0x0024,
    0x0024, 0x0024, 0x0024, 0x0024, 0x0024, 0x0024, 0x0004, 0x0003, 0x0004, 0x0003, 0x0004, 0x0004,
    0x0024, 0x0024, 0x0024, 0x0024, 0x0024, 0x0004, 0x0004, 0x0004, 0x0004, 0x0024, 0x0024, 0x0004,
    0x0024, 0x0004, 0x0004, 0x0003, 0x0003, 0x0024, 0x0024, 0x0024, 0x0024, 0x0024, 0x0024, 0x0004,
    0x0004, 0x0004, 0x0004, 0x0004, 0x0003, 0x0003, 0x0004, 0x0004, 0x0024, 0x0024, 0x0024, 0x0024,
    0x0004, 0x0004, 0x0024, 0x0004, 0x0004, 0x0004, 0x0023, 0x0003, 0x0003, 0x0003, 0x0004, 0x0004,
    0x0024, 0x0004, 0x0024, 0x0004, 0x0004, 0x0024, 0x0024, 0x0024, 0x0024, 0x0024, 0x0004, 0x0004,
    0x0024, 0x0024, 0x0004, 0x0004, 0x0004, 0x0004, 0x0024, 0x0024, 0x0024, 0x0004, 0x0004, 0x0004,
    0x0004, 0x0024, 0x0024, 0x0024, 0x0004, 0x0004, 0x0004, 0x0024, 0x0004, 0x0004, 0x0004, 0x0004,
    0x0024, 0x0024, 0x0024, 0x0024, 0x0004, 0x0024, 0x0004, 0x0004, 0x0003, 0x0003, 0x0024, 0x0004,
    0x0004, 0x0004, 0x0003, 0x0004, 0x0004, 0x0004, 0x0024, 0x0003, 0x0004, 0x0003, 0x0003, 0x0024,
    0x0024, 0x0004, 0x0004, 0x0004, 0x0003, 0x0003, 0x0004, 0x0004, 0x0024, 0x0024, 0x0024, 0x0004,
    0x0004, 0x0024, 0x0004, 0x0004, 0x0004, 0x0004, 0x0024, 0x0004, 0x0004, 0x0024, 0x0004, 0x0024,
    0x0004, 0x0024, 0x0004, 0x0004, 0x0004, 0x0004, 0x0003, 0x0004, 0x0003, 0x0003, 0x0024, 0x0024,
    0x0004, 0x0024, 0x0024, 0x0004, 0x0003, 0x0004, 0x0003, 0x0003, 0x0004, 0x0004, 0x0004, 0x0004,
    0x0004, 0x0004, 0x0004, 0x0004, 0x0004, 0x0024, 0x0003, 0x0004, 0x0024, 0x0004, 0x0004, 0x0004,
    0x0004, 0x0004, 0x0004, 0x0003, 0x0004, 0x0024, 0x0004, 0x0004, 0x0024, 0x0024, 0x0024, 0x0004,
    0x0003, 0x0024, 0x0024, 0x0024, 0x0024, 0x0024, 0x0023, 0x0865, 0x292A, 0x210A, 0x08A7, 0x08A7,
    0x0887, 0x10C8, 0x394E, 0x394E, 0x394E, 0x394E, 0x394E, 0x394E, 0x394E, 0x394E, 0x394E, 0x394E,
    0x394E, 0x394E, 0x394E, 0x394E, 0x394E, 0x394E, 0x394E, 0x394E, 0x394E, 0x394E, 0x394E, 0x290B,
    0x0886, 0x0887, 0x0886, 0x0886, 0x0886, 0x0887, 0x0887, 0x0887, 0x0887, 0x10A7, 0x0886, 0x10A7,
    0x18E8, 0x292B, 0x294B, 0x41AE, 0x4A10, 0x294B, 0x212A, 0x41AE, 0x72F7, 0x398E, 0x10A7, 0x210A,
    0x210A, 0x292B, 0x314C, 0x292B, 0x10A7, 0x0865, 0x18A7, 0x292A, 0x18C9, 0x210A, 0x20E9, 0x18E9,
    0x20E9, 0x210A, 0x210A, 0x292B, 0x314C, 0x316C, 0x316C, 0x314B, 0x314B, 0x210A, 0x18E9, 0x18E9,
    0x210A, 0x210A, 0x20E9, 0x210A, 0x292B, 0x314C, 0x18A7, 0x1086, 0x1086, 0x0003, 0x0003, 0x0004,
    0x0024, 0x0004, 0x0024, 0x0004, 0x0003, 0x0004, 0x0024, 0x0024, 0x0004, 0x0004, 0x0004, 0x0004,
    0x0004, 0x0004, 0x0024, 0x0004, 0x0004, 0x0024, 0x0004, 0x0004, 0x0024, 0x0004, 0x0004, 0x0003,
    0x0003, 0x0004, 0x0024, 0x0004, 0x0004, 0x0004, 0x0004, 0x0024, 0x0024, 0x0024, 0x0024, 0x0004,
    0x0024, 0x0024, 0x0024, 0x0004, 0x0004, 0x0003, 0x0004, 0x0004, 0x0004, 0x0024, 0x0024, 0x0024,
    0x0024, 0x0004, 0x0004, 0x0024, 0x0004, 0x0004, 0x0024, 0x0024, 0x0004, 0x0004, 0x0003, 0x0004,
    0x0004, 0x0024, 0x0024, 0x0024, 0x0024, 0x0024, 0x0004, 0x0024, 0x0004, 0x0024, 0x0004, 0x0004,
    0x0003, 0x0003, 0x0004, 0x0004, 0x0024, 0x0004, 0x0024, 0x0024, 0x0004, 0x0004, 0x0004, 0x0004,
    0x0004, 0x0003, 0x0003, 0x0004, 0x0003, 0x0003, 0x0004, 0x0004, 0x0004, 0x0004, 0x0024, 0x0024,
    0x0024, 0x0024, 0x0024, 0x0024, 0x0024, 0x0024, 0x0004, 0x0004, 0x0004, 0x0024, 0x0004, 0x0004,
    0x0024, 0x0004, 0x0004, 0x0024, 0x0004, 0x0004, 0x0003, 0x0003, 0x0004, 0x0024, 0x0024, 0x0004,
    0x0024, 0x0024, 0x0024, 0x0024, 0x0024, 0x0004, 0x0004, 0x0004, 0x0024, 0x0024, 0x0024, 0x0024,
    0x0024, 0x0004, 0x0004, 0x0004, 0x0003, 0x0003, 0x0004, 0x0024, 0x0004, 0x0004, 0x0004, 0x0004,
    0x0024, 0x0024, 0x0024, 0x0004, 0x0004, 0x0003, 0x0004, 0x0024, 0x0024, 0x0024, 0x0024, 0x0004,
    0x0024, 0x0004, 0x0024, 0x0004, 0x0004, 0x0024, 0x0024, 0x0004, 0x0004, 0x0004, 0x0003, 0x0004,
    0x0004, 0x0024, 0x0024, 0x0004, 0x0004, 0x0024, 0x0004, 0x0004, 0x0024, 0x0004, 0x0004, 0x0004,
    0x0004, 0x0024, 0x0003, 0x0004, 0x0004, 0x0004, 0x0004, 0x0004, 0x0024, 0x0004, 0x0024, 0x0004,
    0x0024, 0x0003, 0x0003, 0x0003, 0x0004, 0x0024, 0x0004, 0x0004, 0x0004, 0x0004, 0x0004, 0x0004,
    0x0003, 0x0003, 0x0003, 0x0004, 0x0004, 0x0004, 0x0024, 0x0004, 0x0004, 0x0004, 0x0004, 0x0004,
    0x0004, 0x0004, 0x0004, 0x0024, 0x0024, 0x0004, 0x0003, 0x0004, 0x0004, 0x0024, 0x0024, 0x0024,
    0x0024, 0x0024, 0x0024, 0x210A, 0x292B, 0x0886, 0x0886, 0x0887, 0x08A7, 0x10C8, 0x314D, 0x394E,
    0x394E, 0x394E, 0x394E, 0x394E, 0x394E, 0x394E, 0x394E, 0x394E, 0x394E, 0x394E, 0x394E, 0x394E,
    0x394E, 0x394E, 0x394E, 0x394E, 0x394E, 0x394E, 0x394E, 0x290C, 0x0886, 0x0887, 0x0886, 0x0886,
    0x0886, 0x0887, 0x0887, 0x0887, 0x0887, 0x08A7, 0x08A7, 0x0887, 0x0886, 0x10C8, 0x20E9, 0x18C8,
    0x10A7, 0x18E8, 0x10C8, 0x0886, 0x10C8, 0x0866, 0x0886, 0x0887, 0x10A7, 0x10C8, 0x18E9, 0x18C8,
    0x20E9, 0x20E9, 0x18E9, 0x18E8, 0x1086, 0x0886, 0x0887, 0x0887, 0x0886, 0x0886, 0x0886, 0x18C8,
    0x20E9, 0x18E9, 0x18E9, 0x18E9, 0x18C8, 0x10A7, 0x0886, 0x0887, 0x08A7, 0x0887, 0x0886, 0x0886,
    0x10C8, 0x18E9, 0x18E8, 0x294B, 0x316C, 0x20C8, 0x18C8, 0x0024, 0x0003, 0x0003, 0x0024, 0x0024,
    0x0004, 0x0024, 0x0004, 0x0004, 0x0004, 0x0004, 0x0004, 0x0024, 0x0024, 0x0004, 0x0024, 0x0004,
    0x0004, 0x0004, 0x0024, 0x0024, 0x0024, 0x0004, 0x0003, 0x0004, 0x0004, 0x0004, 0x0004, 0x0004,
    0x0004, 0x0004, 0x0004, 0x0024, 0x0004, 0x0024, 0x0024, 0x0024, 0x0024, 0x0024, 0x0004, 0x0024,
    0x0004, 0x0004, 0x0004, 0x0004, 0x0004, 0x0004, 0x0024, 0x0024, 0x0004, 0x0004, 0x0004, 0x0004,
    0x0003, 0x0004, 0x0024, 0x0024, 0x0004, 0x0003, 0x0004, 0x0004, 0x0004, 0x0004, 0x0024, 0x0024,
    0x0004, 0x0024, 0x0004, 0x0004, 0x0003, 0x0003, 0x0003, 0x0003, 0x0003, 0x0003, 0x0004, 0x0004,
    0x0004, 0x0004, 0x0004, 0x0004, 0x0004, 0x0004, 0x0004, 0x0004, 0x0024, 0x0004, 0x0003, 0x0004,
    0x0003, 0x0004, 0x0004, 0x0003, 0x0003, 0x0004, 0x0004, 0x0004, 0x0024, 0x0003, 0x0004, 0x0024,
    0x0024, 0x0024, 0x0004, 0x0004, 0x0024, 0x0024, 0x0024, 0x0024, 0x0024, 0x0024, 0x0004, 0x0004,
    0x0024, 0x0024, 0x0004, 0x0004, 0x0004, 0x0024, 0x0024, 0x0004, 0x0024, 0x0024, 0x0024, 0x0004,
    0x0024, 0x0003, 0x0004, 0x0024, 0x0024, 0x0004, 0x0004, 0x0024, 0x0024, 0x0004, 0x0024, 0x0004,
    0x0004, 0x0004, 0x0004, 0x0004, 0x0024, 0x0024, 0x0024, 0x0004, 0x0004, 0x0004, 0x0003, 0x0004,
    0x0004, 0x0004, 0x0004, 0x0024, 0x0024, 0x0024, 0x0024, 0x0024, 0x0024, 0x0024, 0x0004, 0x0004,
    0x0004, 0x0003, 0x0024, 0x0004, 0x0004, 0x0004, 0x0004, 0x0004, 0x0024, 0x0004, 0x0004, 0x0004,
    0x0004, 0x0024, 0x0024, 0x0024, 0x0024, 0x0024, 0x0004, 0x0003, 0x0004, 0x0004, 0x0003, 0x0004,
    0x0024, 0x0004, 0x0024, 0x0004, 0x0024, 0x0024, 0x0024, 0x0003, 0x0004, 0x0003, 0x0004, 0x0004,
    0x0004, 0x0004, 0x0024, 0x0004, 0x0024, 0x0004, 0x0003, 0x0004, 0x0004, 0x0004, 0x0024, 0x0024,
    0x0024, 0x0004, 0x0004, 0x0004, 0x0024, 0x0024, 0x0024, 0x0024, 0x0024, 0x0004, 0x0004, 0x0004,
    0x0003, 0x0024, 0x0004, 0x0024, 0x0024, 0x0024, 0x0024, 0x0003, 0x0024, 0x0024, 0x0024, 0x2109,
    0x210A, 0x0886, 0x0886, 0x0887, 0x0887, 0x10A7, 0x314D, 0x394E, 0x394E, 0x394E, 0x394E, 0x394E,
    0x394E, 0x394E, 0x394E, 0x394E, 0x394E, 0x394E, 0x394E, 0x394E, 0x394E, 0x394E, 0x394E, 0x394E,
    0x394E, 0x394E, 0x394E, 0x292C, 0x0886, 0x0887, 0x0886, 0x0886, 0x0887, 0x0887, 0x0887, 0x0887,
    0x0887, 0x0887, 0x0886, 0x0887, 0x08A7, 0x0886, 0x0886, 0x0886, 0x0886, 0x0886, 0x0886, 0x0887,
    0x0886, 0x1087, 0x1087, 0x0887, 0x10A7, 0x0887, 0x0886, 0x0886, 0x0886, 0x10A7, 0x0886, 0x0886,
    0x0886, 0x0886, 0x08A7, 0x08A7, 0x08A7, 0x0886, 0x10A7, 0x0886, 0x0886, 0x0886, 0x0886, 0x0886,
    0x0886, 0x0886, 0x08A7, 0x08A7, 0x0887, 0x0887, 0x0887, 0x10A7, 0x0886, 0x0886, 0x0886, 0x18C8,
    0x18E8, 0x210A, 0x314C, 0x20E8, 0x18C7, 0x0845, 0x0003, 0x0004, 0x0024, 0x0024, 0x0004, 0x0024,
    0x0004, 0x0024, 0x0004, 0x0024, 0x0024, 0x0003, 0x0004, 0x0004, 0x0004, 0x0004, 0x0024, 0x0004,
    0x0004, 0x0003, 0x0003, 0x0003, 0x0004, 0x0004, 0x0004, 0x0004, 0x0004, 0x0004, 0x0004, 0x0024,
    0x0024, 0x0024, 0x0024, 0x0024, 0x0024, 0x0024, 0x0024, 0x0004, 0x0004, 0x0004, 0x0004, 0x0004,
    0x0004, 0x0004, 0x0004, 0x0004, 0x0024, 0x0004, 0x0004, 0x0004, 0x0003, 0x0004, 0x0024, 0x0004,
    0x0004, 0x0004, 0x0003, 0x0024, 0x0004, 0x0004, 0x0004, 0x0024, 0x0024, 0x0024, 0x0004, 0x0004,
    0x0024, 0x0004, 0x0004, 0x0004, 0x0003, 0x0003, 0x0004, 0x0024, 0x0004, 0x0004, 0x0004, 0x0004,
    0x0004, 0x0004, 0x0004, 0x0004, 0x0024, 0x0004, 0x0004, 0x0003, 0x0004, 0x0004, 0x0004, 0x0004,
    0x0004, 0x0004, 0x0004, 0x0024, 0x0024, 0x0004, 0x0024, 0x0024, 0x0024, 0x0004, 0x0004, 0x0024,
    0x0024, 0x0024, 0x0024, 0x0024, 0x0024, 0x0024, 0x0004, 0x0004, 0x0024, 0x0024, 0x0024, 0x0004,
    0x0004, 0x0004, 0x0004, 0x0004, 0x0024, 0x0024, 0x0024, 0x0004, 0x0024, 0x0004, 0x0004, 0x0024,
    0x0004, 0x0004, 0x0024, 0x0024, 0x0024, 0x0004, 0x0024, 0x0004, 0x0004, 0x0004, 0x0024, 0x0024,
    0x0004, 0x0004, 0x0004, 0x0024, 0x0024, 0x0023, 0x0004, 0x0004, 0x0004, 0x0004, 0x0004, 0x0024,
    0x0004, 0x0004, 0x0004, 0x0024, 0x0004, 0x0004, 0x0024, 0x0004, 0x0024, 0x0004, 0x0004, 0x0004,
    0x0004, 0x0004, 0x0004, 0x0024, 0x0024, 0x0004, 0x0004, 0x0004, 0x0004, 0x0024, 0x0024, 0x0004,
    0x0024, 0x0004, 0x0004, 0x0003, 0x0004, 0x0004, 0x0004, 0x0024, 0x0004, 0x0024, 0x0004, 0x0004,
    0x0024, 0x0024, 0x0024, 0x0004, 0x0004, 0x0004, 0x0024, 0x0004, 0x0004, 0x0004, 0x0004, 0x0024,
    0x0024, 0x0024, 0x0024, 0x0003, 0x0004, 0x0024, 0x0024, 0x0024, 0x0024, 0x0024, 0x0004, 0x0024,
    0x0024, 0x0024, 0x0024, 0x0004, 0x0004, 0x0004, 0x0004, 0x0003, 0x0003, 0x0004, 0x0024, 0x0024,
    0x0024, 0x0024, 0x0024, 0x0024, 0x0024, 0x0024, 0x0003, 0x18A7, 0x10A7, 0x0887, 0x0887, 0x0886,
    0x0886, 0x10A7, 0x314D, 0x394E, 0x394E, 0x394E, 0x394E, 0x394E, 0x394E, 0x394E, 0x394E, 0x394E,
    0x394E, 0x394E, 0x394E, 0x394E, 0x394E, 0x394E, 0x394E, 0x394E, 0x394E, 0x394E, 0x394E, 0x290C,
    0x0886, 0x0887, 0x0887, 0x0887, 0x0887, 0x0887, 0x0887, 0x0887, 0x0887, 0x0886, 0x0886, 0x0886,
    0x0886, 0x0887, 0x0887, 0x0887, 0x0887, 0x0887, 0x0887, 0x0886, 0x0887, 0x0887, 0x0887, 0x0887,
    0x0886, 0x0887, 0x0887, 0x0886, 0x0886, 0x0886, 0x0886, 0x0886, 0x0886, 0x0886, 0x0886, 0x0886,
    0x0886, 0x0887, 0x0886, 0x0887, 0x08A7, 0x0887, 0x0887, 0x0887, 0x0887, 0x0886, 0x0887, 0x0887,
    0x0887, 0x0886, 0x0887, 0x0887, 0x0886, 0x0887, 0x0887, 0x0886, 0x0886, 0x10A7, 0x10C8, 0x18E9,
    0x314C, 0x210A, 0x20C8, 0x0865, 0x0003, 0x0004, 0x0024, 0x0004, 0x0004, 0x0004, 0x0024, 0x0024,
    0x0004, 0x0004, 0x0024, 0x0024, 0x0024, 0x0004, 0x0024, 0x0024, 0x0024, 0x0004, 0x0004, 0x0003,
    0x0003, 0x0004, 0x0024, 0x0024, 0x0024, 0x0024, 0x0024, 0x0004, 0x0024, 0x0004, 0x0024, 0x0024,
    0x0024, 0x0024, 0x0024, 0x0024, 0x0024, 0x0004, 0x0024, 0x0004, 0x0004, 0x0004, 0x0004, 0x0004,
    0x0004, 0x0024, 0x0004, 0x0004, 0x0004, 0x0004, 0x0024, 0x0004, 0x0024, 0x0004, 0x0004, 0x0004,
    0x0004, 0x0004, 0x0004, 0x0024, 0x0024, 0x0004, 0x0004, 0x0004, 0x0004, 0x0003, 0x0004, 0x0003,
    0x0003, 0x0003, 0x0003, 0x0003, 0x0004, 0x0004, 0x0024, 0x0024, 0x0004, 0x0004, 0x0024, 0x0024,
    0x0004, 0x0004, 0x0004, 0x0004, 0x0003, 0x0003, 0x0003, 0x0004, 0x0004, 0x0024, 0x0004, 0x0024,
    0x0024, 0x0024, 0x0024, 0x0024, 0x0004, 0x0024, 0x0024, 0x0024, 0x0024, 0x0024, 0x0024, 0x0024,
    0x0024, 0x0024, 0x0004, 0x0024, 0x0024, 0x0024, 0x0004, 0x0004, 0x0004, 0x0004, 0x0004, 0x0004,
    0x0004, 0x0004, 0x0004, 0x0004, 0x0024, 0x0004, 0x0024, 0x0004, 0x0004, 0x0004, 0x0004, 0x0024,
    0x0024, 0x0024, 0x0024, 0x0024, 0x0024, 0x0024, 0x0004, 0x0004, 0x0024, 0x0024, 0x0004, 0x0003,
    0x0004, 0x0024, 0x0024, 0x0024, 0x0024, 0x0004, 0x0004, 0x0024, 0x0004, 0x0024, 0x0004, 0x0004,
    0x0004, 0x0004, 0x0024, 0x0024, 0x0024, 0x0024, 0x0024, 0x0004, 0x0004, 0x0004, 0x0004, 0x0024,
    0x0024, 0x0024, 0x0024, 0x0004, 0x0004, 0x0004, 0x0024, 0x0004, 0x0004, 0x0004, 0x0003, 0x0003,
    0x0003, 0x0004, 0x0024, 0x0004, 0x0004, 0x0004, 0x0004, 0x0024, 0x0024, 0x0004, 0x0004, 0x0004,
    0x0004, 0x0024, 0x0024, 0x0004, 0x0004, 0x0004, 0x0024, 0x0024, 0x0024, 0x0004, 0x0024, 0x0004,
    0x0024, 0x0024, 0x0004, 0x0004, 0x0024, 0x0004, 0x0024, 0x0024, 0x0004, 0x0004, 0x0024, 0x0024,
    0x0004, 0x0024, 0x0024, 0x0004, 0x0003, 0x0004, 0x0024, 0x0004, 0x0003, 0x0004, 0x0004, 0x0024,
    0x0024, 0x0024, 0x0024, 0x18C8, 0x10C8, 0x0887, 0x0886, 0x0886, 0x0886, 0x1087, 0x314D, 0x394E,
    0x394E, 0x394E, 0x394D, 0x394E, 0x394E, 0x394E, 0x394E, 0x394E, 0x394E, 0x394E, 0x394E, 0x394E,
    0x394E, 0x394E, 0x394E, 0x394E, 0x394E, 0x394E, 0x394E, 0x290C, 0x0886, 0x0887, 0x0887, 0x0887,
    0x0887, 0x0887, 0x0887, 0x0886, 0x0886, 0x0887, 0x0887, 0x0887, 0x0886, 0x0886, 0x0886, 0x0886,
    0x0886, 0x0886, 0x0886, 0x0886, 0x0886, 0x0886, 0x0886, 0x0886, 0x0886, 0x0886, 0x0886, 0x0886,
    0x0887, 0x0886, 0x0886, 0x0886, 0x0886, 0x0886, 0x0886, 0x0886, 0x0886, 0x0886, 0x0886, 0x0886,
    0x0887, 0x0887, 0x0886, 0x0886, 0x0886, 0x0886, 0x0886, 0x0886, 0x0886, 0x0886, 0x0886, 0x0887,
    0x0886, 0x0886, 0x0887, 0x08A7, 0x10A7, 0x08A6, 0x0886, 0x08A6, 0x10C8, 0x20E9, 0x294B, 0x292B,
    0x18C8, 0x0004, 0x0024, 0x0024, 0x0024, 0x0024, 0x0024, 0x0024, 0x0004, 0x0004, 0x0024, 0x0004,
    0x0004, 0x0004, 0x0024, 0x0024, 0x0004, 0x0004, 0x0004, 0x0004, 0x0004, 0x0004, 0x0024, 0x0004,
    0x0024, 0x0004, 0x0004, 0x0004, 0x0024, 0x0004, 0x0004, 0x0004, 0x0024, 0x0024, 0x0024, 0x0024,
    0x0004, 0x0004, 0x0024, 0x0024, 0x0004, 0x0004, 0x0004, 0x0024, 0x0024, 0x0004, 0x0024, 0x0004,
    0x0004, 0x0004, 0x0004, 0x0004, 0x0024, 0x0024, 0x0024, 0x0024, 0x0004, 0x0004, 0x0024, 0x0024,
    0x0004, 0x0004, 0x0004, 0x0004, 0x0003, 0x0004, 0x0024, 0x0004, 0x0004, 0x0004, 0x0004, 0x0004,
    0x0004, 0x0004, 0x0024, 0x0024, 0x0024, 0x0004, 0x0024, 0x0024, 0x0004, 0x0004, 0x0004, 0x0004,
    0x0004, 0x0003, 0x0023, 0x0004, 0x0024, 0x0024, 0x0004, 0x0024, 0x0004, 0x0024, 0x0024, 0x0024,
    0x0024, 0x0024, 0x0024, 0x0024, 0x0024, 0x0004, 0x0004, 0x0024, 0x0004, 0x0004, 0x0024, 0x0004,
    0x0004, 0x0004, 0x0003, 0x0003, 0x0004, 0x0024, 0x0024, 0x0004, 0x0004, 0x0004, 0x0024, 0x0024,
    0x0004, 0x0004, 0x0004, 0x0024, 0x0024, 0x0024, 0x0004, 0x0004, 0x0024, 0x0024, 0x0024, 0x0024,
    0x0004, 0x0024, 0x0003, 0x0004, 0x0004, 0x0004, 0x0004, 0x0004, 0x0004, 0x0024, 0x0024, 0x0004,
    0x0004, 0x0024, 0x0004, 0x0004, 0x0024, 0x0024, 0x0004, 0x0004, 0x0004, 0x0024, 0x0024, 0x0004,
    0x0004, 0x0004, 0x0004, 0x0024, 0x0004, 0x0024, 0x0024, 0x0024, 0x0024, 0x0004, 0x0024, 0x0004,
    0x0004, 0x0024, 0x0024, 0x0004, 0x0024, 0x0004, 0x0003, 0x0004, 0x0004, 0x0024, 0x0004, 0x0004,
    0x0004, 0x0024, 0x0004, 0x0024, 0x0004, 0x0004, 0x0004, 0x0004, 0x0004, 0x0024, 0x0004, 0x0024,
    0x0004, 0x0004, 0x0024, 0x0024, 0x0024, 0x0024, 0x0024, 0x0024, 0x0024, 0x0024, 0x0004, 0x0004,
    0x0004, 0x0004, 0x0004, 0x0004, 0x0024, 0x0004, 0x0024, 0x0004, 0x0004, 0x0024, 0x0024, 0x0004,
    0x0003, 0x0003, 0x0004, 0x0003, 0x0004, 0x0024, 0x0024, 0x0024, 0x0003, 0x0044, 0x290A, 0x292B,
    0x10A7, 0x0886, 0x0886, 0x0886, 0x0886, 0x10A7, 0x314D, 0x394E, 0x394D, 0x394E, 0x394E, 0x394E,
    0x394E, 0x394E, 0x394E, 0x394E, 0x394E, 0x394E, 0x394E, 0x394E, 0x394E, 0x394D, 0x394E, 0x394E,
    0x394E, 0x394E, 0x394E, 0x292C, 0x0886, 0x0887, 0x0887, 0x0887, 0x0887, 0x0887, 0x0886, 0x0886,
    0x0886, 0x0887, 0x0886, 0x0887, 0x0886, 0x0886, 0x0886, 0x0886, 0x0886, 0x0886, 0x0886, 0x0886,
    0x0886, 0x0886, 0x0886, 0x0886, 0x0886, 0x0886, 0x0886, 0x0886, 0x0886, 0x0886, 0x0886, 0x0886,
    0x0886, 0x0886, 0x0886, 0x0886, 0x0886, 0x0886, 0x0886, 0x0886, 0x0886, 0x0886, 0x0886, 0x0887,
    0x0887, 0x0887, 0x0886, 0x0886, 0x0886, 0x0886, 0x0886, 0x0886, 0x0886, 0x0886, 0x0886, 0x0887,
    0x0886, 0x0887, 0x08A7, 0x10A7, 0x0886, 0x08A6, 0x18E9, 0x294C, 0x316C, 0x18C7, 0x0003, 0x0004,
    0x0004, 0x0004, 0x0024, 0x0004, 0x0003, 0x0003, 0x0024, 0x0004, 0x0004, 0x0004, 0x0024, 0x0024,
    0x0004, 0x0024, 0x0004, 0x0004, 0x0004, 0x0004, 0x0004, 0x0004, 0x0004, 0x0004, 0x0024, 0x0024,
    0x0024, 0x0024, 0x0004, 0x0004, 0x0024, 0x0024, 0x0004, 0x0024, 0x0024, 0x0004, 0x0004, 0x0004,
    0x0004, 0x0003, 0x0004, 0x0004, 0x0004, 0x0024, 0x0004, 0x0004, 0x0004, 0x0004, 0x0004, 0x0024,
    0x0004, 0x0004, 0x0004, 0x0004, 0x0004, 0x0004, 0x0004, 0x0004, 0x0004, 0x0024, 0x0003, 0x0024,
    0x0004, 0x0004, 0x0024, 0x0024, 0x0004, 0x0004, 0x0004, 0x0004, 0x0004, 0x0004, 0x0003, 0x0024,
    0x0004, 0x0004, 0x0004, 0x0004, 0x0004, 0x0004, 0x0004, 0x0004, 0x0004, 0x0004, 0x0024, 0x0004,
    0x0024, 0x0024, 0x0024, 0x0024, 0x0024, 0x0024, 0x0024, 0x0024, 0x0004, 0x0024, 0x0024, 0x0004,
    0x0024, 0x0024, 0x0004, 0x0004, 0x0024, 0x0024, 0x0024, 0x0004, 0x0004, 0x0004, 0x0004, 0x0003,
    0x0004, 0x0024, 0x0004, 0x0003, 0x0004, 0x0024, 0x0004, 0x0004, 0x0004, 0x0024, 0x0004, 0x0024,
    0x0004, 0x0024, 0x0024, 0x0024, 0x0024, 0x0004, 0x0024, 0x0003, 0x0004, 0x0004, 0x0004, 0x0004,
    0x0004, 0x0004, 0x0003, 0x0004, 0x0024, 0x0004, 0x0004, 0x0004, 0x0004, 0x0024, 0x0004, 0x0024,
    0x0004, 0x0004, 0x0004, 0x0024, 0x0024, 0x0024, 0x0024, 0x0024, 0x0024, 0x0004, 0x0004, 0x0004,
    0x0024, 0x0024, 0x0024, 0x0024, 0x0024, 0x0004, 0x0004, 0x0004, 0x0024, 0x0004, 0x0004, 0x0003,
    0x0004, 0x0004, 0x0003, 0x0004, 0x0004, 0x0004, 0x0004, 0x0004, 0x0004, 0x0024, 0x0004, 0x0024,
    0x0004, 0x0004, 0x0004, 0x0004, 0x0024, 0x0004, 0x0004, 0x0024, 0x0024, 0x0004, 0x0024, 0x0004,
    0x0004, 0x0024, 0x0024, 0x0024, 0x0024, 0x0024, 0x0004, 0x0004, 0x0004, 0x0004, 0x0004, 0x0004,
    0x0004, 0x0024, 0x0024, 0x0004, 0x0004, 0x0004, 0x0024, 0x0003, 0x0003, 0x0003, 0x0023, 0x0003,
    0x0004, 0x0024, 0x0024, 0x0003, 0x0845, 0x290A, 0x292B, 0x18C8, 0x0887, 0x0887, 0x0886, 0x0886,
    0x0886, 0x0887, 0x312C, 0x394E, 0x312D, 0x314D, 0x314D, 0x394D, 0x394D, 0x394E, 0x394E, 0x394D,
    0x394D, 0x394D, 0x394D, 0x394D, 0x394D, 0x314D, 0x394D, 0x394E, 0x394E, 0x314D, 0x394E, 0x290B,
    0x0887, 0x10A7, 0x0887, 0x0887, 0x0887, 0x0887, 0x0887, 0x0887, 0x0886, 0x0886, 0x0886, 0x0886,
    0x0886, 0x0886, 0x0886, 0x0886, 0x0886, 0x0886, 0x0886, 0x0886, 0x0886, 0x0886, 0x0886, 0x0886,
    0x0886, 0x0886, 0x0886, 0x0886, 0x0886, 0x0886, 0x0886, 0x0886, 0x0886, 0x0886, 0x0886, 0x0886,
    0x0886, 0x0886, 0x0886, 0x0887, 0x0886, 0x0886, 0x0887, 0x0887, 0x0886, 0x0886, 0x0886, 0x0886,
    0x0886, 0x0886, 0x0886, 0x0886, 0x0886, 0x0886, 0x0886, 0x0886, 0x0886, 0x0886, 0x0887, 0x0887,
    0x10A7, 0x08A7, 0x0886, 0x18E8, 0x292B, 0x294B, 0x1085, 0x0003, 0x0024, 0x0024, 0x0024, 0x0024,
    0x0024, 0x0024, 0x0024, 0x0024, 0x0024, 0x0024, 0x0024, 0x0004, 0x0024, 0x0024, 0x0024, 0x0003,
    0x0003, 0x0004, 0x0004, 0x0004, 0x0004, 0x0024, 0x0024, 0x0024, 0x0004, 0x0004, 0x0024, 0x0004,
    0x0024, 0x0004, 0x0004, 0x0024, 0x0024, 0x0024, 0x0004, 0x0003, 0x0004, 0x0004, 0x0024, 0x0024,
    0x0004, 0x0004, 0x0004, 0x0004, 0x0004, 0x0004, 0x0004, 0x0004, 0x0003, 0x0003, 0x0004, 0x0004,
    0x0004, 0x0024, 0x0004, 0x0004, 0x0024, 0x0024, 0x0024, 0x0004, 0x0024, 0x0004, 0x0024, 0x0004,
    0x0004, 0x0024, 0x0024, 0x0024, 0x0024, 0x0004, 0x0024, 0x0004, 0x0024, 0x0004, 0x0004, 0x0004,
    0x0004, 0x0004, 0x0004, 0x0004, 0x0004, 0x0004, 0x0004, 0x0024, 0x0004, 0x0024, 0x0004, 0x0024,
    0x0024, 0x0004, 0x0004, 0x0004, 0x0004, 0x0004, 0x0004, 0x0024, 0x0024, 0x0024, 0x0004, 0x0004,
    0x0024, 0x0004, 0x0024, 0x0004, 0x0004, 0x0004, 0x0024, 0x0004, 0x0004, 0x0024, 0x0004, 0x0024,
    0x0004, 0x0024, 0x0024, 0x0004, 0x0004, 0x0024, 0x0024, 0x0024, 0x0004, 0x0024, 0x0004, 0x0004,
    0x0024, 0x0024, 0x0004, 0x0024, 0x0003, 0x0003, 0x0003, 0x0004, 0x0024, 0x0024, 0x0004, 0x0004,
    0x0004, 0x0004, 0x0004, 0x0024, 0x0024, 0x0004, 0x0024, 0x0004, 0x0004, 0x0004, 0x0004, 0x0004,
    0x0024, 0x0024, 0x0024, 0x0004, 0x0004, 0x0004, 0x0024, 0x0004, 0x0024, 0x0004, 0x0024, 0x0024,
    0x0004, 0x0024, 0x0004, 0x0004, 0x0024, 0x0004, 0x0024, 0x0024, 0x0024, 0x0004, 0x0003, 0x0004,
    0x0004, 0x0024, 0x0004, 0x0024, 0x0004, 0x0004, 0x0004, 0x0004, 0x0024, 0x0004, 0x0003, 0x0004,
    0x0024, 0x0004, 0x0024, 0x0024, 0x0004, 0x0024, 0x0024, 0x0024, 0x0024, 0x0024, 0x0024, 0x0024,
    0x0004, 0x0024, 0x0024, 0x0024, 0x0004, 0x0004, 0x0004, 0x0004, 0x0004, 0x0004, 0x0024, 0x0024,
    0x0004, 0x0004, 0x0004, 0x0004, 0x0004, 0x0003, 0x0003, 0x0023, 0x0024, 0x0023, 0x0003, 0x0044,
    0x292A, 0x314B, 0x18C8, 0x0886, 0x0887, 0x0886, 0x0886, 0x0886, 0x0887, 0x0886, 0x18C9, 0x394E,
    0x394E, 0x394E, 0x394E, 0x394E, 0x394E, 0x394E, 0x394E, 0x394E, 0x394E, 0x394E, 0x394E, 0x394E,
    0x394E, 0x394E, 0x394E, 0x394E, 0x394E, 0x394E, 0x312D, 0x10A8, 0x08A7, 0x0887, 0x0887, 0x0887,
    0x0886, 0x0886, 0x0887, 0x0887, 0x0886, 0x0886, 0x0886, 0x0886, 0x0886, 0x0886, 0x0886, 0x0886,
    0x0886, 0x0887, 0x0886, 0x0886, 0x0886, 0x0886, 0x0886, 0x0886, 0x0886, 0x0886, 0x0886, 0x0886,
    0x0886, 0x0886, 0x0886, 0x0886, 0x0886, 0x0886, 0x0886, 0x0886, 0x0886, 0x0886, 0x0886, 0x0886,
    0x0887, 0x0886, 0x0886, 0x0886, 0x0886, 0x0886, 0x0886, 0x0886, 0x0886, 0x0886, 0x0886, 0x0886,
    0x0886, 0x0886, 0x0886, 0x0886, 0x0886, 0x0886, 0x0887, 0x0886, 0x0886, 0x0886, 0x0886, 0x0886,
    0x18C8, 0x292A, 0x292B, 0x1066, 0x0003, 0x0024, 0x0004, 0x0024, 0x0024, 0x0004, 0x0004, 0x0024,
    0x0024, 0x0024, 0x0004, 0x0004, 0x0024, 0x0024, 0x0024, 0x0003, 0x0003, 0x0003, 0x0003, 0x0004,
    0x0004, 0x0004, 0x0004, 0x0024, 0x0024, 0x0004, 0x0024, 0x0004, 0x0004, 0x0024, 0x0024, 0x0024,
    0x0024, 0x0024, 0x0003, 0x0004, 0x0003, 0x0003, 0x0004, 0x0004, 0x0004, 0x0004, 0x0004, 0x0004,
    0x0004, 0x0004, 0x0004, 0x0004, 0x0004, 0x0003, 0x0004, 0x0003, 0x0004, 0x0004, 0x0004, 0x0004,
    0x0004, 0x0024, 0x0024, 0x0004, 0x0024, 0x0024, 0x0024, 0x0024, 0x0024, 0x0004, 0x0024, 0x0024,
    0x0024, 0x0024, 0x0024, 0x0004, 0x0004, 0x0024, 0x0004, 0x0004, 0x0004, 0x0004, 0x0024, 0x0004,
    0x0024, 0x0024, 0x0024, 0x0004, 0x0004, 0x0004, 0x0024, 0x0004, 0x0004, 0x0004, 0x0004, 0x0024,
    0x0024, 0x0004, 0x0004, 0x0004, 0x0024, 0x0024, 0x0004, 0x0004, 0x0024, 0x0004, 0x0004, 0x0024,
    0x0024, 0x0024, 0x0004, 0x0024, 0x0024, 0x0024, 0x0024, 0x0004, 0x0003, 0x0003, 0x0024, 0x0024,
    0x0004, 0x0004, 0x0004, 0x0004, 0x0004, 0x0024, 0x0024, 0x0024, 0x0024, 0x0024, 0x0004, 0x0024,
    0x0004, 0x0004, 0x0004, 0x0004, 0x0024, 0x0004, 0x0003, 0x0024, 0x0003, 0x0024, 0x0004, 0x0004,
    0x0024, 0x0004, 0x0024, 0x0024, 0x0004, 0x0024, 0x0004, 0x0004, 0x0024, 0x0024, 0x0024, 0x0004,
    0x0004, 0x0004, 0x0024, 0x0024, 0x0004, 0x0004, 0x0004, 0x0024, 0x0004, 0x0004, 0x0004, 0x0004,
    0x0024, 0x0024, 0x0024, 0x0004, 0x0004, 0x0004, 0x0003, 0x0003, 0x0004, 0x0024, 0x0024, 0x0024,
    0x0004, 0x0003, 0x0004, 0x0004, 0x0024, 0x0004, 0x0004, 0x0004, 0x0024, 0x0024, 0x0024, 0x0024,
    0x0004, 0x0004, 0x0024, 0x0024, 0x0024, 0x0024, 0x0004, 0x0004, 0x0024, 0x0024, 0x0024, 0x0024,
    0x0004, 0x0024, 0x0024, 0x0024, 0x0024, 0x0024, 0x0004, 0x0024, 0x0004, 0x0004, 0x0004, 0x0024,
    0x0024, 0x0023, 0x0004, 0x0003, 0x0024, 0x0024, 0x0023, 0x292A, 0x292A, 0x10C8, 0x0887, 0x0887,
    0x0886, 0x0886, 0x0886, 0x0886, 0x0886, 0x0887, 0x0886, 0x10A8, 0x20EA, 0x290B, 0x20EB, 0x20EB,
    0x290B, 0x28EB, 0x20EA, 0x20EA, 0x290B, 0x290B, 0x290B, 0x290B, 0x290B, 0x290B, 0x290B, 0x290B,
    0x290B, 0x20EA, 0x10A7, 0x0886, 0x08A7, 0x0887, 0x0887, 0x0887, 0x0886, 0x0886, 0x0887, 0x0886,
    0x0887, 0x0886, 0x0886, 0x0886, 0x0886, 0x0886, 0x0886, 0x0886, 0x0886, 0x0887, 0x0886, 0x0886,
    0x0886, 0x0886, 0x0886, 0x0886, 0x0886, 0x0886, 0x0886, 0x0886, 0x0886, 0x0886, 0x0886, 0x0886,
    0x0886, 0x0886, 0x0886, 0x0886, 0x0886, 0x0886, 0x0886, 0x0886, 0x0887, 0x0886, 0x0886, 0x0886,
    0x0886, 0x0887, 0x0886, 0x0886, 0x0886, 0x0886, 0x0886, 0x0886, 0x0886, 0x0886, 0x0886, 0x0886,
    0x0886, 0x0886, 0x0886, 0x0886, 0x0886, 0x0886, 0x0886, 0x0886, 0x0886, 0x20E9, 0x316D, 0x1087,
    0x0004, 0x0024, 0x0003, 0x0024, 0x0024, 0x0024, 0x0024, 0x0004, 0x0004, 0x0024, 0x0004, 0x0024,
    0x0024, 0x0024, 0x0024, 0x0003, 0x0003, 0x0003, 0x0003, 0x0004, 0x0024, 0x0004, 0x0004, 0x0024,
    0x0004, 0x0024, 0x0004, 0x0004, 0x0003, 0x0024, 0x0024, 0x0004, 0x0004, 0x0024, 0x0003, 0x0003,
    0x0003, 0x0024, 0x0004, 0x0004, 0x0004, 0x0004, 0x0004, 0x0004, 0x0004, 0x0004, 0x0004, 0x0004,
    0x0024, 0x0004, 0x0003, 0x0003, 0x0004, 0x0004, 0x0004, 0x0024, 0x0024, 0x0024, 0x0004, 0x0024,
    0x0024, 0x0024, 0x0024, 0x0024, 0x0024, 0x0004, 0x0024, 0x0024, 0x0024, 0x0024, 0x0024, 0x0024,
    0x0024, 0x0004, 0x0004, 0x0004, 0x0004, 0x0004, 0x0024, 0x0004, 0x0004, 0x0004, 0x0004, 0x0004,
    0x0024, 0x0004, 0x0004, 0x0024, 0x0024, 0x0004, 0x0004, 0x0024, 0x0024, 0x0004, 0x0004, 0x0004,
    0x0003, 0x0004, 0x0004, 0x0004, 0x0004, 0x0024, 0x0004, 0x0004, 0x0024, 0x0004, 0x0004, 0x0024,
    0x0004, 0x0003, 0x0003, 0x0004, 0x0003, 0x0003, 0x0003, 0x0004, 0x0004, 0x0004, 0x0003, 0x0024,
    0x0003, 0x0004, 0x0024, 0x0024, 0x0024, 0x0024, 0x0004, 0x0004, 0x0004, 0x0004, 0x0004, 0x0004,
    0x0024, 0x0004, 0x0024, 0x0004, 0x0003, 0x0024, 0x0004, 0x0004, 0x0024, 0x0024, 0x0024, 0x0024,
    0x0004, 0x0004, 0x0004, 0x0024, 0x0024, 0x0024, 0x0024, 0x0024, 0x0024, 0x0004, 0x0024, 0x0004,
    0x0004, 0x0004, 0x0024, 0x0004, 0x0024, 0x0024, 0x0024, 0x0024, 0x0004, 0x0004, 0x0024, 0x0004,
    0x0004, 0x0004, 0x0003, 0x0003, 0x0003, 0x0004, 0x0004, 0x0004, 0x0024, 0x0004, 0x0004, 0x0024,
    0x0024, 0x0004, 0x0004, 0x0004, 0x0024, 0x0024, 0x0024, 0x0024, 0x0024, 0x0004, 0x0004, 0x0004,
    0x0004, 0x0004, 0x0004, 0x0024, 0x0024, 0x0024, 0x0024, 0x0024, 0x0024, 0x0024, 0x0024, 0x0024,
    0x0024, 0x0024, 0x0024, 0x0024, 0x0024, 0x0004, 0x0024, 0x0004, 0x0003, 0x0024, 0x0023, 0x0023,
    0x0023, 0x0003, 0x20E9, 0x314B, 0x10C8, 0x0886, 0x08A7, 0x0886, 0x0886, 0x0886, 0x0886, 0x0886,
    0x0886, 0x0886, 0x0886, 0x0886, 0x0886, 0x0886, 0x0886, 0x0886, 0x0886, 0x0866, 0x0866, 0x0866,
    0x0886, 0x0886, 0x0886, 0x0886, 0x0886, 0x0886, 0x0886, 0x0886, 0x0886, 0x0886, 0x0887, 0x0887,
    0x0886, 0x0886, 0x0887, 0x0887, 0x0887, 0x0887, 0x0887, 0x0887, 0x0886, 0x0886, 0x0886, 0x0886,
    0x0886, 0x0886, 0x0886, 0x0886, 0x0886, 0x0886, 0x0886, 0x0886, 0x0886, 0x0886, 0x0886, 0x0886,
    0x0886, 0x0886, 0x0886, 0x0886, 0x0886, 0x0886, 0x0886, 0x0886, 0x0886, 0x0886, 0x0886, 0x0886,
    0x0886, 0x0886, 0x0886, 0x0886, 0x0886, 0x0886, 0x0886, 0x0886, 0x0886, 0x0887, 0x0886, 0x0886,
    0x0886, 0x0886, 0x0886, 0x0886, 0x0886, 0x0886, 0x0886, 0x0886, 0x0886, 0x0886, 0x0886, 0x0886,
    0x0886, 0x0886, 0x0886, 0x0886, 0x0886, 0x18C8, 0x292B, 0x0866, 0x0003, 0x0004, 0x0024, 0x0024,
    0x0024, 0x0024, 0x0024, 0x0004, 0x0004, 0x0024, 0x0024, 0x0024, 0x0024, 0x0003, 0x0004, 0x0003,
    0x0004, 0x0003, 0x0003, 0x0004, 0x0024, 0x0004, 0x0024, 0x0024, 0x0024, 0x0024, 0x0004, 0x0004,
    0x0024, 0x0024, 0x0024, 0x0024, 0x0004, 0x0004, 0x0003, 0x0024, 0x0003, 0x0004, 0x0004, 0x0004,
    0x0024, 0x0004, 0x0004, 0x0004, 0x0024, 0x0024, 0x0004, 0x0003, 0x0004, 0x0003, 0x0003, 0x0004,
    0x0004, 0x0004, 0x0024, 0x0024, 0x0024, 0x0024, 0x0024, 0x0024, 0x0004, 0x0024, 0x0024, 0x0024,
    0x0004, 0x0024, 0x0004, 0x0004, 0x0024, 0x0024, 0x0024, 0x0024, 0x0024, 0x0004, 0x0004, 0x0004,
    0x0004, 0x0004, 0x0004, 0x0004, 0x0024, 0x0024, 0x0024, 0x0024, 0x0024, 0x0004, 0x0004, 0x0004,
    0x0024, 0x0004, 0x0004, 0x0004, 0x0004, 0x0024, 0x0004, 0x0003, 0x0003, 0x0003, 0x0003, 0x0024,
    0x0004, 0x0004, 0x0024, 0x0004, 0x0024, 0x0024, 0x0024, 0x0024, 0x0004, 0x0004, 0x0003, 0x0024,
    0x0003, 0x0003, 0x0003, 0x0003, 0x0003, 0x0024, 0x0024, 0x0004, 0x0004, 0x0004, 0x0004, 0x0024,
    0x0024, 0x0024, 0x0024, 0x0004, 0x0004, 0x0004, 0x0024, 0x0004, 0x0024, 0x0004, 0x0004, 0x0003,
    0x0003, 0x0003, 0x0004, 0x0024, 0x0004, 0x0004, 0x0024, 0x0024, 0x0004, 0x0004, 0x0024, 0x0024,
    0x0024, 0x0024, 0x0024, 0x0024, 0x0024, 0x0004, 0x0004, 0x0004, 0x0004, 0x0004, 0x0024, 0x0024,
    0x0004, 0x0004, 0x0004, 0x0004, 0x0004, 0x0004, 0x0024, 0x0004, 0x0003, 0x0003, 0x0003, 0x0003,
    0x0004, 0x0024, 0x0024, 0x0004, 0x0024, 0x0024, 0x0004, 0x0004, 0x0004, 0x0004, 0x0004, 0x0004,
    0x0024, 0x0024, 0x0024, 0x0024, 0x0024, 0x0004, 0x0004, 0x0004, 0x0024, 0x0004, 0x0004, 0x0004,
    0x0024, 0x0004, 0x0024, 0x0024, 0x0024, 0x0024, 0x0024, 0x0024, 0x0004, 0x0024, 0x0024, 0x0024,
    0x0024, 0x0024, 0x0004, 0x0024, 0x0004, 0x0004, 0x0024, 0x0024, 0x0003, 0x18A8, 0x292B, 0x10C8,
    0x0886, 0x08A7, 0x0886, 0x0886, 0x0886, 0x0886, 0x0886, 0x0886, 0x0886, 0x0886, 0x0886, 0x0887,
    0x0887, 0x0887, 0x0887, 0x0886, 0x0886, 0x0886, 0x0886, 0x0886, 0x0886, 0x0887, 0x0887, 0x0886,
    0x0886, 0x0887, 0x0887, 0x0887, 0x0887, 0x0887, 0x0887, 0x0887, 0x0886, 0x0887, 0x0887, 0x0887,
    0x0887, 0x0887, 0x0887, 0x0887, 0x0886, 0x0886, 0x0886, 0x0886, 0x0886, 0x0886, 0x0886, 0x0886,
    0x0886, 0x0886, 0x0886, 0x0886, 0x0886, 0x0886, 0x0886, 0x0886, 0x0886, 0x0886, 0x0886, 0x0886,
    0x0886, 0x0886, 0x0886, 0x0886, 0x0886, 0x0886, 0x0886, 0x0886, 0x0886, 0x0886, 0x0886, 0x0886,
    0x0886, 0x0886, 0x0886, 0x0886, 0x0886, 0x0886, 0x0886, 0x0886, 0x0886, 0x0886, 0x0886, 0x0886,
    0x0886, 0x0886, 0x0886, 0x0886, 0x0886, 0x0886, 0x0886, 0x0886, 0x0886, 0x0886, 0x0886, 0x0886,
    0x1087, 0x0886, 0x18E8, 0x2109, 0x0865, 0x0003, 0x0004, 0x0024, 0x0024, 0x0024, 0x0024, 0x0004,
    0x0004, 0x0024, 0x0024, 0x0024, 0x0024, 0x0024, 0x0004, 0x0004, 0x0004, 0x0003, 0x0004, 0x0003,
    0x0024, 0x0024, 0x0024, 0x0024, 0x0004, 0x0024, 0x0004, 0x0004, 0x0024, 0x0024, 0x0004, 0x0024,
    0x0004, 0x0004, 0x0004, 0x0024, 0x0004, 0x0004, 0x0004, 0x0004, 0x0024, 0x0004, 0x0024, 0x0004,
    0x0024, 0x0004, 0x0004, 0x0004, 0x0003, 0x0003, 0x0023, 0x0024, 0x0004, 0x0004, 0x0004, 0x0024,
    0x0024, 0x0024, 0x0024, 0x0004, 0x0024, 0x0024, 0x0004, 0x0024, 0x0004, 0x0004, 0x0004, 0x0004,
    0x0024, 0x0004, 0x0004, 0x0004, 0x0004, 0x0024, 0x0024, 0x0003, 0x0004, 0x0004, 0x0024, 0x0004,
    0x0004, 0x0024, 0x0004, 0x0024, 0x0024, 0x0004, 0x0024, 0x0024, 0x0024, 0x0004, 0x0004, 0x0004,
    0x0004, 0x0004, 0x0004, 0x0003, 0x0003, 0x0004, 0x0024, 0x0004, 0x0004, 0x0004, 0x0004, 0x0024,
    0x0004, 0x0004, 0x0024, 0x0024, 0x0004, 0x0004, 0x0004, 0x0004, 0x0003, 0x0004, 0x0004, 0x0003,
    0x0003, 0x0024, 0x0004, 0x0004, 0x0003, 0x0003, 0x0004, 0x0004, 0x0024, 0x0004, 0x0004, 0x0004,
    0x0024, 0x0004, 0x0004, 0x0004, 0x0024, 0x0004, 0x0003, 0x0004, 0x0003, 0x0003, 0x0003, 0x0003,
    0x0004, 0x0004, 0x0024, 0x0004, 0x0004, 0x0004, 0x0024, 0x0004, 0x0024, 0x0024, 0x0004, 0x0024,
    0x0004, 0x0024, 0x0024, 0x0024, 0x0024, 0x0024, 0x0004, 0x0004, 0x0024, 0x0004, 0x0004, 0x0004,
    0x0003, 0x0004, 0x0024, 0x0004, 0x0003, 0x0003, 0x0003, 0x0003, 0x0003, 0x0024, 0x0024, 0x0004,
    0x0003, 0x0003, 0x0024, 0x0024, 0x0024, 0x0024, 0x0024, 0x0024, 0x0024, 0x0024, 0x0004, 0x0024,
    0x0024, 0x0024, 0x0024, 0x0024, 0x0024, 0x0004, 0x0024, 0x0004, 0x0004, 0x0024, 0x0024, 0x0004,
    0x0024, 0x0004, 0x0004, 0x0004, 0x0004, 0x0024, 0x0024, 0x0024, 0x0004, 0x0024, 0x0024, 0x0004,
    0x0024, 0x0024, 0x0024, 0x0003, 0x18C8, 0x292B, 0x10C8, 0x0886, 0x0887, 0x0886, 0x0886, 0x0886,
    0x0886, 0x0886, 0x0886, 0x0886, 0x0886, 0x0886, 0x0886, 0x0886, 0x0887, 0x0886, 0x0886, 0x0886,
    0x0886, 0x0886, 0x0886, 0x0886, 0x0886, 0x0886, 0x0886, 0x0886, 0x0886, 0x0886, 0x0886, 0x0886,
    0x0886, 0x0887, 0x0887, 0x0887, 0x0887, 0x0887, 0x0887, 0x0887, 0x0887, 0x0886, 0x0887, 0x0887,
    0x0886, 0x0886, 0x0886, 0x0886, 0x0886, 0x0886, 0x0886, 0x0886, 0x0886, 0x0886, 0x0886, 0x0886,
    0x0886, 0x0886, 0x0886, 0x0886, 0x0886, 0x0886, 0x0886, 0x0886, 0x0886, 0x0886, 0x0886, 0x0886,
    0x0886, 0x0886, 0x0886, 0x0886, 0x0886, 0x0886, 0x0886, 0x0886, 0x0886, 0x0886, 0x0886, 0x0887,
    0x0886, 0x0886, 0x0886, 0x0886, 0x0886, 0x0886, 0x0886, 0x0886, 0x0886, 0x0886, 0x0886, 0x0886,
    0x0886, 0x0886, 0x0886, 0x0886, 0x0886, 0x0886, 0x0886, 0x0886, 0x0886, 0x0886, 0x1086, 0x210A,
    0x210A, 0x290A, 0x1087, 0x0024, 0x0023, 0x0024, 0x0024, 0x0003, 0x0003, 0x0024, 0x0004, 0x0004,
    0x0024, 0x0024, 0x0004, 0x0004, 0x0003, 0x0003, 0x0004, 0x0004, 0x0024, 0x0024, 0x0004, 0x0004,
    0x0024, 0x0004, 0x0004, 0x0024, 0x0004, 0x0024, 0x0004, 0x0004, 0x0024, 0x0024, 0x0004, 0x0003,
    0x0004, 0x0024, 0x0024, 0x0024, 0x0024, 0x0024, 0x0024, 0x0004, 0x0004, 0x0003, 0x0003, 0x0004,
    0x0004, 0x0004, 0x0004, 0x0004, 0x0004, 0x0004, 0x0004, 0x0024, 0x0024, 0x0024, 0x0024, 0x0004,
    0x0004, 0x0004, 0x0004, 0x0003, 0x0003, 0x0004, 0x0024, 0x0024, 0x0024, 0x0004, 0x0004, 0x0004,
    0x0003, 0x0004, 0x0004, 0x0003, 0x0003, 0x0004, 0x0004, 0x0004, 0x0024, 0x0024, 0x0004, 0x0024,
    0x0024, 0x0004, 0x0024, 0x0024, 0x0004, 0x0004, 0x0003, 0x0004, 0x0004, 0x0004, 0x0004, 0x0004,
    0x0004, 0x0004, 0x0004, 0x0004, 0x0004, 0x0004, 0x0004, 0x0024, 0x0004, 0x0004, 0x0003, 0x0024,
    0x0003, 0x0003, 0x0003, 0x0003, 0x0024, 0x0004, 0x0004, 0x0003, 0x0003, 0x0024, 0x0004, 0x0024,
    0x0003, 0x0003, 0x0003, 0x0003, 0x0024, 0x0024, 0x0004, 0x0024, 0x0024, 0x0024, 0x0024, 0x0024,
    0x0024, 0x0004, 0x0003, 0x0003, 0x0003, 0x0003, 0x0004, 0x0003, 0x0003, 0x0024, 0x0004, 0x0004,
    0x0024, 0x0004, 0x0004, 0x0004, 0x0004, 0x0004, 0x0004, 0x0024, 0x0004, 0x0024, 0x0004, 0x0004,
    0x0004, 0x0004, 0x0004, 0x0004, 0x0004, 0x0003, 0x0004, 0x0004, 0x0003, 0x0004, 0x0004, 0x0004,
    0x0003, 0x0003, 0x0003, 0x0003, 0x0004, 0x0024, 0x0024, 0x0003, 0x0004, 0x0004, 0x0004, 0x0004,
    0x0004, 0x0024, 0x0024, 0x0004, 0x0024, 0x0024, 0x0024, 0x0024, 0x0004, 0x0024, 0x0004, 0x0024,
    0x0024, 0x0004, 0x0004, 0x0004, 0x0003, 0x0003, 0x0004, 0x0004, 0x0004, 0x0004, 0x0004, 0x0004,
    0x0024, 0x0004, 0x0024, 0x0024, 0x0024, 0x0024, 0x0004, 0x0003, 0x0024, 0x0024, 0x0024, 0x0002,
    0x18C8, 0x18E9, 0x0886, 0x0887, 0x0887, 0x0886, 0x0886, 0x0886, 0x0886, 0x0886, 0x0886, 0x0886,
    0x0886, 0x0886, 0x0887, 0x0886, 0x0887, 0x0886, 0x0886, 0x0887, 0x0886, 0x0886, 0x0886, 0x0886,
    0x0886, 0x0886, 0x0886, 0x0886, 0x0886, 0x0886, 0x0886, 0x0887, 0x0886, 0x0886, 0x0887, 0x0887,
    0x0887, 0x0887, 0x0886, 0x0887, 0x0887, 0x0887, 0x0886, 0x0886, 0x0886, 0x0886, 0x0886, 0x0886,
    0x0886, 0x0886, 0x0886, 0x0886, 0x0886, 0x0886, 0x0886, 0x0886, 0x0886, 0x0886, 0x0886, 0x0886,
    0x0886, 0x0886, 0x0886, 0x0886, 0x0886, 0x0886, 0x0886, 0x0886, 0x0886, 0x0886, 0x0886, 0x0886,
    0x0886, 0x0886, 0x0886, 0x0886, 0x0886, 0x0886, 0x0887, 0x0886, 0x0886, 0x0886, 0x0886, 0x0886,
    0x0886, 0x0886, 0x0886, 0x0886, 0x0886, 0x0886, 0x0886, 0x0886, 0x0886, 0x0886, 0x0886, 0x0886,
    0x0886, 0x0886, 0x0886, 0x0886, 0x0886, 0x0886, 0x0886, 0x10A7, 0x10A7, 0x210A, 0x314C, 0x2109,
    0x0024, 0x0024, 0x0024, 0x0004, 0x0024, 0x0024, 0x0003, 0x0024, 0x0024, 0x0024, 0x0004, 0x0004,
    0x0004, 0x0004, 0x0004, 0x0024, 0x0004, 0x0003, 0x0024, 0x0024, 0x0024, 0x0004, 0x0024, 0x0024,
    0x0024, 0x0003, 0x0003, 0x0004, 0x0004, 0x0004, 0x0003, 0x0003, 0x0003, 0x0024, 0x0024, 0x0024,
    0x0024, 0x0004, 0x0004, 0x0004, 0x0004, 0x0004, 0x0003, 0x0004, 0x0004, 0x0004, 0x0004, 0x0003,
    0x0004, 0x0024, 0x0024, 0x0004, 0x0004, 0x0024, 0x0024, 0x0004, 0x0004, 0x0004, 0x0004, 0x0003,
    0x0003, 0x0003, 0x0004, 0x0024, 0x0024, 0x0024, 0x0004, 0x0004, 0x0003, 0x0003, 0x0024, 0x0003,
    0x0004, 0x0024, 0x0003, 0x0004, 0x0004, 0x0024, 0x0003, 0x0004, 0x0024, 0x0024, 0x0024, 0x0024,
    0x0004, 0x0004, 0x0003, 0x0003, 0x0004, 0x0024, 0x0003, 0x0003, 0x0004, 0x0003, 0x0004, 0x0004,
    0x0003, 0x0004, 0x0004, 0x0024, 0x0004, 0x0024, 0x0024, 0x0004, 0x0003, 0x0003, 0x0003, 0x0003,
    0x0004, 0x0004, 0x0023, 0x0003, 0x0003, 0x0024, 0x0024, 0x0004, 0x0003, 0x0003, 0x0003, 0x0003,
    0x0024, 0x0004, 0x0024, 0x0024, 0x0024, 0x0004, 0x0024, 0x0004, 0x0024, 0x0024, 0x0003, 0x0003,
    0x0004, 0x0003, 0x0003, 0x0003, 0x0004, 0x0024, 0x0024, 0x0004, 0x0024, 0x0024, 0x0004, 0x0004,
    0x0004, 0x0024, 0x0024, 0x0024, 0x0024, 0x0024, 0x0024, 0x0004, 0x0004, 0x0004, 0x0004, 0x0004,
    0x0004, 0x0024, 0x0003, 0x0004, 0x0003, 0x0004, 0x0004, 0x0003, 0x0004, 0x0003, 0x0003, 0x0003,
    0x0004, 0x0024, 0x0024, 0x0004, 0x0003, 0x0004, 0x0004, 0x0004, 0x0004, 0x0004, 0x0024, 0x0004,
    0x0024, 0x0004, 0x0024, 0x0024, 0x0004, 0x0004, 0x0003, 0x0024, 0x0024, 0x0024, 0x0004, 0x0003,
    0x0003, 0x0004, 0x0003, 0x0004, 0x0004, 0x0024, 0x0024, 0x0004, 0x0024, 0x0004, 0x0004, 0x0024,
    0x0024, 0x0024, 0x0024, 0x0024, 0x0004, 0x0024, 0x0003, 0x0845, 0x290A, 0x18C8, 0x0886, 0x0886,
    0x0886, 0x0886, 0x0886, 0x0886, 0x0886, 0x0886, 0x0886, 0x0886, 0x0886, 0x0886, 0x0886, 0x0886,
    0x0886, 0x0886, 0x0887, 0x10A7, 0x0887, 0x0887, 0x0886, 0x0886, 0x0886, 0x0886, 0x0887, 0x0886,
    0x0886, 0x0886, 0x0886, 0x0887, 0x0886, 0x0886, 0x0887, 0x0887, 0x0886, 0x0886, 0x0886, 0x0886,
    0x0887, 0x0887, 0x0887, 0x0886, 0x0886, 0x0886, 0x0886, 0x0886, 0x0886, 0x0886, 0x0886, 0x0886,
    0x0886, 0x0886, 0x0886, 0x0886, 0x0886, 0x0886, 0x0886, 0x0886, 0x0886, 0x0886, 0x0886, 0x0886,
    0x0886, 0x0886, 0x0886, 0x0886, 0x0886, 0x0886, 0x0886, 0x0886, 0x0886, 0x0886, 0x0886, 0x0886,
    0x0886, 0x0886, 0x0887, 0x0887, 0x0886, 0x0886, 0x0886, 0x0886, 0x0886, 0x0886, 0x0886, 0x0886,
    0x0886, 0x0886, 0x0886, 0x0886, 0x0886, 0x0886, 0x0886, 0x0886, 0x0886, 0x0886, 0x0886, 0x0886,
    0x0886, 0x0886, 0x0887, 0x0887, 0x0887, 0x0886, 0x18E8, 0x294B, 0x18C7, 0x0003, 0x0024, 0x0024,
    0x0004, 0x0004, 0x0024, 0x0003, 0x0004, 0x0024, 0x0024, 0x0024, 0x0024, 0x0004, 0x0004, 0x0004,
    0x0003, 0x0003, 0x0024, 0x0024, 0x0004, 0x0004, 0x0024, 0x0024, 0x0024, 0x0003, 0x0003, 0x0003,
    0x0004, 0x0003, 0x0003, 0x0003, 0x0003, 0x0004, 0x0024, 0x0024, 0x0024, 0x0024, 0x0004, 0x0004,
    0x0024, 0x0004, 0x0004, 0x0004, 0x0024, 0x0004, 0x0004, 0x0003, 0x0024, 0x0024, 0x0004, 0x0024,
    0x0024, 0x0004, 0x0004, 0x0024, 0x0004, 0x0003, 0x0003, 0x0003, 0x0003, 0x0003, 0x0024, 0x0024,
    0x0024, 0x0024, 0x0004, 0x0023, 0x0024, 0x0003, 0x0004, 0x0003, 0x0003, 0x0004, 0x0003, 0x0003,
    0x0024, 0x0024, 0x0024, 0x0024, 0x0004, 0x0004, 0x0004, 0x0024, 0x0024, 0x0004, 0x0004, 0x0004,
    0x0004, 0x0024, 0x0004, 0x0024, 0x0024, 0x0003, 0x0003, 0x0004, 0x0003, 0x0024, 0x0004, 0x0004,
    0x0004, 0x0004, 0x0004, 0x0004, 0x0004, 0x0003, 0x0003, 0x0003, 0x0024, 0x0004, 0x0003, 0x0003,
    0x0003, 0x0003, 0x0003, 0x0003, 0x0003, 0x0003, 0x0003, 0x0003, 0x0003, 0x0024, 0x0004, 0x0004,
    0x0004, 0x0024, 0x0004, 0x0024, 0x0024, 0x0004, 0x0004, 0x0003, 0x0003, 0x0003, 0x0004, 0x0004,
    0x0004, 0x0004, 0x0004, 0x0004, 0x0024, 0x0024, 0x0004, 0x0004, 0x0024, 0x0024, 0x0004, 0x0024,
    0x0024, 0x0024, 0x0024, 0x0004, 0x0004, 0x0004, 0x0024, 0x0024, 0x0004, 0x0004, 0x0003, 0x0004,
    0x0004, 0x0004, 0x0003, 0x0004, 0x0024, 0x0003, 0x0003, 0x0003, 0x0004, 0x0004, 0x0024, 0x0024,
    0x0003, 0x0003, 0x0004, 0x0004, 0x0003, 0x0004, 0x0024, 0x0024, 0x0024, 0x0024, 0x0024, 0x0024,
    0x0024, 0x0003, 0x0003, 0x0003, 0x0003, 0x0003, 0x0004, 0x0004, 0x0004, 0x0003, 0x0003, 0x0004,
    0x0004, 0x0024, 0x0024, 0x0024, 0x0004, 0x0004, 0x0004, 0x0004, 0x0004, 0x0004, 0x0024, 0x0024,
    0x0003, 0x0024, 0x0023, 0x20E9, 0x212B, 0x10A7, 0x10A7, 0x0886, 0x0886, 0x0886, 0x0886, 0x0886,
    0x0886, 0x0887, 0x0886, 0x0887, 0x0886, 0x0886, 0x0886, 0x0886, 0x0886, 0x0886, 0x0886, 0x0866,
    0x0887, 0x10A7, 0x0887, 0x0886, 0x0886, 0x0886, 0x0066, 0x0866, 0x0886, 0x0886, 0x0886, 0x0887,
    0x0887, 0x0887, 0x0887, 0x0887, 0x0886, 0x0887, 0x0886, 0x0886, 0x0886, 0x0887, 0x0886, 0x0886,
    0x0886, 0x0886, 0x0886, 0x0886, 0x0886, 0x0886, 0x0886, 0x0886, 0x0886, 0x0886, 0x0886, 0x0886,
    0x0886, 0x0886, 0x0886, 0x0886, 0x0886, 0x0886, 0x0886, 0x0886, 0x0886, 0x0886, 0x0886, 0x0886,
    0x0886, 0x0886, 0x0886, 0x0886, 0x0886, 0x0886, 0x0886, 0x0886, 0x0886, 0x0887, 0x0887, 0x0887,
    0x0886, 0x0886, 0x0886, 0x0886, 0x0886, 0x0886, 0x0886, 0x0886, 0x0886, 0x0886, 0x0886, 0x0886,
    0x0886, 0x0886, 0x0886, 0x0886, 0x0886, 0x0886, 0x0886, 0x0886, 0x0886, 0x0886, 0x0886, 0x0886,
    0x0886, 0x0886, 0x0886, 0x18E9, 0x294B, 0x1086, 0x0003, 0x0004, 0x0004, 0x0023, 0x0004, 0x0003,
    0x0024, 0x0024, 0x0004, 0x0003, 0x0003, 0x0004, 0x0003, 0x0003, 0x0024, 0x0003, 0x0004, 0x0004,
    0x0004, 0x0004, 0x0004, 0x0004, 0x0024, 0x0003, 0x0004, 0x0003, 0x0003, 0x0003, 0x0003, 0x0003,
    0x0003, 0x0003, 0x0004, 0x0004, 0x0024, 0x0004, 0x0004, 0x0004, 0x0024, 0x0004, 0x0004, 0x0024,
    0x0024, 0x0004, 0x0004, 0x0024, 0x0024, 0x0024, 0x0024, 0x0004, 0x0024, 0x0024, 0x0004, 0x0004,
    0x0004, 0x0003, 0x0003, 0x0003, 0x0004, 0x0024, 0x0024, 0x0024, 0x0024, 0x0004, 0x0004, 0x0004,
    0x0004, 0x0004, 0x0003, 0x0003, 0x0004, 0x0004, 0x0004, 0x0024, 0x0004, 0x0004, 0x0004, 0x0024,
    0x0024, 0x0024, 0x0004, 0x0024, 0x0024, 0x0004, 0x0024, 0x0004, 0x0024, 0x0024, 0x0024, 0x0024,
    0x0004, 0x0004, 0x0003, 0x0003, 0x0003, 0x0003, 0x0003, 0x0024, 0x0003, 0x0024, 0x0003, 0x0003,
    0x0004, 0x0023, 0x0003, 0x0003, 0x0004, 0x0004, 0x0023, 0x0003, 0x0003, 0x0003, 0x0003, 0x0003,
    0x0003, 0x0003, 0x0003, 0x0003, 0x0004, 0x0024, 0x0004, 0x0004, 0x0004, 0x0004, 0x0004, 0x0004,
    0x0024, 0x0024, 0x0024, 0x0004, 0x0024, 0x0004, 0x0004, 0x0004, 0x0004, 0x0004, 0x0004, 0x0004,
    0x0003, 0x0004, 0x0004, 0x0004, 0x0024, 0x0004, 0x0024, 0x0024, 0x0024, 0x0024, 0x0024, 0x0024,
    0x0004, 0x0004, 0x0004, 0x0004, 0x0003, 0x0024, 0x0004, 0x0004, 0x0003, 0x0003, 0x0024, 0x0024,
    0x0004, 0x0004, 0x0004, 0x0004, 0x0004, 0x0004, 0x0003, 0x0003, 0x0024, 0x0003, 0x0003, 0x0003,
    0x0004, 0x0004, 0x0004, 0x0004, 0x0024, 0x0024, 0x0024, 0x0024, 0x0024, 0x0004, 0x0004, 0x0004,
    0x0003, 0x0003, 0x0003, 0x0003, 0x0003, 0x0003, 0x0004, 0x0004, 0x0024, 0x0024, 0x0004, 0x0024,
    0x0024, 0x0024, 0x0004, 0x0004, 0x0024, 0x0023, 0x0024, 0x0024, 0x0024, 0x0003, 0x1086, 0x316C,
    0x18E9, 0x0887, 0x10A7, 0x0887, 0x0886, 0x0886, 0x0886, 0x0886, 0x0886, 0x0887, 0x08A7, 0x0887,
    0x0887, 0x0887, 0x0886, 0x0886, 0x0887, 0x08A7, 0x0886, 0x9BB1, 0x49EB, 0x0066, 0x10A7, 0x08A7,
    0x0886, 0x0866, 0x398A, 0x18C7, 0x0866, 0x0886, 0x0886, 0x0886, 0x0886, 0x0887, 0x0886, 0x0887,
    0x0887, 0x0886, 0x0886, 0x0887, 0x0887, 0x0886, 0x0886, 0x0886, 0x0886, 0x0886, 0x0886, 0x0886,
    0x0886, 0x0886, 0x0886, 0x0886, 0x0886, 0x0886, 0x0886, 0x0886, 0x0886, 0x0886, 0x0886, 0x0886,
    0x0886, 0x0886, 0x0886, 0x0886, 0x0886, 0x0886, 0x0886, 0x0886, 0x0886, 0x0886, 0x0886, 0x0886,
    0x0886, 0x0886, 0x0886, 0x0886, 0x0886, 0x0886, 0x0886, 0x0886, 0x0886, 0x0886, 0x0886, 0x0886,
    0x0886, 0x0886, 0x0886, 0x0886, 0x0886, 0x0886, 0x0886, 0x0886, 0x0886, 0x0886, 0x0886, 0x0886,
    0x0886, 0x0886, 0x0886, 0x0886, 0x0886, 0x0886, 0x0886, 0x0886, 0x0886, 0x0886, 0x0886, 0x0886,
    0x292A, 0x292B, 0x0865, 0x0023, 0x0024, 0x0004, 0x0004, 0x0004, 0x0024, 0x0024, 0x0004, 0x0003,
    0x0003, 0x0004, 0x0003, 0x0003, 0x0004, 0x0004, 0x0003, 0x0023, 0x0004, 0x0004, 0x0004, 0x0004,
    0x0004, 0x0024, 0x0024, 0x0004, 0x0003, 0x0023, 0x0003, 0x0024, 0x0003, 0x0003, 0x0023, 0x0004,
    0x0004, 0x0004, 0x0004, 0x0004, 0x0024, 0x0024, 0x0004, 0x0024, 0x0024, 0x0004, 0x0004, 0x0024,
    0x0024, 0x0003, 0x0004, 0x0004, 0x0024, 0x0024, 0x0003, 0x0004, 0x0003, 0x0023, 0x0023, 0x0003,
    0x0003, 0x0024, 0x0024, 0x0004, 0x0004, 0x0024, 0x0003, 0x0004, 0x0004, 0x0003, 0x0003, 0x0004,
    0x0004, 0x0004, 0x0003, 0x0024, 0x0004, 0x0024, 0x0024, 0x0004, 0x0024, 0x0024, 0x0024, 0x0004,
    0x0004, 0x0004, 0x0024, 0x0024, 0x0024, 0x0024, 0x0024, 0x0024, 0x0024, 0x0004, 0x0003, 0x0003,
    0x0003, 0x0003, 0x0003, 0x0003, 0x0003, 0x0003, 0x0003, 0x0003, 0x0003, 0x0003, 0x0003, 0x0004,
    0x0003, 0x0004, 0x0024, 0x0003, 0x0003, 0x0003, 0x0003, 0x0003, 0x0003, 0x0003, 0x0003, 0x0004,
    0x0024, 0x0003, 0x0004, 0x0024, 0x0004, 0x0004, 0x0024, 0x0004, 0x0024, 0x0024, 0x0024, 0x0024,
    0x0024, 0x0024, 0x0004, 0x0003, 0x0023, 0x0004, 0x0004, 0x0004, 0x0004, 0x0024, 0x0004, 0x0024,
    0x0024, 0x0004, 0x0004, 0x0004, 0x0004, 0x0024, 0x0024, 0x0024, 0x0004, 0x0004, 0x0003, 0x0003,
    0x0024, 0x0024, 0x0004, 0x0004, 0x0003, 0x0004, 0x0024, 0x0024, 0x0004, 0x0004, 0x0004, 0x0003,
    0x0003, 0x0003, 0x0003, 0x0003, 0x0024, 0x0024, 0x0024, 0x0004, 0x0004, 0x0004, 0x0004, 0x0004,
    0x0024, 0x0024, 0x0024, 0x0024, 0x0024, 0x0004, 0x0004, 0x0003, 0x0003, 0x0003, 0x0003, 0x0003,
    0x0003, 0x0003, 0x0003, 0x0003, 0x0003, 0x0024, 0x0024, 0x0024, 0x0003, 0x0024, 0x0024, 0x0004,
    0x0004, 0x0004, 0x0004, 0x0024, 0x0024, 0x0023, 0x18C7, 0x18E9, 0x08A7, 0x10A7, 0x08A7, 0x08A7,
    0x0886, 0x0886, 0x0886, 0x0886, 0x0887, 0x0886, 0x10A7, 0x10A9, 0x0887, 0x0887, 0x0887, 0x0887,
    0x0887, 0x10A7, 0x0886, 0x49EB, 0x2108, 0x0866, 0x10A7, 0x10A7, 0x10A7, 0x0886, 0x93D3, 0x41AB,
    0x0066, 0x08A7, 0x0886, 0x0886, 0x0886, 0x0886, 0x0886, 0x0887, 0x0887, 0x0886, 0x0886, 0x0886,
    0x0886, 0x0886, 0x0886, 0x0886, 0x0886, 0x0886, 0x0886, 0x0886, 0x0886, 0x0886, 0x0886, 0x0886,
    0x0886, 0x0886, 0x0886, 0x0886, 0x0886, 0x0886, 0x0886, 0x0886, 0x0886, 0x0886, 0x0886, 0x0886,
    0x0886, 0x0886, 0x0886, 0x0886, 0x0886, 0x0886, 0x0886, 0x0886, 0x0886, 0x0886, 0x0886, 0x0886,
    0x0886, 0x0886, 0x0886, 0x0886, 0x0886, 0x0886, 0x0886, 0x0886, 0x0886, 0x0886, 0x0887, 0x0886,
    0x0887, 0x0886, 0x0886, 0x0886, 0x0886, 0x0886, 0x0886, 0x0886, 0x0886, 0x0886, 0x0886, 0x0886,
    0x0886, 0x0886, 0x0886, 0x0886, 0x0886, 0x0886, 0x0886, 0x0886, 0x10A7, 0x294C, 0x20E9, 0x0003,
    0x0024, 0x0004, 0x0004, 0x0004, 0x0004, 0x0024, 0x0003, 0x0003, 0x0003, 0x0004, 0x0004, 0x0004,
    0x0004, 0x0004, 0x0003, 0x0004, 0x0004, 0x0004, 0x0003, 0x0004, 0x0004, 0x0024, 0x0024, 0x0024,
    0x0004, 0x0003, 0x0003, 0x0023, 0x0003, 0x0003, 0x0003, 0x0003, 0x0004, 0x0024, 0x0004, 0x0004,
    0x0024, 0x0024, 0x0004, 0x0004, 0x0024, 0x0024, 0x0024, 0x0024, 0x0004, 0x0024, 0x0024, 0x0004,
    0x0004, 0x0024, 0x0004, 0x0003, 0x0003, 0x0003, 0x0003, 0x0003, 0x0003, 0x0004, 0x0004, 0x0004,
    0x0024, 0x0024, 0x0003, 0x0023, 0x0003, 0x0003, 0x0024, 0x0004, 0x0004, 0x0024, 0x0004, 0x0003,
    0x0003, 0x0024, 0x0003, 0x0004, 0x0024, 0x0004, 0x0004, 0x0004, 0x0004, 0x0004, 0x0004, 0x0004,
    0x0024, 0x0024, 0x0024, 0x0004, 0x0004, 0x0003, 0x0004, 0x0004, 0x0024, 0x0004, 0x0004, 0x0003,
    0x0003, 0x0003, 0x0003, 0x0003, 0x0003, 0x0003, 0x0003, 0x0003, 0x0003, 0x0003, 0x0024, 0x0003,
    0x0003, 0x0003, 0x0003, 0x0003, 0x0003, 0x0003, 0x0004, 0x0024, 0x0023, 0x0003, 0x0004, 0x0004,
    0x0024, 0x0024, 0x0004, 0x0024, 0x0004, 0x0024, 0x0024, 0x0024, 0x0024, 0x0024, 0x0004, 0x0004,
    0x0023, 0x0024, 0x0004, 0x0004, 0x0004, 0x0004, 0x0004, 0x0004, 0x0004, 0x0004, 0x0004, 0x0024,
    0x0024, 0x0004, 0x0024, 0x0024, 0x0024, 0x0004, 0x0004, 0x0004, 0x0004, 0x0003, 0x0003, 0x0003,
    0x0004, 0x0004, 0x0004, 0x0004, 0x0004, 0x0004, 0x0003, 0x0003, 0x0004, 0x0003, 0x0003, 0x0003,
    0x0004, 0x0024, 0x0024, 0x0004, 0x0003, 0x0004, 0x0004, 0x0024, 0x0024, 0x0024, 0x0024, 0x0004,
    0x0004, 0x0004, 0x0004, 0x0004, 0x0004, 0x0003, 0x0003, 0x0003, 0x0003, 0x0004, 0x0003, 0x0004,
    0x0024, 0x0024, 0x0004, 0x0024, 0x0003, 0x0004, 0x0024, 0x0004, 0x0004, 0x0003, 0x0004, 0x0024,
    0x0003, 0x10A7, 0x314C, 0x18E8, 0x0886, 0x10A7, 0x0886, 0x1086, 0x0025, 0x83AF, 0x5AAD, 0x0046,
    0x10A7, 0x0887, 0x0886, 0x08A7, 0x08A7, 0x08A7, 0x10A7, 0x0887, 0x0886, 0x0886, 0x0886, 0x0065,
    0x0886, 0x08A6, 0x10A7, 0x10A7, 0x10A7, 0x10A7, 0x10A7, 0x0887, 0x0887, 0x0886, 0x0886, 0x0886,
    0x0886, 0x0886, 0x0886, 0x0887, 0x0886, 0x0887, 0x0887, 0x0886, 0x0886, 0x0886, 0x0886, 0x0886,
    0x0886, 0x0886, 0x0886, 0x0886, 0x0886, 0x0886, 0x0886, 0x0886, 0x0886, 0x0886, 0x0886, 0x0886,
    0x0886, 0x0886, 0x0886, 0x0886, 0x0886, 0x0886, 0x0886, 0x0886, 0x0886, 0x0886, 0x0886, 0x0886,
    0x0886, 0x0886, 0x0886, 0x0886, 0x0886, 0x0886, 0x0886, 0x0886, 0x0886, 0x0886, 0x0886, 0x0886,
    0x0886, 0x0886, 0x0886, 0x0886, 0x0886, 0x0886, 0x0886, 0x0886, 0x0886, 0x0886, 0x0886, 0x0886,
    0x0886, 0x0886, 0x0886, 0x0886, 0x0886, 0x0886, 0x0886, 0x0886, 0x0886, 0x0886, 0x0886, 0x0886,
    0x0886, 0x0886, 0x0886, 0x0886, 0x08A7, 0x18E9, 0x210A, 0x1086, 0x0004, 0x0004, 0x0024, 0x0024,
    0x0024, 0x0024, 0x0003, 0x0003, 0x0003, 0x0003, 0x0004, 0x0004, 0x0024, 0x0024, 0x0024, 0x0024,
    0x0004, 0x0003, 0x0003, 0x0003, 0x0004, 0x0004, 0x0024, 0x0004, 0x0004, 0x0004, 0x0004, 0x0024,
    0x0003, 0x0003, 0x0003, 0x0003, 0x0004, 0x0024, 0x0004, 0x0024, 0x0024, 0x0024, 0x0024, 0x0004,
    0x0004, 0x0024, 0x0024, 0x0024, 0x0004, 0x0024, 0x0024, 0x0004, 0x0004, 0x0024, 0x0004, 0x0003,
    0x0003, 0x0003, 0x0003, 0x0004, 0x0003, 0x0004, 0x0004, 0x0004, 0x0024, 0x0004, 0x0004, 0x0004,
    0x0004, 0x0024, 0x0003, 0x0004, 0x0024, 0x0004, 0x0003, 0x0003, 0x0003, 0x0003, 0x0003, 0x0003,
    0x0024, 0x0004, 0x0004, 0x0024, 0x0004, 0x0004, 0x0024, 0x0004, 0x0024, 0x0024, 0x0024, 0x0004,
    0x0004, 0x0003, 0x0024, 0x0004, 0x0003, 0x0004, 0x0024, 0x0024, 0x0004, 0x0003, 0x0003, 0x0003,
    0x0004, 0x0003, 0x0003, 0x0003, 0x0003, 0x0003, 0x0024, 0x0004, 0x0003, 0x0003, 0x0003, 0x0003,
    0x0003, 0x0003, 0x0024, 0x0024, 0x0004, 0x0004, 0x0024, 0x0004, 0x0004, 0x0024, 0x0004, 0x0004,
    0x0024, 0x0004, 0x0004, 0x0004, 0x0024, 0x0004, 0x0004, 0x0024, 0x0024, 0x0004, 0x0004, 0x0004,
    0x0004, 0x0004, 0x0003, 0x0004, 0x0004, 0x0004, 0x0024, 0x0004, 0x0024, 0x0004, 0x0024, 0x0024,
    0x0004, 0x0024, 0x0024, 0x0004, 0x0003, 0x0004, 0x0004, 0x0024, 0x0024, 0x0004, 0x0024, 0x0004,
    0x0003, 0x0003, 0x0003, 0x0003, 0x0024, 0x0004, 0x0004, 0x0004, 0x0004, 0x0024, 0x0004, 0x0004,
    0x0024, 0x0004, 0x0004, 0x0004, 0x0024, 0x0024, 0x0024, 0x0024, 0x0004, 0x0024, 0x0004, 0x0003,
    0x0003, 0x0004, 0x0004, 0x0003, 0x0003, 0x0003, 0x0003, 0x0024, 0x0024, 0x0004, 0x0024, 0x0024,
    0x0003, 0x0004, 0x0004, 0x0004, 0x0004, 0x0024, 0x0024, 0x0024, 0x0002, 0x18A7, 0x210A, 0x10A7,
    0x0887, 0x0886, 0x0886, 0x0045, 0x62AC, 0xFED8, 0xE658, 0x41EB, 0x0867, 0x10A7, 0x0886, 0x1087,
    0x10A7, 0x10A7, 0x10A7, 0x10A7, 0x18C8, 0x18E9, 0x20EA, 0x290B, 0x290B, 0x20EA, 0x10C8, 0x08A7,
    0x0886, 0x10A7, 0x10A7, 0x08A7, 0x0886, 0x0887, 0x0887, 0x0886, 0x0886, 0x0886, 0x0886, 0x0886,
    0x0886, 0x0886, 0x0886, 0x0886, 0x0886, 0x0886, 0x0886, 0x0886, 0x0886, 0x0886, 0x0886, 0x0886,
    0x0886, 0x0886, 0x0886, 0x0886, 0x0886, 0x0886, 0x0886, 0x0886, 0x0886, 0x0886, 0x0886, 0x0886,
    0x0886, 0x0886, 0x0886, 0x0886, 0x0886, 0x0886, 0x0886, 0x0886, 0x0886, 0x0886, 0x0886, 0x0886,
    0x0886, 0x0886, 0x0886, 0x0886, 0x0886, 0x0886, 0x0886, 0x0886, 0x0886, 0x0886, 0x0887, 0x0886,
    0x0886, 0x0886, 0x0886, 0x0886, 0x0886, 0x0886, 0x0886, 0x0886, 0x0886, 0x0886, 0x0886, 0x0886,
    0x0886, 0x0886, 0x0886, 0x0886, 0x0886, 0x0886, 0x0886, 0x0886, 0x0886, 0x0886, 0x0886, 0x0887,
    0x0886, 0x10A7, 0x314C, 0x2109, 0x0003, 0x0024, 0x0024, 0x0024, 0x0024, 0x0004, 0x0003, 0x0003,
    0x0003, 0x0004, 0x0024, 0x0024, 0x0004, 0x0004, 0x0024, 0x0024, 0x0004, 0x0003, 0x0003, 0x0003,
    0x0024, 0x0003, 0x0004, 0x0004, 0x0004, 0x0003, 0x0024, 0x0004, 0x0004, 0x0003, 0x0003, 0x0004,
    0x0024, 0x0004, 0x0004, 0x0004, 0x0004, 0x0024, 0x0024, 0x0024, 0x0024, 0x0024, 0x0024, 0x0004,
    0x0004, 0x0024, 0x0004, 0x0004, 0x0024, 0x0024, 0x0004, 0x0003, 0x0003, 0x0023, 0x0003, 0x0003,
    0x0003, 0x0004, 0x0004, 0x0003, 0x0003, 0x0024, 0x0004, 0x0004, 0x0003, 0x0024, 0x0024, 0x0003,
    0x0024, 0x0004, 0x0003, 0x0024, 0x0003, 0x0003, 0x0003, 0x0003, 0x0004, 0x0024, 0x0004, 0x0024,
    0x0024, 0x0004, 0x0004, 0x0004, 0x0004, 0x0024, 0x0024, 0x0024, 0x0003, 0x0004, 0x0004, 0x0004,
    0x0004, 0x0004, 0x0004, 0x0004, 0x0004, 0x0004, 0x0004, 0x0003, 0x0003, 0x0004, 0x0004, 0x0024,
    0x0024, 0x0003, 0x0024, 0x0023, 0x0003, 0x0004, 0x0003, 0x0004, 0x0003, 0x0004, 0x0004, 0x0004,
    0x0024, 0x0024, 0x0003, 0x0024, 0x0004, 0x0004, 0x0003, 0x0024, 0x0024, 0x0024, 0x0004, 0x0004,
    0x0004, 0x0024, 0x0024, 0x0003, 0x0004, 0x0024, 0x0024, 0x0003, 0x0024, 0x0024, 0x0004, 0x0004,
    0x0004, 0x0004, 0x0024, 0x0004, 0x0024, 0x0004, 0x0004, 0x0024, 0x0024, 0x0024, 0x0004, 0x0003,
    0x0003, 0x0024, 0x0004, 0x0024, 0x0024, 0x0024, 0x0024, 0x0004, 0x0024, 0x0004, 0x0024, 0x0004,
    0x0004, 0x0004, 0x0004, 0x0024, 0x0004, 0x0024, 0x0024, 0x0004, 0x0024, 0x0004, 0x0004, 0x0024,
    0x0024, 0x0024, 0x0024, 0x0024, 0x0024, 0x0004, 0x0004, 0x0004, 0x0003, 0x0004, 0x0004, 0x0004,
    0x0003, 0x0003, 0x0003, 0x0024, 0x0024, 0x0024, 0x0024, 0x0024, 0x0003, 0x0003, 0x0003, 0x0003,
    0x0024, 0x0024, 0x0004, 0x0004, 0x0003, 0x18C8, 0x18C9, 0x0886, 0x08A7, 0x0886, 0x0886, 0x10A7,
    0x0866, 0x9410, 0x5AAC, 0x0066, 0x10A7, 0x08A7, 0x0886, 0x0886, 0x10A7, 0x18EA, 0x292D, 0x314E,
    0x314E, 0x4190, 0x49B1, 0x41B1, 0x4191, 0x4190, 0x314E, 0x20EA, 0x1086, 0x0886, 0x10A7, 0x10A7,
    0x1087, 0x0887, 0x0886, 0x0887, 0x0886, 0x0886, 0x0886, 0x0886, 0x0886, 0x0886, 0x0886, 0x0886,
    0x0886, 0x0886, 0x0886, 0x0886, 0x0886, 0x0886, 0x0886, 0x0886, 0x0886, 0x0886, 0x0886, 0x0886,
    0x0886, 0x0886, 0x0886, 0x0886, 0x0886, 0x0886, 0x0886, 0x0886, 0x0886, 0x0886, 0x0886, 0x0886,
    0x0886, 0x0886, 0x0886, 0x0886, 0x0886, 0x0886, 0x0886, 0x0886, 0x0886, 0x0886, 0x0886, 0x0886,
    0x0886, 0x0886, 0x0886, 0x0886, 0x0886, 0x0886, 0x0887, 0x0886, 0x0886, 0x0886, 0x0886, 0x0887,
    0x0886, 0x0886, 0x0886, 0x0886, 0x0886, 0x0886, 0x0886, 0x0886, 0x0886, 0x0886, 0x0886, 0x0886,
    0x0886, 0x0886, 0x0886, 0x0886, 0x0886, 0x0886, 0x0886, 0x0886, 0x0886, 0x10A7, 0x292B, 0x290A,
    0x0845, 0x0024, 0x0024, 0x0004, 0x0024, 0x0004, 0x0024, 0x0024, 0x0003, 0x0004, 0x0003, 0x0004,
    0x0003, 0x0024, 0x0003, 0x0004, 0x0003, 0x0004, 0x0003, 0x0003, 0x0003, 0x0003, 0x0003, 0x0003,
    0x0004, 0x0003, 0x0023, 0x0004, 0x0004, 0x0024, 0x0003, 0x0004, 0x0024, 0x0004, 0x0004, 0x0004,
    0x0004, 0x0024, 0x0024, 0x0024, 0x0024, 0x0024, 0x0024, 0x0024, 0x0024, 0x0024, 0x0004, 0x0004,
    0x0024, 0x0004, 0x0004, 0x0004, 0x0003, 0x0003, 0x0003, 0x0003, 0x0003, 0x0003, 0x0003, 0x0003,
    0x0003, 0x0003, 0x0003, 0x0004, 0x0024, 0x0024, 0x0024, 0x0003, 0x0024, 0x0024, 0x0003, 0x0004,
    0x0003, 0x0003, 0x0003, 0x0004, 0x0024, 0x0004, 0x0004, 0x0024, 0x0024, 0x0004, 0x0004, 0x0024,
    0x0003, 0x0004, 0x0004, 0x0004, 0x0003, 0x0003, 0x0024, 0x0024, 0x0004, 0x0004, 0x0003, 0x0003,
    0x0004, 0x0004, 0x0024, 0x0004, 0x0003, 0x0003, 0x0024, 0x0024, 0x0024, 0x0003, 0x0023, 0x0003,
    0x0003, 0x0003, 0x0004, 0x0024, 0x0004, 0x0004, 0x0004, 0x0003, 0x0004, 0x0004, 0x0004, 0x0024,
    0x0003, 0x0003, 0x0003, 0x0004, 0x0024, 0x0004, 0x0004, 0x0024, 0x0024, 0x0024, 0x0024, 0x0004,
    0x0024, 0x0003, 0x0024, 0x0023, 0x0024, 0x0004, 0x0004, 0x0024, 0x0024, 0x0004, 0x0024, 0x0004,
    0x0024, 0x0024, 0x0024, 0x0024, 0x0024, 0x0004, 0x0003, 0x0003, 0x0004, 0x0003, 0x0003, 0x0004,
    0x0024, 0x0024, 0x0004, 0x0004, 0x0004, 0x0003, 0x0004, 0x0004, 0x0004, 0x0004, 0x0024, 0x0024,
    0x0004, 0x0004, 0x0004, 0x0004, 0x0004, 0x0004, 0x0004, 0x0024, 0x0004, 0x0024, 0x0024, 0x0024,
    0x0004, 0x0024, 0x0004, 0x0004, 0x0004, 0x0004, 0x0024, 0x0004, 0x0003, 0x0003, 0x0004, 0x0004,
    0x0004, 0x0004, 0x0024, 0x0024, 0x0004, 0x0003, 0x0003, 0x0003, 0x0003, 0x0004, 0x0024, 0x0003,
    0x0866, 0x314B, 0x10C7, 0x0866, 0x0886, 0x0886, 0x0887, 0x10A7, 0x0887, 0x10C7, 0x0886, 0x0866,
    0x10A7, 0x10A7, 0x10A7, 0x20EA, 0x310D, 0x49B1, 0x6234, 0x7AB5, 0x82F6, 0x8B36, 0x7AD5, 0x5A13,
    0x51D1, 0x4190, 0x396F, 0x396F, 0x394E, 0x20EA, 0x10A7, 0x10A7, 0x10A7, 0x10A7, 0x1087, 0x0886,
    0x0886, 0x0886, 0x0886, 0x0886, 0x0886, 0x0886, 0x0886, 0x0886, 0x0886, 0x0886, 0x0886, 0x0886,
    0x0886, 0x0886, 0x0886, 0x0886, 0x0886, 0x0886, 0x0886, 0x0886, 0x0886, 0x0886, 0x0886, 0x0886,
    0x0886, 0x0886, 0x0886, 0x0886, 0x0886, 0x0886, 0x0886, 0x0886, 0x0886, 0x0886, 0x0886, 0x0886,
    0x0886, 0x0886, 0x0886, 0x0886, 0x0886, 0x0886, 0x0886, 0x0886, 0x0886, 0x0886, 0x0886, 0x0886,
    0x0886, 0x0886, 0x0886, 0x0886, 0x0886, 0x0886, 0x0886, 0x0887, 0x0887, 0x0886, 0x0886, 0x0886,
    0x0886, 0x0886, 0x0886, 0x0886, 0x0886, 0x0886, 0x0886, 0x0886, 0x0886, 0x0886, 0x0886, 0x0886,
    0x0886, 0x0886, 0x0886, 0x0886, 0x0886, 0x0886, 0x18C8, 0x316D, 0x20E8, 0x0003, 0x0024, 0x0004,
    0x0024, 0x0004, 0x0003, 0x0003, 0x0003, 0x0004, 0x0004, 0x0004, 0x0003, 0x0003, 0x0024, 0x0024,
    0x0004, 0x0004, 0x0004, 0x0003, 0x0003, 0x0004, 0x0003, 0x0004, 0x0004, 0x0003, 0x0024, 0x0004,
    0x0004, 0x0004, 0x0003, 0x0003, 0x0004, 0x0004, 0x0004, 0x0024, 0x0024, 0x0004, 0x0004, 0x0004,
    0x0024, 0x0004, 0x0004, 0x0004, 0x0024, 0x0024, 0x0004, 0x0004, 0x0024, 0x0024, 0x0003, 0x0003,
    0x0003, 0x0003, 0x0003, 0x0003, 0x0003, 0x0003, 0x0003, 0x0024, 0x0003, 0x0004, 0x0004, 0x0024,
    0x0024, 0x0024, 0x0004, 0x0004, 0x0004, 0x0004, 0x0004, 0x0004, 0x0004, 0x0003, 0x0004, 0x0004,
    0x0024, 0x0004, 0x0004, 0x0004, 0x0024, 0x0024, 0x0004, 0x0004, 0x0004, 0x0024, 0x0024, 0x0004,
    0x0003, 0x0003, 0x0003, 0x0004, 0x0004, 0x0024, 0x0003, 0x0004, 0x0003, 0x0004, 0x0004, 0x0024,
    0x0004, 0x0024, 0x0003, 0x0003, 0x0024, 0x0003, 0x0024, 0x0003, 0x0003, 0x0023, 0x0004, 0x0024,
    0x0004, 0x0004, 0x0024, 0x0004, 0x0004, 0x0003, 0x0024, 0x0024, 0x0003, 0x0003, 0x0003, 0x0003,
    0x0004, 0x0004, 0x0024, 0x0004, 0x0024, 0x0024, 0x0024, 0x0004, 0x0024, 0x0004, 0x0004, 0x0024,
    0x0024, 0x0024, 0x0024, 0x0024, 0x0003, 0x0004, 0x0004, 0x0024, 0x0024, 0x0024, 0x0004, 0x0024,
    0x0024, 0x0003, 0x0003, 0x0003, 0x0003, 0x0003, 0x0024, 0x0004, 0x0024, 0x0004, 0x0003, 0x0003,
    0x0004, 0x0004, 0x0004, 0x0003, 0x0003, 0x0004, 0x0024, 0x0004, 0x0024, 0x0004, 0x0003, 0x0004,
    0x0024, 0x0024, 0x0003, 0x0004, 0x0004, 0x0024, 0x0024, 0x0024, 0x0024, 0x0004, 0x0004, 0x0024,
    0x0004, 0x0004, 0x0003, 0x0004, 0x0004, 0x0024, 0x0004, 0x0004, 0x0004, 0x0024, 0x0004, 0x0004,
    0x0024, 0x0003, 0x0003, 0x0024, 0x0003, 0x0004, 0x0024, 0x0003, 0x0865, 0x294B, 0x10C8, 0x0866,
    0x0886, 0x0886, 0x0886, 0x0887, 0x10A7, 0x0886, 0x0886, 0x0886, 0x0887, 0x10A8, 0x312E, 0x51F3,
    0x6A75, 0x82F6, 0x7295, 0x7AB5, 0x8B16, 0x9377, 0xA3B8, 0xA378, 0xA358, 0x7295, 0x5A13, 0x4190,
    0x4190, 0x4191, 0x20EA, 0x0886, 0x0886, 0x10A7, 0x10A7, 0x0886, 0x0886, 0x0886, 0x0886, 0x0886,
    0x0886, 0x0886, 0x0886, 0x0886, 0x0886, 0x0886, 0x0886, 0x0886, 0x0886, 0x0886, 0x0886, 0x0886,
    0x0886, 0x0886, 0x0886, 0x0886, 0x0886, 0x0886, 0x0886, 0x0886, 0x0886, 0x0886, 0x0886, 0x0886,
    0x0886, 0x0886, 0x0886, 0x0886, 0x0886, 0x0886, 0x0886, 0x0886, 0x0886, 0x0886, 0x0886, 0x0886,
    0x0886, 0x0886, 0x0886, 0x0886, 0x0886, 0x0886, 0x0886, 0x0886, 0x0886, 0x0887, 0x0886, 0x0886,
    0x0886, 0x0886, 0x0886, 0x0886, 0x0886, 0x0886, 0x0886, 0x0886, 0x0886, 0x0886, 0x0886, 0x0886,
    0x0886, 0x0886, 0x0886, 0x0886, 0x0886, 0x0886, 0x0886, 0x0886, 0x0886, 0x0886, 0x0886, 0x0886,
    0x0886, 0x0886, 0x18C8, 0x314C, 0x18C8, 0x0003, 0x0024, 0x0024, 0x0024, 0x0003, 0x0003, 0x0003,
    0x0003, 0x0004, 0x0003, 0x0003, 0x0003, 0x0003, 0x0003, 0x0003, 0x0003, 0x0003, 0x0004, 0x0004,
    0x0003, 0x0004, 0x0004, 0x0004, 0x0024, 0x0004, 0x0004, 0x0024, 0x0004, 0x0004, 0x0003, 0x0003,
    0x0004, 0x0003, 0x0003, 0x0004, 0x0004, 0x0024, 0x0004, 0x0024, 0x0024, 0x0024, 0x0004, 0x0003,
    0x0024, 0x0003, 0x0024, 0x0004, 0x0004, 0x0004, 0x0004, 0x0003, 0x0003, 0x0003, 0x0003, 0x0023,
    0x0003, 0x0024, 0x0003, 0x0004, 0x0004, 0x0024, 0x0024, 0x0004, 0x0024, 0x0024, 0x0004, 0x0004,
    0x0004, 0x0024, 0x0024, 0x0004, 0x0024, 0x0004, 0x0004, 0x0024, 0x0024, 0x0004, 0x0004, 0x0024,
    0x0024, 0x0004, 0x0003, 0x0004, 0x0004, 0x0024, 0x0024, 0x0004, 0x0004, 0x0004, 0x0004, 0x0003,
    0x0004, 0x0004, 0x0004, 0x0024, 0x0024, 0x0003, 0x0004, 0x0004, 0x0003, 0x0004, 0x0003, 0x0003,
    0x0003, 0x0004, 0x0024, 0x0004, 0x0004, 0x0024, 0x0003, 0x0003, 0x0024, 0x0003, 0x0003, 0x0004,
    0x0024, 0x0024, 0x0024, 0x0004, 0x0003, 0x0003, 0x0003, 0x0004, 0x0004, 0x0004, 0x0024, 0x0024,
    0x0024, 0x0024, 0x0004, 0x0003, 0x0003, 0x0003, 0x0024, 0x0024, 0x0024, 0x0024, 0x0024, 0x0024,
    0x0004, 0x0024, 0x0004, 0x0024, 0x0024, 0x0024, 0x0004, 0x0024, 0x0024, 0x0003, 0x0004, 0x0003,
    0x0003, 0x0004, 0x0004, 0x0004, 0x0004, 0x0004, 0x0004, 0x0003, 0x0003, 0x0024, 0x0004, 0x0024,
    0x0024, 0x0003, 0x0004, 0x0004, 0x0004, 0x0024, 0x0024, 0x0024, 0x0024, 0x0024, 0x0004, 0x0024,
    0x0024, 0x0024, 0x0024, 0x0024, 0x0024, 0x0004, 0x0004, 0x0024, 0x0004, 0x0024, 0x0024, 0x0024,
    0x0024, 0x0004, 0x0004, 0x0004, 0x0004, 0x0003, 0x0003, 0x0024, 0x0004, 0x0024, 0x0004, 0x0024,
    0x0024, 0x0024, 0x0004, 0x0003, 0x18A7, 0x2109, 0x08A7, 0x0886, 0x0886, 0x0886, 0x0886, 0x0886,
    0x0886, 0x0886, 0x0887, 0x0886, 0x0886, 0x292D, 0x5A13, 0x72B6, 0x7294, 0x51F2, 0x4170, 0x4171,
    0x49D3, 0x51F3, 0x51F2, 0x6A53, 0xABB8, 0xBC3A, 0x9358, 0x6254, 0x4190, 0x394F, 0x394E, 0x10A7,
    0x0887, 0x0887, 0x0886, 0x0887, 0x0886, 0x0886, 0x0886, 0x0886, 0x0886, 0x0886, 0x0886, 0x0886,
    0x0886, 0x0886, 0x0886, 0x0886, 0x0886, 0x0886, 0x0886, 0x0886, 0x0886, 0x0886, 0x0886, 0x0886,
    0x0886, 0x0886, 0x0886, 0x0886, 0x0886, 0x0886, 0x0886, 0x0886, 0x0886, 0x0886, 0x0886, 0x0886,
    0x0886, 0x0886, 0x0886, 0x0886, 0x0886, 0x0886, 0x0886, 0x0886, 0x0886, 0x0886, 0x0886, 0x0886,
    0x0886, 0x0886, 0x0886, 0x0886, 0x0886, 0x0886, 0x0886, 0x0886, 0x0886, 0x0886, 0x0886, 0x0886,
    0x0886, 0x0886, 0x0886, 0x0886, 0x0886, 0x0886, 0x0886, 0x0886, 0x0886, 0x0886, 0x0886, 0x0886,
    0x0886, 0x0886, 0x0886, 0x0886, 0x0886, 0x0886, 0x0886, 0x0886, 0x0887, 0x0886, 0x18C8, 0x294B,
    0x18C7, 0x0003, 0x0024, 0x0004, 0x0004, 0x0003, 0x0003, 0x0003, 0x0004, 0x0003, 0x0003, 0x0003,
    0x0004, 0x0003, 0x0003, 0x0003, 0x0024, 0x0003, 0x0004, 0x0024, 0x0004, 0x0004, 0x0024, 0x0024,
    0x0024, 0x0004, 0x0024, 0x0024, 0x0004, 0x0004, 0x0003, 0x0003, 0x0004, 0x0004, 0x0004, 0x0004,
    0x0024, 0x0004, 0x0024, 0x0024, 0x0004, 0x0004, 0x0024, 0x0004, 0x0024, 0x0003, 0x0004, 0x0004,
    0x0004, 0x0004, 0x0004, 0x0003, 0x0003, 0x0023, 0x0003, 0x0003, 0x0004, 0x0004, 0x0004, 0x0024,
    0x0024, 0x0024, 0x0024, 0x0024, 0x0024, 0x0024, 0x0024, 0x0024, 0x0024, 0x0024, 0x0004, 0x0004,
    0x0003, 0x0024, 0x0024, 0x0004, 0x0004, 0x0004, 0x0024, 0x0024, 0x0024, 0x0004, 0x0004, 0x0024,
    0x0024, 0x0004, 0x0004, 0x0004, 0x0004, 0x0004, 0x0024, 0x0004, 0x0024, 0x0004, 0x0004, 0x0024,
    0x0004, 0x0023, 0x0003, 0x0003, 0x0024, 0x0024, 0x0024, 0x0024, 0x0003, 0x0003, 0x0023, 0x0004,
    0x0024, 0x0004, 0x0003, 0x0003, 0x0003, 0x0004, 0x0003, 0x0004, 0x0004, 0x0024, 0x0003, 0x0004,
    0x0003, 0x0004, 0x0004, 0x0004, 0x0024, 0x0024, 0x0004, 0x0024, 0x0024, 0x0004, 0x0003, 0x0003,
    0x0024, 0x0003, 0x0003, 0x0003, 0x0024, 0x0024, 0x0024, 0x0024, 0x0024, 0x0004, 0x0004, 0x0004,
    0x0024, 0x0024, 0x0024, 0x0024, 0x0004, 0x0004, 0x0004, 0x0004, 0x0024, 0x0004, 0x0004, 0x0003,
    0x0004, 0x0024, 0x0004, 0x0024, 0x0003, 0x0003, 0x0004, 0x0004, 0x0004, 0x0024, 0x0004, 0x0004,
    0x0004, 0x0024, 0x0024, 0x0024, 0x0024, 0x0024, 0x0004, 0x0004, 0x0024, 0x0024, 0x0024, 0x0004,
    0x0024, 0x0024, 0x0024, 0x0024, 0x0024, 0x0024, 0x0024, 0x0024, 0x0024, 0x0024, 0x0024, 0x0004,
    0x0024, 0x0024, 0x0024, 0x0004, 0x0004, 0x0003, 0x0004, 0x0004, 0x0004, 0x0004, 0x0003, 0x0003,
    0x20E8, 0x18E9, 0x0887, 0x0887, 0x0886, 0x0886, 0x0886, 0x0886, 0x0886, 0x0886, 0x10A7, 0x10A8,
    0x312D, 0x51D2, 0x5A12, 0x4991, 0x4171, 0x49B2, 0x5A33, 0x7AD5, 0x8316, 0x7AD5, 0x5A13, 0x51D3,
    0x51D3, 0x9357, 0xB3F9, 0x82D7, 0x51D2, 0x394F, 0x4170, 0x210B, 0x08A7, 0x10A7, 0x0886, 0x1086,
    0x0886, 0x0886, 0x0886, 0x0886, 0x0886, 0x0886, 0x0886, 0x0886, 0x0886, 0x0886, 0x0886, 0x0886,
    0x0886, 0x0886, 0x0886, 0x0886, 0x0886, 0x0886, 0x0886, 0x0886, 0x0886, 0x0886, 0x0886, 0x0886,
    0x0886, 0x0886, 0x0886, 0x0886, 0x0886, 0x0886, 0x0886, 0x0886, 0x0886, 0x0886, 0x0886, 0x0886,
    0x0886, 0x0886, 0x0886, 0x0886, 0x0886, 0x0886, 0x0886, 0x0886, 0x0886, 0x0886, 0x0886, 0x0886,
    0x0886, 0x0886, 0x0886, 0x0886, 0x0886, 0x0886, 0x0886, 0x0886, 0x0886, 0x0886, 0x0886, 0x0886,
    0x0886, 0x0887, 0x0886, 0x0886, 0x0886, 0x0886, 0x0886, 0x0886, 0x0886, 0x0886, 0x0886, 0x0886,
    0x0886, 0x0886, 0x0886, 0x0886, 0x0886, 0x0886, 0x18C8, 0x292B, 0x18C8, 0x0003, 0x0024, 0x0003,
    0x0003, 0x0003, 0x0003, 0x0003, 0x0003, 0x0003, 0x0003, 0x0003, 0x0003, 0x0003, 0x0024, 0x0004,
    0x0024, 0x0004, 0x0004, 0x0004, 0x0024, 0x0024, 0x0024, 0x0024, 0x0004, 0x0004, 0x0024, 0x0004,
    0x0004, 0x0004, 0x0003, 0x0004, 0x0003, 0x0024, 0x0024, 0x0004, 0x0004, 0x0004, 0x0024, 0x0024,
    0x0004, 0x0003, 0x0024, 0x0024, 0x0024, 0x0003, 0x0004, 0x0004, 0x0004, 0x0004, 0x0004, 0x0003,
    0x0003, 0x0024, 0x0004, 0x0004, 0x0003, 0x0004, 0x0004, 0x0024, 0x0024, 0x0004, 0x0004, 0x0004,
    0x0024, 0x0024, 0x0024, 0x0024, 0x0004, 0x0004, 0x0004, 0x0004, 0x0004, 0x0004, 0x0004, 0x0024,
    0x0004, 0x0024, 0x0024, 0x0024, 0x0024, 0x0004, 0x0024, 0x0024, 0x0024, 0x0003, 0x0003, 0x0004,
    0x0004, 0x0004, 0x0003, 0x0024, 0x0024, 0x0004, 0x0004, 0x0024, 0x0004, 0x0003, 0x0004, 0x0004,
    0x0024, 0x0004, 0x0024, 0x0024, 0x0004, 0x0004, 0x0003, 0x0023, 0x0024, 0x0004, 0x0004, 0x0024,
    0x0024, 0x0024, 0x0004, 0x0024, 0x0003, 0x0004, 0x0024, 0x0024, 0x0004, 0x0024, 0x0004, 0x0004,
    0x0024, 0x0024, 0x0024, 0x0024, 0x0024, 0x0024, 0x0003, 0x0003, 0x0003, 0x0003, 0x0024, 0x0024,
    0x0024, 0x0004, 0x0024, 0x0024, 0x0024, 0x0024, 0x0024, 0x0024, 0x0024, 0x0024, 0x0024, 0x0024,
    0x0024, 0x0024, 0x0004, 0x0004, 0x0024, 0x0004, 0x0004, 0x0004, 0x0004, 0x0004, 0x0004, 0x0024,
    0x0003, 0x0004, 0x0003, 0x0004, 0x0024, 0x0024, 0x0024, 0x0024, 0x0024, 0x0004, 0x0004, 0x0004,
    0x0004, 0x0004, 0x0004, 0x0024, 0x0024, 0x0024, 0x0004, 0x0004, 0x0024, 0x0024, 0x0024, 0x0024,
    0x0024, 0x0024, 0x0024, 0x0004, 0x0004, 0x0004, 0x0024, 0x0004, 0x0004, 0x0004, 0x0004, 0x0004,
    0x0024, 0x0024, 0x0004, 0x0003, 0x0024, 0x0004, 0x0003, 0x0024, 0x290A, 0x18E9, 0x0887, 0x08A7,
    0x0886, 0x0886, 0x0886, 0x0886, 0x0886, 0x0886, 0x08A6, 0x290C, 0x49B2, 0x5A12, 0x3970, 0x4170,
    0x5A33, 0x9376, 0xDD17, 0xF557, 0xF516, 0xECF6, 0xBC38, 0x8B37, 0x5A13, 0x51F2, 0x9B77, 0x9338,
    0x6A54, 0x4170, 0x49B1, 0x314E, 0x08A7, 0x10A7, 0x10A7, 0x0866, 0x0886, 0x0886, 0x0886, 0x0887,
    0x0886, 0x0886, 0x0886, 0x0886, 0x0886, 0x0886, 0x0886, 0x0886, 0x0886, 0x0886, 0x0886, 0x0886,
    0x0886, 0x0886, 0x0886, 0x0886, 0x0886, 0x0886, 0x0886, 0x0886, 0x0886, 0x0886, 0x0886, 0x0886,
    0x0886, 0x0886, 0x0886, 0x0886, 0x0886, 0x0886, 0x0886, 0x0886, 0x0886, 0x0886, 0x0886, 0x0886,
    0x0886, 0x0886, 0x0886, 0x0886, 0x0886, 0x0886, 0x0886, 0x0886, 0x0886, 0x0886, 0x0886, 0x0886,
    0x0886, 0x0886, 0x0886, 0x0886, 0x0886, 0x0886, 0x0886, 0x0886, 0x0886, 0x0886, 0x0887, 0x0886,
    0x0886, 0x0886, 0x0886, 0x0886, 0x0886, 0x0886, 0x0886, 0x0886, 0x0886, 0x0886, 0x0886, 0x0886,
    0x0886, 0x0886, 0x0887, 0x18E9, 0x294B, 0x10A7, 0x0003, 0x0024, 0x0003, 0x0003, 0x0003, 0x0003,
    0x0003, 0x0003, 0x0003, 0x0004, 0x0003, 0x0004, 0x0003, 0x0004, 0x0024, 0x0004, 0x0024, 0x0024,
    0x0024, 0x0024, 0x0024, 0x0024, 0x0024, 0x0004, 0x0004, 0x0024, 0x0004, 0x0003, 0x0003, 0x0004,
    0x0003, 0x0024, 0x0024, 0x0004, 0x0004, 0x0024, 0x0024, 0x0004, 0x0003, 0x0003, 0x0004, 0x0024,
    0x0024, 0x0024, 0x0004, 0x0024, 0x0024, 0x0024, 0x0003, 0x0003, 0x0003, 0x0004, 0x0024, 0x0004,
    0x0003, 0x0003, 0x0004, 0x0024, 0x0004, 0x0024, 0x0004, 0x0024, 0x0024, 0x0024, 0x0024, 0x0024,
    0x0004, 0x0024, 0x0004, 0x0004, 0x0004, 0x0004, 0x0024, 0x0004, 0x0024, 0x0004, 0x0004, 0x0004,
    0x0004, 0x0024, 0x0004, 0x0003, 0x0004, 0x0004, 0x0004, 0x0003, 0x0004, 0x0024, 0x0004, 0x0004,
    0x0024, 0x0024, 0x0024, 0x0004, 0x0004, 0x0004, 0x0004, 0x0003, 0x0004, 0x0004, 0x0024, 0x0024,
    0x0024, 0x0024, 0x0004, 0x0003, 0x0004, 0x0004, 0x0004, 0x0004, 0x0004, 0x0024, 0x0024, 0x0024,
    0x0024, 0x0024, 0x0004, 0x0004, 0x0004, 0x0004, 0x0004, 0x0024, 0x0024, 0x0024, 0x0024, 0x0004,
    0x0024, 0x0003, 0x0004, 0x0024, 0x0024, 0x0004, 0x0004, 0x0024, 0x0004, 0x0024, 0x0024, 0x0024,
    0x0024, 0x0024, 0x0024, 0x0004, 0x0024, 0x0024, 0x0004, 0x0004, 0x0004, 0x0024, 0x0004, 0x0024,
    0x0004, 0x0004, 0x0004, 0x0024, 0x0024, 0x0004, 0x0004, 0x0003, 0x0004, 0x0004, 0x0004, 0x0004,
    0x0024, 0x0004, 0x0004, 0x0024, 0x0024, 0x0004, 0x0004, 0x0024, 0x0004, 0x0004, 0x0004, 0x0024,
    0x0004, 0x0004, 0x0024, 0x0024, 0x0024, 0x0024, 0x0024, 0x0024, 0x0024, 0x0004, 0x0003, 0x0003,
    0x0004, 0x0004, 0x0004, 0x0004, 0x0004, 0x0004, 0x0024, 0x0004, 0x0024, 0x0024, 0x0004, 0x0004,
    0x0004, 0x0024, 0x0003, 0x0844, 0x314B, 0x18E9, 0x0886, 0x0887, 0x0886, 0x0886, 0x0886, 0x0045,
    0x0886, 0x0887, 0x0886, 0x394E, 0x51D2, 0x4191, 0x49B1, 0x6254, 0x9B56, 0xF537, 0xED57, 0xBC17,
    0xB3B7, 0xCC77, 0xFDF8, 0xCCB8, 0x72B5, 0x51D2, 0x7AB5, 0xABD9, 0x8B37, 0x4190, 0x49B1, 0x394E,
    0x0887, 0x10A7, 0x0045, 0x2969, 0x10A7, 0x0866, 0x0887, 0x0886, 0x0886, 0x0886, 0x0886, 0x0886,
    0x0886, 0x0886, 0x0886, 0x0886, 0x0886, 0x0886, 0x0886, 0x0886, 0x0886, 0x0886, 0x0886, 0x0886,
    0x0886, 0x0886, 0x0886, 0x0886, 0x0886, 0x0886, 0x0886, 0x0886, 0x0886, 0x0886, 0x0886, 0x0886,
    0x0886, 0x0886, 0x0886, 0x0886, 0x0886, 0x0886, 0x0886, 0x0886, 0x0886, 0x0886, 0x0886, 0x0886,
    0x0886, 0x0886, 0x0886, 0x0886, 0x0886, 0x0886, 0x0886, 0x0886, 0x0886, 0x0886, 0x0886, 0x0886,
    0x0886, 0x0886, 0x0886, 0x0886, 0x0886, 0x0886, 0x0886, 0x0886, 0x0886, 0x0886, 0x0886, 0x0886,
    0x0886, 0x0886, 0x0886, 0x0886, 0x0886, 0x0886, 0x0886, 0x0886, 0x0887, 0x0887, 0x0886, 0x18C8,
    0x314C, 0x18A7, 0x0003, 0x0024, 0x0003, 0x0003, 0x0003, 0x0003, 0x0003, 0x0003, 0x0003, 0x0003,
    0x0003, 0x0003, 0x0003, 0x0024, 0x0024, 0x0004, 0x0024, 0x0004, 0x0024, 0x0024, 0x0024, 0x0024,
    0x0024, 0x0004, 0x0004, 0x0004, 0x0003, 0x0004, 0x0004, 0x0004, 0x0024, 0x0004, 0x0024, 0x0024,
    0x0004, 0x0004, 0x0024, 0x0004, 0x0004, 0x0024, 0x0004, 0x0024, 0x0024, 0x0004, 0x0024, 0x0004,
    0x0004, 0x0004, 0x0004, 0x0003, 0x0004, 0x0004, 0x0004, 0x0004, 0x0004, 0x0004, 0x0004, 0x0004,
    0x0024, 0x0004, 0x0024, 0x0024, 0x0024, 0x0004, 0x0024, 0x0004, 0x0004, 0x0004, 0x0004, 0x0024,
    0x0004, 0x0024, 0x0004, 0x0024, 0x0024, 0x0024, 0x0024, 0x0004, 0x0004, 0x0024, 0x0004, 0x0004,
    0x0004, 0x0004, 0x0024, 0x0004, 0x0024, 0x0024, 0x0004, 0x0004, 0x0004, 0x0024, 0x0024, 0x0004,
    0x0004, 0x0004, 0x0004, 0x0004, 0x0003, 0x0004, 0x0024, 0x0024, 0x0024, 0x0024, 0x0004, 0x0024,
    0x0003, 0x0004, 0x0004, 0x0004, 0x0003, 0x0004, 0x0024, 0x0024, 0x0024, 0x0024, 0x0004, 0x0024,
    0x0024, 0x0004, 0x0004, 0x0024, 0x0004, 0x0004, 0x0004, 0x0004, 0x0004, 0x0003, 0x0024, 0x0004,
    0x0023, 0x0024, 0x0004, 0x0024, 0x0004, 0x0004, 0x0004, 0x0004, 0x0024, 0x0024, 0x0004, 0x0024,
    0x0024, 0x0004, 0x0004, 0x0024, 0x0004, 0x0004, 0x0024, 0x0024, 0x0004, 0x0004, 0x0004, 0x0024,
    0x0024, 0x0024, 0x0004, 0x0004, 0x0024, 0x0024, 0x0024, 0x0004, 0x0004, 0x0024, 0x0004, 0x0004,
    0x0024, 0x0024, 0x0024, 0x0024, 0x0024, 0x0004, 0x0024, 0x0024, 0x0004, 0x0004, 0x0024, 0x0024,
    0x0024, 0x0004, 0x0024, 0x0024, 0x0024, 0x0024, 0x0024, 0x0024, 0x0004, 0x0024, 0x0003, 0x0004,
    0x0004, 0x0004, 0x0004, 0x0004, 0x0004, 0x0004, 0x0004, 0x0003, 0x0004, 0x0024, 0x0003, 0x0845,
    0x294B, 0x18E9, 0x0886, 0x0886, 0x0886, 0x0886, 0x0065, 0x522D, 0x2929, 0x0866, 0x10A8, 0x396F,
    0x396F, 0x396F, 0x6A94, 0xA3B8, 0xF516, 0xC417, 0x8B38, 0xA3B7, 0xDD16, 0xD4F6, 0xDD57, 0xE558,
    0x9357, 0x6235, 0xAB97, 0xB3F8, 0x6A95, 0x49B2, 0x4991, 0x290B, 0x08A6, 0x0866, 0x31A9, 0xE636,
    0x8BEF, 0x0866, 0x1087, 0x0886, 0x0886, 0x0886, 0x0886, 0x0886, 0x0886, 0x0886, 0x0886, 0x0886,
    0x0886, 0x0886, 0x0886, 0x0886, 0x0886, 0x0886, 0x0886, 0x0886, 0x0886, 0x0886, 0x0886, 0x0886,
    0x0886, 0x0886, 0x0886, 0x0886, 0x0886, 0x0886, 0x0886, 0x0886, 0x0886, 0x0886, 0x0886, 0x0886,
    0x0886, 0x0886, 0x0886, 0x0886, 0x0886, 0x0886, 0x0886, 0x0886, 0x0886, 0x0886, 0x0886, 0x0886,
    0x0886, 0x0886, 0x0886, 0x0886, 0x0886, 0x0886, 0x0886, 0x0886, 0x0886, 0x0886, 0x0886, 0x0886,
    0x0886, 0x0886, 0x0886, 0x0886, 0x0886, 0x0887, 0x0886, 0x0886, 0x0886, 0x0886, 0x0886, 0x0886,
    0x0886, 0x0886, 0x0886, 0x0886, 0x0886, 0x0887, 0x0886, 0x18C8, 0x294C, 0x18A7, 0x0003, 0x0004,
    0x0003, 0x0003, 0x0003, 0x0003, 0x0004, 0x0004, 0x0004, 0x0004, 0x0004, 0x0004, 0x0004, 0x0024,
    0x0024, 0x0024, 0x0004, 0x0004, 0x0024, 0x0024, 0x0024, 0x0024, 0x0024, 0x0004, 0x0004, 0x0003,
    0x0004, 0x0024, 0x0004, 0x0024, 0x0024, 0x0024, 0x0024, 0x0024, 0x0024, 0x0004, 0x0004, 0x0024,
    0x0004, 0x0004, 0x0024, 0x0024, 0x0004, 0x0024, 0x0004, 0x0004, 0x0003, 0x0003, 0x0004, 0x0003,
    0x0003, 0x0003, 0x0024, 0x0004, 0x0024, 0x0004, 0x0004, 0x0004, 0x0004, 0x0024, 0x0024, 0x0004,
    0x0004, 0x0024, 0x0004, 0x0004, 0x0004, 0x0024, 0x0024, 0x0004, 0x0004, 0x0024, 0x0004, 0x0004,
    0x0024, 0x0024, 0x0024, 0x0024, 0x0004, 0x0024, 0x0004, 0x0004, 0x0004, 0x0004, 0x0004, 0x0024,
    0x0024, 0x0024, 0x0004, 0x0004, 0x0004, 0x0004, 0x0004, 0x0004, 0x0024, 0x0024, 0x0004, 0x0004,
    0x0004, 0x0024, 0x0024, 0x0024, 0x0024, 0x0004, 0x0003, 0x0024, 0x0024, 0x0003, 0x0004, 0x0024,
    0x0004, 0x0024, 0x0024, 0x0024, 0x0024, 0x0024, 0x0024, 0x0004, 0x0024, 0x0004, 0x0024, 0x0024,
    0x0004, 0x0004, 0x0024, 0x0004, 0x0004, 0x0004, 0x0024, 0x0003, 0x0003, 0x0024, 0x0024, 0x0004,
    0x0004, 0x0004, 0x0003, 0x0004, 0x0004, 0x0004, 0x0024, 0x0024, 0x0024, 0x0004, 0x0024, 0x0024,
    0x0024, 0x0004, 0x0004, 0x0024, 0x0024, 0x0024, 0x0004, 0x0004, 0x0004, 0x0004, 0x0024, 0x0024,
    0x0024, 0x0024, 0x0024, 0x0024, 0x0024, 0x0024, 0x0024, 0x0004, 0x0004, 0x0024, 0x0024, 0x0024,
    0x0004, 0x0024, 0x0024, 0x0004, 0x0024, 0x0003, 0x0004, 0x0004, 0x0024, 0x0004, 0x0004, 0x0004,
    0x0024, 0x0024, 0x0024, 0x0024, 0x0004, 0x0004, 0x0004, 0x0003, 0x0004, 0x0004, 0x0024, 0x0024,
    0x0004, 0x0004, 0x0003, 0x0003, 0x0003, 0x0024, 0x0003, 0x0844, 0x292B, 0x18E8, 0x0886, 0x0886,
    0x0886, 0x0886, 0x0866, 0x318A, 0x18E9, 0x0886, 0x290C, 0x394F, 0x290C, 0x4190, 0x72B5, 0xD4D9,
    0xD497, 0x7AB7, 0xA3B8, 0xFE37, 0xED96, 0xFDB5, 0xED17, 0xABD8, 0x6A96, 0x9B77, 0xE4D8, 0xA397,
    0x51D2, 0x49B2, 0x4170, 0x10A8, 0x0886, 0x0866, 0x2948, 0xCDB4, 0x734E, 0x0867, 0x0887, 0x0886,
    0x0886, 0x0886, 0x0886, 0x0886, 0x0886, 0x0886, 0x0886, 0x0886, 0x0886, 0x0887, 0x0887, 0x0886,
    0x0886, 0x0886, 0x0886, 0x0886, 0x0886, 0x0886, 0x0886, 0x0886, 0x0886, 0x0886, 0x0886, 0x0886,
    0x0886, 0x0886, 0x0886, 0x0886, 0x0886, 0x0886, 0x0886, 0x0886, 0x0886, 0x0886, 0x0886, 0x0886,
    0x0886, 0x0886, 0x0886, 0x0886, 0x0886, 0x0886, 0x0886, 0x0886, 0x0886, 0x0886, 0x0886, 0x0886,
    0x0886, 0x0886, 0x0886, 0x0886, 0x0886, 0x0886, 0x0886, 0x0886, 0x0886, 0x0886, 0x0886, 0x0886,
    0x0886, 0x0886, 0x0886, 0x0886, 0x0886, 0x0886, 0x0887, 0x0886, 0x0886, 0x0886, 0x0886, 0x0886,
    0x0886, 0x0887, 0x0886, 0x18C8, 0x314C, 0x18A7, 0x0003, 0x0004, 0x0003, 0x0003, 0x0003, 0x0003,
    0x0004, 0x0004, 0x0024, 0x0004, 0x0004, 0x0024, 0x0004, 0x0004, 0x0024, 0x0024, 0x0024, 0x0004,
    0x0024, 0x0024, 0x0004, 0x0024, 0x0024, 0x0003, 0x0003, 0x0024, 0x0004, 0x0024, 0x0004, 0x0024,
    0x0024, 0x0024, 0x0024, 0x0004, 0x0024, 0x0004, 0x0004, 0x0024, 0x0024, 0x0004, 0x0004, 0x0024,
    0x0004, 0x0003, 0x0004, 0x0003, 0x0003, 0x0004, 0x0004, 0x0004, 0x0024, 0x0004, 0x0024, 0x0004,
    0x0024, 0x0004, 0x0004, 0x0004, 0x0004, 0x0004, 0x0004, 0x0004, 0x0024, 0x0004, 0x0004, 0x0004,
    0x0004, 0x0004, 0x0024, 0x0004, 0x0004, 0x0024, 0x0024, 0x0004, 0x0004, 0x0004, 0x0004, 0x0004,
    0x0004, 0x0024, 0x0004, 0x0004, 0x0004, 0x0003, 0x0004, 0x0004, 0x0024, 0x0024, 0x0004, 0x0003,
    0x0003, 0x0024, 0x0003, 0x0003, 0x0004, 0x0004, 0x0004, 0x0003, 0x0004, 0x0003, 0x0024, 0x0024,
    0x0024, 0x0004, 0x0024, 0x0024, 0x0024, 0x0024, 0x0024, 0x0024, 0x0024, 0x0024, 0x0024, 0x0024,
    0x0024, 0x0024, 0x0024, 0x0024, 0x0024, 0x0004, 0x0004, 0x0004, 0x0004, 0x0024, 0x0024, 0x0024,
    0x0024, 0x0004, 0x0004, 0x0004, 0x0004, 0x0003, 0x0003, 0x0004, 0x0004, 0x0004, 0x0004, 0x0024,
    0x0024, 0x0004, 0x0024, 0x0024, 0x0024, 0x0004, 0x0024, 0x0004, 0x0024, 0x0004, 0x0004, 0x0024,
    0x0024, 0x0004, 0x0004, 0x0004, 0x0004, 0x0024, 0x0024, 0x0024, 0x0024, 0x0024, 0x0024, 0x0024,
    0x0024, 0x0024, 0x0004, 0x0004, 0x0004, 0x0024, 0x0024, 0x0004, 0x0004, 0x0004, 0x0024, 0x0024,
    0x0003, 0x0004, 0x0024, 0x0004, 0x0004, 0x0004, 0x0004, 0x0004, 0x0024, 0x0024, 0x0004, 0x0024,
    0x0004, 0x0004, 0x0004, 0x0003, 0x0004, 0x0004, 0x0004, 0x0024, 0x0004, 0x0003, 0x0003, 0x0003,
    0x0024, 0x0004, 0x0003, 0x0024, 0x20E9, 0x18E9, 0x0887, 0x0886, 0x0886, 0x0886, 0x0886, 0x0046,
    0x0887, 0x10A7, 0x290C, 0x4170, 0x290D, 0x416F, 0x7AB6, 0xBC19, 0xABB7, 0x7276, 0xABF8, 0xFE79,
    0xE598, 0xBBF7, 0x9AF6, 0x7A94, 0xABD5, 0xF577, 0xC438, 0x6A55, 0x51D2, 0x49B1, 0x312D, 0x0886,
    0x0887, 0x10A7, 0x0046, 0x18E8, 0x0886, 0x0887, 0x0886, 0x0886, 0x0886, 0x0886, 0x0886, 0x0886,
    0x0886, 0x0886, 0x0886, 0x0886, 0x0886, 0x0886, 0x0886, 0x0886, 0x0886, 0x0886, 0x0886, 0x0886,
    0x0886, 0x0886, 0x0886, 0x0886, 0x0886, 0x0886, 0x0886, 0x0886, 0x0886, 0x0886, 0x0886, 0x0886,
    0x0886, 0x0886, 0x0886, 0x0886, 0x0886, 0x0886, 0x0886, 0x0886, 0x0886, 0x0886, 0x0886, 0x0886,
    0x0886, 0x0886, 0x0886, 0x0886, 0x0886, 0x0886, 0x0886, 0x0886, 0x0886, 0x0886, 0x0886, 0x0886,
    0x0886, 0x0886, 0x0886, 0x0886, 0x0886, 0x0886, 0x0886, 0x0886, 0x0886, 0x0886, 0x0886, 0x0886,
    0x0886, 0x0886, 0x0886, 0x0886, 0x0886, 0x0886, 0x0886, 0x0886, 0x0886, 0x0887, 0x0886, 0x18E8,
    0x316C, 0x18A7, 0x0003, 0x0004, 0x0003, 0x0003, 0x0003, 0x0003, 0x0004, 0x0004, 0x0004, 0x0024,
    0x0004, 0x0024, 0x0004, 0x0024, 0x0024, 0x0024, 0x0024, 0x0004, 0x0024, 0x0004, 0x0004, 0x0004,
    0x0004, 0x0004, 0x0004, 0x0004, 0x0004, 0x0024, 0x0024, 0x0024, 0x0004, 0x0004, 0x0004, 0x0024,
    0x0024, 0x0023, 0x0024, 0x0024, 0x0004, 0x0004, 0x0024, 0x0024, 0x0004, 0x0004, 0x0004, 0x0003,
    0x0003, 0x0004, 0x0003, 0x0003, 0x0004, 0x0004, 0x0004, 0x0004, 0x0004, 0x0004, 0x0004, 0x0004,
    0x0004, 0x0004, 0x0004, 0x0004, 0x0024, 0x0024, 0x0004, 0x0004, 0x0003, 0x0004, 0x0024, 0x0003,
    0x0004, 0x0004, 0x0004, 0x0024, 0x0004, 0x0004, 0x0004, 0x0003, 0x0003, 0x0004, 0x0024, 0x0004,
    0x0004, 0x0004, 0x0004, 0x0004, 0x0024, 0x0024, 0x0004, 0x0004, 0x0003, 0x0003, 0x0003, 0x0024,
    0x0004, 0x0024, 0x0003, 0x0003, 0x0004, 0x0003, 0x0003, 0x0003, 0x0004, 0x0004, 0x0004, 0x0004,
    0x0024, 0x0004, 0x0024, 0x0024, 0x0024, 0x0024, 0x0024, 0x0004, 0x0024, 0x0024, 0x0024, 0x0024,
    0x0024, 0x0004, 0x0004, 0x0024, 0x0004, 0x0024, 0x0024, 0x0004, 0x0024, 0x0004, 0x0004, 0x0004,
    0x0024, 0x0003, 0x0003, 0x0004, 0x0004, 0x0004, 0x0004, 0x0004, 0x0024, 0x0004, 0x0004, 0x0004,
    0x0004, 0x0024, 0x0024, 0x0024, 0x0004, 0x0003, 0x0004, 0x0004, 0x0004, 0x0003, 0x0004, 0x0004,
    0x0024, 0x0024, 0x0004, 0x0004, 0x0024, 0x0004, 0x0004, 0x0024, 0x0004, 0x0024, 0x0004, 0x0004,
    0x0004, 0x0004, 0x0004, 0x0004, 0x0024, 0x0004, 0x0004, 0x0004, 0x0004, 0x0003, 0x0023, 0x0024,
    0x0004, 0x0024, 0x0024, 0x0004, 0x0024, 0x0024, 0x0024, 0x0024, 0x0024, 0x0024, 0x0024, 0x0003,
    0x0004, 0x0004, 0x0004, 0x0004, 0x0004, 0x0003, 0x0004, 0x0024, 0x0004, 0x0003, 0x0024, 0x0003,
    0x0845, 0x292B, 0x18C8, 0x0886, 0x0886, 0x0886, 0x10A7, 0x10A7, 0x10A7, 0x10A7, 0x10C9, 0x394F,
    0x314E, 0x394F, 0x6A54, 0xA398, 0xB3F8, 0x6255, 0x7AF6, 0xCCB9, 0xFE58, 0xF5F8, 0xE5B6, 0xED74,
    0xF535, 0xB3B7, 0x7276, 0x51D3, 0x49B2, 0x394F, 0x18C9, 0x0887, 0x10A7, 0x0887, 0x10A7, 0x0886,
    0x0886, 0x0886, 0x0886, 0x0886, 0x0886, 0x0886, 0x0886, 0x0886, 0x0886, 0x0886, 0x0886, 0x0886,
    0x0886, 0x0886, 0x0886, 0x0886, 0x0886, 0x0886, 0x0886, 0x0886, 0x0886, 0x0886, 0x0886, 0x0886,
    0x0886, 0x0886, 0x0886, 0x0886, 0x0886, 0x0886, 0x0886, 0x0886, 0x0886, 0x0886, 0x0886, 0x0886,
    0x0886, 0x0886, 0x0886, 0x0886, 0x0886, 0x0886, 0x0886, 0x0886, 0x0886, 0x0886, 0x0886, 0x0886,
    0x0886, 0x0886, 0x0886, 0x0886, 0x0886, 0x0886, 0x0886, 0x0886, 0x0886, 0x0886, 0x0886, 0x0886,
    0x0886, 0x0886, 0x0886, 0x0886, 0x0886, 0x0886, 0x0886, 0x0886, 0x0886, 0x0887, 0x0886, 0x0886,
    0x0886, 0x0886, 0x0886, 0x0886, 0x0886, 0x0887, 0x0886, 0x18E9, 0x316D, 0x18A8, 0x0003, 0x0024,
    0x0004, 0x0003, 0x0003, 0x0003, 0x0004, 0x0004, 0x0024, 0x0004, 0x0004, 0x0004, 0x0004, 0x0024,
    0x0024, 0x0024, 0x0004, 0x0024, 0x0004, 0x0004, 0x0004, 0x0004, 0x0003, 0x0004, 0x0024, 0x0004,
    0x0024, 0x0004, 0x0004, 0x0004, 0x0024, 0x0024, 0x0024, 0x0003, 0x0024, 0x0003, 0x0024, 0x0024,
    0x0004, 0x0004, 0x0024, 0x0004, 0x0024, 0x0024, 0x0003, 0x0003, 0x0004, 0x0003, 0x0003, 0x0003,
    0x0004, 0x0004, 0x0024, 0x0024, 0x0004, 0x0004, 0x0024, 0x0004, 0x0004, 0x0004, 0x0004, 0x0024,
    0x0004, 0x0003, 0x0003, 0x0003, 0x0003, 0x0024, 0x0024, 0x0003, 0x0004, 0x0024, 0x0004, 0x0004,
    0x0004, 0x0004, 0x0004, 0x0003, 0x0003, 0x0004, 0x0024, 0x0024, 0x0004, 0x0024, 0x0024, 0x0004,
    0x0024, 0x0004, 0x0004, 0x0004, 0x0004, 0x0004, 0x0003, 0x0024, 0x0004, 0x0024, 0x0004, 0x0003,
    0x0003, 0x0003, 0x0003, 0x0003, 0x0003, 0x0003, 0x0004, 0x0004, 0x0024, 0x0003, 0x0024, 0x0024,
    0x0024, 0x0004, 0x0024, 0x0004, 0x0004, 0x0004, 0x0024, 0x0024, 0x0024, 0x0004, 0x0024, 0x0024,
    0x0024, 0x0024, 0x0024, 0x0004, 0x0004, 0x0024, 0x0024, 0x0004, 0x0004, 0x0003, 0x0003, 0x0004,
    0x0003, 0x0004, 0x0004, 0x0004, 0x0024, 0x0004, 0x0004, 0x0004, 0x0004, 0x0024, 0x0024, 0x0004,
    0x0004, 0x0003, 0x0024, 0x0003, 0x0003, 0x0003, 0x0004, 0x0004, 0x0024, 0x0004, 0x0004, 0x0024,
    0x0024, 0x0004, 0x0004, 0x0024, 0x0004, 0x0024, 0x0024, 0x0004, 0x0003, 0x0004, 0x0004, 0x0024,
    0x0024, 0x0004, 0x0004, 0x0004, 0x0024, 0x0004, 0x0024, 0x0024, 0x0004, 0x0004, 0x0004, 0x0024,
    0x0004, 0x0024, 0x0024, 0x0004, 0x0024, 0x0024, 0x0004, 0x0024, 0x0024, 0x0004, 0x0004, 0x0003,
    0x0004, 0x0003, 0x0003, 0x0024, 0x0024, 0x0004, 0x0024, 0x0003, 0x0844, 0x292A, 0x18E9, 0x0886,
    0x0887, 0x10A7, 0x0866, 0x0887, 0x10A7, 0x08A7, 0x0886, 0x20EB, 0x394F, 0x394E, 0x51D2, 0x82D6,
    0xD499, 0x9B97, 0x5A14, 0x6235, 0x8AF6, 0xC4B7, 0xDD37, 0xABD6, 0x7A96, 0x59F4, 0x59F2, 0x59F2,
    0x396F, 0x18C9, 0x0866, 0x0886, 0x0886, 0x0887, 0x0886, 0x0886, 0x0886, 0x0886, 0x0886, 0x0886,
    0x0886, 0x0886, 0x0886, 0x0886, 0x0886, 0x0886, 0x0886, 0x0886, 0x0886, 0x0886, 0x0886, 0x0886,
    0x0886, 0x0886, 0x0886, 0x0886, 0x0886, 0x0886, 0x0886, 0x0886, 0x0886, 0x0886, 0x0887, 0x0886,
    0x0886, 0x0886, 0x0886, 0x0886, 0x0886, 0x0886, 0x0886, 0x0886, 0x0886, 0x0886, 0x0886, 0x0886,
    0x0886, 0x0886, 0x0886, 0x0886, 0x0886, 0x0886, 0x0886, 0x0886, 0x0886, 0x0886, 0x0886, 0x0886,
    0x0886, 0x0886, 0x0886, 0x0886, 0x0886, 0x0886, 0x0886, 0x0886, 0x0886, 0x0886, 0x0886, 0x0886,
    0x0886, 0x0886, 0x0886, 0x0886, 0x0886, 0x0887, 0x0887, 0x0886, 0x0886, 0x0886, 0x0886, 0x0886,
    0x0886, 0x0887, 0x0886, 0x18E9, 0x316D, 0x18A7, 0x0003, 0x0004, 0x0003, 0x0004, 0x0003, 0x0003,
    0x0004, 0x0004, 0x0004, 0x0004, 0x0004, 0x0004, 0x0024, 0x0024, 0x0004, 0x0004, 0x0024, 0x0024,
    0x0024, 0x0004, 0x0004, 0x0004, 0x0004, 0x0024, 0x0024, 0x0004, 0x0024, 0x0024, 0x0024, 0x0024,
    0x0024, 0x0024, 0x0024, 0x0004, 0x0004, 0x0003, 0x0024, 0x0024, 0x0004, 0x0004, 0x0024, 0x0024,
    0x0024, 0x0004, 0x0004, 0x0004, 0x0004, 0x0004, 0x0003, 0x0003, 0x0004, 0x0004, 0x0004, 0x0004,
    0x0004, 0x0004, 0x0024, 0x0004, 0x0024, 0x0004, 0x0024, 0x0004, 0x0024, 0x0004, 0x0003, 0x0003,
    0x0003, 0x0004, 0x0004, 0x0024, 0x0024, 0x0024, 0x0004, 0x0004, 0x0004, 0x0003, 0x0003, 0x0004,
    0x0004, 0x0004, 0x0024, 0x0024, 0x0004, 0x0024, 0x0024, 0x0004, 0x0024, 0x0004, 0x0003, 0x0023,
    0x0004, 0x0004, 0x0003, 0x0004, 0x0004, 0x0024, 0x0004, 0x0003, 0x0003, 0x0004, 0x0003, 0x0003,
    0x0003, 0x0003, 0x0003, 0x0004, 0x0004, 0x0004, 0x0004, 0x0024, 0x0024, 0x0024, 0x0024, 0x0004,
    0x0024, 0x0004, 0x0004, 0x0024, 0x0003, 0x0003, 0x0003, 0x0004, 0x0024, 0x0024, 0x0024, 0x0004,
    0x0004, 0x0024, 0x0024, 0x0004, 0x0003, 0x0003, 0x0003, 0x0003, 0x0004, 0x0004, 0x0023, 0x0024,
    0x0024, 0x0004, 0x0024, 0x0004, 0x0024, 0x0024, 0x0024, 0x0024, 0x0004, 0x0003, 0x0003, 0x0003,
    0x0004, 0x0004, 0x0024, 0x0004, 0x0004, 0x0024, 0x0024, 0x0004, 0x0004, 0x0003, 0x0024, 0x0004,
    0x0004, 0x0024, 0x0024, 0x0004, 0x0024, 0x0004, 0x0024, 0x0024, 0x0024, 0x0024, 0x0024, 0x0004,
    0x0024, 0x0004, 0x0004, 0x0024, 0x0024, 0x0004, 0x0024, 0x0024, 0x0024, 0x0024, 0x0024, 0x0024,
    0x0024, 0x0004, 0x0003, 0x0024, 0x0024, 0x0024, 0x0004, 0x0004, 0x0004, 0x0004, 0x0004, 0x0004,
    0x0004, 0x0004, 0x0024, 0x0024, 0x0003, 0x18C8, 0x18E9, 0x0886, 0x10A7, 0x0866, 0x4A0C, 0x39AB,
    0x0866, 0x08A7, 0x0886, 0x10A7, 0x310D, 0x394F, 0x4170, 0x59F3, 0x8B16, 0xC418, 0xB396, 0x7A94,
    0x6A54, 0x6255, 0x6275, 0x6255, 0x72B5, 0x7295, 0x6233, 0x396E, 0x10A8, 0x0023, 0x0886, 0x18E8,
    0x18C8, 0x0866, 0x0886, 0x0886, 0x0886, 0x0886, 0x0886, 0x0886, 0x0886, 0x0886, 0x0886, 0x0886,
    0x0886, 0x0886, 0x0886, 0x0886, 0x0886, 0x0886, 0x0886, 0x0886, 0x0886, 0x0886, 0x0886, 0x0886,
    0x0886, 0x0886, 0x0886, 0x0886, 0x0886, 0x0886, 0x0887, 0x0886, 0x0886, 0x0886, 0x0886, 0x0886,
    0x0886, 0x0886, 0x0886, 0x0886, 0x0886, 0x0886, 0x0886, 0x0886, 0x0886, 0x0886, 0x0886, 0x0886,
    0x0886, 0x0886, 0x0886, 0x0886, 0x0886, 0x0886, 0x0886, 0x0886, 0x0886, 0x0886, 0x0886, 0x0886,
    0x0886, 0x0886, 0x0886, 0x0887, 0x0886, 0x0886, 0x0886, 0x0886, 0x0886, 0x0886, 0x0886, 0x0886,
    0x0886, 0x0886, 0x0886, 0x0886, 0x0886, 0x0886, 0x0886, 0x0886, 0x0886, 0x0886, 0x08A7, 0x210A,
    0x318D, 0x18C8, 0x0003, 0x0024, 0x0003, 0x0004, 0x0023, 0x0003, 0x0024, 0x0024, 0x0004, 0x0004,
    0x0004, 0x0004, 0x0004, 0x0024, 0x0024, 0x0024, 0x0024, 0x0024, 0x0004, 0x0004, 0x0004, 0x0024,
    0x0004, 0x0004, 0x0024, 0x0024, 0x0003, 0x0004, 0x0004, 0x0004, 0x0024, 0x0024, 0x0024, 0x0024,
    0x0004, 0x0024, 0x0004, 0x0024, 0x0004, 0x0024, 0x0024, 0x0024, 0x0003, 0x0004, 0x0003, 0x0023,
    0x0004, 0x0024, 0x0003, 0x0004, 0x0003, 0x0004, 0x0003, 0x0004, 0x0004, 0x0004, 0x0024, 0x0024,
    0x0024, 0x0024, 0x0024, 0x0024, 0x0024, 0x0024, 0x0003, 0x0004, 0x0004, 0x0004, 0x0004, 0x0024,
    0x0024, 0x0004, 0x0004, 0x0004, 0x0004, 0x0003, 0x0003, 0x0003, 0x0004, 0x0004, 0x0004, 0x0024,
    0x0004, 0x0024, 0x0004, 0x0004, 0x0004, 0x0004, 0x0004, 0x0024, 0x0024, 0x0024, 0x0004, 0x0024,
    0x0024, 0x0003, 0x0004, 0x0003, 0x0003, 0x0004, 0x0003, 0x0003, 0x0003, 0x0003, 0x0004, 0x0003,
    0x0004, 0x0004, 0x0004, 0x0024, 0x0024, 0x0024, 0x0024, 0x0004, 0x0004, 0x0024, 0x0003, 0x0003,
    0x0003, 0x0003, 0x0003, 0x0024, 0x0004, 0x0024, 0x0024, 0x0024, 0x0024, 0x0004, 0x0004, 0x0024,
    0x0004, 0x0003, 0x0003, 0x0003, 0x0003, 0x0003, 0x0003, 0x0004, 0x0003, 0x0004, 0x0024, 0x0003,
    0x0004, 0x0004, 0x0003, 0x0004, 0x0004, 0x0003, 0x0004, 0x0004, 0x0003, 0x0024, 0x0004, 0x0004,
    0x0024, 0x0024, 0x0024, 0x0004, 0x0004, 0x0004, 0x0004, 0x0004, 0x0024, 0x0024, 0x0004, 0x0003,
    0x0024, 0x0004, 0x0004, 0x0004, 0x0024, 0x0004, 0x0024, 0x0004, 0x0004, 0x0004, 0x0004, 0x0024,
    0x0024, 0x0024, 0x0024, 0x0024, 0x0024, 0x0004, 0x0004, 0x0004, 0x0004, 0x0004, 0x0004, 0x0004,
    0x0004, 0x0024, 0x0004, 0x0024, 0x0004, 0x0004, 0x0004, 0x0023, 0x0023, 0x0024, 0x0024, 0x0024,
    0x0004, 0x18C9, 0x18E9, 0x0866, 0x10A7, 0x0045, 0x7B91, 0x62CE, 0x0046, 0x10A7, 0x1087, 0x0886,
    0x18C9, 0x394F, 0x4170, 0x4991, 0x4991, 0x6213, 0x9315, 0xB3D7, 0xABF7, 0x9377, 0x9337, 0x7AD6,
    0x7AB5, 0x5A14, 0x396F, 0x18E9, 0x0866, 0x396C, 0x82F5, 0x7295, 0x6A95, 0x396D, 0x0866, 0x0887,
    0x0887, 0x0886, 0x0886, 0x0886, 0x0886, 0x0886, 0x0886, 0x0886, 0x0886, 0x0886, 0x0886, 0x0886,
    0x0886, 0x0886, 0x0886, 0x0886, 0x0886, 0x0886, 0x0886, 0x0886, 0x0886, 0x0886, 0x0886, 0x0886,
    0x0886, 0x0886, 0x0887, 0x0886, 0x0886, 0x0886, 0x0886, 0x0886, 0x0886, 0x0886, 0x0886, 0x0886,
    0x0886, 0x0886, 0x0886, 0x0886, 0x0886, 0x0886, 0x0886, 0x0886, 0x0886, 0x0886, 0x0886, 0x0886,
    0x0886, 0x0886, 0x0886, 0x0886, 0x0886, 0x0886, 0x0886, 0x0886, 0x0886, 0x0886, 0x0886, 0x0886,
    0x0886, 0x0886, 0x0887, 0x0886, 0x0886, 0x0886, 0x0886, 0x0886, 0x0886, 0x0886, 0x0886, 0x0886,
    0x0886, 0x0886, 0x0886, 0x0886, 0x0887, 0x0886, 0x18E8, 0x294B, 0x2109, 0x0865, 0x0003, 0x0024,
    0x0024, 0x0024, 0x0004, 0x0004, 0x0024, 0x0004, 0x0004, 0x0024, 0x0004, 0x0004, 0x0004, 0x0024,
    0x0024, 0x0024, 0x0024, 0x0004, 0x0004, 0x0024, 0x0004, 0x0024, 0x0004, 0x0004, 0x0024, 0x0024,
    0x0004, 0x0023, 0x0024, 0x0004, 0x0004, 0x0024, 0x0024, 0x0024, 0x0024, 0x0024, 0x0004, 0x0003,
    0x0003, 0x0004, 0x0024, 0x0024, 0x0004, 0x0024, 0x0003, 0x0004, 0x0004, 0x0024, 0x0003, 0x0003,
    0x0004, 0x0004, 0x0003, 0x0004, 0x0004, 0x0024, 0x0024, 0x0024, 0x0004, 0x0004, 0x0024, 0x0024,
    0x0024, 0x0004, 0x0003, 0x0003, 0x0004, 0x0004, 0x0004, 0x0004, 0x0024, 0x0004, 0x0004, 0x0004,
    0x0003, 0x0003, 0x0024, 0x0003, 0x0004, 0x0004, 0x0004, 0x0024, 0x0024, 0x0004, 0x0024, 0x0003,
    0x0003, 0x0003, 0x0024, 0x0024, 0x0024, 0x0024, 0x0024, 0x0024, 0x0024, 0x0004, 0x0004, 0x0003,
    0x0004, 0x0004, 0x0004, 0x0004, 0x0003, 0x0003, 0x0003, 0x0004, 0x0004, 0x0024, 0x0003, 0x0004,
    0x0024, 0x0024, 0x0024, 0x0004, 0x0004, 0x0003, 0x0024, 0x0003, 0x0003, 0x0003, 0x0003, 0x0004,
    0x0003, 0x0003, 0x0003, 0x0023, 0x0024, 0x0004, 0x0004, 0x0024, 0x0024, 0x0024, 0x0024, 0x0003,
    0x0003, 0x0003, 0x0003, 0x0003, 0x0003, 0x0003, 0x0003, 0x0003, 0x0004, 0x0003, 0x0003, 0x0024,
    0x0004, 0x0004, 0x0024, 0x0004, 0x0004, 0x0003, 0x0003, 0x0024, 0x0024, 0x0024, 0x0003, 0x0004,
    0x0004, 0x0004, 0x0004, 0x0004, 0x0004, 0x0004, 0x0004, 0x0004, 0x0004, 0x0024, 0x0024, 0x0024,
    0x0004, 0x0004, 0x0024, 0x0003, 0x0004, 0x0004, 0x0004, 0x0024, 0x0004, 0x0003, 0x0004, 0x0024,
    0x0024, 0x0024, 0x0004, 0x0003, 0x0004, 0x0024, 0x0004, 0x0004, 0x0004, 0x0024, 0x0003, 0x0024,
    0x0024, 0x0003, 0x0024, 0x0024, 0x0024, 0x0024, 0x0024, 0x0024, 0x0003, 0x18C8, 0x18E9, 0x0886,
    0x0886, 0x0886, 0x0046, 0x0045, 0x0887, 0x0887, 0x0886, 0x0887, 0x10A7, 0x10C8, 0x290B, 0x394E,
    0x312E, 0x312E, 0x312F, 0x51D2, 0x5A13, 0x6234, 0x51F2, 0x394E, 0x290C, 0x210A, 0x10C8, 0x0886,
    0x314B, 0xB3D8, 0xAB98, 0x72B6, 0x6A75, 0x7296, 0x290A, 0x0886, 0x0887, 0x0886, 0x0886, 0x0886,
    0x0886, 0x0886, 0x0886, 0x0886, 0x0886, 0x0886, 0x0886, 0x0886, 0x0886, 0x0886, 0x0886, 0x0886,
    0x0886, 0x0886, 0x0886, 0x0886, 0x0886, 0x0886, 0x0886, 0x0886, 0x0886, 0x0886, 0x0886, 0x0886,
    0x0886, 0x0886, 0x0886, 0x0886, 0x0886, 0x0886, 0x0886, 0x0886, 0x0886, 0x0886, 0x0886, 0x0886,
    0x0886, 0x0886, 0x0886, 0x0886, 0x0886, 0x0886, 0x0886, 0x0886, 0x0886, 0x0886, 0x0887, 0x0886,
    0x0886, 0x0887, 0x0886, 0x0887, 0x0886, 0x0886, 0x0887, 0x0887, 0x0887, 0x0886, 0x0887, 0x0886,
    0x0886, 0x0886, 0x0886, 0x0886, 0x0886, 0x0886, 0x0886, 0x0886, 0x0886, 0x0886, 0x0886, 0x0886,
    0x0887, 0x0886, 0x18C8, 0x294B, 0x18A7, 0x0003, 0x0024, 0x0024, 0x0024, 0x0004, 0x0003, 0x0003,
    0x0004, 0x0004, 0x0024, 0x0004, 0x0023, 0x0004, 0x0004, 0x0004, 0x0004, 0x0024, 0x0024, 0x0024,
    0x0024, 0x0024, 0x0004, 0x0024, 0x0024, 0x0004, 0x0004, 0x0003, 0x0003, 0x0024, 0x0004, 0x0004,
    0x0004, 0x0024, 0x0024, 0x0004, 0x0004, 0x0024, 0x0004, 0x0003, 0x0024, 0x0004, 0x0004, 0x0024,
    0x0004, 0x0024, 0x0004, 0x0003, 0x0004, 0x0023, 0x0003, 0x0004, 0x0004, 0x0003, 0x0003, 0x0003,
    0x0004, 0x0024, 0x0024, 0x0024, 0x0004, 0x0004, 0x0024, 0x0024, 0x0024, 0x0004, 0x0004, 0x0004,
    0x0004, 0x0004, 0x0004, 0x0024, 0x0004, 0x0003, 0x0004, 0x0003, 0x0003, 0x0003, 0x0024, 0x0004,
    0x0004, 0x0004, 0x0024, 0x0024, 0x0004, 0x0004, 0x0024, 0x0004, 0x0003, 0x0003, 0x0023, 0x0003,
    0x0024, 0x0004, 0x0004, 0x0004, 0x0024, 0x0003, 0x0003, 0x0003, 0x0003, 0x0003, 0x0004, 0x0004,
    0x0003, 0x0003, 0x0004, 0x0004, 0x0024, 0x0003, 0x0003, 0x0003, 0x0003, 0x0004, 0x0004, 0x0024,
    0x0004, 0x0004, 0x0003, 0x0003, 0x0003, 0x0003, 0x0003, 0x0003, 0x0003, 0x0003, 0x0003, 0x0003,
    0x0003, 0x0003, 0x0003, 0x0004, 0x0024, 0x0024, 0x0024, 0x0003, 0x0003, 0x0003, 0x0003, 0x0004,
    0x0003, 0x0003, 0x0003, 0x0003, 0x0004, 0x0003, 0x0003, 0x0003, 0x0004, 0x0024, 0x0024, 0x0004,
    0x0024, 0x0004, 0x0003, 0x0003, 0x0004, 0x0004, 0x0004, 0x0024, 0x0003, 0x0004, 0x0004, 0x0004,
    0x0004, 0x0004, 0x0004, 0x0004, 0x0024, 0x0004, 0x0024, 0x0004, 0x0004, 0x0004, 0x0004, 0x0003,
    0x0003, 0x0003, 0x0004, 0x0004, 0x0024, 0x0024, 0x0004, 0x0024, 0x0004, 0x0024, 0x0024, 0x0004,
    0x0024, 0x0024, 0x0004, 0x0004, 0x0024, 0x0004, 0x0004, 0x0024, 0x0024, 0x0024, 0x0004, 0x0024,
    0x0024, 0x0024, 0x0024, 0x0003, 0x0844, 0x292A, 0x18E9, 0x0886, 0x0886, 0x0886, 0x0886, 0x0887,
    0x0886, 0x0886, 0x10A6, 0x10A6, 0x0886, 0x10A7, 0x08A7, 0x10A7, 0x10A8, 0x18A8, 0x20EB, 0x20CA,
    0x20EB, 0x210B, 0x10A8, 0x10A7, 0x08A6, 0x0886, 0x398D, 0x396C, 0x6251, 0x9378, 0x7AF6, 0x6274,
    0x4990, 0x5A33, 0x6A75, 0x314C, 0x0886, 0x0887, 0x0886, 0x0886, 0x0886, 0x0886, 0x0886, 0x0886,
    0x0886, 0x0886, 0x0886, 0x0887, 0x0886, 0x0886, 0x0886, 0x0886, 0x0886, 0x0886, 0x0886, 0x0886,
    0x0886, 0x0886, 0x0886, 0x0886, 0x0886, 0x0886, 0x0886, 0x0886, 0x0887, 0x0886, 0x0886, 0x0886,
    0x0886, 0x0886, 0x0886, 0x0886, 0x0886, 0x0886, 0x0886, 0x0886, 0x0886, 0x0886, 0x0886, 0x0886,
    0x0886, 0x0886, 0x0886, 0x0886, 0x0887, 0x0886, 0x0886, 0x0887, 0x0886, 0x0887, 0x0887, 0x0887,
    0x0886, 0x0887, 0x0887, 0x0887, 0x0887, 0x0886, 0x0886, 0x0886, 0x0886, 0x0886, 0x0886, 0x0886,
    0x0886, 0x0886, 0x0886, 0x0886, 0x0886, 0x0886, 0x0886, 0x0886, 0x0887, 0x0886, 0x10C8, 0x2109,
    0x0865, 0x0003, 0x0024, 0x0004, 0x0024, 0x0003, 0x0003, 0x0003, 0x0004, 0x0003, 0x0003, 0x0003,
    0x0004, 0x0004, 0x0024, 0x0004, 0x0024, 0x0024, 0x0004, 0x0024, 0x0004, 0x0004, 0x0004, 0x0024,
    0x0004, 0x0024, 0x0024, 0x0004, 0x0003, 0x0024, 0x0004, 0x0024, 0x0003, 0x0004, 0x0004, 0x0004,
    0x0024, 0x0024, 0x0004, 0x0004, 0x0024, 0x0004, 0x0004, 0x0004, 0x0004, 0x0004, 0x0004, 0x0004,
    0x0004, 0x0003, 0x0004, 0x0004, 0x0003, 0x0003, 0x0003, 0x0003, 0x0004, 0x0004, 0x0004, 0x0004,
    0x0004, 0x0004, 0x0004, 0x0024, 0x0024, 0x0004, 0x0024, 0x0004, 0x0004, 0x0004, 0x0004, 0x0004,
    0x0004, 0x0023, 0x0003, 0x0003, 0x0004, 0x0004, 0x0004, 0x0004, 0x0004, 0x0004, 0x0004, 0x0003,
    0x0004, 0x0003, 0x0004, 0x0024, 0x0003, 0x0003, 0x0003, 0x0003, 0x0024, 0x0004, 0x0003, 0x0004,
    0x0003, 0x0003, 0x0003, 0x0003, 0x0004, 0x0004, 0x0004, 0x0004, 0x0003, 0x0004, 0x0004, 0x0024,
    0x0004, 0x0004, 0x0024, 0x0004, 0x0004, 0x0024, 0x0004, 0x0004, 0x0003, 0x0004, 0x0004, 0x0004,
    0x0003, 0x0003, 0x0004, 0x0003, 0x0003, 0x0003, 0x0003, 0x0003, 0x0003, 0x0003, 0x0003, 0x0003,
    0x0003, 0x0023, 0x0004, 0x0024, 0x0003, 0x0003, 0x0003, 0x0003, 0x0003, 0x0003, 0x0003, 0x0003,
    0x0003, 0x0003, 0x0003, 0x0003, 0x0004, 0x0004, 0x0004, 0x0024, 0x0024, 0x0003, 0x0003, 0x0004,
    0x0003, 0x0003, 0x0004, 0x0024, 0x0004, 0x0024, 0x0004, 0x0004, 0x0004, 0x0024, 0x0024, 0x0024,
    0x0004, 0x0024, 0x0024, 0x0024, 0x0024, 0x0004, 0x0004, 0x0004, 0x0003, 0x0003, 0x0004, 0x0003,
    0x0024, 0x0024, 0x0024, 0x0024, 0x0024, 0x0004, 0x0004, 0x0024, 0x0024, 0x0024, 0x0004, 0x0004,
    0x0024, 0x0004, 0x0004, 0x0024, 0x0004, 0x0004, 0x0024, 0x0024, 0x0004, 0x0024, 0x0024, 0x0003,
    0x0865, 0x316C, 0x18C8, 0x0886, 0x0887, 0x0886, 0x0886, 0x0886, 0x0887, 0x0045, 0xA452, 0xA473,
    0x0866, 0x10A7, 0x10A7, 0x10A7, 0x0886, 0x0886, 0x0886, 0x0886, 0x0886, 0x10A7, 0x10A7, 0x10A7,
    0x0885, 0x314B, 0x8B37, 0x7AB6, 0x6253, 0x7B17, 0x72B5, 0x4991, 0x5A13, 0x6254, 0x49D2, 0x49B1,
    0x10A7, 0x0886, 0x0886, 0x0886, 0x0886, 0x0886, 0x0886, 0x0886, 0x0887, 0x0887, 0x0886, 0x0886,
    0x0886, 0x0887, 0x0886, 0x0886, 0x0886, 0x0886, 0x0886, 0x0886, 0x0886, 0x0886, 0x0886, 0x0886,
    0x0886, 0x0886, 0x0886, 0x0886, 0x0886, 0x0886, 0x0887, 0x0886, 0x0886, 0x0886, 0x0886, 0x0886,
    0x0886, 0x0886, 0x0886, 0x0886, 0x0886, 0x0886, 0x0886, 0x0886, 0x0886, 0x0886, 0x0886, 0x0886,
    0x0886, 0x0886, 0x0886, 0x0887, 0x0887, 0x0886, 0x0886, 0x0887, 0x0887, 0x0887, 0x0887, 0x0887,
    0x0886, 0x0886, 0x0887, 0x0886, 0x0887, 0x0887, 0x0886, 0x0886, 0x0886, 0x0886, 0x0886, 0x0886,
    0x0886, 0x0886, 0x0886, 0x0886, 0x0886, 0x0886, 0x10A8, 0x210A, 0x0003, 0x0024, 0x0004, 0x0024,
    0x0024, 0x0003, 0x0003, 0x0003, 0x0004, 0x0003, 0x0003, 0x0003, 0x0003, 0x0004, 0x0004, 0x0004,
    0x0004, 0x0004, 0x0004, 0x0024, 0x0024, 0x0024, 0x0004, 0x0003, 0x0003, 0x0003, 0x0024, 0x0024,
    0x0004, 0x0024, 0x0024, 0x0024, 0x0024, 0x0004, 0x0004, 0x0024, 0x0024, 0x0024, 0x0024, 0x0024,
    0x0004, 0x0004, 0x0004, 0x0024, 0x0024, 0x0024, 0x0024, 0x0004, 0x0004, 0x0004, 0x0024, 0x0003,
    0x0003, 0x0003, 0x0004, 0x0004, 0x0004, 0x0024, 0x0024, 0x0024, 0x0024, 0x0024, 0x0024, 0x0004,
    0x0004, 0x0004, 0x0004, 0x0004, 0x0004, 0x0003, 0x0003, 0x0004, 0x0003, 0x0003, 0x0003, 0x0004,
    0x0003, 0x0003, 0x0003, 0x0003, 0x0024, 0x0004, 0x0004, 0x0003, 0x0003, 0x0003, 0x0004, 0x0003,
    0x0003, 0x0003, 0x0003, 0x0003, 0x0004, 0x0003, 0x0004, 0x0004, 0x0004, 0x0003, 0x0003, 0x0003,
    0x0003, 0x0004, 0x0004, 0x0004, 0x0024, 0x0024, 0x0004, 0x0024, 0x0024, 0x0004, 0x0004, 0x0024,
    0x0003, 0x0024, 0x0004, 0x0024, 0x0024, 0x0004, 0x0024, 0x0004, 0x0003, 0x0004, 0x0004, 0x0024,
    0x0024, 0x0003, 0x0003, 0x0003, 0x0003, 0x0003, 0x0023, 0x0003, 0x0003, 0x0023, 0x0004, 0x0003,
    0x0003, 0x0003, 0x0003, 0x0003, 0x0003, 0x0003, 0x0003, 0x0003, 0x0003, 0x0003, 0x0003, 0x0003,
    0x0003, 0x0024, 0x0003, 0x0004, 0x0003, 0x0003, 0x0003, 0x0004, 0x0003, 0x0003, 0x0003, 0x0004,
    0x0004, 0x0004, 0x0004, 0x0004, 0x0024, 0x0024, 0x0024, 0x0024, 0x0024, 0x0024, 0x0004, 0x0024,
    0x0003, 0x0004, 0x0004, 0x0004, 0x0004, 0x0004, 0x0004, 0x0004, 0x0004, 0x0004, 0x0024, 0x0024,
    0x0024, 0x0024, 0x0024, 0x0004, 0x0004, 0x0004, 0x0024, 0x0004, 0x0024, 0x0004, 0x0004, 0x0024,
    0x0024, 0x0004, 0x0004, 0x0004, 0x0003, 0x0024, 0x0003, 0x0024, 0x20E9, 0x2109, 0x0886, 0x0886,
    0x0887, 0x0886, 0x0886, 0x0886, 0x0887, 0x0046, 0x5AAD, 0x62CE, 0x0867, 0x10A7, 0x0886, 0x0886,
    0x1087, 0x1087, 0x10A7, 0x1087, 0x10A7, 0x10A7, 0x10A8, 0x10A7, 0x0885, 0x51F1, 0x6A75, 0x6233,
    0x5A13, 0x6A75, 0x49B2, 0x4170, 0x51D2, 0x49B2, 0x49B2, 0x49B1, 0x10A7, 0x0886, 0x0887, 0x0886,
    0x0886, 0x0886, 0x0886, 0x0886, 0x0886, 0x0886, 0x0886, 0x0886, 0x0886, 0x0886, 0x0886, 0x0886,
    0x0886, 0x0886, 0x0886, 0x0886, 0x0886, 0x0886, 0x0886, 0x0886, 0x0886, 0x0886, 0x0886, 0x0886,
    0x0886, 0x0886, 0x0886, 0x0887, 0x0886, 0x0886, 0x0886, 0x0886, 0x0886, 0x0886, 0x0886, 0x0886,
    0x0886, 0x0886, 0x0886, 0x0886, 0x0886, 0x0886, 0x0886, 0x0886, 0x0886, 0x0887, 0x0887, 0x0887,
    0x0887, 0x0887, 0x0887, 0x0887, 0x0887, 0x0887, 0x0887, 0x0887, 0x0886, 0x0887, 0x0887, 0x0887,
    0x0887, 0x0887, 0x0887, 0x0886, 0x0886, 0x0886, 0x0886, 0x0886, 0x0886, 0x0886, 0x0886, 0x0887,
    0x08A7, 0x0886, 0x18E9, 0x292B, 0x0024, 0x0024, 0x0004, 0x0004, 0x0003, 0x0003, 0x0003, 0x0003,
    0x0003, 0x0003, 0x0003, 0x0003, 0x0003, 0x0004, 0x0004, 0x0004, 0x0004, 0x0004, 0x0024, 0x0024,
    0x0024, 0x0024, 0x0024, 0x0003, 0x0003, 0x0004, 0x0003, 0x0004, 0x0024, 0x0024, 0x0024, 0x0024,
    0x0004, 0x0004, 0x0004, 0x0004, 0x0024, 0x0024, 0x0024, 0x0024, 0x0004, 0x0004, 0x0004, 0x0024,
    0x0024, 0x0004, 0x0024, 0x0004, 0x0024, 0x0024, 0x0004, 0x0003, 0x0003, 0x0003, 0x0004, 0x0003,
    0x0004, 0x0024, 0x0024, 0x0024, 0x0024, 0x0003, 0x0004, 0x0023, 0x0024, 0x0004, 0x0024, 0x0004,
    0x0004, 0x0003, 0x0003, 0x0004, 0x0003, 0x0003, 0x0003, 0x0003, 0x0003, 0x0003, 0x0003, 0x0004,
    0x0024, 0x0024, 0x0004, 0x0003, 0x0003, 0x0023, 0x0023, 0x0004, 0x0003, 0x0003, 0x0003, 0x0003,
    0x0003, 0x0024, 0x0003, 0x0004, 0x0004, 0x0004, 0x0003, 0x0003, 0x0004, 0x0004, 0x0024, 0x0024,
    0x0024, 0x0024, 0x0024, 0x0004, 0x0004, 0x0024, 0x0024, 0x0004, 0x0004, 0x0024, 0x0024, 0x0024,
    0x0024, 0x0004, 0x0004, 0x0004, 0x0024, 0x0024, 0x0024, 0x0024, 0x0004, 0x0003, 0x0003, 0x0003,
    0x0003, 0x0003, 0x0004, 0x0003, 0x0003, 0x0023, 0x0024, 0x0003, 0x0003, 0x0003, 0x0003, 0x0003,
    0x0003, 0x0003, 0x0003, 0x0003, 0x0003, 0x0003, 0x0003, 0x0003, 0x0003, 0x0003, 0x0003, 0x0003,
    0x0003, 0x0004, 0x0004, 0x0004, 0x0003, 0x0023, 0x0023, 0x0003, 0x0003, 0x0004, 0x0004, 0x0004,
    0x0004, 0x0004, 0x0004, 0x0024, 0x0024, 0x0004, 0x0004, 0x0004, 0x0004, 0x0004, 0x0004, 0x0004,
    0x0004, 0x0004, 0x0004, 0x0004, 0x0024, 0x0024, 0x0024, 0x0004, 0x0004, 0x0024, 0x0024, 0x0024,
    0x0004, 0x0024, 0x0004, 0x0004, 0x0024, 0x0024, 0x0004, 0x0004, 0x0004, 0x0004, 0x0004, 0x0004,
    0x0003, 0x0004, 0x0003, 0x0845, 0x292A, 0x10A7, 0x0886, 0x0887, 0x0886, 0x0886, 0x0886, 0x0886,
    0x0886, 0x0887, 0x0046, 0x0046, 0x08A7, 0x0887, 0x0886, 0x10A7, 0x292C, 0x0887, 0x10A7, 0x0887,
    0x0887, 0x10A7, 0x20EB, 0x10A7, 0x08A7, 0x314C, 0x5A14, 0x59F3, 0x49B1, 0x59F3, 0x396F, 0x4170,
    0x4991, 0x49B1, 0x51B2, 0x292D, 0x0886, 0x0887, 0x0887, 0x0886, 0x0887, 0x0886, 0x0886, 0x0886,
    0x0886, 0x0886, 0x0886, 0x0886, 0x0887, 0x0886, 0x0886, 0x0886, 0x0886, 0x0886, 0x0886, 0x0886,
    0x0886, 0x0886, 0x0886, 0x0886, 0x0886, 0x0886, 0x0886, 0x0886, 0x0886, 0x0886, 0x0887, 0x0887,
    0x0886, 0x0886, 0x0886, 0x0887, 0x0886, 0x0886, 0x0886, 0x0886, 0x0886, 0x0886, 0x0886, 0x0886,
    0x0886, 0x0886, 0x0886, 0x0886, 0x0887, 0x0887, 0x0887, 0x0887, 0x0887, 0x0887, 0x0887, 0x0887,
    0x0886, 0x0887, 0x0887, 0x0887, 0x0886, 0x0887, 0x0887, 0x0887, 0x0887, 0x0887, 0x0886, 0x0886,
    0x0886, 0x0886, 0x0886, 0x0886, 0x0886, 0x0886, 0x0886, 0x0887, 0x0886, 0x10C8, 0x314C, 0x292A,
    0x0024, 0x0024, 0x0004, 0x0003, 0x0004, 0x0024, 0x0003, 0x0003, 0x0003, 0x0003, 0x0003, 0x0003,
    0x0003, 0x0004, 0x0003, 0x0003, 0x0024, 0x0024, 0x0024, 0x0024, 0x0004, 0x0004, 0x0003, 0x0003,
    0x0003, 0x0004, 0x0004, 0x0004, 0x0004, 0x0024, 0x0024, 0x0024, 0x0024, 0x0004, 0x0024, 0x0024,
    0x0004, 0x0024, 0x0024, 0x0024, 0x0024, 0x0024, 0x0004, 0x0024, 0x0024, 0x0024, 0x0024, 0x0004,
    0x0004, 0x0004, 0x0003, 0x0003, 0x0004, 0x0003, 0x0003, 0x0004, 0x0024, 0x0004, 0x0024, 0x0024,
    0x0024, 0x0003, 0x0003, 0x0003, 0x0004, 0x0024, 0x0024, 0x0004, 0x0004, 0x0003, 0x0003, 0x0003,
    0x0003, 0x0003, 0x0003, 0x0003, 0x0003, 0x0003, 0x0004, 0x0024, 0x0024, 0x0004, 0x0003, 0x0003,
    0x0004, 0x0003, 0x0003, 0x0003, 0x0003, 0x0003, 0x0003, 0x0003, 0x0003, 0x0003, 0x0004, 0x0003,
    0x0004, 0x0004, 0x0003, 0x0003, 0x0024, 0x0024, 0x0004, 0x0024, 0x0024, 0x0024, 0x0024, 0x0004,
    0x0024, 0x0024, 0x0004, 0x0024, 0x0024, 0x0004, 0x0004, 0x0004, 0x0004, 0x0004, 0x0004, 0x0004,
    0x0004, 0x0024, 0x0024, 0x0024, 0x0004, 0x0003, 0x0003, 0x0003, 0x0003, 0x0003, 0x0003, 0x0003,
    0x0003, 0x0024, 0x0023, 0x0003, 0x0003, 0x0003, 0x0003, 0x0023, 0x0003, 0x0003, 0x0003, 0x0003,
    0x0003, 0x0003, 0x0003, 0x0003, 0x0003, 0x0003, 0x0003, 0x0003, 0x0003, 0x0024, 0x0004, 0x0004,
    0x0003, 0x0004, 0x0003, 0x0004, 0x0003, 0x0004, 0x0004, 0x0004, 0x0004, 0x0004, 0x0024, 0x0004,
    0x0004, 0x0004, 0x0004, 0x0004, 0x0004, 0x0004, 0x0004, 0x0004, 0x0004, 0x0024, 0x0004, 0x0004,
    0x0004, 0x0024, 0x0024, 0x0024, 0x0004, 0x0004, 0x0024, 0x0024, 0x0024, 0x0024, 0x0004, 0x0004,
    0x0004, 0x0024, 0x0004, 0x0024, 0x0024, 0x0024, 0x0024, 0x0024, 0x0003, 0x0024, 0x0003, 0x0844,
    0x20E9, 0x0887, 0x10A7, 0x08A7, 0x0887, 0x0886, 0x0886, 0x0886, 0x0886, 0x0886, 0x10A7, 0x10A7,
    0x0886, 0x0886, 0x0886, 0x0886, 0x10A7, 0x0887, 0x0887, 0x0887, 0x0886, 0x0886, 0x0887, 0x10A7,
    0x10A7, 0x08A7, 0x312C, 0x41B1, 0x4190, 0x312D, 0x10A8, 0x20EB, 0x312D, 0x312D, 0x18E9, 0x0886,
    0x0887, 0x0886, 0x0887, 0x0886, 0x0886, 0x0886, 0x0886, 0x0886, 0x0886, 0x0886, 0x0886, 0x0886,
    0x0886, 0x0886, 0x0886, 0x0887, 0x0886, 0x0886, 0x0886, 0x0886, 0x0886, 0x0886, 0x0886, 0x0886,
    0x0886, 0x0886, 0x0886, 0x0886, 0x0886, 0x0886, 0x0886, 0x0886, 0x0886, 0x0886, 0x0887, 0x0887,
    0x0887, 0x0886, 0x0886, 0x0886, 0x0886, 0x0886, 0x0886, 0x0886, 0x0886, 0x0886, 0x0886, 0x0886,
    0x0887, 0x0887, 0x0887, 0x0887, 0x0886, 0x0887, 0x0887, 0x0887, 0x0887, 0x0887, 0x0887, 0x0887,
    0x0887, 0x0887, 0x0887, 0x0887, 0x0887, 0x0887, 0x0886, 0x0886, 0x0886, 0x0887, 0x0886, 0x0886,
    0x0886, 0x0887, 0x0887, 0x0887, 0x0886, 0x18C8, 0x294B, 0x20E9, 0x0003, 0x0023, 0x0003, 0x0003,
    0x0003, 0x0004, 0x0003, 0x0003, 0x0003, 0x0003, 0x0003, 0x0003, 0x0003, 0x0003, 0x0004, 0x0004,
    0x0024, 0x0024, 0x0004, 0x0004, 0x0024, 0x0024, 0x0024, 0x0003, 0x0004, 0x0004, 0x0004, 0x0024,
    0x0004, 0x0024, 0x0004, 0x0004, 0x0024, 0x0004, 0x0024, 0x0024, 0x0024, 0x0004, 0x0004, 0x0024,
    0x0024, 0x0004, 0x0004, 0x0024, 0x0024, 0x0024, 0x0024, 0x0024, 0x0004, 0x0004, 0x0004, 0x0004,
    0x0004, 0x0023, 0x0004, 0x0004, 0x0004, 0x0024, 0x0004, 0x0004, 0x0003, 0x0003, 0x0003, 0x0003,
    0x0004, 0x0024, 0x0024, 0x0024, 0x0004, 0x0004, 0x0003, 0x0003, 0x0003, 0x0003, 0x0003, 0x0003,
    0x0003, 0x0003, 0x0003, 0x0004, 0x0004, 0x0003, 0x0004, 0x0024, 0x0004, 0x0003, 0x0003, 0x0004,
    0x0003, 0x0004, 0x0004, 0x0003, 0x0004, 0x0004, 0x0004, 0x0003, 0x0003, 0x0004, 0x0003, 0x0024,
    0x0004, 0x0004, 0x0024, 0x0004, 0x0004, 0x0024, 0x0024, 0x0004, 0x0024, 0x0024, 0x0024, 0x0004,
    0x0024, 0x0004, 0x0003, 0x0004, 0x0003, 0x0003, 0x0003, 0x0004, 0x0004, 0x0024, 0x0024, 0x0004,
    0x0004, 0x0003, 0x0003, 0x0003, 0x0003, 0x0003, 0x0004, 0x0004, 0x0004, 0x0003, 0x0003, 0x0003,
    0x0003, 0x0003, 0x0003, 0x0003, 0x0024, 0x0003, 0x0003, 0x0004, 0x0024, 0x0003, 0x0003, 0x0023,
    0x0004, 0x0003, 0x0003, 0x0003, 0x0003, 0x0004, 0x0004, 0x0003, 0x0003, 0x0004, 0x0003, 0x0003,
    0x0003, 0x0004, 0x0004, 0x0004, 0x0024, 0x0004, 0x0024, 0x0004, 0x0024, 0x0024, 0x0004, 0x0004,
    0x0003, 0x0004, 0x0004, 0x0003, 0x0004, 0x0003, 0x0024, 0x0024, 0x0024, 0x0024, 0x0004, 0x0024,
    0x0004, 0x0004, 0x0024, 0x0004, 0x0024, 0x0024, 0x0024, 0x0004, 0x0004, 0x0024, 0x0004, 0x0004,
    0x0024, 0x0004, 0x0004, 0x0024, 0x0023, 0x0003, 0x0003, 0x0044, 0x292B, 0x18E9, 0x10A7, 0x10A7,
    0x0887, 0x0886, 0x0887, 0x0886, 0x0887, 0x0887, 0x0886, 0x0886, 0x0886, 0x0886, 0x0887, 0x0887,
    0x0886, 0x0886, 0x0886, 0x0886, 0x0886, 0x0886, 0x0886, 0x0887, 0x10A7, 0x10A7, 0x0886, 0x10A7,
    0x10A7, 0x0866, 0x0886, 0x0886, 0x0886, 0x0886, 0x0886, 0x0886, 0x0886, 0x0886, 0x0886, 0x0886,
    0x0886, 0x0886, 0x0886, 0x0886, 0x0886, 0x0886, 0x0886, 0x0886, 0x0886, 0x0886, 0x0886, 0x0886,
    0x0886, 0x0886, 0x0886, 0x0886, 0x0886, 0x0886, 0x0886, 0x0886, 0x0886, 0x0886, 0x0886, 0x0886,
    0x0886, 0x0886, 0x0886, 0x0886, 0x0886, 0x0886, 0x0886, 0x0886, 0x0886, 0x0886, 0x0886, 0x0886,
    0x0886, 0x0886, 0x0886, 0x0886, 0x0886, 0x0886, 0x0886, 0x0886, 0x0886, 0x0886, 0x0886, 0x0886,
    0x0886, 0x0886, 0x0886, 0x0887, 0x0887, 0x0887, 0x0887, 0x0887, 0x0887, 0x0887, 0x0887, 0x0887,
    0x0887, 0x0887, 0x0886, 0x0886, 0x0886, 0x0886, 0x0886, 0x0886, 0x0886, 0x0887, 0x0887, 0x0886,
    0x10A7, 0x292B, 0x210A, 0x0044, 0x0024, 0x0024, 0x0004, 0x0004, 0x0003, 0x0003, 0x0003, 0x0003,
    0x0003, 0x0003, 0x0003, 0x0003, 0x0003, 0x0003, 0x0024, 0x0004, 0x0003, 0x0004, 0x0024, 0x0003,
    0x0004, 0x0023, 0x0024, 0x0023, 0x0024, 0x0004, 0x0003, 0x0003, 0x0004, 0x0004, 0x0024, 0x0004,
    0x0024, 0x0024, 0x0004, 0x0004, 0x0024, 0x0024, 0x0004, 0x0004, 0x0004, 0x0004, 0x0004, 0x0004,
    0x0024, 0x0024, 0x0024, 0x0004, 0x0024, 0x0004, 0x0024, 0x0024, 0x0004, 0x0003, 0x0024, 0x0004,
    0x0004, 0x0024, 0x0004, 0x0003, 0x0003, 0x0003, 0x0003, 0x0003, 0x0024, 0x0004, 0x0024, 0x0004,
    0x0024, 0x0024, 0x0004, 0x0003, 0x0003, 0x0003, 0x0003, 0x0003, 0x0004, 0x0003, 0x0024, 0x0024,
    0x0004, 0x0004, 0x0024, 0x0024, 0x0004, 0x0004, 0x0004, 0x0004, 0x0004, 0x0003, 0x0003, 0x0023,
    0x0004, 0x0004, 0x0004, 0x0004, 0x0003, 0x0003, 0x0003, 0x0024, 0x0024, 0x0004, 0x0004, 0x0004,
    0x0004, 0x0004, 0x0004, 0x0024, 0x0024, 0x0004, 0x0024, 0x0024, 0x0024, 0x0024, 0x0024, 0x0004,
    0x0003, 0x0003, 0x0003, 0x0003, 0x0004, 0x0004, 0x0004, 0x0004, 0x0004, 0x0004, 0x0024, 0x0024,
    0x0024, 0x0024, 0x0003, 0x0004, 0x0004, 0x0003, 0x0003, 0x0003, 0x0003, 0x0003, 0x0003, 0x0023,
    0x0024, 0x0004, 0x0004, 0x0004, 0x0004, 0x0024, 0x0024, 0x0003, 0x0024, 0x0004, 0x0004, 0x0004,
    0x0003, 0x0004, 0x0004, 0x0003, 0x0003, 0x0004, 0x0003, 0x0003, 0x0003, 0x0024, 0x0024, 0x0024,
    0x0004, 0x0004, 0x0024, 0x0024, 0x0024, 0x0024, 0x0004, 0x0024, 0x0004, 0x0003, 0x0003, 0x0003,
    0x0004, 0x0003, 0x0024, 0x0024, 0x0024, 0x0024, 0x0024, 0x0004, 0x0004, 0x0024, 0x0024, 0x0024,
    0x0004, 0x0024, 0x0024, 0x0004, 0x0004, 0x0024, 0x0024, 0x0024, 0x0024, 0x0024, 0x0004, 0x0004,
    0x0003, 0x0024, 0x0003, 0x0044, 0x210A, 0x212A, 0x10A7, 0x10A7, 0x0887, 0x0886, 0x0886, 0x0886,
    0x0886, 0x0886, 0x0886, 0x0886, 0x0887, 0x0886, 0x0887, 0x0886, 0x0886, 0x0886, 0x0886, 0x0886,
    0x0886, 0x0886, 0x0887, 0x0887, 0x0886, 0x0887, 0x0887, 0x0886, 0x0886, 0x0886, 0x0886, 0x0886,
    0x0886, 0x0886, 0x0886, 0x0886, 0x0886, 0x0886, 0x0886, 0x0886, 0x0886, 0x0886, 0x0886, 0x0886,
    0x0886, 0x0886, 0x0886, 0x0886, 0x0886, 0x0886, 0x0886, 0x0886, 0x0886, 0x0886, 0x0886, 0x0886,
    0x0886, 0x0886, 0x0886, 0x0886, 0x0886, 0x0886, 0x0886, 0x0886, 0x0886, 0x0886, 0x0886, 0x0886,
    0x0886, 0x0886, 0x0886, 0x0886, 0x0886, 0x0886, 0x0886, 0x0886, 0x0886, 0x0886, 0x0886, 0x0886,
    0x0886, 0x0886, 0x0886, 0x0886, 0x0886, 0x0886, 0x0887, 0x0886, 0x0886, 0x0887, 0x0887, 0x0887,
    0x0887, 0x0887, 0x0887, 0x0887, 0x0887, 0x0887, 0x0887, 0x0887, 0x0887, 0x0887, 0x0887, 0x0886,
    0x0886, 0x0886, 0x0886, 0x0886, 0x0887, 0x0887, 0x10A7, 0x0886, 0x18E9, 0x294B, 0x292B, 0x0024,
    0x0003, 0x0004, 0x0004, 0x0024, 0x0024, 0x0004, 0x0003, 0x0024, 0x0003, 0x0003, 0x0003, 0x0003,
    0x0003, 0x0003, 0x0003, 0x0003, 0x0003, 0x0004, 0x0004, 0x0003, 0x0003, 0x0003, 0x0003, 0x0024,
    0x0024, 0x0004, 0x0004, 0x0004, 0x0004, 0x0004, 0x0004, 0x0004, 0x0004, 0x0004, 0x0024, 0x0024,
    0x0024, 0x0024, 0x0004, 0x0003, 0x0004, 0x0004, 0x0024, 0x0024, 0x0024, 0x0024, 0x0024, 0x0004,
    0x0004, 0x0004, 0x0004, 0x0004, 0x0004, 0x0004, 0x0004, 0x0003, 0x0004, 0x0004, 0x0004, 0x0024,
    0x0023, 0x0004, 0x0003, 0x0003, 0x0003, 0x0004, 0x0004, 0x0004, 0x0004, 0x0024, 0x0004, 0x0024,
    0x0003, 0x0003, 0x0003, 0x0004, 0x0004, 0x0004, 0x0024, 0x0004, 0x0004, 0x0024, 0x0024, 0x0004,
    0x0004, 0x0004, 0x0004, 0x0004, 0x0004, 0x0004, 0x0003, 0x0004, 0x0003, 0x0024, 0x0024, 0x0004,
    0x0003, 0x0003, 0x0023, 0x0004, 0x0024, 0x0024, 0x0004, 0x0003, 0x0003, 0x0003, 0x0003, 0x0004,
    0x0024, 0x0004, 0x0004, 0x0004, 0x0024, 0x0024, 0x0004, 0x0004, 0x0003, 0x0003, 0x0003, 0x0003,
    0x0003, 0x0003, 0x0024, 0x0024, 0x0004, 0x0024, 0x0024, 0x0024, 0x0024, 0x0004, 0x0004, 0x0004,
    0x0024, 0x0003, 0x0003, 0x0003, 0x0003, 0x0024, 0x0024, 0x0004, 0x0024, 0x0004, 0x0004, 0x0004,
    0x0004, 0x0004, 0x0003, 0x0003, 0x0003, 0x0024, 0x0024, 0x0004, 0x0004, 0x0024, 0x0004, 0x0004,
    0x0004, 0x0024, 0x0024, 0x0003, 0x0003, 0x0004, 0x0024, 0x0024, 0x0024, 0x0004, 0x0024, 0x0024,
    0x0024, 0x0024, 0x0004, 0x0024, 0x0004, 0x0004, 0x0024, 0x0003, 0x0004, 0x0004, 0x0004, 0x0004,
    0x0004, 0x0004, 0x0004, 0x0004, 0x0004, 0x0004, 0x0004, 0x0004, 0x0004, 0x0024, 0x0024, 0x0004,
    0x0004, 0x0004, 0x0024, 0x0024, 0x0024, 0x0024, 0x0004, 0x0004, 0x0024, 0x0024, 0x0024, 0x0024,
    0x1086, 0x294B, 0x10C7, 0x0886, 0x10A7, 0x0887, 0x0887, 0x0887, 0x0887, 0x0887, 0x0887, 0x0886,
    0x0887, 0x0887, 0x0886, 0x0886, 0x0886, 0x0886, 0x0886, 0x0886, 0x0886, 0x0887, 0x0886, 0x0886,
    0x0887, 0x0887, 0x0887, 0x0886, 0x0886, 0x0886, 0x0886, 0x0886, 0x0886, 0x0886, 0x0886, 0x0886,
    0x0886, 0x0886, 0x0886, 0x0886, 0x0887, 0x0887, 0x0887, 0x0886, 0x0887, 0x0886, 0x0886, 0x0886,
    0x0886, 0x0886, 0x0886, 0x0886, 0x0886, 0x0886, 0x0886, 0x0886, 0x0886, 0x0886, 0x0886, 0x0886,
    0x0886, 0x0886, 0x0886, 0x0886, 0x0886, 0x0886, 0x0886, 0x0886, 0x0886, 0x0886, 0x0886, 0x0886,
    0x0886, 0x0886, 0x0886, 0x0886, 0x0886, 0x0886, 0x0886, 0x0886, 0x0886, 0x0886, 0x0886, 0x0886,
    0x0886, 0x0886, 0x0886, 0x0886, 0x0886, 0x0886, 0x0886, 0x0887, 0x0887, 0x0887, 0x0887, 0x0887,
    0x0887, 0x0887, 0x0887, 0x0887, 0x0887, 0x0887, 0x0886, 0x0886, 0x0886, 0x0886, 0x0887, 0x0886,
    0x0887, 0x10A7, 0x08A6, 0x18E8, 0x294B, 0x314C, 0x1086, 0x0024, 0x0024, 0x0004, 0x0004, 0x0024,
    0x0024, 0x0003, 0x0004, 0x0004, 0x0003, 0x0003, 0x0003, 0x0003, 0x0003, 0x0003, 0x0003, 0x0003,
    0x0003, 0x0003, 0x0024, 0x0024, 0x0003, 0x0003, 0x0003, 0x0003, 0x0003, 0x0003, 0x0004, 0x0004,
    0x0004, 0x0004, 0x0004, 0x0024, 0x0004, 0x0004, 0x0024, 0x0004, 0x0024, 0x0004, 0x0024, 0x0024,
    0x0024, 0x0004, 0x0004, 0x0024, 0x0024, 0x0004, 0x0024, 0x0024, 0x0004, 0x0004, 0x0024, 0x0024,
    0x0024, 0x0004, 0x0004, 0x0024, 0x0024, 0x0024, 0x0024, 0x0004, 0x0004, 0x0024, 0x0003, 0x0004,
    0x0004, 0x0024, 0x0004, 0x0024, 0x0024, 0x0024, 0x0004, 0x0024, 0x0003, 0x0003, 0x0003, 0x0003,
    0x0003, 0x0003, 0x0024, 0x0004, 0x0004, 0x0004, 0x0004, 0x0004, 0x0004, 0x0004, 0x0004, 0x0024,
    0x0004, 0x0004, 0x0024, 0x0004, 0x0024, 0x0024, 0x0024, 0x0004, 0x0004, 0x0003, 0x0003, 0x0024,
    0x0004, 0x0003, 0x0004, 0x0004, 0x0004, 0x0003, 0x0003, 0x0003, 0x0004, 0x0024, 0x0004, 0x0024,
    0x0024, 0x0004, 0x0024, 0x0004, 0x0004, 0x0003, 0x0003, 0x0003, 0x0003, 0x0004, 0x0024, 0x0024,
    0x0024, 0x0004, 0x0024, 0x0024, 0x0023, 0x0003, 0x0004, 0x0003, 0x0003, 0x0003, 0x0003, 0x0003,
    0x0003, 0x0003, 0x0004, 0x0004, 0x0004, 0x0004, 0x0024, 0x0004, 0x0004, 0x0003, 0x0003, 0x0004,
    0x0003, 0x0003, 0x0024, 0x0024, 0x0004, 0x0004, 0x0004, 0x0004, 0x0024, 0x0024, 0x0024, 0x0024,
    0x0003, 0x0024, 0x0024, 0x0024, 0x0024, 0x0004, 0x0004, 0x0004, 0x0024, 0x0004, 0x0004, 0x0004,
    0x0003, 0x0004, 0x0004, 0x0003, 0x0003, 0x0004, 0x0004, 0x0024, 0x0024, 0x0004, 0x0004, 0x0004,
    0x0004, 0x0024, 0x0004, 0x0004, 0x0024, 0x0024, 0x0024, 0x0004, 0x0024, 0x0004, 0x0004, 0x0004,
    0x0004, 0x0024, 0x0004, 0x0004, 0x0024, 0x0024, 0x0024, 0x0003, 0x0865, 0x294B, 0x292B, 0x10C8,
    0x0886, 0x08A7, 0x0887, 0x0887, 0x0887, 0x0887, 0x0887, 0x0887, 0x0887, 0x0887, 0x0887, 0x0887,
    0x0886, 0x0886, 0x0886, 0x0886, 0x0886, 0x0886, 0x0886, 0x0886, 0x0887, 0x0887, 0x0886, 0x0886,
    0x0886, 0x0886, 0x0886, 0x0886, 0x0886, 0x0886, 0x0886, 0x0886, 0x0886, 0x0886, 0x0886, 0x0886,
    0x0886, 0x0886, 0x0887, 0x0887, 0x0887, 0x0887, 0x0887, 0x0886, 0x0886, 0x0886, 0x0886, 0x0886,
    0x0886, 0x0886, 0x0886, 0x0886, 0x0886, 0x0886, 0x0886, 0x0886, 0x0886, 0x0886, 0x0886, 0x0886,
    0x0886, 0x0886, 0x0886, 0x0887, 0x0886, 0x0886, 0x0886, 0x0886, 0x0886, 0x0886, 0x0886, 0x0886,
    0x0886, 0x0886, 0x0886, 0x0886, 0x0886, 0x0887, 0x0887, 0x0886, 0x0886, 0x0887, 0x0886, 0x0886,
    0x0886, 0x0886, 0x0886, 0x0887, 0x0887, 0x0887, 0x0887, 0x0887, 0x0887, 0x0887, 0x0887, 0x0887,
    0x0887, 0x0887, 0x0887, 0x0887, 0x0886, 0x0886, 0x0887, 0x0887, 0x0886, 0x0886, 0x18E9, 0x294B,
    0x316C, 0x18C8, 0x0024, 0x0024, 0x0024, 0x0003, 0x0004, 0x0004, 0x0024, 0x0004, 0x0003, 0x0003,
    0x0003, 0x0003, 0x0003, 0x0003, 0x0004, 0x0003, 0x0003, 0x0004, 0x0004, 0x0003, 0x0003, 0x0004,
    0x0004, 0x0023, 0x0003, 0x0004, 0x0024, 0x0004, 0x0004, 0x0024, 0x0004, 0x0003, 0x0024, 0x0004,
    0x0004, 0x0004, 0x0004, 0x0004, 0x0024, 0x0004, 0x0024, 0x0024, 0x0024, 0x0024, 0x0024, 0x0004,
    0x0024, 0x0004, 0x0024, 0x0024, 0x0004, 0x0004, 0x0004, 0x0004, 0x0024, 0x0024, 0x0004, 0x0004,
    0x0004, 0x0004, 0x0024, 0x0024, 0x0024, 0x0024, 0x0004, 0x0024, 0x0004, 0x0024, 0x0024, 0x0024,
    0x0024, 0x0024, 0x0003, 0x0003, 0x0003, 0x0003, 0x0003, 0x0024, 0x0004, 0x0004, 0x0004, 0x0004,
    0x0004, 0x0024, 0x0024, 0x0004, 0x0004, 0x0004, 0x0004, 0x0004, 0x0004, 0x0003, 0x0003, 0x0004,
    0x0023, 0x0024, 0x0024, 0x0024, 0x0004, 0x0024, 0x0004, 0x0024, 0x0024, 0x0024, 0x0004, 0x0004,
    0x0003, 0x0004, 0x0004, 0x0024, 0x0004, 0x0004, 0x0004, 0x0024, 0x0004, 0x0004, 0x0024, 0x0004,
    0x0004, 0x0004, 0x0003, 0x0003, 0x0003, 0x0024, 0x0004, 0x0024, 0x0024, 0x0004, 0x0024, 0x0024,
    0x0003, 0x0024, 0x0003, 0x0003, 0x0003, 0x0003, 0x0003, 0x0024, 0x0003, 0x0003, 0x0024, 0x0024,
    0x0003, 0x0024, 0x0024, 0x0024, 0x0024, 0x0004, 0x0003, 0x0003, 0x0003, 0x0003, 0x0004, 0x0024,
    0x0024, 0x0004, 0x0004, 0x0004, 0x0004, 0x0024, 0x0024, 0x0004, 0x0003, 0x0024, 0x0024, 0x0004,
    0x0003, 0x0004, 0x0004, 0x0024, 0x0024, 0x0004, 0x0024, 0x0004, 0x0003, 0x0004, 0x0024, 0x0024,
    0x0024, 0x0024, 0x0024, 0x0024, 0x0004, 0x0003, 0x0004, 0x0004, 0x0004, 0x0024, 0x0024, 0x0024,
    0x0024, 0x0024, 0x0024, 0x0004, 0x0004, 0x0024, 0x0024, 0x0004, 0x0004, 0x0024, 0x0004, 0x0004,
    0x0023, 0x0004, 0x0024, 0x0003, 0x0844, 0x18E8, 0x314C, 0x292B, 0x10C7, 0x0886, 0x08A7, 0x10A7,
    0x0887, 0x0887, 0x0887, 0x0887, 0x0887, 0x0887, 0x0887, 0x0887, 0x0886, 0x0886, 0x0886, 0x0886,
    0x0886, 0x0886, 0x0887, 0x0886, 0x0886, 0x0886, 0x0886, 0x0886, 0x0886, 0x0886, 0x0886, 0x0886,
    0x0886, 0x0886, 0x0886, 0x0886, 0x0886, 0x0886, 0x0886, 0x0886, 0x0886, 0x0886, 0x0887, 0x0887,
    0x0887, 0x0887, 0x0887, 0x0887, 0x0886, 0x0886, 0x0886, 0x0886, 0x0886, 0x0886, 0x0886, 0x0886,
    0x0886, 0x0886, 0x0886, 0x0886, 0x0886, 0x0886, 0x0886, 0x0886, 0x0886, 0x0886, 0x0886, 0x0886,
    0x0886, 0x0886, 0x0886, 0x0886, 0x0886, 0x0886, 0x0886, 0x0886, 0x0886, 0x0886, 0x0886, 0x0886,
    0x0886, 0x0886, 0x0886, 0x0886, 0x0886, 0x0886, 0x0886, 0x0886, 0x0886, 0x0886, 0x0886, 0x0887,
    0x0887, 0x0887, 0x0887, 0x0887, 0x0887, 0x0887, 0x0887, 0x0887, 0x0887, 0x0887, 0x0887, 0x0887,
    0x0887, 0x0887, 0x0886, 0x0886, 0x10A7, 0x210A, 0x290A, 0x314B, 0x18C8, 0x0024, 0x0004, 0x0004,
    0x0003, 0x0024, 0x0004, 0x0024, 0x0024, 0x0024, 0x0004, 0x0003, 0x0004, 0x0004, 0x0003, 0x0003,
    0x0004, 0x0003, 0x0003, 0x0004, 0x0004, 0x0003, 0x0004, 0x0004, 0x0003, 0x0024, 0x0003, 0x0003,
    0x0004, 0x0004, 0x0003, 0x0003, 0x0003, 0x0003, 0x0024, 0x0003, 0x0004, 0x0004, 0x0004, 0x0004,
    0x0024, 0x0024, 0x0024, 0x0004, 0x0024, 0x0024, 0x0024, 0x0024, 0x0024, 0x0024, 0x0024, 0x0024,
    0x0003, 0x0003, 0x0004, 0x0004, 0x0004, 0x0003, 0x0004, 0x0004, 0x0004, 0x0024, 0x0024, 0x0024,
    0x0004, 0x0024, 0x0004, 0x0004, 0x0004, 0x0024, 0x0024, 0x0024, 0x0024, 0x0003, 0x0023, 0x0003,
    0x0003, 0x0003, 0x0003, 0x0003, 0x0004, 0x0024, 0x0004, 0x0024, 0x0024, 0x0024, 0x0024, 0x0004,
    0x0004, 0x0004, 0x0004, 0x0004, 0x0004, 0x0004, 0x0003, 0x0004, 0x0003, 0x0024, 0x0024, 0x0024,
    0x0024, 0x0024, 0x0024, 0x0024, 0x0024, 0x0004, 0x0004, 0x0004, 0x0004, 0x0024, 0x0004, 0x0024,
    0x0004, 0x0003, 0x0003, 0x0004, 0x0004, 0x0004, 0x0024, 0x0003, 0x0024, 0x0024, 0x0003, 0x0004,
    0x0004, 0x0024, 0x0024, 0x0024, 0x0024, 0x0024, 0x0004, 0x0024, 0x0024, 0x0004, 0x0004, 0x0003,
    0x0003, 0x0003, 0x0004, 0x0004, 0x0003, 0x0004, 0x0024, 0x0024, 0x0024, 0x0024, 0x0024, 0x0004,
    0x0003, 0x0003, 0x0004, 0x0003, 0x0004, 0x0003, 0x0003, 0x0004, 0x0004, 0x0004, 0x0003, 0x0003,
    0x0003, 0x0024, 0x0004, 0x0024, 0x0003, 0x0004, 0x0003, 0x0004, 0x0024, 0x0024, 0x0004, 0x0004,
    0x0024, 0x0024, 0x0004, 0x0004, 0x0024, 0x0024, 0x0024, 0x0024, 0x0004, 0x0024, 0x0024, 0x0024,
    0x0004, 0x0004, 0x0004, 0x0003, 0x0004, 0x0024, 0x0024, 0x0024, 0x0024, 0x0024, 0x0024, 0x0024,
    0x0004, 0x0004, 0x0004, 0x0024, 0x0004, 0x0024, 0x0024, 0x0024, 0x0023, 0x0003, 0x0004, 0x0024,
    0x0003, 0x0024, 0x1086, 0x210A, 0x292B, 0x2109, 0x10A7, 0x0887, 0x0886, 0x0886, 0x0887, 0x0887,
    0x0887, 0x0887, 0x0887, 0x0887, 0x0887, 0x0887, 0x0887, 0x0886, 0x0886, 0x0887, 0x0886, 0x0887,
    0x0887, 0x0887, 0x0887, 0x0886, 0x0886, 0x0886, 0x0886, 0x0887, 0x0886, 0x0886, 0x0886, 0x0886,
    0x0886, 0x0886, 0x0886, 0x0887, 0x0886, 0x0886, 0x0887, 0x0886, 0x0887, 0x0887, 0x0887, 0x0887,
    0x0887, 0x0886, 0x0886, 0x0886, 0x0886, 0x0886, 0x0886, 0x0886, 0x0886, 0x0886, 0x0886, 0x0886,
    0x0886, 0x0886, 0x0886, 0x0886, 0x0886, 0x0886, 0x0886, 0x0886, 0x0886, 0x0886, 0x0886, 0x0886,
    0x0886, 0x0886, 0x0886, 0x0886, 0x0886, 0x0886, 0x0886, 0x0886, 0x0886, 0x0886, 0x0886, 0x0886,
    0x0887, 0x0886, 0x0886, 0x0886, 0x0886, 0x0886, 0x0886, 0x0886, 0x0887, 0x0887, 0x0887, 0x0887,
    0x0887, 0x0887, 0x0887, 0x0887, 0x0887, 0x08A7, 0x08A7, 0x0886, 0x0887, 0x10A8, 0x18E9, 0x20E9,
    0x292B, 0x314C, 0x292B, 0x1086, 0x0024, 0x0004, 0x0024, 0x0004, 0x0003, 0x0024, 0x0024, 0x0024,
    0x0024, 0x0004, 0x0004, 0x0003, 0x0003, 0x0003, 0x0024, 0x0024, 0x0004, 0x0003, 0x0004, 0x0004,
    0x0003, 0x0003, 0x0004, 0x0024, 0x0003, 0x0024, 0x0004, 0x0003, 0x0004, 0x0004, 0x0004, 0x0004,
    0x0003, 0x0003, 0x0003, 0x0024, 0x0024, 0x0004, 0x0003, 0x0003, 0x0024, 0x0024, 0x0024, 0x0024,
    0x0024, 0x0024, 0x0004, 0x0024, 0x0004, 0x0024, 0x0024, 0x0004, 0x0003, 0x0024, 0x0024, 0x0004,
    0x0004, 0x0003, 0x0024, 0x0004, 0x0024, 0x0024, 0x0024, 0x0024, 0x0024, 0x0024, 0x0024, 0x0004,
    0x0004, 0x0024, 0x0004, 0x0024, 0x0024, 0x0003, 0x0004, 0x0024, 0x0004, 0x0003, 0x0023, 0x0003,
    0x0003, 0x0024, 0x0004, 0x0004, 0x0004, 0x0024, 0x0024, 0x0004, 0x0004, 0x0024, 0x0003, 0x0004,
    0x0024, 0x0004, 0x0003, 0x0004, 0x0004, 0x0024, 0x0024, 0x0003, 0x0023, 0x0004, 0x0004, 0x0004,
    0x0004, 0x0004, 0x0024, 0x0003, 0x0003, 0x0024, 0x0024, 0x0004, 0x0004, 0x0003, 0x0003, 0x0003,
    0x0024, 0x0004, 0x0004, 0x0004, 0x0004, 0x0024, 0x0004, 0x0004, 0x0004, 0x0024, 0x0024, 0x0024,
    0x0024, 0x0004, 0x0004, 0x0004, 0x0003, 0x0003, 0x0004, 0x0004, 0x0003, 0x0023, 0x0003, 0x0003,
    0x0004, 0x0024, 0x0004, 0x0024, 0x0004, 0x0024, 0x0024, 0x0004, 0x0004, 0x0004, 0x0003, 0x0003,
    0x0003, 0x0004, 0x0024, 0x0004, 0x0004, 0x0003, 0x0003, 0x0003, 0x0003, 0x0003, 0x0003, 0x0024,
    0x0024, 0x0024, 0x0024, 0x0003, 0x0003, 0x0004, 0x0004, 0x0004, 0x0024, 0x0004, 0x0004, 0x0004,
    0x0004, 0x0004, 0x0004, 0x0024, 0x0004, 0x0024, 0x0024, 0x0004, 0x0004, 0x0024, 0x0004, 0x0004,
    0x0024, 0x0024, 0x0024, 0x0024, 0x0024, 0x0004, 0x0024, 0x0024, 0x0004, 0x0004, 0x0004, 0x0024,
    0x0024, 0x0004, 0x0003, 0x0003, 0x0023, 0x0003, 0x0003, 0x0003, 0x0003, 0x0003, 0x0003, 0x0844,
    0x20E9, 0x314B, 0x2109, 0x2109, 0x18C8, 0x0886, 0x10A7, 0x10A7, 0x10A7, 0x0887, 0x0886, 0x0886,
    0x0887, 0x0887, 0x0887, 0x0887, 0x0886, 0x0887, 0x0886, 0x0886, 0x0886, 0x0886, 0x0887, 0x0887,
    0x0886, 0x0886, 0x0886, 0x0886, 0x0886, 0x0886, 0x0886, 0x0886, 0x0887, 0x0887, 0x0886, 0x0887,
    0x0887, 0x0886, 0x0886, 0x0887, 0x0887, 0x0887, 0x0887, 0x0887, 0x0887, 0x0887, 0x0886, 0x0886,
    0x0886, 0x0886, 0x0886, 0x0886, 0x0886, 0x0886, 0x0886, 0x0886, 0x0886, 0x0886, 0x0886, 0x0886,
    0x0887, 0x0887, 0x0886, 0x0886, 0x0886, 0x0886, 0x0886, 0x0886, 0x0886, 0x0886, 0x0886, 0x0886,
    0x0886, 0x0886, 0x0886, 0x0886, 0x0886, 0x0886, 0x0887, 0x0887, 0x0887, 0x0887, 0x0886, 0x0886,
    0x0886, 0x0886, 0x0886, 0x0887, 0x0887, 0x0887, 0x0887, 0x1087, 0x0887, 0x0887, 0x10A7, 0x0887,
    0x08A7, 0x0886, 0x10A7, 0x210A, 0x210A, 0x292B, 0x292B, 0x292B, 0x292A, 0x0886, 0x0865, 0x0023,
    0x0024, 0x0024, 0x0024, 0x0004, 0x0004, 0x0004, 0x0024, 0x0024, 0x0004, 0x0003, 0x0003, 0x0003,
    0x0004, 0x0024, 0x0004, 0x0004, 0x0004, 0x0004, 0x0024, 0x0003, 0x0003, 0x0003, 0x0024, 0x0024,
    0x0004, 0x0024, 0x0004, 0x0004, 0x0004, 0x0004, 0x0004, 0x0004, 0x0004, 0x0004, 0x0003, 0x0004,
    0x0024, 0x0024, 0x0004, 0x0003, 0x0004, 0x0004, 0x0004, 0x0024, 0x0004, 0x0024, 0x0004, 0x0004,
    0x0024, 0x0024, 0x0004, 0x0004, 0x0003, 0x0004, 0x0024, 0x0004, 0x0004, 0x0024, 0x0024, 0x0004,
    0x0024, 0x0024, 0x0004, 0x0004, 0x0024, 0x0024, 0x0003, 0x0003, 0x0004, 0x0024, 0x0024, 0x0004,
    0x0003, 0x0003, 0x0004, 0x0003, 0x0004, 0x0004, 0x0004, 0x0003, 0x0024, 0x0024, 0x0004, 0x0004,
    0x0024, 0x0024, 0x0004, 0x0004, 0x0004, 0x0024, 0x0004, 0x0024, 0x0024, 0x0004, 0x0004, 0x0004,
    0x0024, 0x0004, 0x0003, 0x0003, 0x0004, 0x0004, 0x0024, 0x0004, 0x0003, 0x0004, 0x0004, 0x0004,
    0x0004, 0x0003, 0x0004, 0x0004, 0x0004, 0x0003, 0x0003, 0x0024, 0x0024, 0x0004, 0x0004, 0x0004,
    0x0024, 0x0024, 0x0003, 0x0004, 0x0003, 0x0004, 0x0024, 0x0024, 0x0004, 0x0024, 0x0003, 0x0003,
    0x0003, 0x0004, 0x0024, 0x0004, 0x0003, 0x0004, 0x0003, 0x0003, 0x0004, 0x0004, 0x0004, 0x0004,
    0x0004, 0x0024, 0x0024, 0x0023, 0x0023, 0x0024, 0x0004, 0x0003, 0x0004, 0x0024, 0x0004, 0x0024,
    0x0004, 0x0004, 0x0003, 0x0024, 0x0003, 0x0003, 0x0003, 0x0003, 0x0004, 0x0024, 0x0004, 0x0024,
    0x0004, 0x0004, 0x0004, 0x0004, 0x0004, 0x0004, 0x0024, 0x0024, 0x0004, 0x0024, 0x0004, 0x0004,
    0x0024, 0x0024, 0x0024, 0x0024, 0x0004, 0x0004, 0x0024, 0x0004, 0x0004, 0x0024, 0x0004, 0x0004,
    0x0003, 0x0004, 0x0004, 0x0004, 0x0003, 0x0004, 0x0024, 0x0024, 0x0024, 0x0024, 0x0004, 0x0003,
    0x0023, 0x0003, 0x0003, 0x0003, 0x0003, 0x0024, 0x0024, 0x0003, 0x0024, 0x0844, 0x0844, 0x18C8,
    0x290A, 0x20EA, 0x20EA, 0x210B, 0x292B, 0x210A, 0x210A, 0x18E9, 0x10A7, 0x08A7, 0x0886, 0x0886,
    0x0886, 0x0886, 0x0886, 0x0886, 0x0886, 0x0886, 0x0887, 0x0887, 0x0887, 0x0887, 0x0887, 0x0886,
    0x0886, 0x0886, 0x0886, 0x0886, 0x0886, 0x0886, 0x0887, 0x0887, 0x0887, 0x0887, 0x0887, 0x0887,
    0x0887, 0x0887, 0x0887, 0x0887, 0x0887, 0x0887, 0x0886, 0x0886, 0x0886, 0x0886, 0x0886, 0x0886,
    0x0886, 0x0886, 0x0886, 0x0886, 0x0886, 0x0886, 0x0886, 0x0887, 0x0887, 0x0887, 0x0886, 0x0886,
    0x0887, 0x0887, 0x0886, 0x0886, 0x0886, 0x0887, 0x0886, 0x0886, 0x0886, 0x0886, 0x0886, 0x0886,
    0x0886, 0x0886, 0x0887, 0x0887, 0x0887, 0x0887, 0x0887, 0x0887, 0x0886, 0x0886, 0x0886, 0x0887,
    0x0887, 0x0887, 0x0886, 0x10A7, 0x10A7, 0x10A7, 0x10A8, 0x210A, 0x210A, 0x210A, 0x210A, 0x292A,
    0x290A, 0x20E9, 0x0865, 0x0845, 0x0845, 0x0024, 0x0003, 0x0024, 0x0024, 0x0024, 0x0024, 0x0004,
    0x0004, 0x0004, 0x0024, 0x0004, 0x0004, 0x0004, 0x0003, 0x0003, 0x0024, 0x0024, 0x0004, 0x0004,
    0x0004, 0x0004, 0x0024, 0x0004, 0x0003, 0x0023, 0x0024, 0x0024, 0x0004, 0x0004, 0x0024, 0x0004,
    0x0024, 0x0004, 0x0004, 0x0004, 0x0004, 0x0024, 0x0024, 0x0004, 0x0004, 0x0024, 0x0003, 0x0003,
    0x0004, 0x0024, 0x0004, 0x0004, 0x0004, 0x0004, 0x0024, 0x0024, 0x0024, 0x0024, 0x0024, 0x0003,
    0x0003, 0x0003, 0x0003, 0x0024, 0x0024, 0x0004, 0x0024, 0x0024, 0x0004, 0x0024, 0x0024, 0x0003,
    0x0004, 0x0003, 0x0024, 0x0003, 0x0003, 0x0004, 0x0004, 0x0004, 0x0024, 0x0004, 0x0003, 0x0004,
    0x0004, 0x0003, 0x0024, 0x0024, 0x0004, 0x0024, 0x0004, 0x0024, 0x0024, 0x0004, 0x0004, 0x0024,
    0x0004, 0x0004, 0x0004, 0x0024, 0x0024, 0x0004, 0x0004, 0x0003, 0x0004, 0x0004, 0x0004, 0x0003,
    0x0004, 0x0004, 0x0004, 0x0003, 0x0004, 0x0004, 0x0003, 0x0004, 0x0004, 0x0004, 0x0024, 0x0004,
    0x0004, 0x0003, 0x0004, 0x0024, 0x0004, 0x0003, 0x0004, 0x0004, 0x0024, 0x0024, 0x0004, 0x0003,
    0x0003, 0x0024, 0x0004, 0x0004, 0x0024, 0x0004, 0x0003, 0x0004, 0x0024, 0x0004, 0x0024, 0x0004,
    0x0004, 0x0024, 0x0003, 0x0024, 0x0024, 0x0024, 0x0024, 0x0024, 0x0024, 0x0024, 0x0024, 0x0004,
    0x0024, 0x0004, 0x0004, 0x0003, 0x0004, 0x0024, 0x0023, 0x0024, 0x0004, 0x0004, 0x0003, 0x0004,
    0x0003, 0x0003, 0x0003, 0x0003, 0x0004, 0x0024, 0x0004, 0x0004, 0x0024, 0x0004, 0x0004, 0x0004,
    0x0004, 0x0024, 0x0024, 0x0004, 0x0024, 0x0024, 0x0004, 0x0004, 0x0024, 0x0004, 0x0004, 0x0024,
    0x0024, 0x0004, 0x0004, 0x0003, 0x0003, 0x0004, 0x0004, 0x0004, 0x0023, 0x0004, 0x0004, 0x0004,
    0x0004, 0x0004, 0x0004, 0x0004, 0x0004, 0x0024, 0x0003, 0x0003, 0x0003, 0x0003, 0x0004, 0x0024,
    0x0024, 0x0024, 0x0003, 0x0024, 0x0003, 0x0003, 0x0003, 0x0024, 0x0045, 0x0045, 0x0024, 0x0866,
    0x210A, 0x210A, 0x210A, 0x20E9, 0x210A, 0x292B, 0x292B, 0x210A, 0x20E9, 0x20E9, 0x210A, 0x210A,
    0x292B, 0x294B, 0x2109, 0x0887, 0x10A7, 0x10A7, 0x10A7, 0x1087, 0x18E8, 0x290A, 0x210A, 0x2109,
    0x10A7, 0x10A7, 0x0887, 0x0886, 0x0886, 0x0886, 0x0886, 0x0886, 0x0886, 0x0886, 0x0886, 0x0887,
    0x08A7, 0x0886, 0x0886, 0x0886, 0x0886, 0x0886, 0x0886, 0x0886, 0x0886, 0x0887, 0x0887, 0x0887,
    0x0886, 0x0886, 0x0886, 0x0886, 0x0886, 0x0886, 0x0886, 0x0886, 0x0886, 0x0886, 0x0886, 0x0886,
    0x0886, 0x0886, 0x0886, 0x0886, 0x0866, 0x0886, 0x0886, 0x0887, 0x0887, 0x0887, 0x0887, 0x0886,
    0x0886, 0x0886, 0x0886, 0x0886, 0x0886, 0x10A7, 0x10A7, 0x10A7, 0x1087, 0x10A7, 0x210A, 0x210A,
    0x210A, 0x290A, 0x20E9, 0x210A, 0x210A, 0x290A, 0x0866, 0x0024, 0x0024, 0x0024, 0x0003, 0x0003,
    0x0003, 0x0024, 0x0024, 0x0003, 0x0003, 0x0004, 0x0004, 0x0024, 0x0024, 0x0004, 0x0004, 0x0004,
    0x0023, 0x0023, 0x0003, 0x0003, 0x0004, 0x0004, 0x0004, 0x0004, 0x0024, 0x0024, 0x0024, 0x0024,
    0x0004, 0x0003, 0x0003, 0x0003, 0x0004, 0x0004, 0x0024, 0x0004, 0x0004, 0x0004, 0x0004, 0x0004,
    0x0004, 0x0004, 0x0024, 0x0004, 0x0004, 0x0024, 0x0004, 0x0004, 0x0004, 0x0004, 0x0004, 0x0003,
    0x0003, 0x0004, 0x0003, 0x0024, 0x0024, 0x0024, 0x0024, 0x0004, 0x0024, 0x0023, 0x0003, 0x0004,
    0x0024, 0x0024, 0x0024, 0x0003, 0x0004, 0x0004, 0x0003, 0x0004, 0x0004, 0x0024, 0x0024, 0x0004,
    0x0003, 0x0003, 0x0024, 0x0024, 0x0004, 0x0024, 0x0004, 0x0004, 0x0004, 0x0003, 0x0004, 0x0004,
    0x0004, 0x0004, 0x0003, 0x0004, 0x0004, 0x0004, 0x0024, 0x0024, 0x0024, 0x0024, 0x0004, 0x0024,
    0x0024, 0x0004, 0x0003, 0x0003, 0x0004, 0x0024, 0x0004, 0x0004, 0x0024, 0x0024, 0x0003, 0x0003,
    0x0004, 0x0024, 0x0003, 0x0003, 0x0024, 0x0003, 0x0004, 0x0004, 0x0004, 0x0003, 0x0003, 0x0003,
    0x0024, 0x0024, 0x0004, 0x0004, 0x0024, 0x0003, 0x0004, 0x0024, 0x0024, 0x0004, 0x0004, 0x0003,
    0x0004, 0x0004, 0x0004, 0x0024, 0x0004, 0x0004, 0x0024, 0x0004, 0x0024, 0x0004, 0x0004, 0x0004,
    0x0004, 0x0024, 0x0004, 0x0004, 0x0024, 0x0024, 0x0004, 0x0004, 0x0024, 0x0004, 0x0004, 0x0003,
    0x0004, 0x0024, 0x0004, 0x0024, 0x0024, 0x0004, 0x0004, 0x0003, 0x0003, 0x0003, 0x0003, 0x0003,
    0x0003, 0x0004, 0x0003, 0x0004, 0x0004, 0x0004, 0x0004, 0x0003, 0x0003, 0x0024, 0x0004, 0x0004,
    0x0024, 0x0024, 0x0024, 0x0024, 0x0024, 0x0024, 0x0004, 0x0024, 0x0004, 0x0003, 0x0003, 0x0003,
    0x0003, 0x0004, 0x0003, 0x0004, 0x0004, 0x0004, 0x0024, 0x0024, 0x0024, 0x0004, 0x0004, 0x0024,
    0x0024, 0x0004, 0x0003, 0x0004, 0x0003, 0x0004, 0x0004, 0x0023, 0x0024, 0x0003, 0x0004, 0x0003,
    0x0024, 0x0024, 0x0024, 0x0023, 0x0004, 0x0004, 0x0004, 0x0024, 0x0024, 0x0024, 0x0024, 0x0003,
    0x0865, 0x18C7, 0x18C8, 0x18C8, 0x18C8, 0x18E8, 0x20E9, 0x2109, 0x2109, 0x20E9, 0x292B, 0x294B,
    0x20EA, 0x18C8, 0x18C8, 0x20E8, 0x20E9, 0x20E9, 0x20E8, 0x18C8, 0x18C8, 0x20E9, 0x18C9, 0x18C8,
    0x18E9, 0x18E9, 0x18E9, 0x18E9, 0x18E9, 0x18C8, 0x18C8, 0x10A7, 0x0886, 0x10C8, 0x10C8, 0x10A7,
    0x10A7, 0x18C8, 0x18C8, 0x18C8, 0x10A7, 0x0886, 0x0886, 0x0886, 0x10A7, 0x18C8, 0x18C8, 0x10C8,
    0x10A7, 0x18C8, 0x10C8, 0x10A7, 0x10A7, 0x0886, 0x0887, 0x18C8, 0x18C8, 0x18C8, 0x10C8, 0x18C8,
    0x18C8, 0x10A7, 0x0886, 0x0886, 0x0886, 0x0886, 0x0886, 0x0886, 0x10A7, 0x10C8, 0x18E9, 0x18C8,
    0x210A, 0x292B, 0x292A, 0x290A, 0x290A, 0x292B, 0x292B, 0x20EA, 0x20E9, 0x18A7, 0x0024, 0x0024,
    0x0024, 0x0024, 0x0024, 0x0024, 0x0003, 0x0003, 0x0024, 0x0024, 0x0023, 0x0003, 0x0003, 0x0003,
    0x0003, 0x0003, 0x0004, 0x0004, 0x0004, 0x0003, 0x0003, 0x0024, 0x0003, 0x0003, 0x0003, 0x0003,
    0x0004, 0x0004, 0x0004, 0x0004, 0x0024, 0x0024, 0x0004, 0x0024, 0x0004, 0x0004, 0x0004, 0x0003,
    0x0004, 0x0004, 0x0024, 0x0004, 0x0004, 0x0004, 0x0004, 0x0004, 0x0024, 0x0004, 0x0024, 0x0004,
    0x0004, 0x0004, 0x0004, 0x0024, 0x0004, 0x0004, 0x0003, 0x0003, 0x0024, 0x0004, 0x0004, 0x0024,
    0x0024, 0x0024, 0x0004, 0x0004, 0x0024, 0x0024, 0x0003, 0x0004, 0x0004, 0x0024, 0x0004, 0x0004,
    0x0024, 0x0003, 0x0003, 0x0024, 0x0004, 0x0024, 0x0024, 0x0003, 0x0003, 0x0003, 0x0003, 0x0024,
    0x0004, 0x0024, 0x0004, 0x0004, 0x0004, 0x0024, 0x0004, 0x0004, 0x0003, 0x0003, 0x0003, 0x0004,
    0x0024, 0x0024, 0x0024, 0x0024, 0x0004, 0x0004, 0x0004, 0x0024, 0x0024, 0x0004, 0x0004, 0x0003,
    0x0004, 0x0003, 0x0003, 0x0004, 0x0003, 0x0004, 0x0024, 0x0024, 0x0004, 0x0004, 0x0024, 0x0003,
    0x0023, 0x0024, 0x0003, 0x0003, 0x0004, 0x0003, 0x0004, 0x0024, 0x0024, 0x0004, 0x0004, 0x0024,
    0x0024, 0x0004, 0x0004, 0x0003, 0x0024, 0x0024, 0x0004, 0x0004, 0x0004, 0x0004, 0x0004, 0x0004,
    0x0004, 0x0004, 0x0004, 0x0004, 0x0024, 0x0004, 0x0024, 0x0024, 0x0004, 0x0024, 0x0024, 0x0024,
    0x0024, 0x0024, 0x0024, 0x0004, 0x0003, 0x0004, 0x0024, 0x0024, 0x0004, 0x0024, 0x0024, 0x0004,
    0x0024, 0x0004, 0x0024, 0x0024, 0x0023, 0x0003, 0x0004, 0x0004, 0x0004, 0x0003, 0x0004, 0x0004,
    0x0003, 0x0003, 0x0004, 0x0004, 0x0004, 0x0024, 0x0024, 0x0024, 0x0004, 0x0004, 0x0004, 0x0024,
    0x0024, 0x0024, 0x0024, 0x0004, 0x0024, 0x0004, 0x0024, 0x0024, 0x0004, 0x0004, 0x0004, 0x0004,
    0x0004, 0x0004, 0x0004, 0x0024, 0x0024, 0x0004, 0x0024, 0x0024, 0x0004, 0x0024, 0x0024, 0x0004,
    0x0004, 0x0003, 0x0004, 0x0003, 0x0024, 0x0024, 0x0003, 0x0024, 0x0004, 0x0004, 0x0003, 0x0004,
    0x0024, 0x0004, 0x0024, 0x0024, 0x0024, 0x0004, 0x0004, 0x0004, 0x0003, 0x0003, 0x0003, 0x0003,
    0x0003, 0x0003, 0x0003, 0x0003, 0x0003, 0x0003, 0x0865, 0x1087, 0x1086, 0x0023, 0x0003, 0x0023,
    0x0003, 0x0003, 0x0003, 0x0003, 0x0003, 0x0845, 0x18C8, 0x18E9, 0x18E8, 0x20E9, 0x20E9, 0x20E9,
    0x18C8, 0x2109, 0x292B, 0x20EA, 0x18C9, 0x20E9, 0x20E9, 0x20E9, 0x292A, 0x18C8, 0x18C8, 0x20E8,
    0x20EA, 0x18E9, 0x18E9, 0x18C9, 0x210A, 0x20E9, 0x18A7, 0x20E9, 0x210A, 0x18A7, 0x20E8, 0x290A,
    0x290A, 0x20E9, 0x18E9, 0x210B, 0x292C, 0x20E9, 0x18C8, 0x18A7, 0x20E9, 0x290A, 0x18C8, 0x10C8,
    0x18C8, 0x18E9, 0x18C9, 0x20E9, 0x210A, 0x292B, 0x2109, 0x18C8, 0x18C8, 0x18C8, 0x18C8, 0x18C8,
    0x18C8, 0x18A8, 0x18A8, 0x0845, 0x0003, 0x0024, 0x0024, 0x0024, 0x0004, 0x0024, 0x0024, 0x0024,
    0x0024, 0x0024, 0x0024, 0x0023, 0x0003, 0x0003, 0x0003, 0x0003, 0x0003, 0x0003, 0x0003, 0x0003,
    0x0003, 0x0003, 0x0003, 0x0003, 0x0003, 0x0003, 0x0003, 0x0003, 0x0004, 0x0004, 0x0004, 0x0004,
    0x0003, 0x0024, 0x0024, 0x0004, 0x0003, 0x0004, 0x0003, 0x0003, 0x0003, 0x0003, 0x0004, 0x0004,
    0x0004, 0x0004, 0x0004, 0x0004, 0x0003, 0x0003, 0x0004, 0x0004, 0x0003, 0x0004, 0x0004, 0x0024,
    0x0004, 0x0003, 0x0003, 0x0003, 0x0004, 0x0004, 0x0024, 0x0024, 0x0024, 0x0024, 0x0003, 0x0004,
    0x0003, 0x0024, 0x0003, 0x0003, 0x0024, 0x0004, 0x0003, 0x0004, 0x0004, 0x0003, 0x0004, 0x0024,
    0x0003, 0x0004, 0x0024, 0x0003, 0x0003, 0x0003, 0x0003, 0x0003, 0x0003, 0x0004, 0x0024, 0x0004,
    0x0003, 0x0003, 0x0004, 0x0004, 0x0003, 0x0004, 0x0004, 0x0024, 0x0004, 0x0004, 0x0024, 0x0004,
    0x0004, 0x0004, 0x0004, 0x0004, 0x0024, 0x0003, 0x0024, 0x0003, 0x0004, 0x0003, 0x0003, 0x0004,
    0x0003, 0x0003, 0x0024, 0x0004, 0x0024, 0x0004, 0x0024, 0x0003, 0x0003, 0x0024, 0x0004, 0x0004,
    0x0004, 0x0003, 0x0003, 0x0004, 0x0024, 0x0004, 0x0024, 0x0024, 0x0024, 0x0024, 0x0004, 0x0004,
    0x0004, 0x0024, 0x0024, 0x0024, 0x0004, 0x0004, 0x0004, 0x0003, 0x0003, 0x0003, 0x0004, 0x0004,
    0x0004, 0x0003, 0x0003, 0x0003, 0x0003, 0x0004, 0x0004, 0x0004, 0x0024, 0x0024, 0x0024, 0x0024,
    0x0003, 0x0003, 0x0024, 0x0004, 0x0004, 0x0004, 0x0024, 0x0004, 0x0003, 0x0003, 0x0003, 0x0003,
    0x0004, 0x0004, 0x0004, 0x0004, 0x0004, 0x0004, 0x0004, 0x0024, 0x0024, 0x0004, 0x0004, 0x0004,
    0x0004, 0x0004, 0x0004, 0x0024, 0x0004, 0x0024, 0x0004, 0x0024, 0x0003, 0x0004, 0x0004, 0x0004,
    0x0004, 0x0024, 0x0004, 0x0003, 0x0004, 0x0004, 0x0003, 0x0004, 0x0003, 0x0004, 0x0004, 0x0004,
    0x0004, 0x0003, 0x0004, 0x0004, 0x0004, 0x0004, 0x0004, 0x0004, 0x0004, 0x0003, 0x0004, 0x0003,
    0x0003, 0x0024, 0x0003, 0x0004, 0x0004, 0x0003, 0x0004, 0x0004, 0x0003, 0x0024, 0x0024, 0x0023,
    0x0003, 0x0024, 0x0004, 0x0003, 0x0004, 0x0024, 0x0024, 0x0024, 0x0024, 0x0024, 0x0024, 0x0024,
    0x0024, 0x0024, 0x0003, 0x0003, 0x0003, 0x0023, 0x0024, 0x0024, 0x0024, 0x0024, 0x0024, 0x0024,
    0x0024, 0x0004, 0x0003, 0x0003, 0x0003, 0x0003, 0x0003, 0x0003, 0x0003, 0x0866, 0x18C8, 0x18C8,
    0x18A8, 0x0045, 0x0023, 0x1086, 0x1086, 0x0003, 0x0003, 0x0023, 0x1087, 0x10A8, 0x18C8, 0x18A8,
    0x18A8, 0x0024, 0x0003, 0x0845, 0x1066, 0x0002, 0x0845, 0x18A8, 0x18A8, 0x18C8, 0x18C8, 0x0845,
    0x10A8, 0x0045, 0x0004, 0x0003, 0x0865, 0x18A7, 0x10A7, 0x18A7, 0x18A7, 0x18A8, 0x18C8, 0x18C8,
    0x18A8, 0x18A7, 0x0845, 0x0003, 0x0003, 0x0003, 0x0003, 0x0003, 0x0003, 0x0003, 0x0003, 0x0004,
    0x0024, 0x0024, 0x0004, 0x0004, 0x0024, 0x0024, 0x0024, 0x0004, 0x0024, 0x0024, 0x0003, 0x0003,
    0x0003, 0x0003, 0x0003, 0x0003, 0x0003, 0x0003, 0x0003, 0x0003, 0x0003, 0x0004, 0x0004, 0x0003,
    0x0003, 0x0003, 0x0003, 0x0003, 0x0004, 0x0004, 0x0003, 0x0004, 0x0024, 0x0004, 0x0024, 0x0024,
    0x0003, 0x0003, 0x0003, 0x0003, 0x0003, 0x0003, 0x0003, 0x0003, 0x0003, 0x0004, 0x0003, 0x0003,
    0x0004, 0x0004, 0x0004, 0x0003, 0x0003, 0x0004, 0x0004, 0x0024, 0x0024, 0x0004, 0x0004, 0x0024,
    0x0004, 0x0004, 0x0004, 0x0004, 0x0024, 0x0024, 0x0003, 0x0003, 0x0024, 0x0024, 0x0024, 0x0003,
    0x0024, 0x0004, 0x0024, 0x0024, 0x0024, 0x0003, 0x0003, 0x0024, 0x0003, 0x0024, 0x0003, 0x0003,
    0x0004, 0x0004, 0x0003, 0x0003, 0x0004, 0x0004, 0x0004, 0x0003, 0x0003, 0x0004, 0x0004, 0x0024,
    0x0003, 0x0003, 0x0004, 0x0004, 0x0024, 0x0004, 0x0004, 0x0004, 0x0004, 0x0004, 0x0003, 0x0024,
    0x0024, 0x0003, 0x0003, 0x0004, 0x0004, 0x0003, 0x0024, 0x0024, 0x0003, 0x0003, 0x0024, 0x0024,
    0x0024, 0x0024, 0x0004, 0x0004, 0x0003, 0x0003, 0x0003, 0x0004, 0x0004, 0x0004, 0x0003, 0x0004,
    0x0004, 0x0004, 0x0004, 0x0004, 0x0024, 0x0024, 0x0003, 0x0004, 0x0024, 0x0004, 0x0004, 0x0024,
    0x0004, 0x0004, 0x0004, 0x0003, 0x0003, 0x0024, 0x0024, 0x0004, 0x0003, 0x0003, 0x0003, 0x0003,
    0x0004, 0x0004, 0x0024, 0x0024, 0x0024, 0x0003, 0x0004, 0x0024, 0x0003, 0x0003, 0x0004, 0x0024,
    0x0004, 0x0024, 0x0024, 0x0024, 0x0004, 0x0004, 0x0023, 0x0003, 0x0003, 0x0024, 0x0024, 0x0004,
    0x0003, 0x0003, 0x0003, 0x0024, 0x0024, 0x0004, 0x0004, 0x0004, 0x0024, 0x0024, 0x0003, 0x0004,
    0x0004, 0x0024, 0x0024, 0x0024, 0x0024, 0x0024, 0x0004, 0x0004, 0x0004, 0x0004, 0x0004, 0x0004,
    0x0004, 0x0004, 0x0004, 0x0024, 0x0004, 0x0004, 0x0003, 0x0004, 0x0003, 0x0003, 0x0003, 0x0004,
    0x0024, 0x0004, 0x0024, 0x0004, 0x0004, 0x0024, 0x0003, 0x0003, 0x0003, 0x0004, 0x0024, 0x0004,
    0x0003, 0x0003, 0x0004, 0x0004, 0x0004, 0x0024, 0x0004, 0x0003, 0x0003, 0x0004, 0x0003, 0x0003,
    0x0024, 0x0024, 0x0024, 0x0003, 0x0003, 0x0003, 0x0003, 0x0003, 0x0004, 0x0003, 0x0004, 0x0024,
    0x0004, 0x0003, 0x0003, 0x0003, 0x0024, 0x0003, 0x0024, 0x0004, 0x0024, 0x0024, 0x0024, 0x0024,
    0x0024, 0x0024, 0x0024, 0x0024, 0x0024, 0x0004, 0x0003, 0x0003, 0x0003, 0x0024, 0x0024, 0x0003,
    0x0003, 0x0024, 0x0024, 0x0024, 0x0003, 0x0003, 0x0003, 0x0003, 0x0003, 0x0004, 0x0024, 0x0003,
    0x0003, 0x0024, 0x0024, 0x0003, 0x0003, 0x0003, 0x0003, 0x0003, 0x0003, 0x0024, 0x0024, 0x0024,
    0x0003, 0x0003, 0x0003, 0x0003, 0x0003, 0x0003, 0x0003, 0x0003, 0x0003, 0x0003, 0x0004, 0x0024,
    0x0024, 0x0024, 0x0024, 0x0024, 0x0024, 0x0024, 0x0024, 0x0024, 0x0003, 0x0004, 0x0024, 0x0024,
    0x0024, 0x0004, 0x0024, 0x0004, 0x0024, 0x0024, 0x0003, 0x0003, 0x0003, 0x0003, 0x0003, 0x0003,
    0x0003, 0x0003, 0x0003, 0x0003, 0x0024, 0x0004, 0x0003, 0x0004, 0x0023, 0x0003, 0x0003, 0x0003,
    0x0003, 0x0004, 0x0024, 0x0004, 0x0004, 0x0004, 0x0003, 0x0003, 0x0003, 0x0003, 0x0024, 0x0003,
    0x0003, 0x0003, 0x0003, 0x0003, 0x0003, 0x0004, 0x0023, 0x0004, 0x0004, 0x0004, 0x0003, 0x0003,
    0x0003, 0x0003, 0x0003, 0x0003, 0x0024, 0x0004, 0x0004, 0x0003, 0x0003, 0x0024, 0x0024, 0x0003,
    0x0003, 0x0024, 0x0003, 0x0003, 0x0003, 0x0003, 0x0003, 0x0024, 0x0024, 0x0004, 0x0003, 0x0003,
    0x0003, 0x0003, 0x0004, 0x0004, 0x0004, 0x0004, 0x0003, 0x0004, 0x0003, 0x0003, 0x0003, 0x0003,
    0x0003, 0x0004, 0x0004, 0x0004, 0x0004, 0x0004, 0x0003, 0x0004, 0x0003, 0x0023, 0x0003, 0x0004,
    0x0004, 0x0003, 0x0024, 0x0003, 0x0003, 0x0004, 0x0003, 0x0004, 0x0004, 0x0004, 0x0004, 0x0004,
    0x0003, 0x0004, 0x0004, 0x0023, 0x0003, 0x0003, 0x0004, 0x0004, 0x0024, 0x0004, 0x0004, 0x0004,
    0x0004, 0x0023, 0x0003, 0x0023, 0x0023, 0x0003, 0x0004, 0x0024, 0x0024, 0x0024, 0x0024, 0x0024,
    0x0004, 0x0004, 0x0003, 0x0024, 0x0004, 0x0004, 0x0024, 0x0004, 0x0004, 0x0024, 0x0004, 0x0004,
    0x0024, 0x0024, 0x0024, 0x0024, 0x0004, 0x0003, 0x0003, 0x0003, 0x0004, 0x0004, 0x0024, 0x0004,
    0x0024, 0x0004, 0x0004, 0x0024, 0x0004, 0x0003, 0x0024, 0x0024, 0x0004, 0x0004, 0x0024, 0x0004,
    0x0004, 0x0004, 0x0024, 0x0024, 0x0003, 0x0004, 0x0004, 0x0004, 0x0004, 0x0003, 0x0003, 0x0024,
    0x0004, 0x0024, 0x0004, 0x0024, 0x0024, 0x0004, 0x0024, 0x0004, 0x0004, 0x0004, 0x0024, 0x0024,
    0x0024, 0x0024, 0x0024, 0x0024, 0x0004, 0x0024, 0x0024, 0x0024, 0x0004, 0x0004, 0x0004, 0x0024,
    0x0004, 0x0004, 0x0003, 0x0004, 0x0024, 0x0024, 0x0004, 0x0024, 0x0004, 0x0004, 0x0024, 0x0003,
    0x0024, 0x0024, 0x0004, 0x0004, 0x0024, 0x0004, 0x0004, 0x0004, 0x0004, 0x0003, 0x0003, 0x0003,
    0x0003, 0x0003, 0x0004, 0x0003, 0x0004, 0x0003, 0x0003, 0x0003, 0x0003, 0x0024, 0x0024, 0x0004,
    0x0004, 0x0004, 0x0004, 0x0003, 0x0023, 0x0003, 0x0003, 0x0004, 0x0003, 0x0003, 0x0003, 0x0003,
    0x0024, 0x0024, 0x0024, 0x0024, 0x0003, 0x0024, 0x0024, 0x0024, 0x0024, 0x0004, 0x0024, 0x0004,
    0x0024, 0x0024, 0x0024, 0x0024, 0x0024, 0x0024, 0x0024, 0x0024, 0x0024, 0x0004, 0x0004, 0x0024,
    0x0024, 0x0004, 0x0024, 0x0024, 0x0024, 0x0004, 0x0004, 0x0024, 0x0024, 0x0024, 0x0024, 0x0024,
    0x0024, 0x0024, 0x0024, 0x0004, 0x0004, 0x0024, 0x0024, 0x0003, 0x0024, 0x0024, 0x0004, 0x0024,
    0x0024, 0x0024, 0x0024, 0x0024, 0x0024, 0x0024, 0x0024, 0x0004, 0x0024, 0x0004, 0x0004, 0x0004,
    0x0024, 0x0024, 0x0024, 0x0024, 0x0004, 0x0004, 0x0024, 0x0004, 0x0004, 0x0004, 0x0004, 0x0004,
    0x0003, 0x0024, 0x0003, 0x0003, 0x0003, 0x0003, 0x0003, 0x0003, 0x0003, 0x0003, 0x0003, 0x0004,
    0x0024, 0x0004, 0x0003, 0x0003, 0x0003, 0x0003, 0x0003, 0x0003, 0x0003, 0x0004, 0x0003, 0x0004,
    0x0003, 0x0003, 0x0003, 0x0003, 0x0003, 0x0003, 0x0003, 0x0003, 0x0003, 0x0003, 0x0003, 0x0003,
    0x0003, 0x0003, 0x0024, 0x0004, 0x0003, 0x0003, 0x0003, 0x0024, 0x0023, 0x0003, 0x0003, 0x0003,
    0x0004, 0x0003, 0x0004, 0x0004, 0x0003, 0x0024, 0x0024, 0x0003, 0x0003, 0x0004, 0x0003, 0x0003,
    0x0003, 0x0003, 0x0004, 0x0024, 0x0004, 0x0004, 0x0003, 0x0003, 0x0003, 0x0003, 0x0003, 0x0004,
    0x0004, 0x0004, 0x0024, 0x0004, 0x0003, 0x0003, 0x0003, 0x0003, 0x0003, 0x0003, 0x0004, 0x0004,
    0x0004, 0x0024, 0x0004, 0x0003, 0x0004, 0x0004, 0x0003, 0x0004, 0x0004, 0x0003, 0x0003, 0x0003,
    0x0024, 0x0024, 0x0004, 0x0003, 0x0003, 0x0004, 0x0004, 0x0004, 0x0003, 0x0003, 0x0004, 0x0003,
    0x0003, 0x0003, 0x0003, 0x0024, 0x0004, 0x0024, 0x0024, 0x0003, 0x0004, 0x0003, 0x0003, 0x0004,
    0x0003, 0x0003, 0x0004, 0x0004, 0x0024, 0x0024, 0x0004, 0x0024, 0x0024, 0x0024, 0x0024, 0x0004,
    0x0004, 0x0004, 0x0024, 0x0024, 0x0004, 0x0004, 0x0003, 0x0004, 0x0003, 0x0004, 0x0024, 0x0024,
    0x0024, 0x0004, 0x0003, 0x0003, 0x0024, 0x0024, 0x0024, 0x0024, 0x0004, 0x0024, 0x0024, 0x0004,
    0x0024, 0x0004, 0x0004, 0x0024, 0x0024, 0x0024, 0x0024, 0x0004, 0x0003, 0x0024, 0x0004, 0x0024,
    0x0004, 0x0004, 0x0003, 0x0003, 0x0004, 0x0004, 0x0004, 0x0024, 0x0004, 0x0004, 0x0004, 0x0024,
    0x0004, 0x0024, 0x0004, 0x0004, 0x0024, 0x0004, 0x0004, 0x0004, 0x0004, 0x0004, 0x0004, 0x0024,
    0x0024, 0x0004, 0x0024, 0x0004, 0x0003, 0x0024, 0x0004, 0x0004, 0x0004, 0x0004, 0x0003, 0x0023,
    0x0003, 0x0003, 0x0003, 0x0004, 0x0004, 0x0024, 0x0024, 0x0024, 0x0024, 0x0004, 0x0004, 0x0004,
    0x0024, 0x0024, 0x0004, 0x0024, 0x0004, 0x0004, 0x0004, 0x0003, 0x0003, 0x0003, 0x0003, 0x0003,
    0x0003, 0x0003, 0x0003, 0x0003, 0x0003, 0x0004, 0x0004, 0x0004, 0x0004, 0x0024, 0x0004, 0x0023,
    0x0003, 0x0023, 0x0003, 0x0004, 0x0003, 0x0003, 0x0024, 0x0004, 0x0003, 0x0004, 0x0004, 0x0024,
    0x0024, 0x0004, 0x0024, 0x0024, 0x0024, 0x0004, 0x0004, 0x0024, 0x0024, 0x0024, 0x0024, 0x0024,
    0x0004, 0x0024, 0x0024, 0x0024, 0x0004, 0x0004, 0x0024, 0x0004, 0x0004, 0x0024, 0x0004, 0x0024,
    0x0004, 0x0004, 0x0004, 0x0024, 0x0024, 0x0024, 0x0024, 0x0024, 0x0024, 0x0024, 0x0004, 0x0003,
    0x0004, 0x0024, 0x0023, 0x0004, 0x0004, 0x0004, 0x0003, 0x0004, 0x0024, 0x0024, 0x0024, 0x0024,
    0x0024, 0x0024, 0x0004, 0x0003, 0x0003, 0x0004, 0x0004, 0x0024, 0x0004, 0x0024, 0x0024, 0x0024,
    0x0004, 0x0003, 0x0023, 0x0024, 0x0024, 0x0003, 0x0003, 0x0003, 0x0004, 0x0023, 0x0004, 0x0003,
    0x0003, 0x0003, 0x0003, 0x0003, 0x0004, 0x0004, 0x0004, 0x0004, 0x0023, 0x0024, 0x0003, 0x0003,
    0x0003, 0x0003, 0x0003, 0x0023, 0x0003, 0x0004, 0x0003, 0x0003, 0x0003, 0x0003, 0x0003, 0x0004,
    0x0004, 0x0003, 0x0003, 0x0003, 0x0003, 0x0003, 0x0003, 0x0003, 0x0003, 0x0003, 0x0004, 0x0004,
    0x0004, 0x0004, 0x0004, 0x0024, 0x0023, 0x0003, 0x0004, 0x0004, 0x0003, 0x0003, 0x0004, 0x0024,
    0x0003, 0x0004, 0x0023, 0x0003, 0x0003, 0x0003, 0x0004, 0x0004, 0x0024, 0x0003, 0x0004, 0x0004,
    0x0003, 0x0004, 0x0004, 0x0003, 0x0024, 0x0024, 0x0003, 0x0024, 0x0024, 0x0004, 0x0024, 0x0024,
    0x0024, 0x0004, 0x0003, 0x0003, 0x0003, 0x0004, 0x0004, 0x0003, 0x0003, 0x0004, 0x0024, 0x0024,
    0x0003, 0x0003, 0x0024, 0x0004, 0x0024, 0x0004, 0x0003, 0x0003, 0x0003, 0x0024, 0x0004, 0x0003,
    0x0003, 0x0023, 0x0004, 0x0004, 0x0024, 0x0024, 0x0004, 0x0003, 0x0004, 0x0003, 0x0003, 0x0003,
    0x0003, 0x0004, 0x0004, 0x0003, 0x0003, 0x0003, 0x0003, 0x0024, 0x0024, 0x0004, 0x0004, 0x0004,
    0x0024, 0x0024, 0x0024, 0x0024, 0x0004, 0x0004, 0x0004, 0x0004, 0x0004, 0x0004, 0x0004, 0x0004,
    0x0004, 0x0003, 0x0024, 0x0004, 0x0004, 0x0024, 0x0024, 0x0024, 0x0004, 0x0004, 0x0004, 0x0004,
    0x0024, 0x0003, 0x0004, 0x0004, 0x0024, 0x0004, 0x0024, 0x0004, 0x0004, 0x0004, 0x0004, 0x0024,
    0x0004, 0x0024, 0x0024, 0x0024, 0x0024, 0x0024, 0x0004, 0x0024, 0x0004, 0x0024, 0x0024, 0x0003,
    0x0003, 0x0004, 0x0003, 0x0003, 0x0003, 0x0024, 0x0024, 0x0024, 0x0004, 0x0003, 0x0004, 0x0024,
    0x0004, 0x0003, 0x0004, 0x0004, 0x0004, 0x0003, 0x0004, 0x0004, 0x0004, 0x0024, 0x0004, 0x0003,
    0x0003, 0x0003, 0x0004, 0x0004, 0x0004, 0x0003, 0x0004, 0x0004, 0x0003, 0x0004, 0x0024, 0x0004,
    0x0024, 0x0024, 0x0004, 0x0024, 0x0004, 0x0024, 0x0024, 0x0004, 0x0004, 0x0024, 0x0024, 0x0004,
    0x0004, 0x0024, 0x0024, 0x0004, 0x0024, 0x0003, 0x0003, 0x0004, 0x0003, 0x0024, 0x0004, 0x0003,
    0x0004, 0x0004, 0x0003, 0x0003, 0x0004, 0x0003, 0x0003, 0x0003, 0x0003, 0x0003, 0x0003, 0x0004,
    0x0004, 0x0003, 0x0004, 0x0004, 0x0024, 0x0024, 0x0004, 0x0004, 0x0004, 0x0004, 0x0004, 0x0004,
    0x0024, 0x0024, 0x0024, 0x0004, 0x0024, 0x0024, 0x0004, 0x0024, 0x0004, 0x0024, 0x0024, 0x0024,
    0x0024, 0x0024, 0x0003, 0x0004, 0x0004, 0x0004, 0x0024, 0x0024, 0x0004, 0x0003, 0x0004, 0x0004,
    0x0024, 0x0024, 0x0004, 0x0024, 0x0024, 0x0004, 0x0004, 0x0003, 0x0003, 0x0003, 0x0003, 0x0003,
    0x0004, 0x0004, 0x0004, 0x0004, 0x0024, 0x0024, 0x0024, 0x0024, 0x0024, 0x0024, 0x0024, 0x0004,
    0x0023, 0x0024, 0x0024, 0x0004, 0x0004, 0x0004, 0x0003, 0x0004, 0x0024, 0x0004, 0x0024, 0x0003,
    0x0003, 0x0004, 0x0003, 0x0024, 0x0024, 0x0004, 0x0004, 0x0024, 0x0024, 0x0004, 0x0003, 0x0004,
    0x0004, 0x0004, 0x0004, 0x0003, 0x0024, 0x0023, 0x0004, 0x0003, 0x0003, 0x0003, 0x0003, 0x0004,
    0x0003, 0x0003, 0x0003, 0x0003, 0x0003, 0x0023, 0x0003, 0x0003, 0x0003, 0x0003, 0x0003, 0x0004,
    0x0003, 0x0003, 0x0003, 0x0003, 0x0003, 0x0004, 0x0004, 0x0004, 0x0004, 0x0004, 0x0003, 0x0024,
    0x0004, 0x0004, 0x0024, 0x0004, 0x0024, 0x0024, 0x0003, 0x0003, 0x0003, 0x0003, 0x0003, 0x0003,
    0x0004, 0x0024, 0x0004, 0x0024, 0x0024, 0x0004, 0x0004, 0x0004, 0x0004, 0x0003, 0x0003, 0x0003,
    0x0004, 0x0004, 0x0004, 0x0004, 0x0004, 0x0024, 0x0024, 0x0004, 0x0004, 0x0003, 0x0024, 0x0004,
    0x0003, 0x0004, 0x0004, 0x0003, 0x0003, 0x0004, 0x0004, 0x0004, 0x0004, 0x0004, 0x0024, 0x0004,
    0x0004, 0x0003, 0x0003, 0x0003, 0x0003, 0x0024, 0x0024, 0x0003, 0x0003, 0x0024, 0x0004, 0x0004,
    0x0004, 0x0004, 0x0004, 0x0003, 0x0024, 0x0003, 0x0003, 0x0003, 0x0003, 0x0003, 0x0003, 0x0004,
    0x0024, 0x0003, 0x0003, 0x0003, 0x0004, 0x0003, 0x0024, 0x0004, 0x0024, 0x0024, 0x0004, 0x0024,
    0x0024, 0x0004, 0x0003, 0x0003, 0x0003, 0x0003, 0x0004, 0x0004, 0x0003, 0x0004, 0x0004, 0x0003,
    0x0003, 0x0004, 0x0004, 0x0024, 0x0024, 0x0004, 0x0004, 0x0004, 0x0024, 0x0024, 0x0004, 0x0004,
    0x0004, 0x0004, 0x0024, 0x0024, 0x0024, 0x0004, 0x0003, 0x0004, 0x0003, 0x0004, 0x0004, 0x0004,
    0x0004, 0x0004, 0x0024, 0x0024, 0x0004, 0x0024, 0x0004, 0x0004, 0x0004, 0x0003, 0x0003, 0x0024,
    0x0003, 0x0003, 0x0003, 0x0003, 0x0004, 0x0004, 0x0004, 0x0003, 0x0004, 0x0004, 0x0004, 0x0003,
    0x0004, 0x0003, 0x0024, 0x0004, 0x0024, 0x0024, 0x0024, 0x0003, 0x0003, 0x0003, 0x0004, 0x0004,
    0x0003, 0x0004, 0x0004, 0x0024, 0x0024, 0x0024, 0x0024, 0x0024, 0x0024, 0x0004, 0x0004, 0x0024,
    0x0004, 0x0004, 0x0004, 0x0004, 0x0004, 0x0004, 0x0004, 0x0024, 0x0004, 0x0024, 0x0024, 0x0004,
    0x0024, 0x0024, 0x0004, 0x0004, 0x0003, 0x0023, 0x0003, 0x0003, 0x0004, 0x0003, 0x0003, 0x0003,
    0x0003, 0x0004, 0x0004, 0x0003, 0x0004, 0x0004, 0x0023, 0x0024, 0x0004, 0x0003, 0x0003, 0x0004,
    0x0024, 0x0024, 0x0004, 0x0003, 0x0004, 0x0004, 0x0004, 0x0024, 0x0024, 0x0024, 0x0024, 0x0004,
    0x0024, 0x0004, 0x0024, 0x0023, 0x0004, 0x0004, 0x0024, 0x0024, 0x0003, 0x0003, 0x0003, 0x0004,
    0x0004, 0x0004, 0x0024, 0x0004, 0x0003, 0x0003, 0x0004, 0x0024, 0x0004, 0x0003, 0x0003, 0x0004,
    0x0003, 0x0023, 0x0004, 0x0004, 0x0024, 0x0003, 0x0003, 0x0003, 0x0003, 0x0003, 0x0003, 0x0024,
    0x0004, 0x0003, 0x0024, 0x0024, 0x0024, 0x0024, 0x0004, 0x0024, 0x0024, 0x0003, 0x0024, 0x0003,
    0x0003, 0x0004, 0x0003, 0x0004, 0x0004, 0x0004, 0x0004, 0x0003, 0x0004, 0x0004, 0x0004, 0x0024,
    0x0024, 0x0004, 0x0004, 0x0024, 0x0024, 0x0004, 0x0003, 0x0004, 0x0003, 0x0004, 0x0004, 0x0004,
    0x0004, 0x0003, 0x0004, 0x0003, 0x0003, 0x0003, 0x0003, 0x0004, 0x0003, 0x0003, 0x0003, 0x0003,
    0x0003, 0x0003, 0x0024, 0x0003, 0x0004, 0x0003, 0x0003, 0x0003, 0x0003, 0x0003, 0x0003, 0x0003,
    0x0003, 0x0023, 0x0004, 0x0004, 0x0004, 0x0003, 0x0004, 0x0024, 0x0004, 0x0004, 0x0004, 0x0004,
    0x0003, 0x0023, 0x0003, 0x0003, 0x0003, 0x0003, 0x0003, 0x0003, 0x0004, 0x0003, 0x0004, 0x0003,
    0x0003, 0x0004, 0x0024, 0x0003, 0x0024, 0x0003, 0x0003, 0x0024, 0x0004, 0x0024, 0x0003, 0x0003,
    0x0004, 0x0024, 0x0004, 0x0004, 0x0004, 0x0024, 0x0024, 0x0003, 0x0003, 0x0003, 0x0003, 0x0004,
    0x0004, 0x0003, 0x0004, 0x0024, 0x0004, 0x0003, 0x0004, 0x0024, 0x0004, 0x0004, 0x0004, 0x0003,
    0x0024, 0x0004, 0x0003, 0x0003, 0x0003, 0x0003, 0x0003, 0x0004, 0x0004, 0x0024, 0x0004, 0x0004,
    0x0004, 0x0004, 0x0003, 0x0003, 0x0003, 0x0003, 0x0004, 0x0004, 0x0023, 0x0023, 0x0003, 0x0003,
    0x0003, 0x0003, 0x0024, 0x0004, 0x0004, 0x0024, 0x0004, 0x0024, 0x0024, 0x0003, 0x0003, 0x0003,
    0x0003, 0x0003, 0x0004, 0x0004, 0x0004, 0x0004, 0x0003, 0x0024, 0x0003, 0x0004, 0x0004, 0x0004,
    0x0004, 0x0004, 0x0003, 0x0024, 0x0004, 0x0004, 0x0003, 0x0003, 0x0004, 0x0004, 0x0024, 0x0004,
    0x0024, 0x0004, 0x0003, 0x0003, 0x0004, 0x0004, 0x0004, 0x0004, 0x0004, 0x0003, 0x0024, 0x0003,
    0x0003, 0x0003, 0x0003, 0x0003, 0x0003, 0x0004, 0x0004, 0x0024, 0x0003, 0x0003, 0x0003, 0x0003,
    0x0003, 0x0003, 0x0004, 0x0004, 0x0004, 0x0004, 0x0004, 0x0004, 0x0004, 0x0003, 0x0004, 0x0004,
    0x0004, 0x0004, 0x0003, 0x0003, 0x0003, 0x0004, 0x0003, 0x0003, 0x0004, 0x0004, 0x0004, 0x0024,
    0x0024, 0x0024, 0x0024, 0x0024, 0x0004, 0x0004, 0x0024, 0x0004, 0x0004, 0x0004, 0x0004, 0x0004,
    0x0024, 0x0004, 0x0004, 0x0004, 0x0024, 0x0024, 0x0004, 0x0004, 0x0004, 0x0004, 0x0004, 0x0004,
    0x0004, 0x0004, 0x0004, 0x0004, 0x0003, 0x0003, 0x0003, 0x0003, 0x0003, 0x0004, 0x0004, 0x0004,
    0x0004, 0x0024, 0x0024, 0x0004, 0x0004, 0x0004, 0x0003, 0x0004, 0x0004, 0x0004, 0x0004, 0x0004,
    0x0004, 0x0004, 0x0004, 0x0024, 0x0024, 0x0024, 0x0024, 0x0004, 0x0024, 0x0004, 0x0004, 0x0004,
    0x0024, 0x0024, 0x0024, 0x0024, 0x0004, 0x0003, 0x0003, 0x0003, 0x0004, 0x0004, 0x0024, 0x0004,
    0x0003, 0x0023, 0x0004, 0x0003, 0x0003, 0x0004, 0x0024, 0x0003, 0x0003, 0x0004, 0x0004, 0x0024,
    0x0024, 0x0003, 0x0004, 0x0024, 0x0004, 0x0004, 0x0004, 0x0004, 0x0004, 0x0004, 0x0003, 0x0003,
    0x0004, 0x0024, 0x0024, 0x0003, 0x0003, 0x0024, 0x0024, 0x0003, 0x0003, 0x0003, 0x0003, 0x0003,
    0x0003, 0x0003, 0x0024, 0x0024, 0x0004, 0x0003, 0x0004, 0x0024, 0x0024, 0x0004, 0x0024, 0x0024,
    0x0024, 0x0003, 0x0004, 0x0004, 0x0003, 0x0003, 0x0004, 0x0024, 0x0024, 0x0024, 0x0004, 0x0003,
    0x0003, 0x0003, 0x0003, 0x0003, 0x0003, 0x0003, 0x0003, 0x0003, 0x0003, 0x0003, 0x0004, 0x0003,
    0x0004, 0x0004, 0x0004, 0x0003, 0x0003, 0x0003, 0x0003, 0x0003, 0x0003, 0x0003, 0x0004, 0x0024,
    0x0004, 0x0003, 0x0004, 0x0004, 0x0004, 0x0024, 0x0003, 0x0024, 0x0003, 0x0003, 0x0023, 0x0003,
    0x0003, 0x0004, 0x0003, 0x0003, 0x0024, 0x0003, 0x0004, 0x0024, 0x0003, 0x0004, 0x0004, 0x0004,
    0x0004, 0x0004, 0x0004, 0x0003, 0x0004, 0x0004, 0x0003, 0x0004, 0x0003, 0x0003, 0x0004, 0x0024,
    0x0024, 0x0003, 0x0004, 0x0003, 0x0004, 0x0003, 0x0003, 0x0003, 0x0003, 0x0003, 0x0004, 0x0004,
    0x0004, 0x0003, 0x0004, 0x0004, 0x0004, 0x0004, 0x0004, 0x0024, 0x0024, 0x0004, 0x0004, 0x0003,
    0x0003, 0x0003, 0x0003, 0x0004, 0x0004, 0x0004, 0x0004, 0x0024, 0x0004, 0x0003, 0x0003, 0x0003,
    0x0003, 0x0003, 0x0004, 0x0004, 0x0003, 0x0024, 0x0023, 0x0003, 0x0003, 0x0004, 0x0024, 0x0004,
    0x0003, 0x0023, 0x0003, 0x0003, 0x0003, 0x0003, 0x0003, 0x0003, 0x0003, 0x0004, 0x0003, 0x0003,
    0x0003, 0x0003, 0x0003, 0x0003, 0x0004, 0x0004, 0x0004, 0x0004, 0x0023, 0x0003, 0x0004, 0x0003,
    0x0003, 0x0004, 0x0003, 0x0003, 0x0024, 0x0004, 0x0003, 0x0004, 0x0004, 0x0003, 0x0003, 0x0024,
    0x0024, 0x0004, 0x0024, 0x0024, 0x0004, 0x0003, 0x0023, 0x0004, 0x0003, 0x0003, 0x0023, 0x0004,
    0x0003, 0x0004, 0x0003, 0x0003, 0x0003, 0x0003, 0x0003, 0x0003, 0x0003, 0x0003, 0x0004, 0x0003,
    0x0003, 0x0004, 0x0004, 0x0004, 0x0004, 0x0004, 0x0024, 0x0004, 0x0004, 0x0004, 0x0004, 0x0004,
    0x0024, 0x0003, 0x0004, 0x0003, 0x0003, 0x0004, 0x0004, 0x0003, 0x0024, 0x0004, 0x0004, 0x0004,
    0x0024, 0x0004, 0x0004, 0x0004, 0x0024, 0x0024, 0x0004, 0x0024, 0x0024, 0x0004, 0x0004, 0x0004,
    0x0024, 0x0004, 0x0024, 0x0004, 0x0024, 0x0024, 0x0004, 0x0024, 0x0004, 0x0004, 0x0003, 0x0003,
    0x0004, 0x0003, 0x0024, 0x0004, 0x0004, 0x0004, 0x0004, 0x0004, 0x0004, 0x0004, 0x0004, 0x0004,
    0x0004, 0x0004, 0x0004, 0x0003, 0x0004, 0x0004, 0x0004, 0x0004, 0x0004, 0x0004, 0x0004, 0x0024,
    0x0024, 0x0004, 0x0004, 0x0004, 0x0024, 0x0024, 0x0004, 0x0004, 0x0004, 0x0004, 0x0004, 0x0004,
    0x0003, 0x0003, 0x0003, 0x0003, 0x0003, 0x0004, 0x0024, 0x0004, 0x0003, 0x0003, 0x0003, 0x0003,
    0x0003, 0x0003, 0x0003, 0x0003, 0x0024, 0x0004, 0x0004, 0x0024, 0x0004, 0x0024, 0x0024, 0x0024,
    0x0024, 0x0024, 0x0003, 0x0003, 0x0004, 0x0003, 0x0003, 0x0003, 0x0003, 0x0004, 0x0024, 0x0024,
    0x0004, 0x0024, 0x0003, 0x0003, 0x0003, 0x0003, 0x0003, 0x0003, 0x0003, 0x0024, 0x0004, 0x0003,
    0x0004, 0x0004, 0x0004, 0x0024, 0x0004, 0x0024, 0x0024, 0x0003, 0x0023, 0x0023, 0x0003, 0x0003,
    0x0003, 0x0004, 0x0003, 0x0024, 0x0024, 0x0004, 0x0024, 0x0024, 0x0004, 0x0003, 0x0003, 0x0003,
    0x0003, 0x0003, 0x0003, 0x0003, 0x0003, 0x0003, 0x0004, 0x0004, 0x0003, 0x0004, 0x0004, 0x0003,
    0x0024, 0x0024, 0x0003, 0x0003, 0x0003, 0x0004, 0x0004, 0x0024, 0x0024, 0x0004, 0x0003, 0x0004,
    0x0003, 0x0004, 0x0003, 0x0003, 0x0003, 0x0003, 0x0003, 0x0003, 0x0023, 0x0003, 0x0003, 0x0003,
    0x0004, 0x0004, 0x0003, 0x0003, 0x0024, 0x0004, 0x0004, 0x0004, 0x0004, 0x0004, 0x0003, 0x0003,
    0x0004, 0x0003, 0x0003, 0x0004, 0x0004, 0x0004, 0x0024, 0x0024, 0x0003, 0x0024, 0x0024, 0x0004,
    0x0004, 0x0003, 0x0003, 0x0003, 0x0003, 0x0003, 0x0004, 0x0004, 0x0004, 0x0004, 0x0024, 0x0004,
    0x0024, 0x0004, 0x0003, 0x0004, 0x0003, 0x0004, 0x0003, 0x0003, 0x0003, 0x0004, 0x0003, 0x0003,
    0x0004, 0x0004, 0x0004, 0x0024, 0x0004, 0x0004, 0x0003, 0x0003, 0x0003, 0x0003, 0x0004, 0x0003,
    0x0003, 0x0004, 0x0003, 0x0003, 0x0024, 0x0003, 0x0003, 0x0024, 0x0003, 0x0003, 0x0003, 0x0003,
    0x0024, 0x0004, 0x0024, 0x0003, 0x0003, 0x0004, 0x0003, 0x0003, 0x0003, 0x0003, 0x0003, 0x0003,
    0x0003, 0x0004, 0x0024, 0x0003, 0x0023, 0x0023, 0x0023, 0x0003, 0x0003, 0x0004, 0x0024, 0x0024,
    0x0024, 0x0003, 0x0024, 0x0003, 0x0003, 0x0003, 0x0003, 0x0024, 0x0003, 0x0004, 0x0023, 0x0003,
    0x0003, 0x0003, 0x0003, 0x0003, 0x0003, 0x0004, 0x0004, 0x0024, 0x0004, 0x0004, 0x0003, 0x0003,
    0x0003, 0x0003, 0x0003, 0x0003, 0x0024, 0x0003, 0x0004, 0x0004, 0x0024, 0x0004, 0x0004, 0x0004,
    0x0004, 0x0004, 0x0004, 0x0004, 0x0004, 0x0004, 0x0004, 0x0024, 0x0024, 0x0003, 0x0003, 0x0003,
    0x0003, 0x0003, 0x0004, 0x0004, 0x0004, 0x0004, 0x0024, 0x0004, 0x0004, 0x0004, 0x0004, 0x0004,
    0x0024, 0x0024, 0x0024, 0x0024, 0x0004, 0x0004, 0x0024, 0x0004, 0x0024, 0x0004, 0x0024, 0x0004,
    0x0004, 0x0004, 0x0024, 0x0004, 0x0004, 0x0024, 0x0003, 0x0004, 0x0004, 0x0003, 0x0004, 0x0024,
    0x0024, 0x0004, 0x0004, 0x0004, 0x0004, 0x0004, 0x0024, 0x0004, 0x0003, 0x0003, 0x0003, 0x0004,
    0x0004, 0x0004, 0x0004, 0x0004, 0x0024, 0x0024, 0x0004, 0x0024, 0x0004, 0x0024, 0x0004, 0x0003,
    0x0004, 0x0004, 0x0004, 0x0004, 0x0024, 0x0024, 0x0004, 0x0004, 0x0004, 0x0003, 0x0003, 0x0003,
    0x0004, 0x0004, 0x0004, 0x0024, 0x0004, 0x0003, 0x0003, 0x0003, 0x0003, 0x0023, 0x0023, 0x0003,
    0x0004, 0x0004, 0x0004, 0x0003, 0x0004, 0x0024, 0x0024, 0x0004, 0x0004, 0x0004, 0x0003, 0x0003,
    0x0004, 0x0003, 0x0003, 0x0024, 0x0004, 0x0003, 0x0004, 0x0024, 0x0003, 0x0003, 0x0024, 0x0003,
    0x0004, 0x0004, 0x0003, 0x0003, 0x0003, 0x0003, 0x0004, 0x0024, 0x0024, 0x0004, 0x0004, 0x0004,
    0x0004, 0x0024, 0x0004, 0x0004, 0x0004, 0x0003, 0x0004, 0x0003, 0x0004, 0x0004, 0x0024, 0x0024,
    0x0004, 0x0003, 0x0004, 0x0004, 0x0004, 0x0003, 0x0003, 0x0003, 0x0003, 0x0003, 0x0003, 0x0003,
    0x0003, 0x0003, 0x0003, 0x0004, 0x0004, 0x0003, 0x0003, 0x0004, 0x0004, 0x0003, 0x0003, 0x0003,
    0x0003, 0x0003, 0x0004, 0x0024, 0x0004, 0x0003, 0x0003, 0x0004, 0x0004, 0x0004, 0x0003, 0x0003,
    0x0003, 0x0003, 0x0003, 0x0003, 0x0003, 0x0003, 0x0003, 0x0004, 0x0004, 0x0003, 0x0004, 0x0004,
    0x0024, 0x0004, 0x0004, 0x0004, 0x0004, 0x0003, 0x0003, 0x0003, 0x0003, 0x0003, 0x0003, 0x0004,
    0x0004, 0x0024, 0x0024, 0x0024, 0x0003, 0x0003, 0x0003, 0x0003, 0x0004, 0x0004, 0x0004, 0x0003,
    0x0003, 0x0003, 0x0004, 0x0003, 0x0004, 0x0004, 0x0004, 0x0004, 0x0004, 0x0004, 0x0003, 0x0003,
    0x0003, 0x0003, 0x0003, 0x0004, 0x0004, 0x0004, 0x0004, 0x0004, 0x0004, 0x0004, 0x0004, 0x0004,
    0x0004, 0x0003, 0x0003, 0x0003, 0x0003, 0x0004, 0x0024, 0x0003, 0x0004, 0x0004, 0x0003, 0x0004,
    0x0004, 0x0003, 0x0024, 0x0003, 0x0003, 0x0003, 0x0003, 0x0003, 0x0004, 0x0003, 0x0003, 0x0003,
    0x0003, 0x0004, 0x0004, 0x0003, 0x0003, 0x0023, 0x0003, 0x0003, 0x0004, 0x0004, 0x0004, 0x0004,
    0x0024, 0x0023, 0x0003, 0x0003, 0x0004, 0x0024, 0x0024, 0x0004, 0x0003, 0x0003, 0x0004, 0x0003,
    0x0003, 0x0003, 0x0004, 0x0023, 0x0003, 0x0003, 0x0003, 0x0003, 0x0003, 0x0003, 0x0003, 0x0003,
    0x0003, 0x0003, 0x0004, 0x0004, 0x0004, 0x0004, 0x0003, 0x0004, 0x0003, 0x0004, 0x0004, 0x0004,
    0x0004, 0x0003, 0x0004, 0x0004, 0x0004, 0x0003, 0x0004, 0x0004, 0x0003, 0x0024, 0x0024, 0x0004,
    0x0004, 0x0024, 0x0004, 0x0004, 0x0024, 0x0003, 0x0003, 0x0003, 0x0003, 0x0003, 0x0003, 0x0024,
    0x0003, 0x0024, 0x0024, 0x0004, 0x0024, 0x0004, 0x0004, 0x0004, 0x0004, 0x0003, 0x0004, 0x0003,
    0x0003, 0x0024, 0x0004, 0x0003, 0x0004, 0x0024, 0x0024, 0x0004, 0x0004, 0x0004, 0x0003, 0x0004,
    0x0004, 0x0004, 0x0004, 0x0004, 0x0003, 0x0004, 0x0004, 0x0004, 0x0004, 0x0003, 0x0004, 0x0004,
    0x0004, 0x0024, 0x0004, 0x0004, 0x0004, 0x0003, 0x0003, 0x0003, 0x0003, 0x0004, 0x0004, 0x0004,
    0x0004, 0x0004, 0x0004, 0x0004, 0x0004, 0x0004, 0x0004, 0x0003, 0x0004, 0x0004, 0x0004, 0x0004,
    0x0004, 0x0004, 0x0004, 0x0024, 0x0004, 0x0004, 0x0003, 0x0003, 0x0003, 0x0024, 0x0024, 0x0004,
    0x0003, 0x0003, 0x0003, 0x0004, 0x0004, 0x0004, 0x0004, 0x0004, 0x0024, 0x0004, 0x0004, 0x0003,
    0x0003, 0x0004, 0x0004, 0x0003, 0x0004, 0x0024, 0x0004, 0x0004, 0x0004, 0x0003, 0x0003, 0x0003,
    0x0003, 0x0003, 0x0003, 0x0003, 0x0004, 0x0004, 0x0024, 0x0024, 0x0003, 0x0024, 0x0003, 0x0003,
    0x0004, 0x0004, 0x0004, 0x0004, 0x0003, 0x0003, 0x0004, 0x0003, 0x0004, 0x0003, 0x0003, 0x0003,
    0x0004, 0x0003, 0x0003, 0x0003, 0x0003, 0x0004, 0x0024, 0x0004, 0x0003, 0x0004, 0x0004, 0x0004,
    0x0003, 0x0003, 0x0003, 0x0003, 0x0003, 0x0003, 0x0003, 0x0003, 0x0003, 0x0003, 0x0003, 0x0003,
    0x0003, 0x0003, 0x0003, 0x0003, 0x0003, 0x0003, 0x0003, 0x0003, 0x0003, 0x0003, 0x0003, 0x0003,
    0x0003, 0x0003, 0x0003, 0x0003, 0x0003, 0x0003, 0x0003, 0x0003, 0x0003, 0x0003, 0x0003, 0x0003,
    0x0003, 0x0003, 0x0003, 0x0003, 0x0003, 0x0003, 0x0003, 0x0024, 0x0024, 0x0003, 0x0004, 0x0024,
    0x0003, 0x0003, 0x0003, 0x0003, 0x0003, 0x0003, 0x0003, 0x0003, 0x0003, 0x0023, 0x0003, 0x0003,
    0x0003, 0x0003, 0x0003, 0x0003, 0x0003, 0x0003, 0x0003, 0x0003, 0x0003, 0x0003, 0x0003, 0x0003,
    0x0003, 0x0003, 0x0003, 0x0003, 0x0003, 0x0003, 0x0003, 0x0003, 0x0003, 0x0003, 0x0003, 0x0003,
    0x0003, 0x0003, 0x0023, 0x0003, 0x0003, 0x0003, 0x0003, 0x0003, 0x0003, 0x0003, 0x0003, 0x0003,
    0x0003, 0x0003, 0x0003, 0x0003, 0x0024, 0x0023, 0x0003, 0x0003, 0x0003, 0x0024, 0x0023, 0x0003,
    0x0003, 0x0003, 0x0003, 0x0003, 0x0003, 0x0004, 0x0003, 0x0003, 0x0003, 0x0003, 0x0003, 0x0003,
    0x0003, 0x0003, 0x0003, 0x0003, 0x0003, 0x0003, 0x0023, 0x0024, 0x0023, 0x0003, 0x0003, 0x0003,
    0x0003, 0x0003, 0x0003, 0x0003, 0x0003, 0x0003, 0x0003, 0x0003, 0x0003, 0x0003, 0x0003, 0x0003,
    0x0003, 0x0003, 0x0003, 0x0003, 0x0003, 0x0003, 0x0003, 0x0003, 0x0003, 0x0003, 0x0003, 0x0003,
    0x0003, 0x0003, 0x0003, 0x0003, 0x0003, 0x0003, 0x0003, 0x0003, 0x0003, 0x0003, 0x0003, 0x0003,
    0x0023, 0x0003, 0x0003, 0x0003, 0x0004, 0x0024, 0x0023, 0x0003, 0x0003, 0x0003, 0x0004, 0x0003,
    0x0004, 0x0004, 0x0003, 0x0003, 0x0003, 0x0003, 0x0003, 0x0023, 0x0003, 0x0023, 0x0003, 0x0003,
    0x0003, 0x0003, 0x0003, 0x0003, 0x0004, 0x0003, 0x0003, 0x0003, 0x0003, 0x0024, 0x0003, 0x0003,
    0x0003, 0x0024, 0x0003, 0x0003, 0x0003, 0x0023, 0x0003, 0x0003, 0x0003, 0x0003, 0x0003, 0x0003,
    0x0003, 0x0003, 0x0003, 0x0003, 0x0003, 0x0003, 0x0024, 0x0003, 0x0004, 0x0024, 0x0003, 0x0004,
    0x0003, 0x0003, 0x0003, 0x0003, 0x0003, 0x0003, 0x0003, 0x0003, 0x0003, 0x0003, 0x0004, 0x0004,
    0x0023, 0x0003, 0x0003, 0x0003, 0x0003, 0x0003, 0x0003, 0x0003, 0x0003, 0x0004, 0x0023, 0x0003,
    0x0003, 0x0003, 0x0003, 0x0003, 0x0003, 0x0003, 0x0003, 0x0003, 0x0003, 0x0003, 0x0003, 0x0003,
    0x0003, 0x0004, 0x0003, 0x0003, 0x0003, 0x0003, 0x0003, 0x0003, 0x0003, 0x0003, 0x0003, 0x0003,
    0x0003, 0x0004, 0x0003, 0x0003, 0x0003, 0x0003, 0x0003, 0x0003, 0x0003, 0x0023, 0x0023, 0x0023,
    0x0003, 0x0003, 0x0003, 0x0023, 0x0003, 0x0003, 0x0003, 0x0003, 0x0003, 0x0003, 0x0003, 0x0003,
    0x0003, 0x0003, 0x0003, 0x0003, 0x0003, 0x0003, 0x0003, 0x0003, 0x0003, 0x0003, 0x0003, 0x0003,
    0x0003, 0x0003, 0x0003, 0x0003, 0x0003, 0x0003, 0x0003, 0x0003, 0x0003, 0x0003, 0x0003, 0x0003,
};
const RgbBitmap kBackground = {kBackgroundPixels, 320, 240};

}  // namespace CosmicAssets
