// 此文件由 tools/generate_buddy_assets.py 自动生成，请勿手工修改。
#pragma once

#include <stdint.h>

namespace BuddyAssets {

struct AlphaBitmap {
  const uint8_t* alpha;
  uint16_t width;
  uint16_t height;
};

struct AlphaGlyph {
  char character;
  AlphaBitmap bitmap;
  uint16_t advance;
};

struct AlphaFont {
  const AlphaGlyph* glyphs;
  uint16_t count;
  uint16_t height;
};

struct RgbBitmap {
  const uint16_t* pixels;
  uint16_t width;
  uint16_t height;
};

constexpr uint16_t kColorBackground = 0x0023;
constexpr uint16_t kColorPanelA = 0x18C8;
constexpr uint16_t kColorPanelB = 0x10A7;
constexpr uint16_t kColorPanelLine = 0x294C;
constexpr uint16_t kColorPrimary = 0xFF79;
constexpr uint16_t kColorLavender = 0xB49E;
constexpr uint16_t kColorLavenderMuted = 0x72D7;
constexpr uint16_t kColorPeach = 0xFC6F;
constexpr uint16_t kColorMint = 0x7796;
constexpr uint16_t kColorOffline = 0xFB4F;

const uint8_t kBrandDeskBurnAlpha[] = {
    0xB6, 0xFF, 0xFF, 0xFF, 0xF4, 0xD3, 0x7B, 0x09, 0x00, 0x00, 0x00, 0x00, 0x00, 0x00, 0x00, 0x00,
    0x00, 0x00, 0x00, 0x00, 0x00, 0x00, 0x00, 0x00, 0x00, 0x00, 0x00, 0x00, 0x00, 0x00, 0xB6, 0xE6,
    0x1E, 0x00, 0x00, 0x00, 0x00, 0x00, 0x00, 0xB2, 0xFF, 0xFF, 0xFF, 0xFF, 0xEF, 0xAD, 0x21, 0x00,
    0x00, 0x00, 0x00, 0x00, 0x00, 0x00, 0x00, 0x00, 0x00, 0x00, 0x00, 0x00, 0x00, 0x00, 0x00, 0x00,
    0x00, 0x00, 0x00, 0x00, 0x00, 0x00, 0x00, 0x00, 0x00, 0x00, 0xFE, 0xFF, 0xE1, 0xD4, 0xE7, 0xFF,
    0xFF, 0xCA, 0x0A, 0x00, 0x00, 0x00, 0x00, 0x00, 0x00, 0x00, 0x00, 0x00, 0x00, 0x00, 0x00, 0x00,
    0x00, 0x00, 0x00, 0x00, 0x00, 0x00, 0x00, 0x00, 0xFE, 0xFF, 0x4E, 0x00, 0x00, 0x00, 0x00, 0x00,
    0x00, 0xFE, 0xFF, 0xE1, 0xD4, 0xDD, 0xFE, 0xFF, 0xDD, 0x05, 0x00, 0x00, 0x00, 0x00, 0x00, 0x00,
    0x00, 0x00, 0x00, 0x00, 0x00, 0x00, 0x00, 0x00, 0x00, 0x00, 0x00, 0x00, 0x00, 0x00, 0x00, 0x00,
    0x00, 0x00, 0x00, 0x00, 0xFF, 0xFF, 0x50, 0x00, 0x00, 0x4C, 0xF5, 0xFF, 0x89, 0x00, 0x00, 0x00,
    0x00, 0x00, 0x00, 0x00, 0x00, 0x00, 0x00, 0x00, 0x00, 0x00, 0x00, 0x00, 0x00, 0x00, 0x00, 0x00,
    0x00, 0x00, 0xFF, 0xFF, 0x50, 0x00, 0x00, 0x00, 0x00, 0x00, 0x00, 0xFF, 0xFF, 0x50, 0x00, 0x00,
    0x51, 0xFF, 0xFF, 0x3E, 0x00, 0x00, 0x00, 0x00, 0x00, 0x00, 0x00, 0x00, 0x00, 0x00, 0x00, 0x00,
    0x00, 0x00, 0x00, 0x00, 0x00, 0x00, 0x00, 0x00, 0x00, 0x00, 0x00, 0x00, 0x00, 0x00, 0xFF, 0xFF,
    0x50, 0x00, 0x00, 0x00, 0x87, 0xFF, 0xEB, 0x03, 0x00, 0x00, 0x2A, 0xB1, 0xEF, 0xF1, 0xB9, 0x35,
    0x00, 0x00, 0x00, 0x0A, 0x80, 0xDA, 0xF6, 0xDD, 0x95, 0x13, 0x00, 0x00, 0xFF, 0xFF, 0x50, 0x00,
    0x02, 0x9B, 0xEA, 0x22, 0x00, 0xFF, 0xFF, 0x50, 0x00, 0x00, 0x0C, 0xFF, 0xFF, 0x40, 0x00, 0x00,
    0xB6, 0xE5, 0x1C, 0x00, 0x00, 0x1D, 0xE5, 0xB6, 0x00, 0x00, 0xBA, 0xDD, 0x53, 0xE3, 0xD9, 0x01,
    0xBA, 0xE3, 0x26, 0xA3, 0xF2, 0xF0, 0xA0, 0x0D, 0xFF, 0xFF, 0x50, 0x00, 0x00, 0x00, 0x2C, 0xFF,
    0xFF, 0x2D, 0x00, 0x23, 0xF1, 0xFF, 0xEF, 0xEB, 0xFF, 0xF9, 0x35, 0x00, 0x00, 0xAB, 0xFF, 0xFF,
    0xDF, 0xFD, 0xFF, 0xC5, 0x00, 0x00, 0xFF, 0xFF, 0x50, 0x01, 0x9D, 0xFF, 0xFA, 0x26, 0x00, 0xFF,
    0xFF, 0x50, 0x00, 0x11, 0x8C, 0xFF, 0xD5, 0x06, 0x00, 0x00, 0xFE, 0xFF, 0x4E, 0x00, 0x00, 0x4E,
    0xFF, 0xFE, 0x00, 0x00, 0xFF, 0xFF, 0xF3, 0xDE, 0xA0, 0x00, 0xFF, 0xFF, 0xDE, 0xF5, 0xE8, 0xFF,
    0xFF, 0x97, 0xFF, 0xFF, 0x50, 0x00, 0x00, 0x00, 0x0D, 0xFF, 0xFF, 0x45, 0x00, 0xA3, 0xFF, 0xAA,
    0x04, 0x01, 0x9E, 0xFF, 0xB8, 0x00, 0x00, 0xF7, 0xFF, 0x71, 0x00, 0x1B, 0xCC, 0xD6, 0x00, 0x00,
    0xFF, 0xFF, 0x50, 0x95, 0xFF, 0xF9, 0x4E, 0x00, 0x00, 0xFF, 0xFF, 0xFF, 0xFF, 0xFF, 0xFF, 0xD4,
    0x24, 0x00, 0x00, 0x00, 0xFF, 0xFF, 0x50, 0x00, 0x00, 0x50, 0xFF, 0xFF, 0x00, 0x00, 0xFF, 0xFF,
    0x93, 0x00, 0x00, 0x00, 0xFF, 0xFF, 0xBF, 0x07, 0x02, 0xA7, 0xFF, 0xEA, 0xFF, 0xFF, 0x50, 0x00,
    0x00, 0x00, 0x10, 0xFF, 0xFF, 0x43, 0x00, 0xE6, 0xFF, 0xE3, 0xD4, 0xD4, 0xE2, 0xFF, 0xF1, 0x00,
    0x00, 0xC8, 0xFF, 0xCA, 0x58, 0x1D, 0x00, 0x01, 0x00, 0x00, 0xFF, 0xFF, 0xCD, 0xFF, 0xF7, 0x48,
    0x00, 0x00, 0x00, 0xFF, 0xFF, 0xE1, 0xD4, 0xD8, 0xF5, 0xFF, 0xDD, 0x27, 0x00, 0x00, 0xFF, 0xFF,
    0x50, 0x00, 0x00, 0x50, 0xFF, 0xFF, 0x00, 0x00, 0xFF, 0xFF, 0x54, 0x00, 0x00, 0x00, 0xFF, 0xFF,
    0x5E, 0x00, 0x00, 0x57, 0xFF, 0xFF, 0xFF, 0xFF, 0x50, 0x00, 0x00, 0x00, 0x2E, 0xFF, 0xFF, 0x2A,
    0x00, 0xFA, 0xFF, 0xFF, 0xFF, 0xFF, 0xFF, 0xFF, 0xCC, 0x00, 0x00, 0x23, 0xBE, 0xFE, 0xFF, 0xFF,
    0xD7, 0x58, 0x00, 0x00, 0xFF, 0xFF, 0xFF, 0xFF, 0xF4, 0x29, 0x00, 0x00, 0x00, 0xFF, 0xFF, 0x50,
    0x00, 0x00, 0x0B, 0xB1, 0xFF, 0xC0, 0x00, 0x00, 0xFF, 0xFF, 0x50, 0x00, 0x00, 0x50, 0xFF, 0xFF,
    0x00, 0x00, 0xFF, 0xFF, 0x50, 0x00, 0x00, 0x00, 0xFF, 0xFF, 0x50, 0x00, 0x00, 0x50, 0xFF, 0xFF,
    0xFF, 0xFF, 0x50, 0x00, 0x00, 0x00, 0x88, 0xFF, 0xE7, 0x01, 0x00, 0xEA, 0xFF, 0x60, 0x00, 0x00,
    0x00, 0x13, 0x09, 0x00, 0x00, 0x13, 0x06, 0x17, 0x4F, 0xA7, 0xFF, 0xFD, 0x25, 0x00, 0xFF, 0xFF,
    0xCA, 0xCE, 0xFF, 0xD5, 0x0B, 0x00, 0x00, 0xFF, 0xFF, 0x50, 0x00, 0x00, 0x00, 0x5D, 0xFF, 0xF7,
    0x00, 0x00, 0xFF, 0xFF, 0x56, 0x00, 0x00, 0x60, 0xFF, 0xFF, 0x00, 0x00, 0xFF, 0xFF, 0x50, 0x00,
    0x00, 0x00, 0xFF, 0xFF, 0x50, 0x00, 0x00, 0x50, 0xFF, 0xFF, 0xFF, 0xFF, 0x50, 0x00, 0x00, 0x4A,
    0xF4, 0xFF, 0x81, 0x00, 0x00, 0xA9, 0xFF, 0xC6, 0x0D, 0x00, 0x3B, 0xED, 0xC1, 0x00, 0x0C, 0xF4,
    0xD8, 0x26, 0x00, 0x24, 0xFF, 0xFF, 0x43, 0x00, 0xFF, 0xFF, 0x50, 0x25, 0xF3, 0xFF, 0xA5, 0x00,
    0x00, 0xFF, 0xFF, 0x50, 0x00, 0x00, 0x0B, 0xB3, 0xFF, 0xDC, 0x00, 0x00, 0xE9, 0xFF, 0xA5, 0x02,
    0x06, 0xBF, 0xFF, 0xFF, 0x00, 0x00, 0xFF, 0xFF, 0x50, 0x00, 0x00, 0x00, 0xFF, 0xFF, 0x50, 0x00,
    0x00, 0x50, 0xFF, 0xFF, 0xFE, 0xFF, 0xE1, 0xD4, 0xE6, 0xFF, 0xFF, 0xC4, 0x08, 0x00, 0x00, 0x29,
    0xF3, 0xFF, 0xF4, 0xE5, 0xFF, 0xFF, 0x81, 0x00, 0x02, 0xD2, 0xFF, 0xFE, 0xDF, 0xF5, 0xFF, 0xE2,
    0x0B, 0x00, 0xFF, 0xFF, 0x4E, 0x00, 0x5F, 0xFF, 0xFF, 0x45, 0x00, 0xFE, 0xFF, 0xE1, 0xD4, 0xD7,
    0xF5, 0xFF, 0xFF, 0x68, 0x00, 0x00, 0x8E, 0xFF, 0xFF, 0xE8, 0xF3, 0xD7, 0xFF, 0xFF, 0x00, 0x00,
    0xFF, 0xFF, 0x4E, 0x00, 0x00, 0x00, 0xFF, 0xFF, 0x4E, 0x00, 0x00, 0x4E, 0xFF, 0xFE, 0xB5, 0xFF,
    0xFF, 0xFF, 0xF5, 0xD2, 0x78, 0x07, 0x00, 0x00, 0x00, 0x00, 0x2C, 0xB0, 0xF0, 0xF8, 0xD3, 0x6D,
    0x02, 0x00, 0x00, 0x15, 0x99, 0xE3, 0xFA, 0xE9, 0xA3, 0x1F, 0x00, 0x00, 0xB8, 0xE8, 0x1E, 0x00,
    0x00, 0x98, 0xEE, 0x31, 0x00, 0xB2, 0xFF, 0xFF, 0xFF, 0xFF, 0xF6, 0xCC, 0x5E, 0x00, 0x00, 0x00,
    0x08, 0x92, 0xEC, 0xEF, 0xA5, 0x24, 0xE4, 0xBB, 0x00, 0x00, 0xB8, 0xE6, 0x1B, 0x00, 0x00, 0x00,
    0xB8, 0xE7, 0x1D, 0x00, 0x00, 0x1E, 0xE7, 0xB8,
};
const AlphaBitmap kBrandDeskBurn = {kBrandDeskBurnAlpha, 74, 12};

const uint8_t kStatusLiveAlpha[] = {
    0xC2, 0xCA, 0x00, 0x00, 0x00, 0x00, 0x00, 0x00, 0xC3, 0xCA, 0x00, 0x00, 0xC0, 0xD5, 0x0C, 0x00,
    0x00, 0x00, 0x07, 0xCF, 0xBF, 0x00, 0x00, 0xC0, 0xFF, 0xFF, 0xFF, 0xFF, 0xFB, 0x73, 0xFF, 0xFF,
    0x07, 0x00, 0x00, 0x00, 0x00, 0x00, 0xFF, 0xFF, 0x07, 0x00, 0xEC, 0xFF, 0x5C, 0x00, 0x00, 0x00,
    0x4E, 0xFF, 0xE7, 0x00, 0x00, 0xFF, 0xFF, 0xA3, 0xA0, 0xA0, 0x9B, 0x39, 0xFF, 0xFF, 0x08, 0x00,
    0x00, 0x00, 0x00, 0x00, 0xFF, 0xFF, 0x08, 0x00, 0xA0, 0xFF, 0xAA, 0x00, 0x00, 0x00, 0x9B, 0xFF,
    0x97, 0x00, 0x00, 0xFF, 0xFF, 0x08, 0x00, 0x00, 0x00, 0x00, 0xFF, 0xFF, 0x08, 0x00, 0x00, 0x00,
    0x00, 0x00, 0xFF, 0xFF, 0x08, 0x00, 0x46, 0xFF, 0xF2, 0x06, 0x00, 0x01, 0xE7, 0xFF, 0x3E, 0x00,
    0x00, 0xFF, 0xFF, 0x08, 0x00, 0x00, 0x00, 0x00, 0xFF, 0xFF, 0x08, 0x00, 0x00, 0x00, 0x00, 0x00,
    0xFF, 0xFF, 0x08, 0x00, 0x03, 0xE9, 0xFF, 0x47, 0x00, 0x37, 0xFF, 0xE4, 0x01, 0x00, 0x00, 0xFF,
    0xFF, 0x08, 0x00, 0x00, 0x00, 0x00, 0xFF, 0xFF, 0x08, 0x00, 0x00, 0x00, 0x00, 0x00, 0xFF, 0xFF,
    0x08, 0x00, 0x00, 0x94, 0xFF, 0x95, 0x00, 0x84, 0xFF, 0x8D, 0x00, 0x00, 0x00, 0xFF, 0xFF, 0xFF,
    0xFF, 0xFF, 0xF4, 0x34, 0xFF, 0xFF, 0x08, 0x00, 0x00, 0x00, 0x00, 0x00, 0xFF, 0xFF, 0x08, 0x00,
    0x00, 0x3A, 0xFF, 0xE2, 0x00, 0xD2, 0xFF, 0x34, 0x00, 0x00, 0x00, 0xFF, 0xFF, 0xA3, 0xA0, 0xA0,
    0x95, 0x16, 0xFF, 0xFF, 0x08, 0x00, 0x00, 0x00, 0x00, 0x00, 0xFF, 0xFF, 0x08, 0x00, 0x00, 0x01,
    0xE0, 0xFF, 0x51, 0xFF, 0xDC, 0x00, 0x00, 0x00, 0x00, 0xFF, 0xFF, 0x08, 0x00, 0x00, 0x00, 0x00,
    0xFF, 0xFF, 0x08, 0x00, 0x00, 0x00, 0x00, 0x00, 0xFF, 0xFF, 0x08, 0x00, 0x00, 0x00, 0x88, 0xFF,
    0xE2, 0xFF, 0x83, 0x00, 0x00, 0x00, 0x00, 0xFF, 0xFF, 0x08, 0x00, 0x00, 0x00, 0x00, 0xFF, 0xFF,
    0xD5, 0xD4, 0xD4, 0xC9, 0x37, 0x00, 0xFF, 0xFF, 0x07, 0x00, 0x00, 0x00, 0x2D, 0xFF, 0xFF, 0xFF,
    0x2A, 0x00, 0x00, 0x00, 0x00, 0xFF, 0xFF, 0xA3, 0xA0, 0xA0, 0x9B, 0x39, 0xC3, 0xFF, 0xFF, 0xFF,
    0xFF, 0xF6, 0x4D, 0x00, 0xC3, 0xCA, 0x00, 0x00, 0x00, 0x00, 0x00, 0x98, 0xF7, 0x94, 0x00, 0x00,
    0x00, 0x00, 0x00, 0xC2, 0xFF, 0xFF, 0xFF, 0xFF, 0xFB, 0x73,
};
const AlphaBitmap kStatusLive = {kStatusLiveAlpha, 30, 11};

const uint8_t kStatusOffAlpha[] = {
    0x00, 0x07, 0x80, 0xDB, 0xF7, 0xDD, 0x83, 0x08, 0x00, 0x00, 0x00, 0xC2, 0xFF, 0xFF, 0xFF, 0xFF,
    0xF9, 0x61, 0x00, 0xC2, 0xFF, 0xFF, 0xFF, 0xFF, 0xF9, 0x61, 0x02, 0xBB, 0xFF, 0xE5, 0xAB, 0xE2,
    0xFF, 0xBE, 0x02, 0x00, 0x00, 0xFF, 0xFF, 0xA3, 0xA0, 0xA0, 0x99, 0x2F, 0x00, 0xFF, 0xFF, 0xA3,
    0xA0, 0xA0, 0x99, 0x2F, 0x61, 0xFF, 0xD4, 0x0E, 0x00, 0x0B, 0xCF, 0xFF, 0x64, 0x00, 0x00, 0xFF,
    0xFF, 0x08, 0x00, 0x00, 0x00, 0x00, 0x00, 0xFF, 0xFF, 0x08, 0x00, 0x00, 0x00, 0x00, 0xBB, 0xFF,
    0x57, 0x00, 0x00, 0x00, 0x53, 0xFF, 0xC1, 0x00, 0x00, 0xFF, 0xFF, 0x08, 0x00, 0x00, 0x00, 0x00,
    0x00, 0xFF, 0xFF, 0x08, 0x00, 0x00, 0x00, 0x00, 0xEA, 0xFF, 0x1C, 0x00, 0x00, 0x00, 0x16, 0xFF,
    0xF0, 0x00, 0x00, 0xFF, 0xFF, 0x08, 0x00, 0x00, 0x00, 0x00, 0x00, 0xFF, 0xFF, 0x08, 0x00, 0x00,
    0x00, 0x00, 0xFA, 0xFF, 0x0C, 0x00, 0x00, 0x00, 0x04, 0xFF, 0xFF, 0x02, 0x00, 0xFF, 0xFF, 0xFF,
    0xFF, 0xFF, 0xE5, 0x0C, 0x00, 0xFF, 0xFF, 0xFF, 0xFF, 0xFF, 0xE5, 0x0C, 0xEA, 0xFF, 0x1C, 0x00,
    0x00, 0x00, 0x15, 0xFF, 0xF1, 0x00, 0x00, 0xFF, 0xFF, 0xA3, 0xA0, 0xA0, 0x86, 0x01, 0x00, 0xFF,
    0xFF, 0xA3, 0xA0, 0xA0, 0x86, 0x01, 0xBD, 0xFF, 0x55, 0x00, 0x00, 0x00, 0x51, 0xFF, 0xC2, 0x00,
    0x00, 0xFF, 0xFF, 0x08, 0x00, 0x00, 0x00, 0x00, 0x00, 0xFF, 0xFF, 0x08, 0x00, 0x00, 0x00, 0x00,
    0x63, 0xFF, 0xD0, 0x0B, 0x00, 0x0A, 0xCD, 0xFF, 0x66, 0x00, 0x00, 0xFF, 0xFF, 0x08, 0x00, 0x00,
    0x00, 0x00, 0x00, 0xFF, 0xFF, 0x08, 0x00, 0x00, 0x00, 0x00, 0x02, 0xBE, 0xFF, 0xE3, 0xAA, 0xE1,
    0xFF, 0xC1, 0x03, 0x00, 0x00, 0xFF, 0xFF, 0x07, 0x00, 0x00, 0x00, 0x00, 0x00, 0xFF, 0xFF, 0x07,
    0x00, 0x00, 0x00, 0x00, 0x00, 0x08, 0x84, 0xDD, 0xF8, 0xDE, 0x86, 0x09, 0x00, 0x00, 0x00, 0xC3,
    0xCA, 0x00, 0x00, 0x00, 0x00, 0x00, 0x00, 0xC3, 0xCA, 0x00, 0x00, 0x00, 0x00, 0x00,
};
const AlphaBitmap kStatusOff = {kStatusOffAlpha, 26, 11};

const uint8_t kSleepZAlpha[] = {
    0xD7, 0xFF, 0xFF, 0xFF, 0xFF, 0xC8, 0x4B, 0x6C, 0x6C, 0x84, 0xFF, 0xCB, 0x00, 0x00, 0x00, 0xAB,
    0xFD, 0x36, 0x00, 0x00, 0x4D, 0xFF, 0x92, 0x00, 0x00, 0x0C, 0xE2, 0xE3, 0x0D, 0x00, 0x00, 0x92,
    0xFF, 0x4F, 0x00, 0x00, 0x36, 0xFD, 0xAD, 0x00, 0x00, 0x00, 0xC7, 0xFF, 0x86, 0x6C, 0x6C, 0x4C,
    0xCE, 0xFF, 0xFF, 0xFF, 0xFF, 0xD8,
};
const AlphaBitmap kSleepZ = {kSleepZAlpha, 6, 9};

const uint8_t kLabelTodayAlpha[] = {
    0x00, 0x00, 0x00, 0x00, 0x00, 0x00, 0x00, 0xC0, 0xDD, 0x7A, 0x00, 0x00, 0x00, 0x00, 0x00, 0x00,
    0x00, 0x00, 0x00, 0x00, 0x00, 0x00, 0x00, 0x00, 0x00, 0x00, 0x00, 0x00, 0x00, 0x00, 0x00, 0x00,
    0x00, 0x00, 0x00, 0x00, 0x00, 0x00, 0x74, 0xFF, 0xFF, 0xE1, 0x20, 0x00, 0x00, 0x00, 0x00, 0x00,
    0x00, 0x00, 0x00, 0x82, 0xE0, 0xD8, 0xD7, 0xD7, 0xD7, 0xD7, 0xD7, 0xD7, 0xD7, 0xD8, 0xDB, 0x7A,
    0x00, 0x00, 0x00, 0x00, 0x00, 0x40, 0xF0, 0xFF, 0xE1, 0xFF, 0xD1, 0x1D, 0x00, 0x00, 0x00, 0x00,
    0x00, 0x00, 0x00, 0x87, 0xFF, 0xFF, 0xFF, 0xFF, 0xFF, 0xFF, 0xFF, 0xFF, 0xFF, 0xFF, 0xFF, 0x7D,
    0x00, 0x00, 0x00, 0x00, 0x44, 0xED, 0xFF, 0xBC, 0x15, 0xD4, 0xFF, 0xDB, 0x3A, 0x00, 0x00, 0x00,
    0x00, 0x00, 0x00, 0x81, 0xFF, 0x9B, 0x00, 0x00, 0x00, 0x00, 0x00, 0x00, 0x00, 0xA9, 0xFF, 0x7A,
    0x00, 0x00, 0x00, 0x78, 0xF7, 0xFF, 0xC5, 0x11, 0x00, 0x29, 0xDC, 0xFF, 0xF6, 0x7C, 0x00, 0x00,
    0x00, 0x00, 0x00, 0x81, 0xFF, 0x9B, 0x00, 0x00, 0x00, 0x00, 0x00, 0x00, 0x00, 0xA9, 0xFF, 0x7A,
    0x00, 0x3A, 0xC2, 0xFF, 0xFF, 0xA9, 0x6E, 0xDC, 0x87, 0x1B, 0x1E, 0xCD, 0xFF, 0xFF, 0xD3, 0x68,
    0x04, 0x00, 0x00, 0x81, 0xFF, 0x9B, 0x00, 0x00, 0x00, 0x00, 0x00, 0x00, 0x00, 0xA9, 0xFF, 0x7A,
    0x60, 0xFD, 0xFF, 0xF6, 0x7C, 0x00, 0xB3, 0xFE, 0xFF, 0xF1, 0x91, 0x1A, 0x97, 0xFD, 0xFF, 0xFF,
    0x80, 0x00, 0x00, 0x81, 0xFF, 0x9B, 0x00, 0x00, 0x00, 0x00, 0x00, 0x00, 0x00, 0xA9, 0xFF, 0x7A,
    0x09, 0xE2, 0xD0, 0x3A, 0x00, 0x00, 0x00, 0x3E, 0xB3, 0xFE, 0xEA, 0x11, 0x00, 0x4C, 0xCD, 0xF6,
    0x18, 0x00, 0x00, 0x81, 0xFF, 0xEA, 0xD4, 0xD4, 0xD4, 0xD4, 0xD4, 0xD4, 0xD4, 0xEE, 0xFF, 0x7A,
    0x00, 0x3B, 0x1D, 0x16, 0x04, 0x00, 0x00, 0x00, 0x00, 0x51, 0x6C, 0x00, 0x00, 0x15, 0x00, 0x40,
    0x00, 0x00, 0x00, 0x81, 0xFF, 0xFF, 0xFF, 0xFF, 0xFF, 0xFF, 0xFF, 0xFF, 0xFF, 0xFF, 0xFF, 0x7A,
    0x00, 0x00, 0xBD, 0xFF, 0xFF, 0xFF, 0xFF, 0xFF, 0xFF, 0xFF, 0xFF, 0xFF, 0xFF, 0xFF, 0x94, 0x00,
    0x00, 0x00, 0x00, 0x81, 0xFF, 0x9B, 0x00, 0x00, 0x00, 0x00, 0x00, 0x00, 0x00, 0xA9, 0xFF, 0x7A,
    0x00, 0x00, 0xA2, 0xD1, 0xC8, 0xC7, 0xC7, 0xC7, 0xC7, 0xC7, 0xC7, 0xCA, 0xFE, 0xFF, 0xC4, 0x00,
    0x00, 0x00, 0x00, 0x81, 0xFF, 0x9B, 0x00, 0x00, 0x00, 0x00, 0x00, 0x00, 0x00, 0xA9, 0xFF, 0x7A,
    0x00, 0x00, 0x00, 0x00, 0x00, 0x00, 0x00, 0x00, 0x00, 0x00, 0x00, 0x9B, 0xFF, 0xE4, 0x1B, 0x00,
    0x00, 0x00, 0x00, 0x81, 0xFF, 0x9B, 0x00, 0x00, 0x00, 0x00, 0x00, 0x00, 0x00, 0xA9, 0xFF, 0x7A,
    0x00, 0x00, 0x00, 0x00, 0x00, 0x00, 0x00, 0x00, 0x00, 0x00, 0x62, 0xFE, 0xFB, 0x4D, 0x00, 0x00,
    0x00, 0x00, 0x00, 0x81, 0xFF, 0x9B, 0x00, 0x00, 0x00, 0x00, 0x00, 0x00, 0x00, 0xA9, 0xFF, 0x7A,
    0x00, 0x00, 0x00, 0x00, 0x00, 0x00, 0x00, 0x00, 0x00, 0x31, 0xF0, 0xFF, 0x8B, 0x00, 0x00, 0x00,
    0x00, 0x00, 0x00, 0x81, 0xFF, 0x9B, 0x00, 0x00, 0x00, 0x00, 0x00, 0x00, 0x00, 0xA9, 0xFF, 0x7A,
    0x00, 0x00, 0x00, 0x00, 0x00, 0x00, 0x00, 0x00, 0x11, 0xD3, 0xFF, 0xC6, 0x04, 0x00, 0x00, 0x00,
    0x00, 0x00, 0x00, 0x82, 0xFF, 0xFF, 0xFF, 0xFF, 0xFF, 0xFF, 0xFF, 0xFF, 0xFF, 0xFF, 0xFF, 0x7B,
    0x00, 0x00, 0x00, 0x00, 0x00, 0x00, 0x00, 0x00, 0xB8, 0xFF, 0xEE, 0x27, 0x00, 0x00, 0x00, 0x00,
    0x00, 0x00, 0x00, 0x8B, 0xFF, 0xEC, 0xD7, 0xD7, 0xD7, 0xD7, 0xD7, 0xD7, 0xD7, 0xEF, 0xFF, 0x7D,
    0x00, 0x00, 0x00, 0x00, 0x00, 0x00, 0x00, 0x00, 0x4C, 0xD4, 0x6A, 0x00, 0x00, 0x00, 0x00, 0x00,
    0x00, 0x00, 0x00, 0x7A, 0xCD, 0x7C, 0x00, 0x00, 0x00, 0x00, 0x00, 0x00, 0x00, 0x88, 0xCD, 0x6E,
};
const AlphaBitmap kLabelToday = {kLabelTodayAlpha, 32, 17};

const uint8_t kLabelWeekAlpha[] = {
    0x00, 0x00, 0x00, 0x00, 0x00, 0x00, 0x00, 0x9E, 0xD4, 0x69, 0x00, 0x00, 0x00, 0x00, 0x00, 0x00,
    0x00, 0x00, 0x00, 0x15, 0x04, 0x00, 0x00, 0x00, 0x00, 0x00, 0x00, 0x00, 0x00, 0x00, 0x00, 0x09,
    0x0F, 0x00, 0x00, 0x00, 0x00, 0x00, 0x00, 0x00, 0xB2, 0xFF, 0x71, 0x00, 0x00, 0x00, 0x00, 0x00,
    0x00, 0x00, 0x00, 0x00, 0xEF, 0xFF, 0xFF, 0xFF, 0xFF, 0xFF, 0xFF, 0xFF, 0xFF, 0xFF, 0xFF, 0xFF,
    0xFF, 0x7C, 0x00, 0x00, 0x00, 0x00, 0x00, 0x00, 0x00, 0xAC, 0xFF, 0x6A, 0x00, 0x00, 0x00, 0x00,
    0x00, 0x00, 0x00, 0x00, 0x00, 0xE7, 0xFB, 0xBA, 0xBA, 0xBA, 0xBA, 0xBA, 0xBA, 0xBA, 0xBA, 0xBA,
    0xDA, 0xFF, 0x74, 0x00, 0xF1, 0xE7, 0xE0, 0xE0, 0xE0, 0xE0, 0xF3, 0xFF, 0xEA, 0xE0, 0xE0, 0xE0,
    0xE0, 0xE3, 0xEA, 0x00, 0x00, 0x00, 0xE5, 0xF3, 0x07, 0x11, 0x00, 0x58, 0xFF, 0xA9, 0x00, 0x09,
    0x0F, 0x8C, 0xFF, 0x72, 0x00, 0xFC, 0xFF, 0xFF, 0xFF, 0xFF, 0xFF, 0xFF, 0xFF, 0xFF, 0xFF, 0xFF,
    0xFF, 0xFF, 0xFF, 0xF9, 0x00, 0x00, 0x00, 0xE5, 0xF3, 0x3A, 0xFF, 0xFF, 0xFF, 0xFF, 0xFF, 0xFF,
    0xFF, 0xA2, 0x8C, 0xFF, 0x72, 0x00, 0x27, 0x11, 0x00, 0x00, 0x13, 0xE9, 0xFF, 0xFF, 0xFF, 0xA8,
    0x00, 0x00, 0x00, 0x13, 0x26, 0x00, 0x00, 0x00, 0xE7, 0xF1, 0x27, 0xA3, 0x98, 0xAE, 0xFF, 0xD2,
    0x97, 0x9D, 0x6B, 0x8C, 0xFF, 0x72, 0x00, 0x00, 0x00, 0x00, 0x00, 0x92, 0xFF, 0xEF, 0xFF, 0xEF,
    0xFD, 0x47, 0x00, 0x00, 0x00, 0x00, 0x00, 0x00, 0x00, 0xEA, 0xEE, 0x13, 0x04, 0x00, 0x4C, 0xFF,
    0xA2, 0x00, 0x00, 0x0D, 0x90, 0xFF, 0x72, 0x00, 0x00, 0x00, 0x00, 0x44, 0xF7, 0xEC, 0xA9, 0xFF,
    0x92, 0xFF, 0xDB, 0x15, 0x00, 0x00, 0x00, 0x00, 0x00, 0x00, 0xF0, 0xEB, 0xC7, 0xFF, 0xFF, 0xFF,
    0xFF, 0xFF, 0xFF, 0xFF, 0xFF, 0xB6, 0xFF, 0x72, 0x00, 0x00, 0x00, 0x1A, 0xE0, 0xFF, 0x7D, 0xAB,
    0xFF, 0x69, 0xB1, 0xFF, 0xB8, 0x04, 0x00, 0x00, 0x00, 0x00, 0x00, 0xF7, 0xE3, 0x84, 0xA1, 0x9E,
    0x9E, 0x9E, 0x9E, 0x9E, 0x9F, 0xA5, 0xA6, 0xFF, 0x72, 0x00, 0x00, 0x1A, 0xD1, 0xFF, 0xC1, 0x04,
    0xAC, 0xFF, 0x6A, 0x1D, 0xDE, 0xFF, 0xB4, 0x09, 0x00, 0x00, 0x00, 0x0B, 0xFF, 0xD9, 0x00, 0x96,
    0x91, 0x90, 0x90, 0x90, 0x90, 0x94, 0x1E, 0x8C, 0xFF, 0x72, 0x00, 0x2B, 0xD2, 0xFF, 0xE3, 0x1E,
    0x00, 0xAC, 0xFF, 0x6A, 0x00, 0x37, 0xF0, 0xFF, 0xC4, 0x27, 0x00, 0x00, 0x2F, 0xFF, 0xCD, 0x00,
    0xF4, 0xFF, 0xFF, 0xFF, 0xFF, 0xFF, 0xFF, 0x29, 0x8C, 0xFF, 0x72, 0x50, 0xEE, 0xFF, 0xEA, 0xC4,
    0xE0, 0xDD, 0xF2, 0xFF, 0xE8, 0xDD, 0xE0, 0xBA, 0xF0, 0xFF, 0xEF, 0x53, 0x00, 0x57, 0xFF, 0xB5,
    0x00, 0xF3, 0xDA, 0x00, 0x00, 0x00, 0xBD, 0xFF, 0x24, 0x8C, 0xFF, 0x72, 0x2A, 0xEF, 0xE2, 0x37,
    0xB6, 0xFF, 0xFF, 0xFF, 0xFF, 0xFF, 0xFF, 0xFF, 0x9B, 0x40, 0xE4, 0xEA, 0x1E, 0x00, 0x8F, 0xFF,
    0x94, 0x00, 0xF3, 0xEE, 0x9E, 0x9E, 0x9E, 0xE1, 0xFF, 0x24, 0x8C, 0xFF, 0x72, 0x00, 0x67, 0x21,
    0x00, 0x20, 0x16, 0x00, 0xAC, 0xFF, 0x6A, 0x00, 0x1B, 0x1D, 0x00, 0x20, 0x5E, 0x00, 0x00, 0xC5,
    0xFF, 0x5E, 0x00, 0xF4, 0xFF, 0xFF, 0xFF, 0xFF, 0xFF, 0xFF, 0x2D, 0x8C, 0xFF, 0x72, 0x00, 0x00,
    0x00, 0x00, 0x00, 0x00, 0x00, 0xB0, 0xFF, 0x6D, 0x00, 0x00, 0x00, 0x00, 0x00, 0x00, 0x00, 0x36,
    0xFD, 0xFB, 0x18, 0x00, 0xF7, 0xDD, 0x00, 0x00, 0x00, 0x3E, 0x3C, 0x13, 0x9F, 0xFF, 0x72, 0x00,
    0x00, 0x00, 0x00, 0x00, 0x00, 0x00, 0xBA, 0xFF, 0x77, 0x00, 0x00, 0x00, 0x00, 0x00, 0x00, 0x00,
    0x84, 0xFF, 0xC3, 0x00, 0x04, 0x89, 0x77, 0x00, 0x00, 0x00, 0x9F, 0xFF, 0xFF, 0xFF, 0xFF, 0x5F,
    0x00, 0x00, 0x00, 0x00, 0x00, 0x00, 0x00, 0x9D, 0xCD, 0x68, 0x00, 0x00, 0x00, 0x00, 0x00, 0x00,
    0x00, 0x04, 0xAA, 0x4D, 0x00, 0x00, 0x00, 0x00, 0x00, 0x00, 0x00, 0x50, 0xC5, 0xC9, 0xC2, 0x94,
    0x07,
};
const AlphaBitmap kLabelWeek = {kLabelWeekAlpha, 33, 17};

const uint8_t kLabelMonthAlpha[] = {
    0x00, 0x00, 0x00, 0x00, 0x00, 0x00, 0x00, 0x9E, 0xD4, 0x69, 0x00, 0x00, 0x00, 0x00, 0x00, 0x00,
    0x00, 0x00, 0x00, 0x00, 0x16, 0x07, 0x00, 0x00, 0x00, 0x00, 0x00, 0x00, 0x00, 0x00, 0x0F, 0x0B,
    0x00, 0x00, 0x00, 0x00, 0x00, 0x00, 0x00, 0xB2, 0xFF, 0x71, 0x00, 0x00, 0x00, 0x00, 0x00, 0x00,
    0x00, 0x00, 0x00, 0x00, 0xCD, 0xFF, 0xFF, 0xFF, 0xFF, 0xFF, 0xFF, 0xFF, 0xFF, 0xFF, 0xFF, 0x52,
    0x00, 0x00, 0x00, 0x00, 0x00, 0x00, 0x00, 0xAC, 0xFF, 0x6A, 0x00, 0x00, 0x00, 0x00, 0x00, 0x00,
    0x00, 0x00, 0x00, 0x00, 0xC5, 0xFF, 0xDF, 0xD4, 0xD4, 0xD4, 0xD4, 0xD4, 0xD4, 0xF4, 0xFF, 0x49,
    0x00, 0xF1, 0xE7, 0xE0, 0xE0, 0xE0, 0xE0, 0xF3, 0xFF, 0xEA, 0xE0, 0xE0, 0xE0, 0xE0, 0xE3, 0xEA,
    0x00, 0x00, 0x00, 0x00, 0xC2, 0xFF, 0x59, 0x00, 0x00, 0x00, 0x00, 0x00, 0x00, 0xCA, 0xFF, 0x48,
    0x00, 0xFC, 0xFF, 0xFF, 0xFF, 0xFF, 0xFF, 0xFF, 0xFF, 0xFF, 0xFF, 0xFF, 0xFF, 0xFF, 0xFF, 0xF9,
    0x00, 0x00, 0x00, 0x00, 0xC4, 0xFF, 0x59, 0x00, 0x00, 0x00, 0x00, 0x00, 0x00, 0xCA, 0xFF, 0x48,
    0x00, 0x27, 0x11, 0x00, 0x00, 0x13, 0xE9, 0xFF, 0xFF, 0xFF, 0xA8, 0x00, 0x00, 0x00, 0x13, 0x26,
    0x00, 0x00, 0x00, 0x00, 0xC6, 0xFF, 0xD5, 0xC7, 0xC7, 0xC7, 0xC7, 0xC7, 0xC7, 0xF1, 0xFF, 0x48,
    0x00, 0x00, 0x00, 0x00, 0x00, 0x92, 0xFF, 0xEF, 0xFF, 0xEF, 0xFD, 0x47, 0x00, 0x00, 0x00, 0x00,
    0x00, 0x00, 0x00, 0x00, 0xC8, 0xFF, 0xFF, 0xFF, 0xFF, 0xFF, 0xFF, 0xFF, 0xFF, 0xFF, 0xFF, 0x48,
    0x00, 0x00, 0x00, 0x00, 0x44, 0xF7, 0xEC, 0xA9, 0xFF, 0x92, 0xFF, 0xDB, 0x15, 0x00, 0x00, 0x00,
    0x00, 0x00, 0x00, 0x00, 0xD1, 0xFF, 0x4D, 0x00, 0x00, 0x00, 0x00, 0x00, 0x00, 0xCA, 0xFF, 0x48,
    0x00, 0x00, 0x00, 0x1A, 0xE0, 0xFF, 0x7D, 0xAB, 0xFF, 0x69, 0xB1, 0xFF, 0xB8, 0x04, 0x00, 0x00,
    0x00, 0x00, 0x00, 0x00, 0xDC, 0xFF, 0x3B, 0x00, 0x00, 0x00, 0x00, 0x00, 0x00, 0xCA, 0xFF, 0x48,
    0x00, 0x00, 0x1A, 0xD1, 0xFF, 0xC1, 0x04, 0xAC, 0xFF, 0x6A, 0x1D, 0xDE, 0xFF, 0xB4, 0x09, 0x00,
    0x00, 0x00, 0x00, 0x00, 0xEE, 0xFF, 0xCD, 0xC7, 0xC7, 0xC7, 0xC7, 0xC7, 0xC7, 0xF1, 0xFF, 0x48,
    0x00, 0x2B, 0xD2, 0xFF, 0xE3, 0x1E, 0x00, 0xAC, 0xFF, 0x6A, 0x00, 0x37, 0xF0, 0xFF, 0xC4, 0x27,
    0x00, 0x00, 0x00, 0x1A, 0xFF, 0xFF, 0xFF, 0xFF, 0xFF, 0xFF, 0xFF, 0xFF, 0xFF, 0xFF, 0xFF, 0x48,
    0x50, 0xEE, 0xFF, 0xEA, 0xC4, 0xE0, 0xDD, 0xF2, 0xFF, 0xE8, 0xDD, 0xE0, 0xBA, 0xF0, 0xFF, 0xEF,
    0x53, 0x00, 0x00, 0x5D, 0xFF, 0xD8, 0x00, 0x00, 0x00, 0x00, 0x00, 0x00, 0x00, 0xCA, 0xFF, 0x48,
    0x2A, 0xEF, 0xE2, 0x37, 0xB6, 0xFF, 0xFF, 0xFF, 0xFF, 0xFF, 0xFF, 0xFF, 0x9B, 0x40, 0xE4, 0xEA,
    0x1E, 0x00, 0x00, 0xA6, 0xFF, 0xB0, 0x00, 0x00, 0x00, 0x00, 0x00, 0x00, 0x00, 0xCA, 0xFF, 0x48,
    0x00, 0x67, 0x21, 0x00, 0x20, 0x16, 0x00, 0xAC, 0xFF, 0x6A, 0x00, 0x1B, 0x1D, 0x00, 0x20, 0x5E,
    0x00, 0x00, 0x0D, 0xEE, 0xFF, 0x70, 0x00, 0x00, 0x00, 0x00, 0x00, 0x00, 0x00, 0xCA, 0xFF, 0x48,
    0x00, 0x00, 0x00, 0x00, 0x00, 0x00, 0x00, 0xB0, 0xFF, 0x6D, 0x00, 0x00, 0x00, 0x00, 0x00, 0x00,
    0x00, 0x00, 0x9B, 0xFF, 0xEE, 0x0D, 0x00, 0x00, 0x00, 0x00, 0x40, 0x2E, 0x13, 0xD5, 0xFF, 0x48,
    0x00, 0x00, 0x00, 0x00, 0x00, 0x00, 0x00, 0xBA, 0xFF, 0x77, 0x00, 0x00, 0x00, 0x00, 0x00, 0x00,
    0x00, 0x16, 0xEF, 0xFF, 0x8C, 0x00, 0x00, 0x00, 0x00, 0x00, 0xBF, 0xFF, 0xFF, 0xFF, 0xFE, 0x27,
    0x00, 0x00, 0x00, 0x00, 0x00, 0x00, 0x00, 0x9D, 0xCD, 0x68, 0x00, 0x00, 0x00, 0x00, 0x00, 0x00,
    0x00, 0x00, 0x48, 0xBA, 0x07, 0x00, 0x00, 0x00, 0x00, 0x00, 0x6F, 0xCE, 0xD3, 0xC9, 0x80, 0x00,
};
const AlphaBitmap kLabelMonth = {kLabelMonthAlpha, 32, 17};

const uint8_t kLabelTotalAlpha[] = {
    0x00, 0x00, 0x00, 0x04, 0x68, 0xAD, 0x0F, 0x00, 0x00, 0x00, 0x40, 0x9C, 0x5D, 0x00, 0x00, 0x00,
    0x00, 0x00, 0x00, 0x00, 0x6E, 0x13, 0x00, 0x00, 0x00, 0x00, 0x00, 0xAD, 0xCA, 0x64, 0x00, 0x00,
    0x00, 0x00, 0x00, 0x00, 0x00, 0x09, 0xD0, 0xFF, 0xAF, 0x00, 0x00, 0x00, 0xB0, 0xFF, 0xB6, 0x00,
    0x00, 0x00, 0x00, 0x00, 0x00, 0x92, 0xFF, 0xD1, 0x1E, 0x00, 0x00, 0x00, 0x00, 0xC9, 0xFF, 0x69,
    0x00, 0x00, 0x00, 0x00, 0x00, 0x00, 0x00, 0x00, 0x2F, 0xF6, 0xFA, 0x3A, 0x00, 0x42, 0xFC, 0xF4,
    0x31, 0x00, 0x00, 0x00, 0x00, 0x00, 0x00, 0x4C, 0xF1, 0xFF, 0xD4, 0x15, 0x00, 0x00, 0x00, 0xC4,
    0xFF, 0x63, 0x00, 0x00, 0x00, 0x00, 0x00, 0x00, 0x57, 0xBB, 0xB7, 0xE7, 0xD0, 0xB6, 0xB6, 0xDF,
    0xFF, 0xE3, 0xB7, 0xBB, 0x43, 0x00, 0x00, 0x00, 0x00, 0x00, 0x4B, 0xF7, 0xAC, 0x00, 0x00, 0x00,
    0x00, 0xC4, 0xFF, 0x62, 0x00, 0x00, 0x00, 0x00, 0x00, 0x00, 0x6C, 0xFF, 0xFF, 0xFF, 0xFF, 0xFF,
    0xFF, 0xFF, 0xFF, 0xFF, 0xFF, 0xFF, 0x50, 0x00, 0x00, 0x00, 0x00, 0x00, 0x00, 0x47, 0x04, 0x00,
    0x00, 0x00, 0x00, 0xC4, 0xFF, 0x62, 0x00, 0x00, 0x00, 0x00, 0x00, 0x00, 0x6A, 0xFF, 0xAC, 0x00,
    0x00, 0x00, 0x00, 0x00, 0x00, 0x00, 0xC4, 0xFF, 0x4C, 0x00, 0x00, 0x0D, 0x1D, 0x00, 0x00, 0x0F,
    0x0D, 0x1D, 0x11, 0x04, 0x00, 0xC4, 0xFF, 0x62, 0x00, 0x07, 0x1B, 0x1B, 0x00, 0x00, 0x6A, 0xFF,
    0xAC, 0x00, 0x00, 0x00, 0x00, 0x00, 0x00, 0x00, 0xC4, 0xFF, 0x4C, 0x00, 0x00, 0x4C, 0xFF, 0xFF,
    0xFF, 0xFF, 0x64, 0xBD, 0xFF, 0xFF, 0xFF, 0xFF, 0xFF, 0xFF, 0xFF, 0xFF, 0xFF, 0x7D, 0x00, 0x00,
    0x6A, 0xFF, 0xAC, 0x00, 0x00, 0x00, 0x00, 0x00, 0x00, 0x00, 0xC4, 0xFF, 0x4C, 0x00, 0x00, 0x48,
    0xE6, 0xDB, 0xEE, 0xFF, 0x5E, 0xA1, 0xD6, 0xD3, 0xD1, 0xF2, 0xFF, 0xDE, 0xD1, 0xCF, 0xD0, 0x6B,
    0x00, 0x00, 0x6E, 0xFF, 0xFF, 0xFF, 0xFF, 0xFF, 0xFF, 0xFF, 0xFF, 0xFF, 0xFF, 0xFF, 0x50, 0x00,
    0x00, 0x00, 0x00, 0x00, 0x9B, 0xFF, 0x5E, 0x00, 0x00, 0x00, 0x00, 0xC4, 0xFF, 0x62, 0x00, 0x00,
    0x00, 0x00, 0x00, 0x00, 0x60, 0xC4, 0xBE, 0xBD, 0xBD, 0xBE, 0xED, 0xBE, 0xBD, 0xBD, 0xBE, 0xC4,
    0x49, 0x00, 0x00, 0x00, 0x00, 0x00, 0x9B, 0xFF, 0x5E, 0x00, 0x00, 0x00, 0x00, 0xC4, 0xFF, 0x62,
    0x00, 0x00, 0x00, 0x00, 0x00, 0x00, 0x00, 0x00, 0x00, 0x00, 0x00, 0x99, 0xFF, 0xB0, 0x07, 0x00,
    0x00, 0x09, 0x0D, 0x00, 0x00, 0x00, 0x00, 0x00, 0x9B, 0xFF, 0x5E, 0x00, 0x00, 0x00, 0x00, 0xC4,
    0xFF, 0x62, 0x00, 0x00, 0x00, 0x00, 0x00, 0x00, 0xC3, 0x86, 0x42, 0xF0, 0xC1, 0x43, 0xEE, 0xFF,
    0xA7, 0x00, 0x3E, 0xDC, 0x93, 0x00, 0x00, 0x00, 0x00, 0x00, 0x9B, 0xFF, 0x5E, 0x00, 0x00, 0x00,
    0x00, 0xC4, 0xFF, 0x62, 0x00, 0x00, 0x00, 0x00, 0x00, 0x2B, 0xFE, 0xD6, 0x38, 0xFF, 0xC5, 0x00,
    0x52, 0xF7, 0x87, 0x07, 0x1E, 0xF1, 0xF7, 0x34, 0x00, 0x00, 0x00, 0x00, 0x9B, 0xFF, 0x61, 0x8C,
    0x38, 0x00, 0x00, 0xC4, 0xFF, 0x62, 0x00, 0x00, 0x00, 0x00, 0x00, 0x8D, 0xFF, 0x9F, 0x34, 0xFF,
    0xC4, 0x00, 0x00, 0x2B, 0x00, 0xE0, 0x99, 0x8A, 0xFF, 0xB1, 0x00, 0x00, 0x00, 0x00, 0xA4, 0xFF,
    0xEC, 0xFF, 0x3E, 0x00, 0x00, 0xC4, 0xFF, 0x62, 0x00, 0x00, 0x00, 0x00, 0x1E, 0xF1, 0xFF, 0x49,
    0x34, 0xFF, 0xD6, 0x1D, 0x04, 0x04, 0x53, 0xFF, 0xD8, 0x18, 0xF3, 0xFA, 0x2A, 0x00, 0x00, 0x16,
    0xF4, 0xFF, 0xFF, 0xB6, 0x18, 0x00, 0x00, 0xC5, 0xFF, 0x64, 0x00, 0x00, 0x00, 0x00, 0x47, 0xED,
    0xBF, 0x00, 0x1B, 0xFE, 0xFF, 0xFF, 0xFF, 0xFF, 0xFF, 0xFF, 0xA6, 0x00, 0xAA, 0xD2, 0x37, 0x00,
    0x00, 0x00, 0xC6, 0xD7, 0x59, 0x00, 0x00, 0x00, 0x00, 0xC9, 0xFF, 0x69, 0x00, 0x00, 0x00, 0x00,
    0x00, 0x24, 0x36, 0x00, 0x00, 0x72, 0xB9, 0xC8, 0xCA, 0xC6, 0xBD, 0x95, 0x1D, 0x00, 0x1E, 0x04,
    0x00, 0x00, 0x00, 0x00, 0x27, 0x04, 0x00, 0x00, 0x00, 0x00, 0x00, 0xCF, 0xF3, 0x77, 0x00, 0x00,
    0x00, 0x00,
};
const AlphaBitmap kLabelTotal = {kLabelTotalAlpha, 34, 17};

const uint8_t kTodayAmountFontCurrencyAlpha[] = {
    0x00, 0x00, 0x00, 0x00, 0x00, 0x00, 0x00, 0x00, 0x00, 0x00, 0x00, 0x00, 0x00, 0xA0, 0xC8, 0x00,
    0x00, 0x00, 0x00, 0x00, 0x00, 0x00, 0x00, 0x00, 0x00, 0x00, 0x00, 0x00, 0x00, 0x00, 0x00, 0x00,
    0x00, 0x00, 0x00, 0x00, 0x00, 0x00, 0x00, 0x00, 0x00, 0x00, 0xD8, 0xFF, 0x00, 0x00, 0x00, 0x00,
    0x00, 0x00, 0x00, 0x00, 0x00, 0x00, 0x00, 0x00, 0x00, 0x00, 0x00, 0x00, 0x00, 0x00, 0x00, 0x00,
    0x00, 0x00, 0x00, 0x00, 0x00, 0x00, 0x00, 0xD8, 0xFF, 0x00, 0x00, 0x00, 0x00, 0x00, 0x00, 0x00,
    0x00, 0x00, 0x00, 0x00, 0x00, 0x00, 0x00, 0x00, 0x00, 0x00, 0x00, 0x00, 0x00, 0x00, 0x00, 0x14,
    0x63, 0xA1, 0xCD, 0xEB, 0xFF, 0xFF, 0xE7, 0xD6, 0xB6, 0x7A, 0x3C, 0x01, 0x00, 0x00, 0x00, 0x00,
    0x00, 0x00, 0x00, 0x00, 0x00, 0x00, 0x00, 0x00, 0x00, 0x00, 0x26, 0xA5, 0xFA, 0xFF, 0xFF, 0xFF,
    0xFF, 0xFF, 0xFF, 0xFF, 0xFF, 0xFF, 0xFF, 0xFF, 0xDA, 0x6A, 0x05, 0x00, 0x00, 0x00, 0x00, 0x00,
    0x00, 0x00, 0x00, 0x00, 0x00, 0x00, 0x72, 0xF8, 0xFF, 0xFF, 0xFF, 0xFF, 0xFF, 0xFF, 0xFF, 0xFF,
    0xFF, 0xFF, 0xFF, 0xFF, 0xFF, 0xFF, 0xFF, 0xCC, 0x26, 0x00, 0x00, 0x00, 0x00, 0x00, 0x00, 0x00,
    0x00, 0x00, 0x90, 0xFF, 0xFF, 0xFF, 0xFF, 0xFF, 0xFF, 0xFF, 0xFF, 0xFF, 0xFF, 0xFF, 0xFF, 0xFF,
    0xFF, 0xFF, 0xFF, 0xFF, 0xFF, 0xEF, 0x2B, 0x00, 0x00, 0x00, 0x00, 0x00, 0x00, 0x00, 0x68, 0xFF,
    0xFF, 0xFF, 0xFF, 0xFF, 0xFF, 0xFF, 0xFF, 0xFF, 0xFF, 0xFF, 0xFF, 0xFF, 0xFF, 0xFF, 0xFF, 0xFF,
    0xFF, 0xFF, 0xFF, 0xE2, 0x0C, 0x00, 0x00, 0x00, 0x00, 0x00, 0x15, 0xF1, 0xFF, 0xFF, 0xFF, 0xFF,
    0xFF, 0xFF, 0xFF, 0xFF, 0xFF, 0xFF, 0xFF, 0xFF, 0xFF, 0xFF, 0xFF, 0xFF, 0xFF, 0xFF, 0xFF, 0xFF,
    0xFF, 0x7D, 0x00, 0x00, 0x00, 0x00, 0x00, 0x76, 0xFF, 0xFF, 0xFF, 0xFF, 0xFF, 0xFF, 0xFF, 0xFE,
    0xA8, 0x5F, 0xFF, 0xFF, 0x5A, 0xB3, 0xFF, 0xFF, 0xFF, 0xFF, 0xFF, 0xFF, 0xFF, 0xFF, 0xDC, 0x00,
    0x00, 0x00, 0x00, 0x00, 0xC0, 0xFF, 0xFF, 0xFF, 0xFF, 0xFF, 0xFF, 0xFF, 0x69, 0x00, 0x00, 0xD8,
    0xFF, 0x00, 0x00, 0x48, 0xF8, 0xFF, 0xFF, 0xFF, 0xFF, 0xFF, 0xFF, 0xFB, 0x00, 0x00, 0x00, 0x00,
    0x00, 0xEB, 0xFF, 0xFF, 0xFF, 0xFF, 0xFF, 0xFF, 0xFF, 0x0A, 0x00, 0x00, 0xD8, 0xFF, 0x00, 0x00,
    0x00, 0x53, 0xFE, 0xFF, 0xFF, 0xFF, 0xFF, 0xFF, 0xD4, 0x00, 0x00, 0x00, 0x00, 0x00, 0xFB, 0xFF,
    0xFF, 0xFF, 0xFF, 0xFF, 0xFF, 0xFF, 0x36, 0x00, 0x00, 0xD8, 0xFF, 0x00, 0x00, 0x00, 0x00, 0x66,
    0xFA, 0xFF, 0xFF, 0xFF, 0xF5, 0x43, 0x00, 0x00, 0x00, 0x00, 0x00, 0xEF, 0xFF, 0xFF, 0xFF, 0xFF,
    0xFF, 0xFF, 0xFF, 0xE4, 0x55, 0x04, 0xD8, 0xFF, 0x00, 0x00, 0x00, 0x00, 0x00, 0x1E, 0x70, 0x87,
    0x6B, 0x18, 0x00, 0x00, 0x00, 0x00, 0x00, 0x00, 0xD2, 0xFF, 0xFF, 0xFF, 0xFF, 0xFF, 0xFF, 0xFF,
    0xFF, 0xFF, 0xEB, 0xFF, 0xFF, 0x30, 0x04, 0x00, 0x00, 0x00, 0x00, 0x00, 0x00, 0x00, 0x00, 0x00,
    0x00, 0x00, 0x00, 0x00, 0x00, 0x92, 0xFF, 0xFF, 0xFF, 0xFF, 0xFF, 0xFF, 0xFF, 0xFF, 0xFF, 0xFF,
    0xFF, 0xFF, 0xFF, 0xF5, 0xC3, 0x84, 0x40, 0x05, 0x00, 0x00, 0x00, 0x00, 0x00, 0x00, 0x00, 0x00,
    0x00, 0x00, 0x2F, 0xFE, 0xFF, 0xFF, 0xFF, 0xFF, 0xFF, 0xFF, 0xFF, 0xFF, 0xFF, 0xFF, 0xFF, 0xFF,
    0xFF, 0xFF, 0xFF, 0xFF, 0xEA, 0x90, 0x1F, 0x00, 0x00, 0x00, 0x00, 0x00, 0x00, 0x00, 0x00, 0x00,
    0x9A, 0xFF, 0xFF, 0xFF, 0xFF, 0xFF, 0xFF, 0xFF, 0xFF, 0xFF, 0xFF, 0xFF, 0xFF, 0xFF, 0xFF, 0xFF,
    0xFF, 0xFF, 0xFF, 0xF9, 0x8B, 0x06, 0x00, 0x00, 0x00, 0x00, 0x00, 0x00, 0x00, 0x06, 0xB6, 0xFF,
    0xFF, 0xFF, 0xFF, 0xFF, 0xFF, 0xFF, 0xFF, 0xFF, 0xFF, 0xFF, 0xFF, 0xFF, 0xFF, 0xFF, 0xFF, 0xFF,
    0xFF, 0xFF, 0xC9, 0x0E, 0x00, 0x00, 0x00, 0x00, 0x00, 0x00, 0x00, 0x02, 0x7D, 0xF7, 0xFF, 0xFF,
    0xFF, 0xFF, 0xFF, 0xFF, 0xFF, 0xFF, 0xFF, 0xFF, 0xFF, 0xFF, 0xFF, 0xFF, 0xFF, 0xFF, 0xFF, 0xFF,
    0xB4, 0x00, 0x00, 0x00, 0x00, 0x00, 0x00, 0x00, 0x00, 0x00, 0x1D, 0x92, 0xEE, 0xFF, 0xFF, 0xFF,
    0xFF, 0xFF, 0xFF, 0xFF, 0xFF, 0xFF, 0xFF, 0xFF, 0xFF, 0xFF, 0xFF, 0xFF, 0xFF, 0xFF, 0x45, 0x00,
    0x00, 0x00, 0x00, 0x00, 0x00, 0x00, 0x00, 0x00, 0x00, 0x08, 0x4B, 0x90, 0xCE, 0xFB, 0xFF, 0xFF,
    0xFF, 0xFF, 0xFF, 0xFF, 0xFF, 0xFF, 0xFF, 0xFF, 0xFF, 0xFF, 0xFF, 0xA0, 0x00, 0x00, 0x00, 0x00,
    0x00, 0x00, 0x00, 0x00, 0x00, 0x00, 0x00, 0x00, 0x00, 0x00, 0x09, 0xFF, 0xFF, 0xB1, 0xF1, 0xFF,
    0xFF, 0xFF, 0xFF, 0xFF, 0xFF, 0xFF, 0xFF, 0xFF, 0xDB, 0x00, 0x00, 0x00, 0x00, 0x00, 0x03, 0x63,
    0x9A, 0xA6, 0x71, 0x0B, 0x00, 0x00, 0x00, 0x00, 0xD8, 0xFF, 0x00, 0x06, 0x50, 0xD9, 0xFF, 0xFF,
    0xFF, 0xFF, 0xFF, 0xFF, 0xFF, 0xF3, 0x00, 0x00, 0x00, 0x00, 0x04, 0xC3, 0xFF, 0xFF, 0xFF, 0xFF,
    0xD4, 0x17, 0x00, 0x00, 0x00, 0xD8, 0xFF, 0x00, 0x00, 0x00, 0x29, 0xFF, 0xFF, 0xFF, 0xFF, 0xFF,
    0xFF, 0xFF, 0xF8, 0x00, 0x00, 0x00, 0x00, 0x62, 0xFF, 0xFF, 0xFF, 0xFF, 0xFF, 0xFF, 0xB7, 0x01,
    0x00, 0x00, 0xD8, 0xFF, 0x00, 0x00, 0x00, 0x0F, 0xFF, 0xFF, 0xFF, 0xFF, 0xFF, 0xFF, 0xFF, 0xE2,
    0x00, 0x00, 0x00, 0x00, 0x96, 0xFF, 0xFF, 0xFF, 0xFF, 0xFF, 0xFF, 0xFF, 0x8D, 0x01, 0x00, 0xD8,
    0xFF, 0x00, 0x00, 0x00, 0x86, 0xFF, 0xFF, 0xFF, 0xFF, 0xFF, 0xFF, 0xFF, 0xB0, 0x00, 0x00, 0x00,
    0x00, 0x8A, 0xFF, 0xFF, 0xFF, 0xFF, 0xFF, 0xFF, 0xFF, 0xFF, 0xC8, 0x6C, 0xFF, 0xFF, 0x4A, 0x74,
    0xC9, 0xFF, 0xFF, 0xFF, 0xFF, 0xFF, 0xFF, 0xFF, 0xFF, 0x5E, 0x00, 0x00, 0x00, 0x00, 0x38, 0xFF,
    0xFF, 0xFF, 0xFF, 0xFF, 0xFF, 0xFF, 0xFF, 0xFF, 0xFF, 0xFF, 0xFF, 0xFF, 0xFF, 0xFF, 0xFF, 0xFF,
    0xFF, 0xFF, 0xFF, 0xFF, 0xFF, 0xDF, 0x08, 0x00, 0x00, 0x00, 0x00, 0x00, 0xA6, 0xFF, 0xFF, 0xFF,
    0xFF, 0xFF, 0xFF, 0xFF, 0xFF, 0xFF, 0xFF, 0xFF, 0xFF, 0xFF, 0xFF, 0xFF, 0xFF, 0xFF, 0xFF, 0xFF,
    0xFF, 0xFC, 0x46, 0x00, 0x00, 0x00, 0x00, 0x00, 0x00, 0x0B, 0xCA, 0xFF, 0xFF, 0xFF, 0xFF, 0xFF,
    0xFF, 0xFF, 0xFF, 0xFF, 0xFF, 0xFF, 0xFF, 0xFF, 0xFF, 0xFF, 0xFF, 0xFF, 0xFF, 0xFD, 0x66, 0x00,
    0x00, 0x00, 0x00, 0x00, 0x00, 0x00, 0x00, 0x0E, 0xA8, 0xFF, 0xFF, 0xFF, 0xFF, 0xFF, 0xFF, 0xFF,
    0xFF, 0xFF, 0xFF, 0xFF, 0xFF, 0xFF, 0xFF, 0xFF, 0xFF, 0xE7, 0x4B, 0x00, 0x00, 0x00, 0x00, 0x00,
    0x00, 0x00, 0x00, 0x00, 0x00, 0x00, 0x4E, 0xC6, 0xFF, 0xFF, 0xFF, 0xFF, 0xFF, 0xFF, 0xFF, 0xFF,
    0xFF, 0xFF, 0xFF, 0xFF, 0xEA, 0x81, 0x10, 0x00, 0x00, 0x00, 0x00, 0x00, 0x00, 0x00, 0x00, 0x00,
    0x00, 0x00, 0x00, 0x00, 0x00, 0x32, 0x7F, 0xB5, 0xD9, 0xF1, 0xFF, 0xFF, 0xF3, 0xDD, 0xBB, 0x88,
    0x47, 0x04, 0x00, 0x00, 0x00, 0x00, 0x00, 0x00, 0x00, 0x00, 0x00, 0x00, 0x00, 0x00, 0x00, 0x00,
    0x00, 0x00, 0x00, 0x00, 0x00, 0x00, 0x00, 0xD8, 0xFF, 0x00, 0x00, 0x00, 0x00, 0x00, 0x00, 0x00,
    0x00, 0x00, 0x00, 0x00, 0x00, 0x00, 0x00, 0x00, 0x00, 0x00, 0x00, 0x00, 0x00, 0x00, 0x00, 0x00,
    0x00, 0x00, 0x00, 0x00, 0xD8, 0xFF, 0x00, 0x00, 0x00, 0x00, 0x00, 0x00, 0x00, 0x00, 0x00, 0x00,
    0x00, 0x00, 0x00, 0x00, 0x00, 0x00, 0x00, 0x00, 0x00, 0x00, 0x00, 0x00, 0x00, 0x00, 0x00, 0x00,
    0x00, 0xD0, 0xF8, 0x00, 0x00, 0x00, 0x00, 0x00, 0x00, 0x00, 0x00, 0x00, 0x00, 0x00, 0x00, 0x00,
    0x00, 0x00, 0x00, 0x00, 0x00, 0x00, 0x00, 0x00, 0x00, 0x00, 0x00, 0x00, 0x00, 0x00, 0x3D, 0x50,
    0x00, 0x00, 0x00, 0x00, 0x00, 0x00, 0x00, 0x00, 0x00, 0x00, 0x00, 0x00, 0x00, 0x00,
};
const AlphaBitmap kTodayAmountFontCurrency = {kTodayAmountFontCurrencyAlpha, 29, 38};

const uint8_t kTodayAmountFontDigit0Alpha[] = {
    0x00, 0x00, 0x00, 0x00, 0x00, 0x00, 0x00, 0x00, 0x00, 0x00, 0x00, 0x00, 0x00, 0x00, 0x00, 0x00,
    0x00, 0x00, 0x00, 0x00, 0x00, 0x00, 0x00, 0x00, 0x00, 0x00, 0x00, 0x00, 0x00, 0x00, 0x00, 0x00,
    0x00, 0x00, 0x00, 0x00, 0x00, 0x00, 0x00, 0x00, 0x00, 0x00, 0x00, 0x00, 0x00, 0x00, 0x00, 0x00,
    0x00, 0x00, 0x00, 0x00, 0x00, 0x00, 0x00, 0x00, 0x00, 0x00, 0x00, 0x00, 0x00, 0x00, 0x00, 0x00,
    0x00, 0x00, 0x00, 0x00, 0x00, 0x00, 0x00, 0x00, 0x00, 0x04, 0x2E, 0x5B, 0x6F, 0x7B, 0x70, 0x5C,
    0x30, 0x05, 0x00, 0x00, 0x00, 0x00, 0x00, 0x00, 0x00, 0x00, 0x00, 0x00, 0x00, 0x00, 0x00, 0x00,
    0x00, 0x00, 0x00, 0x00, 0x00, 0x00, 0x32, 0x9E, 0xEF, 0xFF, 0xFF, 0xFF, 0xFF, 0xFF, 0xFF, 0xFF,
    0xF1, 0xA0, 0x35, 0x00, 0x00, 0x00, 0x00, 0x00, 0x00, 0x00, 0x00, 0x00, 0x00, 0x00, 0x00, 0x00,
    0x00, 0x00, 0x00, 0x13, 0xA8, 0xFE, 0xFF, 0xFF, 0xFF, 0xFF, 0xFF, 0xFF, 0xFF, 0xFF, 0xFF, 0xFF,
    0xFF, 0xFF, 0xAB, 0x14, 0x00, 0x00, 0x00, 0x00, 0x00, 0x00, 0x00, 0x00, 0x00, 0x00, 0x00, 0x00,
    0x00, 0x32, 0xE4, 0xFF, 0xFF, 0xFF, 0xFF, 0xFF, 0xFF, 0xFF, 0xFF, 0xFF, 0xFF, 0xFF, 0xFF, 0xFF,
    0xFF, 0xFF, 0xE6, 0x33, 0x00, 0x00, 0x00, 0x00, 0x00, 0x00, 0x00, 0x00, 0x00, 0x00, 0x00, 0x30,
    0xEE, 0xFF, 0xFF, 0xFF, 0xFF, 0xFF, 0xFF, 0xFF, 0xFF, 0xFF, 0xFF, 0xFF, 0xFF, 0xFF, 0xFF, 0xFF,
    0xFF, 0xFF, 0xEF, 0x31, 0x00, 0x00, 0x00, 0x00, 0x00, 0x00, 0x00, 0x00, 0x00, 0x0F, 0xDE, 0xFF,
    0xFF, 0xFF, 0xFF, 0xFF, 0xFF, 0xFF, 0xFF, 0xFF, 0xFF, 0xFF, 0xFF, 0xFF, 0xFF, 0xFF, 0xFF, 0xFF,
    0xFF, 0xFF, 0xDE, 0x0F, 0x00, 0x00, 0x00, 0x00, 0x00, 0x00, 0x00, 0x00, 0x9A, 0xFF, 0xFF, 0xFF,
    0xFF, 0xFF, 0xFF, 0xFF, 0xFF, 0xFF, 0xFF, 0xFF, 0xFF, 0xFF, 0xFF, 0xFF, 0xFF, 0xFF, 0xFF, 0xFF,
    0xFF, 0xFF, 0x99, 0x00, 0x00, 0x00, 0x00, 0x00, 0x00, 0x00, 0x2A, 0xFC, 0xFF, 0xFF, 0xFF, 0xFF,
    0xFF, 0xFF, 0xFF, 0xFF, 0xF9, 0xAE, 0x8B, 0xAC, 0xF8, 0xFF, 0xFF, 0xFF, 0xFF, 0xFF, 0xFF, 0xFF,
    0xFF, 0xFC, 0x29, 0x00, 0x00, 0x00, 0x00, 0x00, 0x00, 0x99, 0xFF, 0xFF, 0xFF, 0xFF, 0xFF, 0xFF,
    0xFF, 0xFF, 0xD7, 0x27, 0x00, 0x00, 0x00, 0x23, 0xD2, 0xFF, 0xFF, 0xFF, 0xFF, 0xFF, 0xFF, 0xFF,
    0xFF, 0x97, 0x00, 0x00, 0x00, 0x00, 0x00, 0x09, 0xF1, 0xFF, 0xFF, 0xFF, 0xFF, 0xFF, 0xFF, 0xFF,
    0xFA, 0x27, 0x00, 0x00, 0x00, 0x00, 0x00, 0x22, 0xF7, 0xFF, 0xFF, 0xFF, 0xFF, 0xFF, 0xFF, 0xFF,
    0xF0, 0x08, 0x00, 0x00, 0x00, 0x00, 0x45, 0xFF, 0xFF, 0xFF, 0xFF, 0xFF, 0xFF, 0xFF, 0xFF, 0xA1,
    0x00, 0x00, 0x00, 0x00, 0x00, 0x00, 0x00, 0x9B, 0xFF, 0xFF, 0xFF, 0xFF, 0xFF, 0xFF, 0xFF, 0xFF,
    0x43, 0x00, 0x00, 0x00, 0x00, 0x84, 0xFF, 0xFF, 0xFF, 0xFF, 0xFF, 0xFF, 0xFF, 0xFF, 0x4A, 0x00,
    0x00, 0x00, 0x00, 0x00, 0x00, 0x00, 0x47, 0xFF, 0xFF, 0xFF, 0xFF, 0xFF, 0xFF, 0xFF, 0xFF, 0x83,
    0x00, 0x00, 0x00, 0x00, 0xB0, 0xFF, 0xFF, 0xFF, 0xFF, 0xFF, 0xFF, 0xFF, 0xFF, 0x0E, 0x00, 0x00,
    0x00, 0x00, 0x00, 0x00, 0x00, 0x0E, 0xFF, 0xFF, 0xFF, 0xFF, 0xFF, 0xFF, 0xFF, 0xFF, 0xAF, 0x00,
    0x00, 0x00, 0x00, 0xD4, 0xFF, 0xFF, 0xFF, 0xFF, 0xFF, 0xFF, 0xFF, 0xE6, 0x00, 0x00, 0x00, 0x00,
    0x00, 0x00, 0x00, 0x00, 0x00, 0xE6, 0xFF, 0xFF, 0xFF, 0xFF, 0xFF, 0xFF, 0xFF, 0xD3, 0x00, 0x00,
    0x00, 0x00, 0xEB, 0xFF, 0xFF, 0xFF, 0xFF, 0xFF, 0xFF, 0xFF, 0xCE, 0x00, 0x00, 0x00, 0x00, 0x00,
    0x00, 0x00, 0x00, 0x00, 0xCE, 0xFF, 0xFF, 0xFF, 0xFF, 0xFF, 0xFF, 0xFF, 0xEA, 0x00, 0x00, 0x00,
    0x00, 0xF6, 0xFF, 0xFF, 0xFF, 0xFF, 0xFF, 0xFF, 0xFF, 0xC1, 0x00, 0x00, 0x00, 0x00, 0x00, 0x00,
    0x00, 0x00, 0x00, 0xC2, 0xFF, 0xFF, 0xFF, 0xFF, 0xFF, 0xFF, 0xFF, 0xF5, 0x00, 0x00, 0x00, 0x00,
    0xFD, 0xFF, 0xFF, 0xFF, 0xFF, 0xFF, 0xFF, 0xFF, 0xBD, 0x00, 0x00, 0x00, 0x00, 0x00, 0x00, 0x00,
    0x00, 0x00, 0xBD, 0xFF, 0xFF, 0xFF, 0xFF, 0xFF, 0xFF, 0xFF, 0xFC, 0x00, 0x00, 0x00, 0x00, 0xF5,
    0xFF, 0xFF, 0xFF, 0xFF, 0xFF, 0xFF, 0xFF, 0xC2, 0x00, 0x00, 0x00, 0x00, 0x00, 0x00, 0x00, 0x00,
    0x00, 0xC3, 0xFF, 0xFF, 0xFF, 0xFF, 0xFF, 0xFF, 0xFF, 0xF3, 0x00, 0x00, 0x00, 0x00, 0xE9, 0xFF,
    0xFF, 0xFF, 0xFF, 0xFF, 0xFF, 0xFF, 0xD1, 0x00, 0x00, 0x00, 0x00, 0x00, 0x00, 0x00, 0x00, 0x00,
    0xD2, 0xFF, 0xFF, 0xFF, 0xFF, 0xFF, 0xFF, 0xFF, 0xE8, 0x00, 0x00, 0x00, 0x00, 0xCF, 0xFF, 0xFF,
    0xFF, 0xFF, 0xFF, 0xFF, 0xFF, 0xEB, 0x00, 0x00, 0x00, 0x00, 0x00, 0x00, 0x00, 0x00, 0x00, 0xEA,
    0xFF, 0xFF, 0xFF, 0xFF, 0xFF, 0xFF, 0xFF, 0xCD, 0x00, 0x00, 0x00, 0x00, 0xAC, 0xFF, 0xFF, 0xFF,
    0xFF, 0xFF, 0xFF, 0xFF, 0xFF, 0x14, 0x00, 0x00, 0x00, 0x00, 0x00, 0x00, 0x00, 0x13, 0xFF, 0xFF,
    0xFF, 0xFF, 0xFF, 0xFF, 0xFF, 0xFF, 0xAA, 0x00, 0x00, 0x00, 0x00, 0x7D, 0xFF, 0xFF, 0xFF, 0xFF,
    0xFF, 0xFF, 0xFF, 0xFF, 0x53, 0x00, 0x00, 0x00, 0x00, 0x00, 0x00, 0x00, 0x50, 0xFF, 0xFF, 0xFF,
    0xFF, 0xFF, 0xFF, 0xFF, 0xFF, 0x7B, 0x00, 0x00, 0x00, 0x00, 0x3E, 0xFF, 0xFF, 0xFF, 0xFF, 0xFF,
    0xFF, 0xFF, 0xFF, 0xAC, 0x00, 0x00, 0x00, 0x00, 0x00, 0x00, 0x00, 0xA7, 0xFF, 0xFF, 0xFF, 0xFF,
    0xFF, 0xFF, 0xFF, 0xFF, 0x3B, 0x00, 0x00, 0x00, 0x00, 0x05, 0xEC, 0xFF, 0xFF, 0xFF, 0xFF, 0xFF,
    0xFF, 0xFF, 0xFD, 0x30, 0x00, 0x00, 0x00, 0x00, 0x00, 0x2A, 0xFB, 0xFF, 0xFF, 0xFF, 0xFF, 0xFF,
    0xFF, 0xFF, 0xE9, 0x04, 0x00, 0x00, 0x00, 0x00, 0x00, 0x91, 0xFF, 0xFF, 0xFF, 0xFF, 0xFF, 0xFF,
    0xFF, 0xFF, 0xDC, 0x2B, 0x00, 0x00, 0x00, 0x27, 0xD8, 0xFF, 0xFF, 0xFF, 0xFF, 0xFF, 0xFF, 0xFF,
    0xFF, 0x8D, 0x00, 0x00, 0x00, 0x00, 0x00, 0x00, 0x23, 0xFA, 0xFF, 0xFF, 0xFF, 0xFF, 0xFF, 0xFF,
    0xFF, 0xFF, 0xFA, 0xAF, 0x8B, 0xAD, 0xF9, 0xFF, 0xFF, 0xFF, 0xFF, 0xFF, 0xFF, 0xFF, 0xFF, 0xF9,
    0x20, 0x00, 0x00, 0x00, 0x00, 0x00, 0x00, 0x00, 0x92, 0xFF, 0xFF, 0xFF, 0xFF, 0xFF, 0xFF, 0xFF,
    0xFF, 0xFF, 0xFF, 0xFF, 0xFF, 0xFF, 0xFF, 0xFF, 0xFF, 0xFF, 0xFF, 0xFF, 0xFF, 0xFF, 0x8D, 0x00,
    0x00, 0x00, 0x00, 0x00, 0x00, 0x00, 0x00, 0x0B, 0xD8, 0xFF, 0xFF, 0xFF, 0xFF, 0xFF, 0xFF, 0xFF,
    0xFF, 0xFF, 0xFF, 0xFF, 0xFF, 0xFF, 0xFF, 0xFF, 0xFF, 0xFF, 0xFF, 0xFF, 0xD6, 0x0A, 0x00, 0x00,
    0x00, 0x00, 0x00, 0x00, 0x00, 0x00, 0x00, 0x2A, 0xEB, 0xFF, 0xFF, 0xFF, 0xFF, 0xFF, 0xFF, 0xFF,
    0xFF, 0xFF, 0xFF, 0xFF, 0xFF, 0xFF, 0xFF, 0xFF, 0xFF, 0xFF, 0xE9, 0x28, 0x00, 0x00, 0x00, 0x00,
    0x00, 0x00, 0x00, 0x00, 0x00, 0x00, 0x00, 0x2E, 0xE2, 0xFF, 0xFF, 0xFF, 0xFF, 0xFF, 0xFF, 0xFF,
    0xFF, 0xFF, 0xFF, 0xFF, 0xFF, 0xFF, 0xFF, 0xFF, 0xDF, 0x2B, 0x00, 0x00, 0x00, 0x00, 0x00, 0x00,
    0x00, 0x00, 0x00, 0x00, 0x00, 0x00, 0x00, 0x13, 0xA8, 0xFF, 0xFF, 0xFF, 0xFF, 0xFF, 0xFF, 0xFF,
    0xFF, 0xFF, 0xFF, 0xFF, 0xFF, 0xFE, 0xA4, 0x10, 0x00, 0x00, 0x00, 0x00, 0x00, 0x00, 0x00, 0x00,
    0x00, 0x00, 0x00, 0x00, 0x00, 0x00, 0x00, 0x00, 0x34, 0xA0, 0xF0, 0xFF, 0xFF, 0xFF, 0xFF, 0xFF,
    0xFF, 0xFF, 0xF0, 0x9E, 0x31, 0x00, 0x00, 0x00, 0x00, 0x00, 0x00, 0x00, 0x00, 0x00, 0x00, 0x00,
    0x00, 0x00, 0x00, 0x00, 0x00, 0x00, 0x00, 0x00, 0x00, 0x05, 0x30, 0x5D, 0x71, 0x7C, 0x71, 0x5D,
    0x30, 0x05, 0x00, 0x00, 0x00, 0x00, 0x00, 0x00, 0x00, 0x00, 0x00, 0x00, 0x00, 0x00, 0x00, 0x00,
    0x00, 0x00, 0x00, 0x00, 0x00, 0x00, 0x00, 0x00, 0x00, 0x00, 0x00, 0x00, 0x00, 0x00, 0x00, 0x00,
    0x00, 0x00, 0x00, 0x00, 0x00, 0x00, 0x00, 0x00, 0x00, 0x00, 0x00, 0x00, 0x00, 0x00, 0x00, 0x00,
    0x00, 0x00, 0x00, 0x00, 0x00, 0x00, 0x00, 0x00, 0x00, 0x00, 0x00, 0x00, 0x00, 0x00, 0x00, 0x00,
    0x00, 0x00, 0x00, 0x00, 0x00, 0x00, 0x00, 0x00, 0x00, 0x00, 0x00, 0x00, 0x00, 0x00, 0x00, 0x00,
    0x00, 0x00, 0x00, 0x00, 0x00, 0x00, 0x00, 0x00, 0x00, 0x00, 0x00, 0x00, 0x00, 0x00, 0x00, 0x00,
    0x00, 0x00, 0x00, 0x00, 0x00, 0x00, 0x00, 0x00, 0x00, 0x00,
};
const AlphaBitmap kTodayAmountFontDigit0 = {kTodayAmountFontDigit0Alpha, 31, 38};

const uint8_t kTodayAmountFontDigit1Alpha[] = {
    0x00, 0x00, 0x00, 0x00, 0x00, 0x00, 0x00, 0x00, 0x00, 0x00, 0x00, 0x00, 0x00, 0x00, 0x00, 0x00,
    0x00, 0x00, 0x00, 0x00, 0x00, 0x00, 0x00, 0x00, 0x00, 0x00, 0x00, 0x00, 0x00, 0x00, 0x00, 0x00,
    0x00, 0x00, 0x00, 0x00, 0x00, 0x00, 0x00, 0x00, 0x00, 0x00, 0x00, 0x00, 0x00, 0x00, 0x00, 0x00,
    0x00, 0x00, 0x00, 0x00, 0x00, 0x11, 0x4A, 0x64, 0x79, 0x6E, 0x39, 0x00, 0x00, 0x00, 0x00, 0x00,
    0x00, 0x00, 0x00, 0x00, 0x00, 0x00, 0x00, 0x00, 0x00, 0x17, 0x9C, 0xFA, 0xFF, 0xFF, 0xFF, 0xFF,
    0xFF, 0xC7, 0x1D, 0x00, 0x00, 0x00, 0x00, 0x00, 0x00, 0x00, 0x00, 0x00, 0x00, 0x00, 0x57, 0xED,
    0xFF, 0xFF, 0xFF, 0xFF, 0xFF, 0xFF, 0xFF, 0xFF, 0xD4, 0x06, 0x00, 0x00, 0x00, 0x00, 0x00, 0x00,
    0x00, 0x00, 0x12, 0xA7, 0xFF, 0xFF, 0xFF, 0xFF, 0xFF, 0xFF, 0xFF, 0xFF, 0xFF, 0xFF, 0xFF, 0x5F,
    0x00, 0x00, 0x00, 0x00, 0x00, 0x00, 0x00, 0x49, 0xE6, 0xFF, 0xFF, 0xFF, 0xFF, 0xFF, 0xFF, 0xFF,
    0xFF, 0xFF, 0xFF, 0xFF, 0xFF, 0xA1, 0x00, 0x00, 0x00, 0x00, 0x00, 0x07, 0x98, 0xFF, 0xFF, 0xFF,
    0xFF, 0xFF, 0xFF, 0xFF, 0xFF, 0xFF, 0xFF, 0xFF, 0xFF, 0xFF, 0xFF, 0xB8, 0x00, 0x00, 0x00, 0x00,
    0x02, 0xBA, 0xFF, 0xFF, 0xFF, 0xFF, 0xFF, 0xFF, 0xFF, 0xFF, 0xFF, 0xFF, 0xFF, 0xFF, 0xFF, 0xFF,
    0xFF, 0xBC, 0x00, 0x00, 0x00, 0x00, 0x48, 0xFF, 0xFF, 0xFF, 0xFF, 0xFF, 0xFF, 0xFF, 0xFF, 0xFF,
    0xFF, 0xFF, 0xFF, 0xFF, 0xFF, 0xFF, 0xFF, 0xBC, 0x00, 0x00, 0x00, 0x00, 0x77, 0xFF, 0xFF, 0xFF,
    0xFF, 0xFF, 0xFF, 0xFF, 0xF2, 0xFF, 0xFF, 0xFF, 0xFF, 0xFF, 0xFF, 0xFF, 0xFF, 0xBC, 0x00, 0x00,
    0x00, 0x00, 0x5E, 0xFF, 0xFF, 0xFF, 0xFF, 0xFF, 0xFF, 0xBE, 0x1D, 0xFF, 0xFF, 0xFF, 0xFF, 0xFF,
    0xFF, 0xFF, 0xFF, 0xBC, 0x00, 0x00, 0x00, 0x00, 0x0D, 0xE2, 0xFF, 0xFF, 0xFF, 0xF8, 0x73, 0x01,
    0x00, 0xFF, 0xFF, 0xFF, 0xFF, 0xFF, 0xFF, 0xFF, 0xFF, 0xBC, 0x00, 0x00, 0x00, 0x00, 0x00, 0x1B,
    0x98, 0xC1, 0x97, 0x25, 0x00, 0x00, 0x00, 0xFF, 0xFF, 0xFF, 0xFF, 0xFF, 0xFF, 0xFF, 0xFF, 0xBC,
    0x00, 0x00, 0x00, 0x00, 0x00, 0x00, 0x00, 0x00, 0x00, 0x00, 0x00, 0x00, 0x00, 0xFF, 0xFF, 0xFF,
    0xFF, 0xFF, 0xFF, 0xFF, 0xFF, 0xBC, 0x00, 0x00, 0x00, 0x00, 0x00, 0x00, 0x00, 0x00, 0x00, 0x00,
    0x00, 0x00, 0x00, 0xFF, 0xFF, 0xFF, 0xFF, 0xFF, 0xFF, 0xFF, 0xFF, 0xBC, 0x00, 0x00, 0x00, 0x00,
    0x00, 0x00, 0x00, 0x00, 0x00, 0x00, 0x00, 0x00, 0x00, 0xFF, 0xFF, 0xFF, 0xFF, 0xFF, 0xFF, 0xFF,
    0xFF, 0xBC, 0x00, 0x00, 0x00, 0x00, 0x00, 0x00, 0x00, 0x00, 0x00, 0x00, 0x00, 0x00, 0x00, 0xFF,
    0xFF, 0xFF, 0xFF, 0xFF, 0xFF, 0xFF, 0xFF, 0xBC, 0x00, 0x00, 0x00, 0x00, 0x00, 0x00, 0x00, 0x00,
    0x00, 0x00, 0x00, 0x00, 0x00, 0xFF, 0xFF, 0xFF, 0xFF, 0xFF, 0xFF, 0xFF, 0xFF, 0xBC, 0x00, 0x00,
    0x00, 0x00, 0x00, 0x00, 0x00, 0x00, 0x00, 0x00, 0x00, 0x00, 0x00, 0xFF, 0xFF, 0xFF, 0xFF, 0xFF,
    0xFF, 0xFF, 0xFF, 0xBC, 0x00, 0x00, 0x00, 0x00, 0x00, 0x00, 0x00, 0x00, 0x00, 0x00, 0x00, 0x00,
    0x00, 0xFF, 0xFF, 0xFF, 0xFF, 0xFF, 0xFF, 0xFF, 0xFF, 0xBC, 0x00, 0x00, 0x00, 0x00, 0x00, 0x00,
    0x00, 0x00, 0x00, 0x00, 0x00, 0x00, 0x00, 0xFF, 0xFF, 0xFF, 0xFF, 0xFF, 0xFF, 0xFF, 0xFF, 0xBC,
    0x00, 0x00, 0x00, 0x00, 0x00, 0x00, 0x00, 0x00, 0x00, 0x00, 0x00, 0x00, 0x00, 0xFF, 0xFF, 0xFF,
    0xFF, 0xFF, 0xFF, 0xFF, 0xFF, 0xBC, 0x00, 0x00, 0x00, 0x00, 0x00, 0x00, 0x00, 0x00, 0x00, 0x00,
    0x00, 0x00, 0x00, 0xFF, 0xFF, 0xFF, 0xFF, 0xFF, 0xFF, 0xFF, 0xFF, 0xBC, 0x00, 0x00, 0x00, 0x00,
    0x00, 0x00, 0x00, 0x00, 0x00, 0x00, 0x00, 0x00, 0x00, 0xFF, 0xFF, 0xFF, 0xFF, 0xFF, 0xFF, 0xFF,
    0xFF, 0xBC, 0x00, 0x00, 0x00, 0x00, 0x00, 0x00, 0x00, 0x00, 0x00, 0x00, 0x00, 0x00, 0x00, 0xFF,
    0xFF, 0xFF, 0xFF, 0xFF, 0xFF, 0xFF, 0xFF, 0xBC, 0x00, 0x00, 0x00, 0x00, 0x00, 0x00, 0x00, 0x00,
    0x00, 0x00, 0x00, 0x00, 0x00, 0xFF, 0xFF, 0xFF, 0xFF, 0xFF, 0xFF, 0xFF, 0xFF, 0xBC, 0x00, 0x00,
    0x00, 0x00, 0x00, 0x00, 0x00, 0x00, 0x00, 0x00, 0x00, 0x00, 0x00, 0xFF, 0xFF, 0xFF, 0xFF, 0xFF,
    0xFF, 0xFF, 0xFF, 0xBC, 0x00, 0x00, 0x00, 0x00, 0x00, 0x00, 0x00, 0x00, 0x00, 0x00, 0x00, 0x00,
    0x00, 0xFF, 0xFF, 0xFF, 0xFF, 0xFF, 0xFF, 0xFF, 0xFF, 0xBC, 0x00, 0x00, 0x00, 0x00, 0x00, 0x00,
    0x00, 0x00, 0x00, 0x00, 0x00, 0x00, 0x00, 0xFF, 0xFF, 0xFF, 0xFF, 0xFF, 0xFF, 0xFF, 0xFF, 0xBC,
    0x00, 0x00, 0x00, 0x00, 0x00, 0x00, 0x00, 0x00, 0x00, 0x00, 0x00, 0x00, 0x00, 0xF6, 0xFF, 0xFF,
    0xFF, 0xFF, 0xFF, 0xFF, 0xFF, 0xB1, 0x00, 0x00, 0x00, 0x00, 0x00, 0x00, 0x00, 0x00, 0x00, 0x00,
    0x00, 0x00, 0x00, 0xC9, 0xFF, 0xFF, 0xFF, 0xFF, 0xFF, 0xFF, 0xFF, 0x84, 0x00, 0x00, 0x00, 0x00,
    0x00, 0x00, 0x00, 0x00, 0x00, 0x00, 0x00, 0x00, 0x00, 0x5C, 0xFF, 0xFF, 0xFF, 0xFF, 0xFF, 0xFF,
    0xF6, 0x20, 0x00, 0x00, 0x00, 0x00, 0x00, 0x00, 0x00, 0x00, 0x00, 0x00, 0x00, 0x00, 0x00, 0x00,
    0x83, 0xFD, 0xFF, 0xFF, 0xFF, 0xF0, 0x4B, 0x00, 0x00, 0x00, 0x00, 0x00, 0x00, 0x00, 0x00, 0x00,
    0x00, 0x00, 0x00, 0x00, 0x00, 0x00, 0x00, 0x23, 0x69, 0x7A, 0x5C, 0x10, 0x00, 0x00, 0x00, 0x00,
    0x00, 0x00, 0x00, 0x00, 0x00, 0x00, 0x00, 0x00, 0x00, 0x00, 0x00, 0x00, 0x00, 0x00, 0x00, 0x00,
    0x00, 0x00, 0x00, 0x00, 0x00, 0x00, 0x00, 0x00, 0x00, 0x00, 0x00, 0x00, 0x00, 0x00, 0x00, 0x00,
    0x00, 0x00, 0x00, 0x00, 0x00, 0x00, 0x00, 0x00, 0x00, 0x00, 0x00, 0x00, 0x00, 0x00, 0x00, 0x00,
    0x00, 0x00, 0x00, 0x00, 0x00, 0x00, 0x00, 0x00, 0x00, 0x00, 0x00, 0x00, 0x00, 0x00, 0x00, 0x00,
    0x00, 0x00, 0x00, 0x00,
};
const AlphaBitmap kTodayAmountFontDigit1 = {kTodayAmountFontDigit1Alpha, 22, 38};

const uint8_t kTodayAmountFontDigit2Alpha[] = {
    0x00, 0x00, 0x00, 0x00, 0x00, 0x00, 0x00, 0x00, 0x00, 0x00, 0x00, 0x00, 0x00, 0x00, 0x00, 0x00,
    0x00, 0x00, 0x00, 0x00, 0x00, 0x00, 0x00, 0x00, 0x00, 0x00, 0x00, 0x00, 0x00, 0x00, 0x00, 0x00,
    0x00, 0x00, 0x00, 0x00, 0x00, 0x00, 0x00, 0x00, 0x00, 0x00, 0x00, 0x00, 0x00, 0x00, 0x00, 0x00,
    0x00, 0x00, 0x00, 0x00, 0x00, 0x00, 0x00, 0x00, 0x00, 0x00, 0x00, 0x00, 0x00, 0x00, 0x00, 0x04,
    0x33, 0x5A, 0x6C, 0x7B, 0x76, 0x67, 0x47, 0x1B, 0x00, 0x00, 0x00, 0x00, 0x00, 0x00, 0x00, 0x00,
    0x00, 0x00, 0x00, 0x00, 0x00, 0x00, 0x00, 0x04, 0x50, 0xB4, 0xF5, 0xFF, 0xFF, 0xFF, 0xFF, 0xFF,
    0xFF, 0xFF, 0xFF, 0xDB, 0x86, 0x1F, 0x00, 0x00, 0x00, 0x00, 0x00, 0x00, 0x00, 0x00, 0x00, 0x00,
    0x00, 0x3F, 0xD9, 0xFF, 0xFF, 0xFF, 0xFF, 0xFF, 0xFF, 0xFF, 0xFF, 0xFF, 0xFF, 0xFF, 0xFF, 0xFF,
    0xFA, 0x90, 0x0A, 0x00, 0x00, 0x00, 0x00, 0x00, 0x00, 0x00, 0x00, 0x7B, 0xFE, 0xFF, 0xFF, 0xFF,
    0xFF, 0xFF, 0xFF, 0xFF, 0xFF, 0xFF, 0xFF, 0xFF, 0xFF, 0xFF, 0xFF, 0xFF, 0xFF, 0xD3, 0x1B, 0x00,
    0x00, 0x00, 0x00, 0x00, 0x00, 0x76, 0xFF, 0xFF, 0xFF, 0xFF, 0xFF, 0xFF, 0xFF, 0xFF, 0xFF, 0xFF,
    0xFF, 0xFF, 0xFF, 0xFF, 0xFF, 0xFF, 0xFF, 0xFF, 0xFF, 0xD5, 0x0D, 0x00, 0x00, 0x00, 0x00, 0x29,
    0xFA, 0xFF, 0xFF, 0xFF, 0xFF, 0xFF, 0xFF, 0xFF, 0xFF, 0xFF, 0xFF, 0xFF, 0xFF, 0xFF, 0xFF, 0xFF,
    0xFF, 0xFF, 0xFF, 0xFF, 0xFF, 0x95, 0x00, 0x00, 0x00, 0x00, 0xAA, 0xFF, 0xFF, 0xFF, 0xFF, 0xFF,
    0xFF, 0xFF, 0xFF, 0xFF, 0xD5, 0xBF, 0xE1, 0xFF, 0xFF, 0xFF, 0xFF, 0xFF, 0xFF, 0xFF, 0xFF, 0xFF,
    0xFB, 0x19, 0x00, 0x00, 0x00, 0xED, 0xFF, 0xFF, 0xFF, 0xFF, 0xFF, 0xFF, 0xFF, 0xE4, 0x3C, 0x00,
    0x00, 0x00, 0x50, 0xF4, 0xFF, 0xFF, 0xFF, 0xFF, 0xFF, 0xFF, 0xFF, 0xFF, 0x6C, 0x00, 0x00, 0x00,
    0xF1, 0xFF, 0xFF, 0xFF, 0xFF, 0xFF, 0xFF, 0xF1, 0x26, 0x00, 0x00, 0x00, 0x00, 0x00, 0x68, 0xFF,
    0xFF, 0xFF, 0xFF, 0xFF, 0xFF, 0xFF, 0xFF, 0xA0, 0x00, 0x00, 0x00, 0xBB, 0xFF, 0xFF, 0xFF, 0xFF,
    0xFF, 0xFF, 0x52, 0x00, 0x00, 0x00, 0x00, 0x00, 0x00, 0x12, 0xFF, 0xFF, 0xFF, 0xFF, 0xFF, 0xFF,
    0xFF, 0xFF, 0xB5, 0x00, 0x00, 0x00, 0x2C, 0xEB, 0xFF, 0xFF, 0xFF, 0xFD, 0x70, 0x00, 0x00, 0x00,
    0x00, 0x00, 0x00, 0x00, 0x0C, 0xFF, 0xFF, 0xFF, 0xFF, 0xFF, 0xFF, 0xFF, 0xFF, 0xAA, 0x00, 0x00,
    0x00, 0x00, 0x12, 0x6B, 0x8E, 0x7D, 0x2C, 0x00, 0x00, 0x00, 0x00, 0x00, 0x00, 0x00, 0x00, 0x47,
    0xFF, 0xFF, 0xFF, 0xFF, 0xFF, 0xFF, 0xFF, 0xFF, 0x90, 0x00, 0x00, 0x00, 0x00, 0x00, 0x00, 0x00,
    0x00, 0x00, 0x00, 0x00, 0x00, 0x00, 0x00, 0x00, 0x00, 0x02, 0xC4, 0xFF, 0xFF, 0xFF, 0xFF, 0xFF,
    0xFF, 0xFF, 0xFF, 0x4C, 0x00, 0x00, 0x00, 0x00, 0x00, 0x00, 0x00, 0x00, 0x00, 0x00, 0x00, 0x00,
    0x00, 0x00, 0x00, 0x00, 0x85, 0xFF, 0xFF, 0xFF, 0xFF, 0xFF, 0xFF, 0xFF, 0xFF, 0xE6, 0x07, 0x00,
    0x00, 0x00, 0x00, 0x00, 0x00, 0x00, 0x00, 0x00, 0x00, 0x00, 0x00, 0x00, 0x00, 0x00, 0x74, 0xFF,
    0xFF, 0xFF, 0xFF, 0xFF, 0xFF, 0xFF, 0xFF, 0xFF, 0x5C, 0x00, 0x00, 0x00, 0x00, 0x00, 0x00, 0x00,
    0x00, 0x00, 0x00, 0x00, 0x00, 0x00, 0x00, 0x00, 0x7F, 0xFF, 0xFF, 0xFF, 0xFF, 0xFF, 0xFF, 0xFF,
    0xFF, 0xFF, 0xA3, 0x00, 0x00, 0x00, 0x00, 0x00, 0x00, 0x00, 0x00, 0x00, 0x00, 0x00, 0x00, 0x00,
    0x00, 0x02, 0x94, 0xFF, 0xFF, 0xFF, 0xFF, 0xFF, 0xFF, 0xFF, 0xFF, 0xFF, 0xC1, 0x07, 0x00, 0x00,
    0x00, 0x00, 0x00, 0x00, 0x00, 0x00, 0x00, 0x00, 0x00, 0x00, 0x00, 0x08, 0xAE, 0xFF, 0xFF, 0xFF,
    0xFF, 0xFF, 0xFF, 0xFF, 0xFF, 0xFF, 0xBE, 0x0B, 0x00, 0x00, 0x00, 0x00, 0x00, 0x00, 0x00, 0x00,
    0x00, 0x00, 0x00, 0x00, 0x00, 0x12, 0xC4, 0xFF, 0xFF, 0xFF, 0xFF, 0xFF, 0xFF, 0xFF, 0xFF, 0xFF,
    0xB4, 0x09, 0x00, 0x00, 0x00, 0x00, 0x00, 0x00, 0x00, 0x00, 0x00, 0x00, 0x00, 0x00, 0x00, 0x1F,
    0xD7, 0xFF, 0xFF, 0xFF, 0xFF, 0xFF, 0xFF, 0xFF, 0xFF, 0xFF, 0x9F, 0x04, 0x00, 0x00, 0x00, 0x00,
    0x00, 0x00, 0x00, 0x00, 0x00, 0x00, 0x00, 0x00, 0x00, 0x2F, 0xE6, 0xFF, 0xFF, 0xFF, 0xFF, 0xFF,
    0xFF, 0xFF, 0xFF, 0xFF, 0x82, 0x00, 0x00, 0x00, 0x00, 0x00, 0x00, 0x00, 0x00, 0x00, 0x00, 0x00,
    0x00, 0x00, 0x00, 0x43, 0xF1, 0xFF, 0xFF, 0xFF, 0xFF, 0xFF, 0xFF, 0xFF, 0xFF, 0xFA, 0x5F, 0x00,
    0x00, 0x00, 0x00, 0x00, 0x00, 0x00, 0x00, 0x00, 0x00, 0x00, 0x00, 0x00, 0x00, 0x5A, 0xF9, 0xFF,
    0xFF, 0xFF, 0xFF, 0xFF, 0xFF, 0xFF, 0xFF, 0xEF, 0x41, 0x00, 0x00, 0x00, 0x00, 0x00, 0x00, 0x00,
    0x00, 0x00, 0x00, 0x00, 0x00, 0x00, 0x00, 0x73, 0xFE, 0xFF, 0xFF, 0xFF, 0xFF, 0xFF, 0xFF, 0xFF,
    0xFF, 0xDD, 0x28, 0x00, 0x00, 0x00, 0x00, 0x00, 0x00, 0x00, 0x00, 0x00, 0x00, 0x00, 0x00, 0x00,
    0x00, 0x78, 0xFF, 0xFF, 0xFF, 0xFF, 0xFF, 0xFF, 0xFF, 0xFF, 0xFF, 0xC7, 0x15, 0x00, 0x00, 0x00,
    0x00, 0x00, 0x00, 0x00, 0x00, 0x00, 0x00, 0x00, 0x00, 0x00, 0x00, 0x40, 0xFE, 0xFF, 0xFF, 0xFF,
    0xFF, 0xFF, 0xFF, 0xFF, 0xFF, 0xFF, 0xFF, 0xFF, 0xFF, 0xFF, 0xFF, 0xFF, 0xFF, 0xFF, 0xFF, 0xFC,
    0xDA, 0x74, 0x02, 0x00, 0x00, 0x00, 0xB8, 0xFF, 0xFF, 0xFF, 0xFF, 0xFF, 0xFF, 0xFF, 0xFF, 0xFF,
    0xFF, 0xFF, 0xFF, 0xFF, 0xFF, 0xFF, 0xFF, 0xFF, 0xFF, 0xFF, 0xFF, 0xFF, 0xFF, 0x6F, 0x00, 0x00,
    0x00, 0xF0, 0xFF, 0xFF, 0xFF, 0xFF, 0xFF, 0xFF, 0xFF, 0xFF, 0xFF, 0xFF, 0xFF, 0xFF, 0xFF, 0xFF,
    0xFF, 0xFF, 0xFF, 0xFF, 0xFF, 0xFF, 0xFF, 0xFF, 0xD7, 0x00, 0x00, 0x00, 0xEE, 0xFF, 0xFF, 0xFF,
    0xFF, 0xFF, 0xFF, 0xFF, 0xFF, 0xFF, 0xFF, 0xFF, 0xFF, 0xFF, 0xFF, 0xFF, 0xFF, 0xFF, 0xFF, 0xFF,
    0xFF, 0xFF, 0xFF, 0xF5, 0x00, 0x00, 0x00, 0xBE, 0xFF, 0xFF, 0xFF, 0xFF, 0xFF, 0xFF, 0xFF, 0xFF,
    0xFF, 0xFF, 0xFF, 0xFF, 0xFF, 0xFF, 0xFF, 0xFF, 0xFF, 0xFF, 0xFF, 0xFF, 0xFF, 0xFF, 0xD6, 0x00,
    0x00, 0x00, 0x3F, 0xFE, 0xFF, 0xFF, 0xFF, 0xFF, 0xFF, 0xFF, 0xFF, 0xFF, 0xFF, 0xFF, 0xFF, 0xFF,
    0xFF, 0xFF, 0xFF, 0xFF, 0xFF, 0xFF, 0xFF, 0xFF, 0xFF, 0x6C, 0x00, 0x00, 0x00, 0x00, 0x4D, 0xC7,
    0xF5, 0xFF, 0xFF, 0xFF, 0xFF, 0xFF, 0xFF, 0xFF, 0xFF, 0xFF, 0xFF, 0xFF, 0xFF, 0xFF, 0xFF, 0xFF,
    0xFF, 0xFC, 0xD9, 0x71, 0x01, 0x00, 0x00, 0x00, 0x00, 0x00, 0x00, 0x00, 0x00, 0x00, 0x00, 0x00,
    0x00, 0x00, 0x00, 0x00, 0x00, 0x00, 0x00, 0x00, 0x00, 0x00, 0x00, 0x00, 0x00, 0x00, 0x00, 0x00,
    0x00, 0x00, 0x00, 0x00, 0x00, 0x00, 0x00, 0x00, 0x00, 0x00, 0x00, 0x00, 0x00, 0x00, 0x00, 0x00,
    0x00, 0x00, 0x00, 0x00, 0x00, 0x00, 0x00, 0x00, 0x00, 0x00, 0x00, 0x00, 0x00, 0x00, 0x00, 0x00,
    0x00, 0x00, 0x00, 0x00, 0x00, 0x00, 0x00, 0x00, 0x00, 0x00, 0x00, 0x00, 0x00, 0x00, 0x00, 0x00,
    0x00, 0x00, 0x00, 0x00, 0x00, 0x00, 0x00, 0x00, 0x00, 0x00, 0x00, 0x00, 0x00, 0x00, 0x00, 0x00,
    0x00, 0x00, 0x00, 0x00, 0x00, 0x00, 0x00, 0x00, 0x00, 0x00, 0x00, 0x00, 0x00, 0x00, 0x00, 0x00,
    0x00, 0x00,
};
const AlphaBitmap kTodayAmountFontDigit2 = {kTodayAmountFontDigit2Alpha, 27, 38};

const uint8_t kTodayAmountFontDigit3Alpha[] = {
    0x00, 0x00, 0x00, 0x00, 0x00, 0x00, 0x00, 0x00, 0x00, 0x00, 0x00, 0x00, 0x00, 0x00, 0x00, 0x00,
    0x00, 0x00, 0x00, 0x00, 0x00, 0x00, 0x00, 0x00, 0x00, 0x00, 0x00, 0x00, 0x00, 0x00, 0x00, 0x00,
    0x00, 0x00, 0x00, 0x00, 0x00, 0x00, 0x00, 0x00, 0x00, 0x00, 0x00, 0x00, 0x00, 0x00, 0x00, 0x00,
    0x00, 0x00, 0x00, 0x00, 0x00, 0x00, 0x00, 0x00, 0x00, 0x00, 0x00, 0x00, 0x00, 0x00, 0x00, 0x00,
    0x00, 0x00, 0x10, 0x45, 0x5B, 0x6D, 0x7B, 0x6E, 0x5C, 0x49, 0x1B, 0x00, 0x00, 0x00, 0x00, 0x00,
    0x00, 0x00, 0x00, 0x00, 0x00, 0x00, 0x00, 0x00, 0x00, 0x00, 0x00, 0x13, 0x7D, 0xCD, 0xFD, 0xFF,
    0xFF, 0xFF, 0xFF, 0xFF, 0xFF, 0xFF, 0xFF, 0xDF, 0xA1, 0x48, 0x02, 0x00, 0x00, 0x00, 0x00, 0x00,
    0x00, 0x00, 0x00, 0x00, 0x00, 0x05, 0x85, 0xF4, 0xFF, 0xFF, 0xFF, 0xFF, 0xFF, 0xFF, 0xFF, 0xFF,
    0xFF, 0xFF, 0xFF, 0xFF, 0xFF, 0xFF, 0xD2, 0x40, 0x00, 0x00, 0x00, 0x00, 0x00, 0x00, 0x00, 0x00,
    0x1A, 0xC9, 0xFF, 0xFF, 0xFF, 0xFF, 0xFF, 0xFF, 0xFF, 0xFF, 0xFF, 0xFF, 0xFF, 0xFF, 0xFF, 0xFF,
    0xFF, 0xFF, 0xFF, 0xFD, 0x74, 0x00, 0x00, 0x00, 0x00, 0x00, 0x00, 0x0E, 0xD1, 0xFF, 0xFF, 0xFF,
    0xFF, 0xFF, 0xFF, 0xFF, 0xFF, 0xFF, 0xFF, 0xFF, 0xFF, 0xFF, 0xFF, 0xFF, 0xFF, 0xFF, 0xFF, 0xFF,
    0xFF, 0x62, 0x00, 0x00, 0x00, 0x00, 0x00, 0x9B, 0xFF, 0xFF, 0xFF, 0xFF, 0xFF, 0xFF, 0xFF, 0xFF,
    0xFF, 0xFF, 0xFF, 0xFF, 0xFF, 0xFF, 0xFF, 0xFF, 0xFF, 0xFF, 0xFF, 0xFF, 0xFF, 0xF2, 0x11, 0x00,
    0x00, 0x00, 0x21, 0xFC, 0xFF, 0xFF, 0xFF, 0xFF, 0xFF, 0xFF, 0xFF, 0xFF, 0xF9, 0xD6, 0xBF, 0xDC,
    0xFF, 0xFF, 0xFF, 0xFF, 0xFF, 0xFF, 0xFF, 0xFF, 0xFF, 0xFF, 0x69, 0x00, 0x00, 0x00, 0x62, 0xFF,
    0xFF, 0xFF, 0xFF, 0xFF, 0xFF, 0xFF, 0xFF, 0x98, 0x10, 0x00, 0x00, 0x00, 0x39, 0xE4, 0xFF, 0xFF,
    0xFF, 0xFF, 0xFF, 0xFF, 0xFF, 0xFF, 0xA2, 0x00, 0x00, 0x00, 0x5A, 0xFF, 0xFF, 0xFF, 0xFF, 0xFF,
    0xFF, 0xFF, 0xA0, 0x00, 0x00, 0x00, 0x00, 0x00, 0x00, 0x47, 0xFF, 0xFF, 0xFF, 0xFF, 0xFF, 0xFF,
    0xFF, 0xFF, 0xB5, 0x00, 0x00, 0x00, 0x1C, 0xF5, 0xFF, 0xFF, 0xFF, 0xFF, 0xFF, 0xDA, 0x0C, 0x00,
    0x00, 0x00, 0x00, 0x00, 0x00, 0x0A, 0xFF, 0xFF, 0xFF, 0xFF, 0xFF, 0xFF, 0xFF, 0xFF, 0x9E, 0x00,
    0x00, 0x00, 0x00, 0x54, 0xEC, 0xFF, 0xFF, 0xFF, 0xC8, 0x20, 0x00, 0x00, 0x00, 0x00, 0x00, 0x00,
    0x00, 0x27, 0xFF, 0xFF, 0xFF, 0xFF, 0xFF, 0xFF, 0xFF, 0xFF, 0x6F, 0x00, 0x00, 0x00, 0x00, 0x00,
    0x09, 0x31, 0x43, 0x25, 0x00, 0x00, 0x00, 0x00, 0x00, 0x00, 0x00, 0x00, 0x05, 0xB3, 0xFF, 0xFF,
    0xFF, 0xFF, 0xFF, 0xFF, 0xFF, 0xF3, 0x10, 0x00, 0x00, 0x00, 0x00, 0x00, 0x00, 0x00, 0x00, 0x00,
    0x00, 0x00, 0x00, 0x00, 0x13, 0x36, 0x48, 0x78, 0xDA, 0xFF, 0xFF, 0xFF, 0xFF, 0xFF, 0xFF, 0xFF,
    0xFF, 0x5F, 0x00, 0x00, 0x00, 0x00, 0x00, 0x00, 0x00, 0x00, 0x00, 0x00, 0x00, 0x00, 0x07, 0xAA,
    0xFF, 0xFF, 0xFF, 0xFF, 0xFF, 0xFF, 0xFF, 0xFF, 0xFF, 0xFF, 0xFF, 0xFB, 0x70, 0x00, 0x00, 0x00,
    0x00, 0x00, 0x00, 0x00, 0x00, 0x00, 0x00, 0x00, 0x00, 0x00, 0x77, 0xFF, 0xFF, 0xFF, 0xFF, 0xFF,
    0xFF, 0xFF, 0xFF, 0xFF, 0xFF, 0xFF, 0xBA, 0x36, 0x00, 0x00, 0x00, 0x00, 0x00, 0x00, 0x00, 0x00,
    0x00, 0x00, 0x00, 0x00, 0x00, 0x00, 0xB8, 0xFF, 0xFF, 0xFF, 0xFF, 0xFF, 0xFF, 0xFF, 0xFF, 0xFF,
    0x99, 0x2B, 0x00, 0x00, 0x00, 0x00, 0x00, 0x00, 0x00, 0x00, 0x00, 0x00, 0x00, 0x00, 0x00, 0x00,
    0x00, 0x00, 0xB0, 0xFF, 0xFF, 0xFF, 0xFF, 0xFF, 0xFF, 0xFF, 0xFF, 0xFF, 0xFF, 0xF6, 0xAB, 0x36,
    0x00, 0x00, 0x00, 0x00, 0x00, 0x00, 0x00, 0x00, 0x00, 0x00, 0x00, 0x00, 0x00, 0x00, 0x61, 0xFF,
    0xFF, 0xFF, 0xFF, 0xFF, 0xFF, 0xFF, 0xFF, 0xFF, 0xFF, 0xFF, 0xFF, 0xFE, 0x8B, 0x02, 0x00, 0x00,
    0x00, 0x00, 0x00, 0x00, 0x00, 0x00, 0x00, 0x00, 0x00, 0x00, 0x01, 0x7A, 0xDF, 0xFD, 0xFF, 0xFF,
    0xFF, 0xFF, 0xFF, 0xFF, 0xFF, 0xFF, 0xFF, 0xFF, 0xFF, 0x8D, 0x00, 0x00, 0x00, 0x00, 0x00, 0x00,
    0x00, 0x00, 0x00, 0x00, 0x00, 0x00, 0x00, 0x00, 0x00, 0x01, 0x0E, 0x37, 0x8F, 0xFA, 0xFF, 0xFF,
    0xFF, 0xFF, 0xFF, 0xFF, 0xFF, 0xFF, 0x35, 0x00, 0x00, 0x00, 0x00, 0x00, 0x00, 0x00, 0x00, 0x00,
    0x00, 0x00, 0x00, 0x00, 0x00, 0x00, 0x00, 0x00, 0x00, 0x52, 0xFF, 0xFF, 0xFF, 0xFF, 0xFF, 0xFF,
    0xFF, 0xFF, 0xA0, 0x00, 0x00, 0x00, 0x00, 0x41, 0xBA, 0xE4, 0xE3, 0xAA, 0x2D, 0x00, 0x00, 0x00,
    0x00, 0x00, 0x00, 0x00, 0x00, 0x00, 0xDA, 0xFF, 0xFF, 0xFF, 0xFF, 0xFF, 0xFF, 0xFF, 0xDD, 0x00,
    0x00, 0x00, 0x58, 0xFF, 0xFF, 0xFF, 0xFF, 0xFF, 0xF7, 0x3D, 0x00, 0x00, 0x00, 0x00, 0x00, 0x00,
    0x00, 0x00, 0xC6, 0xFF, 0xFF, 0xFF, 0xFF, 0xFF, 0xFF, 0xFF, 0xF7, 0x00, 0x00, 0x00, 0xD5, 0xFF,
    0xFF, 0xFF, 0xFF, 0xFF, 0xFF, 0xED, 0x23, 0x00, 0x00, 0x00, 0x00, 0x00, 0x00, 0x11, 0xF3, 0xFF,
    0xFF, 0xFF, 0xFF, 0xFF, 0xFF, 0xFF, 0xF4, 0x00, 0x00, 0x00, 0xFA, 0xFF, 0xFF, 0xFF, 0xFF, 0xFF,
    0xFF, 0xFF, 0xDB, 0x2F, 0x00, 0x00, 0x00, 0x00, 0x0F, 0xB7, 0xFF, 0xFF, 0xFF, 0xFF, 0xFF, 0xFF,
    0xFF, 0xFF, 0xD9, 0x00, 0x00, 0x00, 0xE7, 0xFF, 0xFF, 0xFF, 0xFF, 0xFF, 0xFF, 0xFF, 0xFF, 0xFE,
    0xC1, 0x90, 0x85, 0xA1, 0xED, 0xFF, 0xFF, 0xFF, 0xFF, 0xFF, 0xFF, 0xFF, 0xFF, 0xFF, 0xA0, 0x00,
    0x00, 0x00, 0x95, 0xFF, 0xFF, 0xFF, 0xFF, 0xFF, 0xFF, 0xFF, 0xFF, 0xFF, 0xFF, 0xFF, 0xFF, 0xFF,
    0xFF, 0xFF, 0xFF, 0xFF, 0xFF, 0xFF, 0xFF, 0xFF, 0xFF, 0xFF, 0x42, 0x00, 0x00, 0x00, 0x1C, 0xF3,
    0xFF, 0xFF, 0xFF, 0xFF, 0xFF, 0xFF, 0xFF, 0xFF, 0xFF, 0xFF, 0xFF, 0xFF, 0xFF, 0xFF, 0xFF, 0xFF,
    0xFF, 0xFF, 0xFF, 0xFF, 0xFF, 0xBA, 0x00, 0x00, 0x00, 0x00, 0x00, 0x4F, 0xFE, 0xFF, 0xFF, 0xFF,
    0xFF, 0xFF, 0xFF, 0xFF, 0xFF, 0xFF, 0xFF, 0xFF, 0xFF, 0xFF, 0xFF, 0xFF, 0xFF, 0xFF, 0xFF, 0xFF,
    0xE4, 0x1A, 0x00, 0x00, 0x00, 0x00, 0x00, 0x00, 0x58, 0xF4, 0xFF, 0xFF, 0xFF, 0xFF, 0xFF, 0xFF,
    0xFF, 0xFF, 0xFF, 0xFF, 0xFF, 0xFF, 0xFF, 0xFF, 0xFF, 0xFF, 0xFF, 0xDA, 0x24, 0x00, 0x00, 0x00,
    0x00, 0x00, 0x00, 0x00, 0x00, 0x2C, 0xBF, 0xFF, 0xFF, 0xFF, 0xFF, 0xFF, 0xFF, 0xFF, 0xFF, 0xFF,
    0xFF, 0xFF, 0xFF, 0xFF, 0xFF, 0xF8, 0x8F, 0x0C, 0x00, 0x00, 0x00, 0x00, 0x00, 0x00, 0x00, 0x00,
    0x00, 0x00, 0x00, 0x3F, 0xAC, 0xF5, 0xFF, 0xFF, 0xFF, 0xFF, 0xFF, 0xFF, 0xFF, 0xFF, 0xFD, 0xCF,
    0x7B, 0x19, 0x00, 0x00, 0x00, 0x00, 0x00, 0x00, 0x00, 0x00, 0x00, 0x00, 0x00, 0x00, 0x00, 0x00,
    0x00, 0x05, 0x31, 0x58, 0x71, 0x7B, 0x7C, 0x72, 0x5E, 0x3D, 0x0E, 0x00, 0x00, 0x00, 0x00, 0x00,
    0x00, 0x00, 0x00, 0x00, 0x00, 0x00, 0x00, 0x00, 0x00, 0x00, 0x00, 0x00, 0x00, 0x00, 0x00, 0x00,
    0x00, 0x00, 0x00, 0x00, 0x00, 0x00, 0x00, 0x00, 0x00, 0x00, 0x00, 0x00, 0x00, 0x00, 0x00, 0x00,
    0x00, 0x00, 0x00, 0x00, 0x00, 0x00, 0x00, 0x00, 0x00, 0x00, 0x00, 0x00, 0x00, 0x00, 0x00, 0x00,
    0x00, 0x00, 0x00, 0x00, 0x00, 0x00, 0x00, 0x00, 0x00, 0x00, 0x00, 0x00, 0x00, 0x00, 0x00, 0x00,
    0x00, 0x00, 0x00, 0x00, 0x00, 0x00, 0x00, 0x00, 0x00, 0x00, 0x00, 0x00, 0x00, 0x00, 0x00, 0x00,
    0x00, 0x00, 0x00, 0x00, 0x00, 0x00, 0x00, 0x00,
};
const AlphaBitmap kTodayAmountFontDigit3 = {kTodayAmountFontDigit3Alpha, 28, 38};

const uint8_t kTodayAmountFontDigit4Alpha[] = {
    0x00, 0x00, 0x00, 0x00, 0x00, 0x00, 0x00, 0x00, 0x00, 0x00, 0x00, 0x00, 0x00, 0x00, 0x00, 0x00,
    0x00, 0x00, 0x00, 0x00, 0x00, 0x00, 0x00, 0x00, 0x00, 0x00, 0x00, 0x00, 0x00, 0x00, 0x00, 0x00,
    0x00, 0x00, 0x00, 0x00, 0x00, 0x00, 0x00, 0x00, 0x00, 0x00, 0x00, 0x00, 0x00, 0x00, 0x00, 0x00,
    0x00, 0x00, 0x00, 0x00, 0x00, 0x00, 0x00, 0x00, 0x00, 0x00, 0x00, 0x00, 0x00, 0x00, 0x00, 0x00,
    0x00, 0x00, 0x00, 0x00, 0x00, 0x00, 0x00, 0x00, 0x1A, 0x55, 0x74, 0x7A, 0x69, 0x3D, 0x08, 0x00,
    0x00, 0x00, 0x00, 0x00, 0x00, 0x00, 0x00, 0x00, 0x00, 0x00, 0x00, 0x00, 0x00, 0x00, 0x00, 0x00,
    0x00, 0x00, 0x00, 0x24, 0xB0, 0xFD, 0xFF, 0xFF, 0xFF, 0xFF, 0xFF, 0xEF, 0x87, 0x0A, 0x00, 0x00,
    0x00, 0x00, 0x00, 0x00, 0x00, 0x00, 0x00, 0x00, 0x00, 0x00, 0x00, 0x00, 0x00, 0x00, 0x00, 0x42,
    0xF1, 0xFF, 0xFF, 0xFF, 0xFF, 0xFF, 0xFF, 0xFF, 0xFF, 0xFF, 0xD6, 0x18, 0x00, 0x00, 0x00, 0x00,
    0x00, 0x00, 0x00, 0x00, 0x00, 0x00, 0x00, 0x00, 0x00, 0x00, 0x00, 0x36, 0xF5, 0xFF, 0xFF, 0xFF,
    0xFF, 0xFF, 0xFF, 0xFF, 0xFF, 0xFF, 0xFF, 0xFF, 0xC7, 0x01, 0x00, 0x00, 0x00, 0x00, 0x00, 0x00,
    0x00, 0x00, 0x00, 0x00, 0x00, 0x00, 0x00, 0x14, 0xE4, 0xFF, 0xFF, 0xFF, 0xFF, 0xFF, 0xFF, 0xFF,
    0xFF, 0xFF, 0xFF, 0xFF, 0xFF, 0xFF, 0x4D, 0x00, 0x00, 0x00, 0x00, 0x00, 0x00, 0x00, 0x00, 0x00,
    0x00, 0x00, 0x00, 0x00, 0xAB, 0xFF, 0xFF, 0xFF, 0xFF, 0xFF, 0xFF, 0xFF, 0xFF, 0xFF, 0xFF, 0xFF,
    0xFF, 0xFF, 0xFF, 0x97, 0x00, 0x00, 0x00, 0x00, 0x00, 0x00, 0x00, 0x00, 0x00, 0x00, 0x00, 0x00,
    0x52, 0xFF, 0xFF, 0xFF, 0xFF, 0xFF, 0xFF, 0xFF, 0xFF, 0xFF, 0xFF, 0xFF, 0xFF, 0xFF, 0xFF, 0xFF,
    0xB4, 0x00, 0x00, 0x00, 0x00, 0x00, 0x00, 0x00, 0x00, 0x00, 0x00, 0x00, 0x0D, 0xE4, 0xFF, 0xFF,
    0xFF, 0xFF, 0xFF, 0xFF, 0x91, 0xFF, 0xFF, 0xFF, 0xFF, 0xFF, 0xFF, 0xFF, 0xFF, 0xBC, 0x00, 0x00,
    0x00, 0x00, 0x00, 0x00, 0x00, 0x00, 0x00, 0x00, 0x00, 0x92, 0xFF, 0xFF, 0xFF, 0xFF, 0xFF, 0xFF,
    0xDF, 0x0B, 0xFF, 0xFF, 0xFF, 0xFF, 0xFF, 0xFF, 0xFF, 0xFF, 0xBC, 0x00, 0x00, 0x00, 0x00, 0x00,
    0x00, 0x00, 0x00, 0x00, 0x00, 0x33, 0xFD, 0xFF, 0xFF, 0xFF, 0xFF, 0xFF, 0xFF, 0x48, 0x00, 0xFF,
    0xFF, 0xFF, 0xFF, 0xFF, 0xFF, 0xFF, 0xFF, 0xBC, 0x00, 0x00, 0x00, 0x00, 0x00, 0x00, 0x00, 0x00,
    0x00, 0x02, 0xCA, 0xFF, 0xFF, 0xFF, 0xFF, 0xFF, 0xFF, 0xA4, 0x00, 0x00, 0xFF, 0xFF, 0xFF, 0xFF,
    0xFF, 0xFF, 0xFF, 0xFF, 0xBC, 0x00, 0x00, 0x00, 0x00, 0x00, 0x00, 0x00, 0x00, 0x00, 0x67, 0xFF,
    0xFF, 0xFF, 0xFF, 0xFF, 0xFF, 0xEE, 0x14, 0x00, 0x00, 0xFF, 0xFF, 0xFF, 0xFF, 0xFF, 0xFF, 0xFF,
    0xFF, 0xBC, 0x00, 0x00, 0x00, 0x00, 0x00, 0x00, 0x00, 0x00, 0x13, 0xED, 0xFF, 0xFF, 0xFF, 0xFF,
    0xFF, 0xFF, 0x6C, 0x00, 0x00, 0x00, 0xFF, 0xFF, 0xFF, 0xFF, 0xFF, 0xFF, 0xFF, 0xFF, 0xBC, 0x00,
    0x00, 0x00, 0x00, 0x00, 0x00, 0x00, 0x00, 0x97, 0xFF, 0xFF, 0xFF, 0xFF, 0xFF, 0xFF, 0xD3, 0x03,
    0x00, 0x00, 0x00, 0xFF, 0xFF, 0xFF, 0xFF, 0xFF, 0xFF, 0xFF, 0xFF, 0xBC, 0x00, 0x00, 0x00, 0x00,
    0x00, 0x00, 0x00, 0x2B, 0xFC, 0xFF, 0xFF, 0xFF, 0xFF, 0xFF, 0xFF, 0x41, 0x00, 0x00, 0x00, 0x00,
    0xFF, 0xFF, 0xFF, 0xFF, 0xFF, 0xFF, 0xFF, 0xFF, 0xBC, 0x00, 0x00, 0x00, 0x00, 0x00, 0x00, 0x00,
    0xB9, 0xFF, 0xFF, 0xFF, 0xFF, 0xFF, 0xFF, 0xAC, 0x00, 0x00, 0x00, 0x00, 0x00, 0xFF, 0xFF, 0xFF,
    0xFF, 0xFF, 0xFF, 0xFF, 0xFF, 0xBC, 0x00, 0x00, 0x00, 0x00, 0x00, 0x00, 0x49, 0xFF, 0xFF, 0xFF,
    0xFF, 0xFF, 0xFF, 0xFB, 0x26, 0x00, 0x00, 0x00, 0x00, 0x00, 0xFF, 0xFF, 0xFF, 0xFF, 0xFF, 0xFF,
    0xFF, 0xFF, 0xBC, 0x00, 0x00, 0x00, 0x00, 0x00, 0x00, 0xCC, 0xFF, 0xFF, 0xFF, 0xFF, 0xFF, 0xFF,
    0x98, 0x00, 0x00, 0x00, 0x00, 0x00, 0x00, 0xFF, 0xFF, 0xFF, 0xFF, 0xFF, 0xFF, 0xFF, 0xFF, 0xBC,
    0x00, 0x00, 0x00, 0x00, 0x00, 0x3F, 0xFF, 0xFF, 0xFF, 0xFF, 0xFF, 0xFF, 0xF8, 0x1C, 0x00, 0x00,
    0x00, 0x00, 0x00, 0x00, 0xFF, 0xFF, 0xFF, 0xFF, 0xFF, 0xFF, 0xFF, 0xFF, 0xBC, 0x00, 0x00, 0x00,
    0x00, 0x00, 0x9A, 0xFF, 0xFF, 0xFF, 0xFF, 0xFF, 0xFF, 0x94, 0x00, 0x00, 0x00, 0x00, 0x00, 0x00,
    0x00, 0xFF, 0xFF, 0xFF, 0xFF, 0xFF, 0xFF, 0xFF, 0xFF, 0xBC, 0x00, 0x00, 0x00, 0x00, 0x00, 0xD8,
    0xFF, 0xFF, 0xFF, 0xFF, 0xFF, 0xFF, 0xFF, 0xFF, 0xFF, 0xFF, 0xFF, 0xFF, 0xFF, 0xFF, 0xFF, 0xFF,
    0xFF, 0xFF, 0xFF, 0xFF, 0xFF, 0xFF, 0xFF, 0xF1, 0xA7, 0x0C, 0x00, 0x00, 0xF7, 0xFF, 0xFF, 0xFF,
    0xFF, 0xFF, 0xFF, 0xFF, 0xFF, 0xFF, 0xFF, 0xFF, 0xFF, 0xFF, 0xFF, 0xFF, 0xFF, 0xFF, 0xFF, 0xFF,
    0xFF, 0xFF, 0xFF, 0xFF, 0xFF, 0xFF, 0x8D, 0x00, 0x00, 0xF4, 0xFF, 0xFF, 0xFF, 0xFF, 0xFF, 0xFF,
    0xFF, 0xFF, 0xFF, 0xFF, 0xFF, 0xFF, 0xFF, 0xFF, 0xFF, 0xFF, 0xFF, 0xFF, 0xFF, 0xFF, 0xFF, 0xFF,
    0xFF, 0xFF, 0xFF, 0xE0, 0x00, 0x00, 0xC2, 0xFF, 0xFF, 0xFF, 0xFF, 0xFF, 0xFF, 0xFF, 0xFF, 0xFF,
    0xFF, 0xFF, 0xFF, 0xFF, 0xFF, 0xFF, 0xFF, 0xFF, 0xFF, 0xFF, 0xFF, 0xFF, 0xFF, 0xFF, 0xFF, 0xFF,
    0xF8, 0x00, 0x00, 0x53, 0xFF, 0xFF, 0xFF, 0xFF, 0xFF, 0xFF, 0xFF, 0xFF, 0xFF, 0xFF, 0xFF, 0xFF,
    0xFF, 0xFF, 0xFF, 0xFF, 0xFF, 0xFF, 0xFF, 0xFF, 0xFF, 0xFF, 0xFF, 0xFF, 0xFF, 0xDF, 0x00, 0x00,
    0x00, 0x88, 0xFF, 0xFF, 0xFF, 0xFF, 0xFF, 0xFF, 0xFF, 0xFF, 0xFF, 0xFF, 0xFF, 0xFF, 0xFF, 0xFF,
    0xFF, 0xFF, 0xFF, 0xFF, 0xFF, 0xFF, 0xFF, 0xFF, 0xFF, 0xFF, 0x8C, 0x00, 0x00, 0x00, 0x00, 0x47,
    0xB4, 0xEB, 0xFE, 0xFF, 0xFF, 0xFF, 0xFF, 0xFF, 0xFF, 0xFF, 0xFF, 0xFF, 0xFF, 0xFF, 0xFF, 0xFF,
    0xFF, 0xFF, 0xFF, 0xFF, 0xFF, 0xF2, 0xA6, 0x0C, 0x00, 0x00, 0x00, 0x00, 0x00, 0x00, 0x00, 0x00,
    0x00, 0x00, 0x00, 0x00, 0x00, 0x00, 0x00, 0x00, 0x00, 0xFF, 0xFF, 0xFF, 0xFF, 0xFF, 0xFF, 0xFF,
    0xFF, 0xBC, 0x00, 0x00, 0x00, 0x00, 0x00, 0x00, 0x00, 0x00, 0x00, 0x00, 0x00, 0x00, 0x00, 0x00,
    0x00, 0x00, 0x00, 0x00, 0x00, 0x00, 0xF9, 0xFF, 0xFF, 0xFF, 0xFF, 0xFF, 0xFF, 0xFF, 0xB4, 0x00,
    0x00, 0x00, 0x00, 0x00, 0x00, 0x00, 0x00, 0x00, 0x00, 0x00, 0x00, 0x00, 0x00, 0x00, 0x00, 0x00,
    0x00, 0x00, 0x00, 0xD6, 0xFF, 0xFF, 0xFF, 0xFF, 0xFF, 0xFF, 0xFF, 0x91, 0x00, 0x00, 0x00, 0x00,
    0x00, 0x00, 0x00, 0x00, 0x00, 0x00, 0x00, 0x00, 0x00, 0x00, 0x00, 0x00, 0x00, 0x00, 0x00, 0x00,
    0x78, 0xFF, 0xFF, 0xFF, 0xFF, 0xFF, 0xFF, 0xFD, 0x34, 0x00, 0x00, 0x00, 0x00, 0x00, 0x00, 0x00,
    0x00, 0x00, 0x00, 0x00, 0x00, 0x00, 0x00, 0x00, 0x00, 0x00, 0x00, 0x00, 0x00, 0x03, 0x9C, 0xFF,
    0xFF, 0xFF, 0xFF, 0xF6, 0x61, 0x00, 0x00, 0x00, 0x00, 0x00, 0x00, 0x00, 0x00, 0x00, 0x00, 0x00,
    0x00, 0x00, 0x00, 0x00, 0x00, 0x00, 0x00, 0x00, 0x00, 0x00, 0x00, 0x00, 0x29, 0x6B, 0x7B, 0x5F,
    0x15, 0x00, 0x00, 0x00, 0x00, 0x00, 0x00, 0x00, 0x00, 0x00, 0x00, 0x00, 0x00, 0x00, 0x00, 0x00,
    0x00, 0x00, 0x00, 0x00, 0x00, 0x00, 0x00, 0x00, 0x00, 0x00, 0x00, 0x00, 0x00, 0x00, 0x00, 0x00,
    0x00, 0x00, 0x00, 0x00, 0x00, 0x00, 0x00, 0x00, 0x00, 0x00, 0x00, 0x00, 0x00, 0x00, 0x00, 0x00,
    0x00, 0x00, 0x00, 0x00, 0x00, 0x00, 0x00, 0x00, 0x00, 0x00, 0x00, 0x00, 0x00, 0x00, 0x00, 0x00,
    0x00, 0x00, 0x00, 0x00, 0x00, 0x00, 0x00, 0x00, 0x00, 0x00, 0x00, 0x00, 0x00, 0x00, 0x00, 0x00,
    0x00, 0x00, 0x00, 0x00, 0x00, 0x00, 0x00, 0x00, 0x00, 0x00, 0x00, 0x00, 0x00, 0x00,
};
const AlphaBitmap kTodayAmountFontDigit4 = {kTodayAmountFontDigit4Alpha, 29, 38};

const uint8_t kTodayAmountFontDigit5Alpha[] = {
    0x00, 0x00, 0x00, 0x00, 0x00, 0x00, 0x00, 0x00, 0x00, 0x00, 0x00, 0x00, 0x00, 0x00, 0x00, 0x00,
    0x00, 0x00, 0x00, 0x00, 0x00, 0x00, 0x00, 0x00, 0x00, 0x00, 0x00, 0x00, 0x00, 0x00, 0x00, 0x00,
    0x00, 0x00, 0x00, 0x00, 0x00, 0x00, 0x00, 0x00, 0x00, 0x00, 0x00, 0x00, 0x00, 0x00, 0x00, 0x00,
    0x00, 0x00, 0x00, 0x00, 0x00, 0x00, 0x00, 0x00, 0x00, 0x00, 0x00, 0x00, 0x00, 0x00, 0x00, 0x00,
    0x00, 0x00, 0x00, 0x00, 0x00, 0x00, 0x00, 0x00, 0x00, 0x00, 0x00, 0x00, 0x00, 0x00, 0x00, 0x00,
    0x00, 0x00, 0x00, 0x00, 0x00, 0x00, 0x00, 0x00, 0x26, 0x9D, 0xDB, 0xF9, 0xFF, 0xFF, 0xFF, 0xFF,
    0xFF, 0xFF, 0xFF, 0xFF, 0xFF, 0xFF, 0xFF, 0xFF, 0xFF, 0xFF, 0xE6, 0xA0, 0x18, 0x00, 0x00, 0x00,
    0x00, 0x00, 0x00, 0x32, 0xF5, 0xFF, 0xFF, 0xFF, 0xFF, 0xFF, 0xFF, 0xFF, 0xFF, 0xFF, 0xFF, 0xFF,
    0xFF, 0xFF, 0xFF, 0xFF, 0xFF, 0xFF, 0xFF, 0xFF, 0xCA, 0x03, 0x00, 0x00, 0x00, 0x00, 0x00, 0xB3,
    0xFF, 0xFF, 0xFF, 0xFF, 0xFF, 0xFF, 0xFF, 0xFF, 0xFF, 0xFF, 0xFF, 0xFF, 0xFF, 0xFF, 0xFF, 0xFF,
    0xFF, 0xFF, 0xFF, 0xFF, 0xFF, 0x2B, 0x00, 0x00, 0x00, 0x00, 0x00, 0xF0, 0xFF, 0xFF, 0xFF, 0xFF,
    0xFF, 0xFF, 0xFF, 0xFF, 0xFF, 0xFF, 0xFF, 0xFF, 0xFF, 0xFF, 0xFF, 0xFF, 0xFF, 0xFF, 0xFF, 0xFF,
    0xFF, 0x34, 0x00, 0x00, 0x00, 0x00, 0x00, 0xFF, 0xFF, 0xFF, 0xFF, 0xFF, 0xFF, 0xFF, 0xFF, 0xFF,
    0xFF, 0xFF, 0xFF, 0xFF, 0xFF, 0xFF, 0xFF, 0xFF, 0xFF, 0xFF, 0xFF, 0xFF, 0xE3, 0x08, 0x00, 0x00,
    0x00, 0x00, 0x00, 0xFF, 0xFF, 0xFF, 0xFF, 0xFF, 0xFF, 0xFF, 0xFF, 0xFF, 0xFF, 0xFF, 0xFF, 0xFF,
    0xFF, 0xFF, 0xFF, 0xFF, 0xFF, 0xFF, 0xFF, 0xD4, 0x34, 0x00, 0x00, 0x00, 0x00, 0x00, 0x00, 0xFF,
    0xFF, 0xFF, 0xFF, 0xFF, 0xFF, 0xFF, 0x38, 0x38, 0x38, 0x38, 0x38, 0x38, 0x38, 0x38, 0x38, 0x38,
    0x38, 0x36, 0x1C, 0x01, 0x00, 0x00, 0x00, 0x00, 0x00, 0x00, 0x00, 0xFF, 0xFF, 0xFF, 0xFF, 0xFF,
    0xFF, 0xFF, 0x00, 0x00, 0x00, 0x00, 0x00, 0x00, 0x00, 0x00, 0x00, 0x00, 0x00, 0x00, 0x00, 0x00,
    0x00, 0x00, 0x00, 0x00, 0x00, 0x00, 0x00, 0xFF, 0xFF, 0xFF, 0xFF, 0xFF, 0xFF, 0xFF, 0x00, 0x00,
    0x00, 0x00, 0x00, 0x00, 0x00, 0x00, 0x00, 0x00, 0x00, 0x00, 0x00, 0x00, 0x00, 0x00, 0x00, 0x00,
    0x00, 0x00, 0x00, 0xFF, 0xFF, 0xFF, 0xFF, 0xFF, 0xFF, 0xFF, 0x00, 0x00, 0x00, 0x00, 0x00, 0x00,
    0x00, 0x00, 0x00, 0x00, 0x00, 0x00, 0x00, 0x00, 0x00, 0x00, 0x00, 0x00, 0x00, 0x00, 0x00, 0xFF,
    0xFF, 0xFF, 0xFF, 0xFF, 0xFF, 0xFF, 0x00, 0x00, 0x01, 0x4F, 0xA8, 0xDE, 0xF7, 0xF8, 0xE5, 0xBA,
    0x73, 0x17, 0x00, 0x00, 0x00, 0x00, 0x00, 0x00, 0x00, 0x00, 0x00, 0xFF, 0xFF, 0xFF, 0xFF, 0xFF,
    0xFF, 0xFF, 0x00, 0x18, 0xBE, 0xFF, 0xFF, 0xFF, 0xFF, 0xFF, 0xFF, 0xFF, 0xFF, 0xF7, 0x7E, 0x02,
    0x00, 0x00, 0x00, 0x00, 0x00, 0x00, 0x00, 0xFF, 0xFF, 0xFF, 0xFF, 0xFF, 0xFF, 0xFF, 0x14, 0xE2,
    0xFF, 0xFF, 0xFF, 0xFF, 0xFF, 0xFF, 0xFF, 0xFF, 0xFF, 0xFF, 0xFF, 0xBC, 0x14, 0x00, 0x00, 0x00,
    0x00, 0x00, 0x00, 0xFF, 0xFF, 0xFF, 0xFF, 0xFF, 0xFF, 0xFF, 0xB8, 0xFF, 0xFF, 0xFF, 0xFF, 0xFF,
    0xFF, 0xFF, 0xFF, 0xFF, 0xFF, 0xFF, 0xFF, 0xFF, 0xBD, 0x02, 0x00, 0x00, 0x00, 0x00, 0x00, 0xFF,
    0xFF, 0xFF, 0xFF, 0xFF, 0xFF, 0xFF, 0xFF, 0xFF, 0xFF, 0xFF, 0xFF, 0xFF, 0xFF, 0xFF, 0xFF, 0xFF,
    0xFF, 0xFF, 0xFF, 0xFF, 0xFF, 0x7F, 0x00, 0x00, 0x00, 0x00, 0x00, 0xF9, 0xFF, 0xFF, 0xFF, 0xFF,
    0xFF, 0xFF, 0xFF, 0xFF, 0xFF, 0xFF, 0xFF, 0xFF, 0xFF, 0xFF, 0xFF, 0xFF, 0xFF, 0xFF, 0xFF, 0xFF,
    0xFF, 0xF7, 0x18, 0x00, 0x00, 0x00, 0x00, 0xC8, 0xFF, 0xFF, 0xFF, 0xFF, 0xFF, 0xFF, 0xFF, 0xFC,
    0x98, 0x4B, 0x45, 0x7A, 0xE7, 0xFF, 0xFF, 0xFF, 0xFF, 0xFF, 0xFF, 0xFF, 0xFF, 0xFF, 0x74, 0x00,
    0x00, 0x00, 0x00, 0x5A, 0xFF, 0xFF, 0xFF, 0xFF, 0xFF, 0xFF, 0xE6, 0x3F, 0x00, 0x00, 0x00, 0x00,
    0x17, 0xD6, 0xFF, 0xFF, 0xFF, 0xFF, 0xFF, 0xFF, 0xFF, 0xFF, 0xBA, 0x00, 0x00, 0x00, 0x00, 0x00,
    0x80, 0xF9, 0xFF, 0xFF, 0xFE, 0xAE, 0x18, 0x00, 0x00, 0x00, 0x00, 0x00, 0x00, 0x3A, 0xFF, 0xFF,
    0xFF, 0xFF, 0xFF, 0xFF, 0xFF, 0xFF, 0xE5, 0x00, 0x00, 0x00, 0x00, 0x00, 0x00, 0x0F, 0x3A, 0x3A,
    0x15, 0x00, 0x00, 0x00, 0x00, 0x00, 0x00, 0x00, 0x00, 0x00, 0xE1, 0xFF, 0xFF, 0xFF, 0xFF, 0xFF,
    0xFF, 0xFF, 0xF8, 0x00, 0x00, 0x00, 0x00, 0x00, 0x00, 0x10, 0x0D, 0x00, 0x00, 0x00, 0x00, 0x00,
    0x00, 0x00, 0x00, 0x00, 0x00, 0x00, 0xC3, 0xFF, 0xFF, 0xFF, 0xFF, 0xFF, 0xFF, 0xFF, 0xF7, 0x00,
    0x00, 0x00, 0x00, 0x48, 0xDB, 0xFF, 0xFF, 0xCD, 0x42, 0x00, 0x00, 0x00, 0x00, 0x00, 0x00, 0x00,
    0x00, 0x00, 0xD4, 0xFF, 0xFF, 0xFF, 0xFF, 0xFF, 0xFF, 0xFF, 0xE6, 0x00, 0x00, 0x00, 0x1E, 0xF5,
    0xFF, 0xFF, 0xFF, 0xFF, 0xFC, 0x57, 0x00, 0x00, 0x00, 0x00, 0x00, 0x00, 0x00, 0x1C, 0xFD, 0xFF,
    0xFF, 0xFF, 0xFF, 0xFF, 0xFF, 0xFF, 0xBD, 0x00, 0x00, 0x00, 0x63, 0xFF, 0xFF, 0xFF, 0xFF, 0xFF,
    0xFF, 0xFA, 0x4A, 0x00, 0x00, 0x00, 0x00, 0x00, 0x00, 0xA3, 0xFF, 0xFF, 0xFF, 0xFF, 0xFF, 0xFF,
    0xFF, 0xFF, 0x81, 0x00, 0x00, 0x00, 0x74, 0xFF, 0xFF, 0xFF, 0xFF, 0xFF, 0xFF, 0xFF, 0xF8, 0x6F,
    0x05, 0x00, 0x00, 0x12, 0x9B, 0xFF, 0xFF, 0xFF, 0xFF, 0xFF, 0xFF, 0xFF, 0xFF, 0xFF, 0x2A, 0x00,
    0x00, 0x00, 0x44, 0xFF, 0xFF, 0xFF, 0xFF, 0xFF, 0xFF, 0xFF, 0xFF, 0xFF, 0xF0, 0xC2, 0xC8, 0xF5,
    0xFF, 0xFF, 0xFF, 0xFF, 0xFF, 0xFF, 0xFF, 0xFF, 0xFF, 0xB1, 0x00, 0x00, 0x00, 0x00, 0x01, 0xCB,
    0xFF, 0xFF, 0xFF, 0xFF, 0xFF, 0xFF, 0xFF, 0xFF, 0xFF, 0xFF, 0xFF, 0xFF, 0xFF, 0xFF, 0xFF, 0xFF,
    0xFF, 0xFF, 0xFF, 0xFF, 0xF3, 0x24, 0x00, 0x00, 0x00, 0x00, 0x00, 0x24, 0xEE, 0xFF, 0xFF, 0xFF,
    0xFF, 0xFF, 0xFF, 0xFF, 0xFF, 0xFF, 0xFF, 0xFF, 0xFF, 0xFF, 0xFF, 0xFF, 0xFF, 0xFF, 0xFF, 0xFC,
    0x54, 0x00, 0x00, 0x00, 0x00, 0x00, 0x00, 0x00, 0x28, 0xDD, 0xFF, 0xFF, 0xFF, 0xFF, 0xFF, 0xFF,
    0xFF, 0xFF, 0xFF, 0xFF, 0xFF, 0xFF, 0xFF, 0xFF, 0xFF, 0xFF, 0xF6, 0x57, 0x00, 0x00, 0x00, 0x00,
    0x00, 0x00, 0x00, 0x00, 0x00, 0x0D, 0x86, 0xF7, 0xFF, 0xFF, 0xFF, 0xFF, 0xFF, 0xFF, 0xFF, 0xFF,
    0xFF, 0xFF, 0xFF, 0xFF, 0xFF, 0xC4, 0x2D, 0x00, 0x00, 0x00, 0x00, 0x00, 0x00, 0x00, 0x00, 0x00,
    0x00, 0x00, 0x00, 0x16, 0x70, 0xCA, 0xFC, 0xFF, 0xFF, 0xFF, 0xFF, 0xFF, 0xFF, 0xFF, 0xF4, 0xAF,
    0x47, 0x00, 0x00, 0x00, 0x00, 0x00, 0x00, 0x00, 0x00, 0x00, 0x00, 0x00, 0x00, 0x00, 0x00, 0x00,
    0x00, 0x00, 0x0B, 0x3D, 0x5F, 0x70, 0x7C, 0x73, 0x5E, 0x36, 0x07, 0x00, 0x00, 0x00, 0x00, 0x00,
    0x00, 0x00, 0x00, 0x00, 0x00, 0x00, 0x00, 0x00, 0x00, 0x00, 0x00, 0x00, 0x00, 0x00, 0x00, 0x00,
    0x00, 0x00, 0x00, 0x00, 0x00, 0x00, 0x00, 0x00, 0x00, 0x00, 0x00, 0x00, 0x00, 0x00, 0x00, 0x00,
    0x00, 0x00, 0x00, 0x00, 0x00, 0x00, 0x00, 0x00, 0x00, 0x00, 0x00, 0x00, 0x00, 0x00, 0x00, 0x00,
    0x00, 0x00, 0x00, 0x00, 0x00, 0x00, 0x00, 0x00, 0x00, 0x00, 0x00, 0x00, 0x00, 0x00, 0x00, 0x00,
    0x00, 0x00, 0x00, 0x00, 0x00, 0x00, 0x00, 0x00, 0x00, 0x00, 0x00, 0x00, 0x00, 0x00, 0x00, 0x00,
    0x00, 0x00, 0x00, 0x00, 0x00, 0x00, 0x00, 0x00,
};
const AlphaBitmap kTodayAmountFontDigit5 = {kTodayAmountFontDigit5Alpha, 28, 38};

const uint8_t kTodayAmountFontDigit6Alpha[] = {
    0x00, 0x00, 0x00, 0x00, 0x00, 0x00, 0x00, 0x00, 0x00, 0x00, 0x00, 0x00, 0x00, 0x00, 0x00, 0x00,
    0x00, 0x00, 0x00, 0x00, 0x00, 0x00, 0x00, 0x00, 0x00, 0x00, 0x00, 0x00, 0x00, 0x00, 0x00, 0x00,
    0x00, 0x00, 0x00, 0x00, 0x00, 0x00, 0x00, 0x00, 0x00, 0x00, 0x00, 0x00, 0x00, 0x00, 0x00, 0x00,
    0x00, 0x00, 0x00, 0x00, 0x00, 0x00, 0x00, 0x00, 0x00, 0x00, 0x00, 0x00, 0x00, 0x00, 0x00, 0x00,
    0x00, 0x00, 0x00, 0x00, 0x00, 0x00, 0x00, 0x01, 0x25, 0x54, 0x6C, 0x7B, 0x77, 0x6C, 0x54, 0x31,
    0x07, 0x00, 0x00, 0x00, 0x00, 0x00, 0x00, 0x00, 0x00, 0x00, 0x00, 0x00, 0x00, 0x00, 0x00, 0x00,
    0x00, 0x00, 0x00, 0x21, 0x8E, 0xE5, 0xFF, 0xFF, 0xFF, 0xFF, 0xFF, 0xFF, 0xFF, 0xFF, 0xF6, 0xB9,
    0x59, 0x06, 0x00, 0x00, 0x00, 0x00, 0x00, 0x00, 0x00, 0x00, 0x00, 0x00, 0x00, 0x00, 0x00, 0x08,
    0x8F, 0xFA, 0xFF, 0xFF, 0xFF, 0xFF, 0xFF, 0xFF, 0xFF, 0xFF, 0xFF, 0xFF, 0xFF, 0xFF, 0xFF, 0xDC,
    0x4A, 0x00, 0x00, 0x00, 0x00, 0x00, 0x00, 0x00, 0x00, 0x00, 0x00, 0x00, 0x1E, 0xD1, 0xFF, 0xFF,
    0xFF, 0xFF, 0xFF, 0xFF, 0xFF, 0xFF, 0xFF, 0xFF, 0xFF, 0xFF, 0xFF, 0xFF, 0xFF, 0xFF, 0xFF, 0x86,
    0x00, 0x00, 0x00, 0x00, 0x00, 0x00, 0x00, 0x00, 0x00, 0x1D, 0xDE, 0xFF, 0xFF, 0xFF, 0xFF, 0xFF,
    0xFF, 0xFF, 0xFF, 0xFF, 0xFF, 0xFF, 0xFF, 0xFF, 0xFF, 0xFF, 0xFF, 0xFF, 0xFF, 0xFF, 0x73, 0x00,
    0x00, 0x00, 0x00, 0x00, 0x00, 0x00, 0x05, 0xC9, 0xFF, 0xFF, 0xFF, 0xFF, 0xFF, 0xFF, 0xFF, 0xFF,
    0xFF, 0xFF, 0xFF, 0xFF, 0xFF, 0xFF, 0xFF, 0xFF, 0xFF, 0xFF, 0xFF, 0xFF, 0xF5, 0x11, 0x00, 0x00,
    0x00, 0x00, 0x00, 0x00, 0x81, 0xFF, 0xFF, 0xFF, 0xFF, 0xFF, 0xFF, 0xFF, 0xFF, 0xFF, 0xEB, 0xC0,
    0xC6, 0xF0, 0xFF, 0xFF, 0xFF, 0xFF, 0xFF, 0xFF, 0xFF, 0xFF, 0xFF, 0x4B, 0x00, 0x00, 0x00, 0x00,
    0x00, 0x1A, 0xF5, 0xFF, 0xFF, 0xFF, 0xFF, 0xFF, 0xFF, 0xFF, 0xFA, 0x6B, 0x03, 0x00, 0x00, 0x04,
    0x5D, 0xEB, 0xFF, 0xFF, 0xFF, 0xFF, 0xFF, 0xFF, 0xFF, 0x3A, 0x00, 0x00, 0x00, 0x00, 0x00, 0x88,
    0xFF, 0xFF, 0xFF, 0xFF, 0xFF, 0xFF, 0xFF, 0xFF, 0x75, 0x00, 0x00, 0x00, 0x00, 0x00, 0x00, 0x1E,
    0xCC, 0xFF, 0xFF, 0xFF, 0xFF, 0xFF, 0xD3, 0x05, 0x00, 0x00, 0x00, 0x00, 0x04, 0xE7, 0xFF, 0xFF,
    0xFF, 0xFF, 0xFF, 0xFF, 0xFF, 0xD5, 0x01, 0x00, 0x00, 0x00, 0x00, 0x00, 0x00, 0x00, 0x07, 0x7D,
    0xE0, 0xFE, 0xF0, 0xAE, 0x1E, 0x00, 0x00, 0x00, 0x00, 0x00, 0x3A, 0xFF, 0xFF, 0xFF, 0xFF, 0xFF,
    0xFF, 0xFF, 0xFF, 0x74, 0x00, 0x00, 0x00, 0x00, 0x00, 0x00, 0x00, 0x00, 0x00, 0x00, 0x00, 0x04,
    0x00, 0x00, 0x00, 0x00, 0x00, 0x00, 0x00, 0x00, 0x7B, 0xFF, 0xFF, 0xFF, 0xFF, 0xFF, 0xFF, 0xFF,
    0xFF, 0x2B, 0x00, 0x00, 0x0B, 0x68, 0xB0, 0xE0, 0xF5, 0xF8, 0xE5, 0xBA, 0x72, 0x15, 0x00, 0x00,
    0x00, 0x00, 0x00, 0x00, 0x00, 0x00, 0xAB, 0xFF, 0xFF, 0xFF, 0xFF, 0xFF, 0xFF, 0xFF, 0xF8, 0x04,
    0x00, 0x5F, 0xEB, 0xFF, 0xFF, 0xFF, 0xFF, 0xFF, 0xFF, 0xFF, 0xFF, 0xF4, 0x6F, 0x00, 0x00, 0x00,
    0x00, 0x00, 0x00, 0x00, 0xD0, 0xFF, 0xFF, 0xFF, 0xFF, 0xFF, 0xFF, 0xFF, 0xD8, 0x00, 0x82, 0xFF,
    0xFF, 0xFF, 0xFF, 0xFF, 0xFF, 0xFF, 0xFF, 0xFF, 0xFF, 0xFF, 0xFF, 0xA5, 0x08, 0x00, 0x00, 0x00,
    0x00, 0x00, 0xEA, 0xFF, 0xFF, 0xFF, 0xFF, 0xFF, 0xFF, 0xFF, 0xCA, 0x51, 0xFF, 0xFF, 0xFF, 0xFF,
    0xFF, 0xFF, 0xFF, 0xFF, 0xFF, 0xFF, 0xFF, 0xFF, 0xFF, 0xFF, 0x93, 0x00, 0x00, 0x00, 0x00, 0x00,
    0xF5, 0xFF, 0xFF, 0xFF, 0xFF, 0xFF, 0xFF, 0xFF, 0xC4, 0xDB, 0xFF, 0xFF, 0xFF, 0xFF, 0xFF, 0xFF,
    0xFF, 0xFF, 0xFF, 0xFF, 0xFF, 0xFF, 0xFF, 0xFF, 0xFF, 0x49, 0x00, 0x00, 0x00, 0x00, 0xFD, 0xFF,
    0xFF, 0xFF, 0xFF, 0xFF, 0xFF, 0xFF, 0xFF, 0xFF, 0xFF, 0xFF, 0xFF, 0xFF, 0xFF, 0xFF, 0xFF, 0xFF,
    0xFF, 0xFF, 0xFF, 0xFF, 0xFF, 0xFF, 0xFF, 0xD1, 0x00, 0x00, 0x00, 0x00, 0xF3, 0xFF, 0xFF, 0xFF,
    0xFF, 0xFF, 0xFF, 0xFF, 0xFF, 0xFF, 0xFF, 0xE9, 0x7C, 0x45, 0x4C, 0x95, 0xFA, 0xFF, 0xFF, 0xFF,
    0xFF, 0xFF, 0xFF, 0xFF, 0xFF, 0xFF, 0x32, 0x00, 0x00, 0x00, 0xE6, 0xFF, 0xFF, 0xFF, 0xFF, 0xFF,
    0xFF, 0xFF, 0xFF, 0xFF, 0xD9, 0x19, 0x00, 0x00, 0x00, 0x00, 0x42, 0xFA, 0xFF, 0xFF, 0xFF, 0xFF,
    0xFF, 0xFF, 0xFF, 0xFF, 0x76, 0x00, 0x00, 0x00, 0xD0, 0xFF, 0xFF, 0xFF, 0xFF, 0xFF, 0xFF, 0xFF,
    0xFF, 0xFF, 0x3B, 0x00, 0x00, 0x00, 0x00, 0x00, 0x00, 0x8A, 0xFF, 0xFF, 0xFF, 0xFF, 0xFF, 0xFF,
    0xFF, 0xFF, 0xA0, 0x00, 0x00, 0x00, 0xA6, 0xFF, 0xFF, 0xFF, 0xFF, 0xFF, 0xFF, 0xFF, 0xFF, 0xE1,
    0x00, 0x00, 0x00, 0x00, 0x00, 0x00, 0x00, 0x2C, 0xFF, 0xFF, 0xFF, 0xFF, 0xFF, 0xFF, 0xFF, 0xFF,
    0xB4, 0x00, 0x00, 0x00, 0x7A, 0xFF, 0xFF, 0xFF, 0xFF, 0xFF, 0xFF, 0xFF, 0xFF, 0xC3, 0x00, 0x00,
    0x00, 0x00, 0x00, 0x00, 0x00, 0x09, 0xFF, 0xFF, 0xFF, 0xFF, 0xFF, 0xFF, 0xFF, 0xFF, 0xB3, 0x00,
    0x00, 0x00, 0x37, 0xFF, 0xFF, 0xFF, 0xFF, 0xFF, 0xFF, 0xFF, 0xFF, 0xD4, 0x00, 0x00, 0x00, 0x00,
    0x00, 0x00, 0x00, 0x15, 0xFF, 0xFF, 0xFF, 0xFF, 0xFF, 0xFF, 0xFF, 0xFF, 0xA1, 0x00, 0x00, 0x00,
    0x01, 0xE8, 0xFF, 0xFF, 0xFF, 0xFF, 0xFF, 0xFF, 0xFF, 0xFD, 0x1B, 0x00, 0x00, 0x00, 0x00, 0x00,
    0x00, 0x57, 0xFF, 0xFF, 0xFF, 0xFF, 0xFF, 0xFF, 0xFF, 0xFF, 0x75, 0x00, 0x00, 0x00, 0x00, 0x89,
    0xFF, 0xFF, 0xFF, 0xFF, 0xFF, 0xFF, 0xFF, 0xFF, 0x9E, 0x00, 0x00, 0x00, 0x00, 0x00, 0x09, 0xD4,
    0xFF, 0xFF, 0xFF, 0xFF, 0xFF, 0xFF, 0xFF, 0xFF, 0x35, 0x00, 0x00, 0x00, 0x00, 0x19, 0xF8, 0xFF,
    0xFF, 0xFF, 0xFF, 0xFF, 0xFF, 0xFF, 0xFF, 0x8F, 0x0C, 0x00, 0x00, 0x21, 0xC1, 0xFF, 0xFF, 0xFF,
    0xFF, 0xFF, 0xFF, 0xFF, 0xFF, 0xD6, 0x00, 0x00, 0x00, 0x00, 0x00, 0x00, 0x80, 0xFF, 0xFF, 0xFF,
    0xFF, 0xFF, 0xFF, 0xFF, 0xFF, 0xFF, 0xF1, 0xC5, 0xCD, 0xFC, 0xFF, 0xFF, 0xFF, 0xFF, 0xFF, 0xFF,
    0xFF, 0xFF, 0xFF, 0x56, 0x00, 0x00, 0x00, 0x00, 0x00, 0x00, 0x06, 0xCD, 0xFF, 0xFF, 0xFF, 0xFF,
    0xFF, 0xFF, 0xFF, 0xFF, 0xFF, 0xFF, 0xFF, 0xFF, 0xFF, 0xFF, 0xFF, 0xFF, 0xFF, 0xFF, 0xFF, 0xFF,
    0xB1, 0x00, 0x00, 0x00, 0x00, 0x00, 0x00, 0x00, 0x00, 0x1A, 0xE2, 0xFF, 0xFF, 0xFF, 0xFF, 0xFF,
    0xFF, 0xFF, 0xFF, 0xFF, 0xFF, 0xFF, 0xFF, 0xFF, 0xFF, 0xFF, 0xFF, 0xFF, 0xFF, 0xD1, 0x11, 0x00,
    0x00, 0x00, 0x00, 0x00, 0x00, 0x00, 0x00, 0x00, 0x1F, 0xD5, 0xFF, 0xFF, 0xFF, 0xFF, 0xFF, 0xFF,
    0xFF, 0xFF, 0xFF, 0xFF, 0xFF, 0xFF, 0xFF, 0xFF, 0xFF, 0xFF, 0xC1, 0x14, 0x00, 0x00, 0x00, 0x00,
    0x00, 0x00, 0x00, 0x00, 0x00, 0x00, 0x00, 0x0C, 0x8F, 0xFC, 0xFF, 0xFF, 0xFF, 0xFF, 0xFF, 0xFF,
    0xFF, 0xFF, 0xFF, 0xFF, 0xFF, 0xFF, 0xF4, 0x7A, 0x04, 0x00, 0x00, 0x00, 0x00, 0x00, 0x00, 0x00,
    0x00, 0x00, 0x00, 0x00, 0x00, 0x00, 0x00, 0x1F, 0x8B, 0xDE, 0xFF, 0xFF, 0xFF, 0xFF, 0xFF, 0xFF,
    0xFF, 0xFF, 0xD7, 0x7D, 0x16, 0x00, 0x00, 0x00, 0x00, 0x00, 0x00, 0x00, 0x00, 0x00, 0x00, 0x00,
    0x00, 0x00, 0x00, 0x00, 0x00, 0x00, 0x00, 0x00, 0x21, 0x4E, 0x6C, 0x7A, 0x79, 0x6B, 0x4B, 0x1C,
    0x00, 0x00, 0x00, 0x00, 0x00, 0x00, 0x00, 0x00, 0x00, 0x00, 0x00, 0x00, 0x00, 0x00, 0x00, 0x00,
    0x00, 0x00, 0x00, 0x00, 0x00, 0x00, 0x00, 0x00, 0x00, 0x00, 0x00, 0x00, 0x00, 0x00, 0x00, 0x00,
    0x00, 0x00, 0x00, 0x00, 0x00, 0x00, 0x00, 0x00, 0x00, 0x00, 0x00, 0x00, 0x00, 0x00, 0x00, 0x00,
    0x00, 0x00, 0x00, 0x00, 0x00, 0x00, 0x00, 0x00, 0x00, 0x00, 0x00, 0x00, 0x00, 0x00, 0x00, 0x00,
    0x00, 0x00, 0x00, 0x00, 0x00, 0x00, 0x00, 0x00, 0x00, 0x00, 0x00, 0x00, 0x00, 0x00, 0x00, 0x00,
    0x00, 0x00, 0x00, 0x00, 0x00, 0x00, 0x00, 0x00, 0x00, 0x00, 0x00, 0x00, 0x00, 0x00, 0x00, 0x00,
    0x00, 0x00, 0x00, 0x00,
};
const AlphaBitmap kTodayAmountFontDigit6 = {kTodayAmountFontDigit6Alpha, 30, 38};

const uint8_t kTodayAmountFontDigit7Alpha[] = {
    0x00, 0x00, 0x00, 0x00, 0x00, 0x00, 0x00, 0x00, 0x00, 0x00, 0x00, 0x00, 0x00, 0x00, 0x00, 0x00,
    0x00, 0x00, 0x00, 0x00, 0x00, 0x00, 0x00, 0x00, 0x00, 0x00, 0x00, 0x00, 0x00, 0x00, 0x00, 0x00,
    0x00, 0x00, 0x00, 0x00, 0x00, 0x00, 0x00, 0x00, 0x00, 0x00, 0x00, 0x00, 0x00, 0x00, 0x00, 0x00,
    0x00, 0x00, 0x00, 0x00, 0x00, 0x00, 0x00, 0x00, 0x00, 0x00, 0x00, 0x00, 0x00, 0x00, 0x00, 0x00,
    0x00, 0x00, 0x00, 0x00, 0x00, 0x00, 0x00, 0x00, 0x00, 0x00, 0x00, 0x00, 0x00, 0x00, 0x00, 0x00,
    0x5F, 0xD2, 0xFA, 0xFF, 0xFF, 0xFF, 0xFF, 0xFF, 0xFF, 0xFF, 0xFF, 0xFF, 0xFF, 0xFF, 0xFF, 0xFF,
    0xFF, 0xFF, 0xF0, 0xBF, 0x58, 0x00, 0x00, 0x00, 0x00, 0x61, 0xFF, 0xFF, 0xFF, 0xFF, 0xFF, 0xFF,
    0xFF, 0xFF, 0xFF, 0xFF, 0xFF, 0xFF, 0xFF, 0xFF, 0xFF, 0xFF, 0xFF, 0xFF, 0xFF, 0xFF, 0xFF, 0xA8,
    0x03, 0x00, 0x00, 0xD4, 0xFF, 0xFF, 0xFF, 0xFF, 0xFF, 0xFF, 0xFF, 0xFF, 0xFF, 0xFF, 0xFF, 0xFF,
    0xFF, 0xFF, 0xFF, 0xFF, 0xFF, 0xFF, 0xFF, 0xFF, 0xFF, 0xFF, 0x72, 0x00, 0x00, 0xF5, 0xFF, 0xFF,
    0xFF, 0xFF, 0xFF, 0xFF, 0xFF, 0xFF, 0xFF, 0xFF, 0xFF, 0xFF, 0xFF, 0xFF, 0xFF, 0xFF, 0xFF, 0xFF,
    0xFF, 0xFF, 0xFF, 0xFF, 0xD3, 0x00, 0x00, 0xD2, 0xFF, 0xFF, 0xFF, 0xFF, 0xFF, 0xFF, 0xFF, 0xFF,
    0xFF, 0xFF, 0xFF, 0xFF, 0xFF, 0xFF, 0xFF, 0xFF, 0xFF, 0xFF, 0xFF, 0xFF, 0xFF, 0xFF, 0xF8, 0x00,
    0x00, 0x5D, 0xFF, 0xFF, 0xFF, 0xFF, 0xFF, 0xFF, 0xFF, 0xFF, 0xFF, 0xFF, 0xFF, 0xFF, 0xFF, 0xFF,
    0xFF, 0xFF, 0xFF, 0xFF, 0xFF, 0xFF, 0xFF, 0xFF, 0xF0, 0x00, 0x00, 0x00, 0x5D, 0xD2, 0xFA, 0xFF,
    0xFF, 0xFF, 0xFF, 0xFF, 0xFF, 0xFF, 0xFF, 0xFF, 0xFF, 0xFF, 0xFF, 0xFF, 0xFF, 0xFF, 0xFF, 0xFF,
    0xFF, 0xFF, 0xC4, 0x00, 0x00, 0x00, 0x00, 0x00, 0x00, 0x00, 0x00, 0x00, 0x00, 0x00, 0x00, 0x00,
    0x00, 0x00, 0x00, 0x3E, 0xFF, 0xFF, 0xFF, 0xFF, 0xFF, 0xFF, 0xFF, 0xFF, 0x7A, 0x00, 0x00, 0x00,
    0x00, 0x00, 0x00, 0x00, 0x00, 0x00, 0x00, 0x00, 0x00, 0x00, 0x00, 0x00, 0x00, 0xC8, 0xFF, 0xFF,
    0xFF, 0xFF, 0xFF, 0xFF, 0xFF, 0xFA, 0x1B, 0x00, 0x00, 0x00, 0x00, 0x00, 0x00, 0x00, 0x00, 0x00,
    0x00, 0x00, 0x00, 0x00, 0x00, 0x00, 0x56, 0xFF, 0xFF, 0xFF, 0xFF, 0xFF, 0xFF, 0xFF, 0xFF, 0xA0,
    0x00, 0x00, 0x00, 0x00, 0x00, 0x00, 0x00, 0x00, 0x00, 0x00, 0x00, 0x00, 0x00, 0x00, 0x00, 0x05,
    0xDB, 0xFF, 0xFF, 0xFF, 0xFF, 0xFF, 0xFF, 0xFF, 0xFB, 0x25, 0x00, 0x00, 0x00, 0x00, 0x00, 0x00,
    0x00, 0x00, 0x00, 0x00, 0x00, 0x00, 0x00, 0x00, 0x00, 0x6E, 0xFF, 0xFF, 0xFF, 0xFF, 0xFF, 0xFF,
    0xFF, 0xFF, 0x9B, 0x00, 0x00, 0x00, 0x00, 0x00, 0x00, 0x00, 0x00, 0x00, 0x00, 0x00, 0x00, 0x00,
    0x00, 0x00, 0x0E, 0xEB, 0xFF, 0xFF, 0xFF, 0xFF, 0xFF, 0xFF, 0xFF, 0xF8, 0x1D, 0x00, 0x00, 0x00,
    0x00, 0x00, 0x00, 0x00, 0x00, 0x00, 0x00, 0x00, 0x00, 0x00, 0x00, 0x00, 0x85, 0xFF, 0xFF, 0xFF,
    0xFF, 0xFF, 0xFF, 0xFF, 0xFF, 0x90, 0x00, 0x00, 0x00, 0x00, 0x00, 0x00, 0x00, 0x00, 0x00, 0x00,
    0x00, 0x00, 0x00, 0x00, 0x00, 0x1A, 0xF5, 0xFF, 0xFF, 0xFF, 0xFF, 0xFF, 0xFF, 0xFF, 0xF4, 0x17,
    0x00, 0x00, 0x00, 0x00, 0x00, 0x00, 0x00, 0x00, 0x00, 0x00, 0x00, 0x00, 0x00, 0x00, 0x00, 0x9D,
    0xFF, 0xFF, 0xFF, 0xFF, 0xFF, 0xFF, 0xFF, 0xFF, 0x86, 0x00, 0x00, 0x00, 0x00, 0x00, 0x00, 0x00,
    0x00, 0x00, 0x00, 0x00, 0x00, 0x00, 0x00, 0x00, 0x2B, 0xFC, 0xFF, 0xFF, 0xFF, 0xFF, 0xFF, 0xFF,
    0xFF, 0xEF, 0x11, 0x00, 0x00, 0x00, 0x00, 0x00, 0x00, 0x00, 0x00, 0x00, 0x00, 0x00, 0x00, 0x00,
    0x00, 0x00, 0xB5, 0xFF, 0xFF, 0xFF, 0xFF, 0xFF, 0xFF, 0xFF, 0xFF, 0x7B, 0x00, 0x00, 0x00, 0x00,
    0x00, 0x00, 0x00, 0x00, 0x00, 0x00, 0x00, 0x00, 0x00, 0x00, 0x00, 0x40, 0xFF, 0xFF, 0xFF, 0xFF,
    0xFF, 0xFF, 0xFF, 0xFF, 0xEA, 0x0C, 0x00, 0x00, 0x00, 0x00, 0x00, 0x00, 0x00, 0x00, 0x00, 0x00,
    0x00, 0x00, 0x00, 0x00, 0x01, 0xCA, 0xFF, 0xFF, 0xFF, 0xFF, 0xFF, 0xFF, 0xFF, 0xFF, 0x70, 0x00,
    0x00, 0x00, 0x00, 0x00, 0x00, 0x00, 0x00, 0x00, 0x00, 0x00, 0x00, 0x00, 0x00, 0x00, 0x58, 0xFF,
    0xFF, 0xFF, 0xFF, 0xFF, 0xFF, 0xFF, 0xFF, 0xE3, 0x08, 0x00, 0x00, 0x00, 0x00, 0x00, 0x00, 0x00,
    0x00, 0x00, 0x00, 0x00, 0x00, 0x00, 0x00, 0x06, 0xDD, 0xFF, 0xFF, 0xFF, 0xFF, 0xFF, 0xFF, 0xFF,
    0xFF, 0x66, 0x00, 0x00, 0x00, 0x00, 0x00, 0x00, 0x00, 0x00, 0x00, 0x00, 0x00, 0x00, 0x00, 0x00,
    0x00, 0x70, 0xFF, 0xFF, 0xFF, 0xFF, 0xFF, 0xFF, 0xFF, 0xFF, 0xDC, 0x04, 0x00, 0x00, 0x00, 0x00,
    0x00, 0x00, 0x00, 0x00, 0x00, 0x00, 0x00, 0x00, 0x00, 0x00, 0x0E, 0xEC, 0xFF, 0xFF, 0xFF, 0xFF,
    0xFF, 0xFF, 0xFF, 0xFF, 0x5B, 0x00, 0x00, 0x00, 0x00, 0x00, 0x00, 0x00, 0x00, 0x00, 0x00, 0x00,
    0x00, 0x00, 0x00, 0x00, 0x86, 0xFF, 0xFF, 0xFF, 0xFF, 0xFF, 0xFF, 0xFF, 0xFF, 0xD4, 0x02, 0x00,
    0x00, 0x00, 0x00, 0x00, 0x00, 0x00, 0x00, 0x00, 0x00, 0x00, 0x00, 0x00, 0x00, 0x0F, 0xF3, 0xFF,
    0xFF, 0xFF, 0xFF, 0xFF, 0xFF, 0xFF, 0xFF, 0x51, 0x00, 0x00, 0x00, 0x00, 0x00, 0x00, 0x00, 0x00,
    0x00, 0x00, 0x00, 0x00, 0x00, 0x00, 0x00, 0x5E, 0xFF, 0xFF, 0xFF, 0xFF, 0xFF, 0xFF, 0xFF, 0xFF,
    0xCB, 0x00, 0x00, 0x00, 0x00, 0x00, 0x00, 0x00, 0x00, 0x00, 0x00, 0x00, 0x00, 0x00, 0x00, 0x00,
    0x00, 0x81, 0xFF, 0xFF, 0xFF, 0xFF, 0xFF, 0xFF, 0xFF, 0xFF, 0x46, 0x00, 0x00, 0x00, 0x00, 0x00,
    0x00, 0x00, 0x00, 0x00, 0x00, 0x00, 0x00, 0x00, 0x00, 0x00, 0x00, 0x76, 0xFF, 0xFF, 0xFF, 0xFF,
    0xFF, 0xFF, 0xFF, 0xC1, 0x00, 0x00, 0x00, 0x00, 0x00, 0x00, 0x00, 0x00, 0x00, 0x00, 0x00, 0x00,
    0x00, 0x00, 0x00, 0x00, 0x00, 0x22, 0xF9, 0xFF, 0xFF, 0xFF, 0xFF, 0xFF, 0xFB, 0x2E, 0x00, 0x00,
    0x00, 0x00, 0x00, 0x00, 0x00, 0x00, 0x00, 0x00, 0x00, 0x00, 0x00, 0x00, 0x00, 0x00, 0x00, 0x00,
    0x56, 0xF5, 0xFF, 0xFF, 0xFF, 0xFA, 0x5E, 0x00, 0x00, 0x00, 0x00, 0x00, 0x00, 0x00, 0x00, 0x00,
    0x00, 0x00, 0x00, 0x00, 0x00, 0x00, 0x00, 0x00, 0x00, 0x00, 0x00, 0x16, 0x61, 0x7A, 0x64, 0x1B,
    0x00, 0x00, 0x00, 0x00, 0x00, 0x00, 0x00, 0x00, 0x00, 0x00, 0x00, 0x00, 0x00, 0x00, 0x00, 0x00,
    0x00, 0x00, 0x00, 0x00, 0x00, 0x00, 0x00, 0x00, 0x00, 0x00, 0x00, 0x00, 0x00, 0x00, 0x00, 0x00,
    0x00, 0x00, 0x00, 0x00, 0x00, 0x00, 0x00, 0x00, 0x00, 0x00, 0x00, 0x00, 0x00, 0x00, 0x00, 0x00,
    0x00, 0x00, 0x00, 0x00, 0x00, 0x00, 0x00, 0x00, 0x00, 0x00, 0x00, 0x00, 0x00, 0x00, 0x00, 0x00,
    0x00, 0x00, 0x00, 0x00, 0x00, 0x00, 0x00, 0x00, 0x00, 0x00, 0x00, 0x00, 0x00, 0x00, 0x00, 0x00,
    0x00, 0x00, 0x00, 0x00, 0x00, 0x00, 0x00, 0x00, 0x00, 0x00, 0x00, 0x00,
};
const AlphaBitmap kTodayAmountFontDigit7 = {kTodayAmountFontDigit7Alpha, 26, 38};

const uint8_t kTodayAmountFontDigit8Alpha[] = {
    0x00, 0x00, 0x00, 0x00, 0x00, 0x00, 0x00, 0x00, 0x00, 0x00, 0x00, 0x00, 0x00, 0x00, 0x00, 0x00,
    0x00, 0x00, 0x00, 0x00, 0x00, 0x00, 0x00, 0x00, 0x00, 0x00, 0x00, 0x00, 0x00, 0x00, 0x00, 0x00,
    0x00, 0x00, 0x00, 0x00, 0x00, 0x00, 0x00, 0x00, 0x00, 0x00, 0x00, 0x00, 0x00, 0x00, 0x00, 0x00,
    0x00, 0x00, 0x00, 0x00, 0x00, 0x00, 0x00, 0x00, 0x00, 0x00, 0x00, 0x00, 0x00, 0x00, 0x00, 0x00,
    0x00, 0x00, 0x00, 0x00, 0x00, 0x00, 0x00, 0x00, 0x00, 0x1E, 0x4A, 0x67, 0x76, 0x7D, 0x76, 0x67,
    0x4A, 0x1F, 0x00, 0x00, 0x00, 0x00, 0x00, 0x00, 0x00, 0x00, 0x00, 0x00, 0x00, 0x00, 0x00, 0x00,
    0x00, 0x00, 0x00, 0x00, 0x00, 0x37, 0x97, 0xE5, 0xFF, 0xFF, 0xFF, 0xFF, 0xFF, 0xFF, 0xFF, 0xFF,
    0xFF, 0xE5, 0x98, 0x38, 0x00, 0x00, 0x00, 0x00, 0x00, 0x00, 0x00, 0x00, 0x00, 0x00, 0x00, 0x00,
    0x00, 0x00, 0x2D, 0xBE, 0xFF, 0xFF, 0xFF, 0xFF, 0xFF, 0xFF, 0xFF, 0xFF, 0xFF, 0xFF, 0xFF, 0xFF,
    0xFF, 0xFF, 0xFF, 0xC0, 0x2F, 0x00, 0x00, 0x00, 0x00, 0x00, 0x00, 0x00, 0x00, 0x00, 0x00, 0x00,
    0x63, 0xF8, 0xFF, 0xFF, 0xFF, 0xFF, 0xFF, 0xFF, 0xFF, 0xFF, 0xFF, 0xFF, 0xFF, 0xFF, 0xFF, 0xFF,
    0xFF, 0xFF, 0xFF, 0xF9, 0x63, 0x00, 0x00, 0x00, 0x00, 0x00, 0x00, 0x00, 0x00, 0x00, 0x60, 0xFF,
    0xFF, 0xFF, 0xFF, 0xFF, 0xFF, 0xFF, 0xFF, 0xFF, 0xFF, 0xFF, 0xFF, 0xFF, 0xFF, 0xFF, 0xFF, 0xFF,
    0xFF, 0xFF, 0xFF, 0xFE, 0x5D, 0x00, 0x00, 0x00, 0x00, 0x00, 0x00, 0x00, 0x20, 0xF6, 0xFF, 0xFF,
    0xFF, 0xFF, 0xFF, 0xFF, 0xFF, 0xFF, 0xFF, 0xFF, 0xFF, 0xFF, 0xFF, 0xFF, 0xFF, 0xFF, 0xFF, 0xFF,
    0xFF, 0xFF, 0xFF, 0xF4, 0x1E, 0x00, 0x00, 0x00, 0x00, 0x00, 0x00, 0x91, 0xFF, 0xFF, 0xFF, 0xFF,
    0xFF, 0xFF, 0xFF, 0xFF, 0xFF, 0xFF, 0xD6, 0xBE, 0xD7, 0xFF, 0xFF, 0xFF, 0xFF, 0xFF, 0xFF, 0xFF,
    0xFF, 0xFF, 0xFF, 0x8E, 0x00, 0x00, 0x00, 0x00, 0x00, 0x00, 0xDA, 0xFF, 0xFF, 0xFF, 0xFF, 0xFF,
    0xFF, 0xFF, 0xFF, 0xD1, 0x2D, 0x00, 0x00, 0x00, 0x2F, 0xD4, 0xFF, 0xFF, 0xFF, 0xFF, 0xFF, 0xFF,
    0xFF, 0xFF, 0xD7, 0x00, 0x00, 0x00, 0x00, 0x00, 0x00, 0xF8, 0xFF, 0xFF, 0xFF, 0xFF, 0xFF, 0xFF,
    0xFF, 0xF9, 0x1D, 0x00, 0x00, 0x00, 0x00, 0x00, 0x1F, 0xF9, 0xFF, 0xFF, 0xFF, 0xFF, 0xFF, 0xFF,
    0xFF, 0xF7, 0x00, 0x00, 0x00, 0x00, 0x00, 0x00, 0xF1, 0xFF, 0xFF, 0xFF, 0xFF, 0xFF, 0xFF, 0xFF,
    0xC8, 0x00, 0x00, 0x00, 0x00, 0x00, 0x00, 0x00, 0xC9, 0xFF, 0xFF, 0xFF, 0xFF, 0xFF, 0xFF, 0xFF,
    0xF0, 0x00, 0x00, 0x00, 0x00, 0x00, 0x00, 0xC2, 0xFF, 0xFF, 0xFF, 0xFF, 0xFF, 0xFF, 0xFF, 0xD5,
    0x00, 0x00, 0x00, 0x00, 0x00, 0x00, 0x00, 0xD6, 0xFF, 0xFF, 0xFF, 0xFF, 0xFF, 0xFF, 0xFF, 0xC0,
    0x00, 0x00, 0x00, 0x00, 0x00, 0x00, 0x63, 0xFF, 0xFF, 0xFF, 0xFF, 0xFF, 0xFF, 0xFF, 0xFF, 0x43,
    0x00, 0x00, 0x00, 0x00, 0x00, 0x47, 0xFF, 0xFF, 0xFF, 0xFF, 0xFF, 0xFF, 0xFF, 0xFF, 0x60, 0x00,
    0x00, 0x00, 0x00, 0x00, 0x00, 0x04, 0xC4, 0xFF, 0xFF, 0xFF, 0xFF, 0xFF, 0xFF, 0xFF, 0xF2, 0x73,
    0x1D, 0x05, 0x1F, 0x76, 0xF4, 0xFF, 0xFF, 0xFF, 0xFF, 0xFF, 0xFF, 0xFF, 0xBF, 0x03, 0x00, 0x00,
    0x00, 0x00, 0x00, 0x00, 0x00, 0x15, 0xCA, 0xFF, 0xFF, 0xFF, 0xFF, 0xFF, 0xFF, 0xFF, 0xFF, 0xFF,
    0xFF, 0xFF, 0xFF, 0xFF, 0xFF, 0xFF, 0xFF, 0xFF, 0xFF, 0xFF, 0xC5, 0x12, 0x00, 0x00, 0x00, 0x00,
    0x00, 0x00, 0x00, 0x00, 0x00, 0x08, 0x82, 0xF2, 0xFF, 0xFF, 0xFF, 0xFF, 0xFF, 0xFF, 0xFF, 0xFF,
    0xFF, 0xFF, 0xFF, 0xFF, 0xFF, 0xFF, 0xFF, 0xF0, 0x7E, 0x06, 0x00, 0x00, 0x00, 0x00, 0x00, 0x00,
    0x00, 0x00, 0x00, 0x00, 0x00, 0x00, 0x0D, 0x6C, 0xED, 0xFF, 0xFF, 0xFF, 0xFF, 0xFF, 0xFF, 0xFF,
    0xFF, 0xFF, 0xFF, 0xFF, 0xEF, 0x6D, 0x0C, 0x00, 0x00, 0x00, 0x00, 0x00, 0x00, 0x00, 0x00, 0x00,
    0x00, 0x00, 0x00, 0x05, 0x60, 0xCE, 0xFE, 0xFF, 0xFF, 0xFF, 0xFF, 0xFF, 0xFF, 0xFF, 0xFF, 0xFF,
    0xFF, 0xFF, 0xFF, 0xFF, 0xFE, 0xD0, 0x63, 0x05, 0x00, 0x00, 0x00, 0x00, 0x00, 0x00, 0x00, 0x00,
    0x00, 0x26, 0xD5, 0xFF, 0xFF, 0xFF, 0xFF, 0xFF, 0xFF, 0xFF, 0xFF, 0xFF, 0xFF, 0xFF, 0xFF, 0xFF,
    0xFF, 0xFF, 0xFF, 0xFF, 0xFF, 0xFF, 0xD6, 0x27, 0x00, 0x00, 0x00, 0x00, 0x00, 0x00, 0x00, 0x2A,
    0xF0, 0xFF, 0xFF, 0xFF, 0xFF, 0xFF, 0xFF, 0xFF, 0xFF, 0xFF, 0xFF, 0xFF, 0xFF, 0xFF, 0xFF, 0xFF,
    0xFF, 0xFF, 0xFF, 0xFF, 0xFF, 0xFF, 0xF1, 0x2A, 0x00, 0x00, 0x00, 0x00, 0x00, 0x08, 0xD7, 0xFF,
    0xFF, 0xFF, 0xFF, 0xFF, 0xFF, 0xFF, 0xFF, 0xF3, 0x90, 0x50, 0x3E, 0x50, 0x90, 0xF3, 0xFF, 0xFF,
    0xFF, 0xFF, 0xFF, 0xFF, 0xFF, 0xFF, 0xD5, 0x07, 0x00, 0x00, 0x00, 0x00, 0x61, 0xFF, 0xFF, 0xFF,
    0xFF, 0xFF, 0xFF, 0xFF, 0xFF, 0xDB, 0x1D, 0x00, 0x00, 0x00, 0x00, 0x00, 0x1E, 0xDD, 0xFF, 0xFF,
    0xFF, 0xFF, 0xFF, 0xFF, 0xFF, 0xFF, 0x5E, 0x00, 0x00, 0x00, 0x00, 0xBE, 0xFF, 0xFF, 0xFF, 0xFF,
    0xFF, 0xFF, 0xFF, 0xFF, 0x46, 0x00, 0x00, 0x00, 0x00, 0x00, 0x00, 0x00, 0x48, 0xFF, 0xFF, 0xFF,
    0xFF, 0xFF, 0xFF, 0xFF, 0xFF, 0xBC, 0x00, 0x00, 0x00, 0x00, 0xE4, 0xFF, 0xFF, 0xFF, 0xFF, 0xFF,
    0xFF, 0xFF, 0xFF, 0x0A, 0x00, 0x00, 0x00, 0x00, 0x00, 0x00, 0x00, 0x0B, 0xFF, 0xFF, 0xFF, 0xFF,
    0xFF, 0xFF, 0xFF, 0xFF, 0xE2, 0x00, 0x00, 0x00, 0x00, 0xFA, 0xFF, 0xFF, 0xFF, 0xFF, 0xFF, 0xFF,
    0xFF, 0xFF, 0x21, 0x00, 0x00, 0x00, 0x00, 0x00, 0x00, 0x00, 0x23, 0xFF, 0xFF, 0xFF, 0xFF, 0xFF,
    0xFF, 0xFF, 0xFF, 0xF9, 0x00, 0x00, 0x00, 0x00, 0xE7, 0xFF, 0xFF, 0xFF, 0xFF, 0xFF, 0xFF, 0xFF,
    0xFF, 0x95, 0x00, 0x00, 0x00, 0x00, 0x00, 0x00, 0x00, 0x99, 0xFF, 0xFF, 0xFF, 0xFF, 0xFF, 0xFF,
    0xFF, 0xFF, 0xE8, 0x00, 0x00, 0x00, 0x00, 0xB1, 0xFF, 0xFF, 0xFF, 0xFF, 0xFF, 0xFF, 0xFF, 0xFF,
    0xFF, 0x96, 0x16, 0x00, 0x00, 0x00, 0x16, 0x99, 0xFF, 0xFF, 0xFF, 0xFF, 0xFF, 0xFF, 0xFF, 0xFF,
    0xFF, 0xB2, 0x00, 0x00, 0x00, 0x00, 0x54, 0xFF, 0xFF, 0xFF, 0xFF, 0xFF, 0xFF, 0xFF, 0xFF, 0xFF,
    0xFF, 0xFC, 0xD0, 0xBD, 0xD1, 0xFC, 0xFF, 0xFF, 0xFF, 0xFF, 0xFF, 0xFF, 0xFF, 0xFF, 0xFF, 0xFF,
    0x54, 0x00, 0x00, 0x00, 0x00, 0x02, 0xC4, 0xFF, 0xFF, 0xFF, 0xFF, 0xFF, 0xFF, 0xFF, 0xFF, 0xFF,
    0xFF, 0xFF, 0xFF, 0xFF, 0xFF, 0xFF, 0xFF, 0xFF, 0xFF, 0xFF, 0xFF, 0xFF, 0xFF, 0xFF, 0xC3, 0x02,
    0x00, 0x00, 0x00, 0x00, 0x00, 0x1D, 0xE0, 0xFF, 0xFF, 0xFF, 0xFF, 0xFF, 0xFF, 0xFF, 0xFF, 0xFF,
    0xFF, 0xFF, 0xFF, 0xFF, 0xFF, 0xFF, 0xFF, 0xFF, 0xFF, 0xFF, 0xFF, 0xFF, 0xDF, 0x1C, 0x00, 0x00,
    0x00, 0x00, 0x00, 0x00, 0x00, 0x1E, 0xCB, 0xFF, 0xFF, 0xFF, 0xFF, 0xFF, 0xFF, 0xFF, 0xFF, 0xFF,
    0xFF, 0xFF, 0xFF, 0xFF, 0xFF, 0xFF, 0xFF, 0xFF, 0xFF, 0xFF, 0xC8, 0x1D, 0x00, 0x00, 0x00, 0x00,
    0x00, 0x00, 0x00, 0x00, 0x00, 0x05, 0x75, 0xED, 0xFF, 0xFF, 0xFF, 0xFF, 0xFF, 0xFF, 0xFF, 0xFF,
    0xFF, 0xFF, 0xFF, 0xFF, 0xFF, 0xFF, 0xFF, 0xEB, 0x70, 0x04, 0x00, 0x00, 0x00, 0x00, 0x00, 0x00,
    0x00, 0x00, 0x00, 0x00, 0x00, 0x00, 0x0A, 0x62, 0xB6, 0xF4, 0xFF, 0xFF, 0xFF, 0xFF, 0xFF, 0xFF,
    0xFF, 0xFF, 0xFF, 0xF3, 0xB3, 0x5F, 0x08, 0x00, 0x00, 0x00, 0x00, 0x00, 0x00, 0x00, 0x00, 0x00,
    0x00, 0x00, 0x00, 0x00, 0x00, 0x00, 0x00, 0x00, 0x03, 0x2C, 0x50, 0x6B, 0x77, 0x7E, 0x77, 0x6A,
    0x4F, 0x2A, 0x02, 0x00, 0x00, 0x00, 0x00, 0x00, 0x00, 0x00, 0x00, 0x00, 0x00, 0x00, 0x00, 0x00,
    0x00, 0x00, 0x00, 0x00, 0x00, 0x00, 0x00, 0x00, 0x00, 0x00, 0x00, 0x00, 0x00, 0x00, 0x00, 0x00,
    0x00, 0x00, 0x00, 0x00, 0x00, 0x00, 0x00, 0x00, 0x00, 0x00, 0x00, 0x00, 0x00, 0x00, 0x00, 0x00,
    0x00, 0x00, 0x00, 0x00, 0x00, 0x00, 0x00, 0x00, 0x00, 0x00, 0x00, 0x00, 0x00, 0x00, 0x00, 0x00,
    0x00, 0x00, 0x00, 0x00, 0x00, 0x00, 0x00, 0x00, 0x00, 0x00, 0x00, 0x00, 0x00, 0x00, 0x00, 0x00,
    0x00, 0x00, 0x00, 0x00, 0x00, 0x00, 0x00, 0x00, 0x00, 0x00, 0x00, 0x00, 0x00, 0x00, 0x00, 0x00,
    0x00, 0x00, 0x00, 0x00, 0x00, 0x00, 0x00, 0x00, 0x00, 0x00,
};
const AlphaBitmap kTodayAmountFontDigit8 = {kTodayAmountFontDigit8Alpha, 31, 38};

const uint8_t kTodayAmountFontDigit9Alpha[] = {
    0x00, 0x00, 0x00, 0x00, 0x00, 0x00, 0x00, 0x00, 0x00, 0x00, 0x00, 0x00, 0x00, 0x00, 0x00, 0x00,
    0x00, 0x00, 0x00, 0x00, 0x00, 0x00, 0x00, 0x00, 0x00, 0x00, 0x00, 0x00, 0x00, 0x00, 0x00, 0x00,
    0x00, 0x00, 0x00, 0x00, 0x00, 0x00, 0x00, 0x00, 0x00, 0x00, 0x00, 0x00, 0x00, 0x00, 0x00, 0x00,
    0x00, 0x00, 0x00, 0x00, 0x00, 0x00, 0x00, 0x00, 0x00, 0x00, 0x00, 0x00, 0x00, 0x00, 0x00, 0x00,
    0x00, 0x00, 0x00, 0x00, 0x00, 0x00, 0x02, 0x2C, 0x55, 0x6F, 0x7B, 0x75, 0x65, 0x41, 0x13, 0x00,
    0x00, 0x00, 0x00, 0x00, 0x00, 0x00, 0x00, 0x00, 0x00, 0x00, 0x00, 0x00, 0x00, 0x00, 0x00, 0x00,
    0x00, 0x00, 0x36, 0x9E, 0xEB, 0xFF, 0xFF, 0xFF, 0xFF, 0xFF, 0xFF, 0xFF, 0xFE, 0xC9, 0x6D, 0x0C,
    0x00, 0x00, 0x00, 0x00, 0x00, 0x00, 0x00, 0x00, 0x00, 0x00, 0x00, 0x00, 0x00, 0x00, 0x21, 0xB2,
    0xFF, 0xFF, 0xFF, 0xFF, 0xFF, 0xFF, 0xFF, 0xFF, 0xFF, 0xFF, 0xFF, 0xFF, 0xFF, 0xED, 0x65, 0x01,
    0x00, 0x00, 0x00, 0x00, 0x00, 0x00, 0x00, 0x00, 0x00, 0x00, 0x00, 0x4D, 0xF0, 0xFF, 0xFF, 0xFF,
    0xFF, 0xFF, 0xFF, 0xFF, 0xFF, 0xFF, 0xFF, 0xFF, 0xFF, 0xFF, 0xFF, 0xFF, 0xFF, 0xAB, 0x08, 0x00,
    0x00, 0x00, 0x00, 0x00, 0x00, 0x00, 0x00, 0x00, 0x50, 0xFB, 0xFF, 0xFF, 0xFF, 0xFF, 0xFF, 0xFF,
    0xFF, 0xFF, 0xFF, 0xFF, 0xFF, 0xFF, 0xFF, 0xFF, 0xFF, 0xFF, 0xFF, 0xFF, 0xBA, 0x04, 0x00, 0x00,
    0x00, 0x00, 0x00, 0x00, 0x00, 0x28, 0xF3, 0xFF, 0xFF, 0xFF, 0xFF, 0xFF, 0xFF, 0xFF, 0xFF, 0xFF,
    0xFF, 0xFF, 0xFF, 0xFF, 0xFF, 0xFF, 0xFF, 0xFF, 0xFF, 0xFF, 0xFF, 0x92, 0x00, 0x00, 0x00, 0x00,
    0x00, 0x00, 0x00, 0xBD, 0xFF, 0xFF, 0xFF, 0xFF, 0xFF, 0xFF, 0xFF, 0xFF, 0xFF, 0xF1, 0xC5, 0xCC,
    0xFA, 0xFF, 0xFF, 0xFF, 0xFF, 0xFF, 0xFF, 0xFF, 0xFF, 0xFE, 0x3F, 0x00, 0x00, 0x00, 0x00, 0x00,
    0x39, 0xFF, 0xFF, 0xFF, 0xFF, 0xFF, 0xFF, 0xFF, 0xFF, 0xFE, 0x82, 0x0A, 0x00, 0x00, 0x19, 0xB2,
    0xFF, 0xFF, 0xFF, 0xFF, 0xFF, 0xFF, 0xFF, 0xFF, 0xCF, 0x00, 0x00, 0x00, 0x00, 0x00, 0x93, 0xFF,
    0xFF, 0xFF, 0xFF, 0xFF, 0xFF, 0xFF, 0xFF, 0x83, 0x00, 0x00, 0x00, 0x00, 0x00, 0x03, 0xC3, 0xFF,
    0xFF, 0xFF, 0xFF, 0xFF, 0xFF, 0xFF, 0xFF, 0x45, 0x00, 0x00, 0x00, 0x00, 0xCD, 0xFF, 0xFF, 0xFF,
    0xFF, 0xFF, 0xFF, 0xFF, 0xF2, 0x0B, 0x00, 0x00, 0x00, 0x00, 0x00, 0x00, 0x45, 0xFF, 0xFF, 0xFF,
    0xFF, 0xFF, 0xFF, 0xFF, 0xFF, 0xA6, 0x00, 0x00, 0x00, 0x00, 0xEF, 0xFF, 0xFF, 0xFF, 0xFF, 0xFF,
    0xFF, 0xFF, 0xC7, 0x00, 0x00, 0x00, 0x00, 0x00, 0x00, 0x00, 0x0E, 0xFF, 0xFF, 0xFF, 0xFF, 0xFF,
    0xFF, 0xFF, 0xFF, 0xEE, 0x03, 0x00, 0x00, 0x00, 0xFC, 0xFF, 0xFF, 0xFF, 0xFF, 0xFF, 0xFF, 0xFF,
    0xCE, 0x00, 0x00, 0x00, 0x00, 0x00, 0x00, 0x00, 0x12, 0xFF, 0xFF, 0xFF, 0xFF, 0xFF, 0xFF, 0xFF,
    0xFF, 0xFF, 0x35, 0x00, 0x00, 0x00, 0xF1, 0xFF, 0xFF, 0xFF, 0xFF, 0xFF, 0xFF, 0xFF, 0xF9, 0x14,
    0x00, 0x00, 0x00, 0x00, 0x00, 0x00, 0x52, 0xFF, 0xFF, 0xFF, 0xFF, 0xFF, 0xFF, 0xFF, 0xFF, 0xFF,
    0x61, 0x00, 0x00, 0x00, 0xD1, 0xFF, 0xFF, 0xFF, 0xFF, 0xFF, 0xFF, 0xFF, 0xFF, 0xA1, 0x00, 0x00,
    0x00, 0x00, 0x00, 0x10, 0xD9, 0xFF, 0xFF, 0xFF, 0xFF, 0xFF, 0xFF, 0xFF, 0xFF, 0xFF, 0x8B, 0x00,
    0x00, 0x00, 0x95, 0xFF, 0xFF, 0xFF, 0xFF, 0xFF, 0xFF, 0xFF, 0xFF, 0xFF, 0xB3, 0x39, 0x0A, 0x13,
    0x57, 0xDC, 0xFF, 0xFF, 0xFF, 0xFF, 0xFF, 0xFF, 0xFF, 0xFF, 0xFF, 0xFF, 0xA1, 0x00, 0x00, 0x00,
    0x3A, 0xFF, 0xFF, 0xFF, 0xFF, 0xFF, 0xFF, 0xFF, 0xFF, 0xFF, 0xFF, 0xFF, 0xFF, 0xFF, 0xFF, 0xFF,
    0xFF, 0xFF, 0xFF, 0xFF, 0xFF, 0xFF, 0xFF, 0xFF, 0xFF, 0xFF, 0xAE, 0x00, 0x00, 0x00, 0x00, 0xB6,
    0xFF, 0xFF, 0xFF, 0xFF, 0xFF, 0xFF, 0xFF, 0xFF, 0xFF, 0xFF, 0xFF, 0xFF, 0xFF, 0xFF, 0xFF, 0xC2,
    0xFF, 0xFF, 0xFF, 0xFF, 0xFF, 0xFF, 0xFF, 0xFF, 0xB8, 0x00, 0x00, 0x00, 0x00, 0x15, 0xDE, 0xFF,
    0xFF, 0xFF, 0xFF, 0xFF, 0xFF, 0xFF, 0xFF, 0xFF, 0xFF, 0xFF, 0xFF, 0xFF, 0xFF, 0x51, 0xFF, 0xFF,
    0xFF, 0xFF, 0xFF, 0xFF, 0xFF, 0xFF, 0xAF, 0x00, 0x00, 0x00, 0x00, 0x00, 0x2B, 0xE7, 0xFF, 0xFF,
    0xFF, 0xFF, 0xFF, 0xFF, 0xFF, 0xFF, 0xFF, 0xFF, 0xFF, 0xFF, 0x94, 0x17, 0xFF, 0xFF, 0xFF, 0xFF,
    0xFF, 0xFF, 0xFF, 0xFF, 0xA4, 0x00, 0x00, 0x00, 0x00, 0x00, 0x00, 0x13, 0xAA, 0xFF, 0xFF, 0xFF,
    0xFF, 0xFF, 0xFF, 0xFF, 0xFF, 0xFF, 0xFE, 0x8C, 0x02, 0x2E, 0xFF, 0xFF, 0xFF, 0xFF, 0xFF, 0xFF,
    0xFF, 0xFF, 0x89, 0x00, 0x00, 0x00, 0x00, 0x00, 0x00, 0x00, 0x00, 0x3E, 0xA3, 0xEA, 0xFF, 0xFF,
    0xFF, 0xFF, 0xED, 0xA6, 0x32, 0x00, 0x00, 0x55, 0xFF, 0xFF, 0xFF, 0xFF, 0xFF, 0xFF, 0xFF, 0xFF,
    0x64, 0x00, 0x00, 0x00, 0x00, 0x00, 0x00, 0x00, 0x00, 0x00, 0x00, 0x00, 0x19, 0x30, 0x2F, 0x1B,
    0x02, 0x00, 0x00, 0x00, 0x00, 0x83, 0xFF, 0xFF, 0xFF, 0xFF, 0xFF, 0xFF, 0xFF, 0xFF, 0x34, 0x00,
    0x00, 0x00, 0x00, 0x00, 0x05, 0x69, 0x9D, 0x9E, 0x5E, 0x04, 0x00, 0x00, 0x00, 0x00, 0x00, 0x00,
    0x00, 0x00, 0x00, 0xD0, 0xFF, 0xFF, 0xFF, 0xFF, 0xFF, 0xFF, 0xFF, 0xEE, 0x02, 0x00, 0x00, 0x00,
    0x00, 0x04, 0xC6, 0xFF, 0xFF, 0xFF, 0xFF, 0xC4, 0x16, 0x00, 0x00, 0x00, 0x00, 0x00, 0x00, 0x00,
    0x2F, 0xFF, 0xFF, 0xFF, 0xFF, 0xFF, 0xFF, 0xFF, 0xFF, 0xA2, 0x00, 0x00, 0x00, 0x00, 0x00, 0x5E,
    0xFF, 0xFF, 0xFF, 0xFF, 0xFF, 0xFF, 0xDC, 0x25, 0x00, 0x00, 0x00, 0x00, 0x00, 0x01, 0xC6, 0xFF,
    0xFF, 0xFF, 0xFF, 0xFF, 0xFF, 0xFF, 0xFF, 0x3D, 0x00, 0x00, 0x00, 0x00, 0x00, 0x90, 0xFF, 0xFF,
    0xFF, 0xFF, 0xFF, 0xFF, 0xFF, 0xED, 0x5C, 0x03, 0x00, 0x00, 0x11, 0xA5, 0xFF, 0xFF, 0xFF, 0xFF,
    0xFF, 0xFF, 0xFF, 0xFF, 0xC4, 0x00, 0x00, 0x00, 0x00, 0x00, 0x00, 0x7E, 0xFF, 0xFF, 0xFF, 0xFF,
    0xFF, 0xFF, 0xFF, 0xFF, 0xFF, 0xE9, 0xC1, 0xC7, 0xF8, 0xFF, 0xFF, 0xFF, 0xFF, 0xFF, 0xFF, 0xFF,
    0xFF, 0xFD, 0x36, 0x00, 0x00, 0x00, 0x00, 0x00, 0x00, 0x28, 0xFB, 0xFF, 0xFF, 0xFF, 0xFF, 0xFF,
    0xFF, 0xFF, 0xFF, 0xFF, 0xFF, 0xFF, 0xFF, 0xFF, 0xFF, 0xFF, 0xFF, 0xFF, 0xFF, 0xFF, 0xFF, 0x80,
    0x00, 0x00, 0x00, 0x00, 0x00, 0x00, 0x00, 0x00, 0x88, 0xFF, 0xFF, 0xFF, 0xFF, 0xFF, 0xFF, 0xFF,
    0xFF, 0xFF, 0xFF, 0xFF, 0xFF, 0xFF, 0xFF, 0xFF, 0xFF, 0xFF, 0xFF, 0xFF, 0xA7, 0x02, 0x00, 0x00,
    0x00, 0x00, 0x00, 0x00, 0x00, 0x00, 0x02, 0x9C, 0xFF, 0xFF, 0xFF, 0xFF, 0xFF, 0xFF, 0xFF, 0xFF,
    0xFF, 0xFF, 0xFF, 0xFF, 0xFF, 0xFF, 0xFF, 0xFF, 0xFF, 0x98, 0x03, 0x00, 0x00, 0x00, 0x00, 0x00,
    0x00, 0x00, 0x00, 0x00, 0x00, 0x01, 0x61, 0xE9, 0xFF, 0xFF, 0xFF, 0xFF, 0xFF, 0xFF, 0xFF, 0xFF,
    0xFF, 0xFF, 0xFF, 0xFF, 0xFF, 0xE2, 0x54, 0x00, 0x00, 0x00, 0x00, 0x00, 0x00, 0x00, 0x00, 0x00,
    0x00, 0x00, 0x00, 0x00, 0x00, 0x0D, 0x65, 0xC4, 0xFB, 0xFF, 0xFF, 0xFF, 0xFF, 0xFF, 0xFF, 0xFF,
    0xFD, 0xC0, 0x66, 0x06, 0x00, 0x00, 0x00, 0x00, 0x00, 0x00, 0x00, 0x00, 0x00, 0x00, 0x00, 0x00,
    0x00, 0x00, 0x00, 0x00, 0x00, 0x00, 0x09, 0x3A, 0x5E, 0x6F, 0x7C, 0x73, 0x63, 0x3D, 0x0E, 0x00,
    0x00, 0x00, 0x00, 0x00, 0x00, 0x00, 0x00, 0x00, 0x00, 0x00, 0x00, 0x00, 0x00, 0x00, 0x00, 0x00,
    0x00, 0x00, 0x00, 0x00, 0x00, 0x00, 0x00, 0x00, 0x00, 0x00, 0x00, 0x00, 0x00, 0x00, 0x00, 0x00,
    0x00, 0x00, 0x00, 0x00, 0x00, 0x00, 0x00, 0x00, 0x00, 0x00, 0x00, 0x00, 0x00, 0x00, 0x00, 0x00,
    0x00, 0x00, 0x00, 0x00, 0x00, 0x00, 0x00, 0x00, 0x00, 0x00, 0x00, 0x00, 0x00, 0x00, 0x00, 0x00,
    0x00, 0x00, 0x00, 0x00, 0x00, 0x00, 0x00, 0x00, 0x00, 0x00, 0x00, 0x00, 0x00, 0x00, 0x00, 0x00,
    0x00, 0x00, 0x00, 0x00, 0x00, 0x00, 0x00, 0x00, 0x00, 0x00, 0x00, 0x00, 0x00, 0x00, 0x00, 0x00,
    0x00, 0x00, 0x00, 0x00,
};
const AlphaBitmap kTodayAmountFontDigit9 = {kTodayAmountFontDigit9Alpha, 30, 38};

const uint8_t kTodayAmountFontDotAlpha[] = {
    0x00, 0x00, 0x00, 0x00, 0x00, 0x00, 0x00, 0x00, 0x00, 0x00, 0x00, 0x00, 0x00, 0x00, 0x00, 0x00,
    0x00, 0x00, 0x00, 0x00, 0x00, 0x00, 0x00, 0x00, 0x00, 0x00, 0x00, 0x00, 0x00, 0x00, 0x00, 0x00,
    0x00, 0x00, 0x00, 0x00, 0x00, 0x00, 0x00, 0x00, 0x00, 0x00, 0x00, 0x00, 0x00, 0x00, 0x00, 0x00,
    0x00, 0x00, 0x00, 0x00, 0x00, 0x00, 0x00, 0x00, 0x00, 0x00, 0x00, 0x00, 0x00, 0x00, 0x00, 0x00,
    0x00, 0x00, 0x00, 0x00, 0x00, 0x00, 0x00, 0x00, 0x00, 0x00, 0x00, 0x00, 0x00, 0x00, 0x00, 0x00,
    0x00, 0x00, 0x00, 0x00, 0x00, 0x00, 0x00, 0x00, 0x00, 0x00, 0x00, 0x00, 0x00, 0x00, 0x00, 0x00,
    0x00, 0x00, 0x00, 0x00, 0x00, 0x00, 0x00, 0x00, 0x00, 0x00, 0x00, 0x00, 0x00, 0x00, 0x00, 0x00,
    0x00, 0x00, 0x00, 0x00, 0x00, 0x00, 0x00, 0x00, 0x00, 0x00, 0x00, 0x00, 0x00, 0x00, 0x00, 0x00,
    0x00, 0x00, 0x00, 0x00, 0x00, 0x00, 0x00, 0x00, 0x00, 0x00, 0x00, 0x00, 0x00, 0x00, 0x00, 0x00,
    0x00, 0x00, 0x00, 0x00, 0x00, 0x00, 0x00, 0x00, 0x00, 0x00, 0x00, 0x00, 0x00, 0x00, 0x00, 0x00,
    0x00, 0x00, 0x00, 0x00, 0x00, 0x00, 0x00, 0x00, 0x00, 0x00, 0x00, 0x00, 0x00, 0x00, 0x00, 0x00,
    0x00, 0x00, 0x00, 0x00, 0x00, 0x00, 0x00, 0x00, 0x00, 0x00, 0x00, 0x00, 0x00, 0x00, 0x00, 0x00,
    0x00, 0x00, 0x00, 0x00, 0x00, 0x00, 0x00, 0x00, 0x00, 0x00, 0x00, 0x00, 0x00, 0x00, 0x00, 0x00,
    0x00, 0x00, 0x00, 0x00, 0x00, 0x00, 0x00, 0x00, 0x00, 0x00, 0x00, 0x00, 0x00, 0x00, 0x00, 0x00,
    0x00, 0x00, 0x00, 0x00, 0x00, 0x00, 0x00, 0x00, 0x00, 0x00, 0x00, 0x00, 0x00, 0x00, 0x00, 0x00,
    0x00, 0x00, 0x00, 0x00, 0x00, 0x00, 0x00, 0x00, 0x00, 0x00, 0x00, 0x00, 0x00, 0x00, 0x00, 0x00,
    0x00, 0x00, 0x00, 0x00, 0x00, 0x00, 0x00, 0x00, 0x00, 0x00, 0x00, 0x00, 0x00, 0x00, 0x00, 0x00,
    0x00, 0x00, 0x00, 0x00, 0x00, 0x00, 0x00, 0x00, 0x00, 0x00, 0x00, 0x00, 0x00, 0x00, 0x00, 0x00,
    0x00, 0x00, 0x00, 0x00, 0x00, 0x00, 0x00, 0x00, 0x00, 0x00, 0x00, 0x00, 0x00, 0x00, 0x00, 0x00,
    0x00, 0x00, 0x00, 0x00, 0x00, 0x00, 0x00, 0x00, 0x00, 0x00, 0x00, 0x00, 0x00, 0x00, 0x00, 0x00,
    0x00, 0x00, 0x00, 0x00, 0x00, 0x00, 0x00, 0x00, 0x00, 0x17, 0x63, 0x78, 0x53, 0x08, 0x00, 0x00,
    0x00, 0x00, 0x00, 0x00, 0x00, 0x5B, 0xF4, 0xFF, 0xFF, 0xFF, 0xDE, 0x2D, 0x00, 0x00, 0x00, 0x00,
    0x00, 0x3E, 0xFC, 0xFF, 0xFF, 0xFF, 0xFF, 0xFF, 0xE5, 0x10, 0x00, 0x00, 0x00, 0x00, 0xBC, 0xFF,
    0xFF, 0xFF, 0xFF, 0xFF, 0xFF, 0xFF, 0x77, 0x00, 0x00, 0x00, 0x00, 0xF4, 0xFF, 0xFF, 0xFF, 0xFF,
    0xFF, 0xFF, 0xFF, 0xAF, 0x00, 0x00, 0x00, 0x00, 0xF4, 0xFF, 0xFF, 0xFF, 0xFF, 0xFF, 0xFF, 0xFF,
    0xB0, 0x00, 0x00, 0x00, 0x00, 0xBD, 0xFF, 0xFF, 0xFF, 0xFF, 0xFF, 0xFF, 0xFF, 0x78, 0x00, 0x00,
    0x00, 0x00, 0x40, 0xFD, 0xFF, 0xFF, 0xFF, 0xFF, 0xFF, 0xE6, 0x11, 0x00, 0x00, 0x00, 0x00, 0x00,
    0x5E, 0xF5, 0xFF, 0xFF, 0xFF, 0xDF, 0x2F, 0x00, 0x00, 0x00, 0x00, 0x00, 0x00, 0x00, 0x18, 0x64,
    0x79, 0x54, 0x08, 0x00, 0x00, 0x00, 0x00, 0x00, 0x00, 0x00, 0x00, 0x00, 0x00, 0x00, 0x00, 0x00,
    0x00, 0x00, 0x00, 0x00, 0x00, 0x00, 0x00, 0x00, 0x00, 0x00, 0x00, 0x00, 0x00, 0x00, 0x00, 0x00,
    0x00, 0x00, 0x00, 0x00, 0x00, 0x00, 0x00, 0x00, 0x00, 0x00, 0x00, 0x00, 0x00, 0x00,
};
const AlphaBitmap kTodayAmountFontDot = {kTodayAmountFontDotAlpha, 13, 38};

const uint8_t kTodayAmountFontCharU004BAlpha[] = {
    0x00, 0x00, 0x00, 0x00, 0x00, 0x00, 0x00, 0x00, 0x00, 0x00, 0x00, 0x00, 0x00, 0x00, 0x00, 0x00,
    0x00, 0x00, 0x00, 0x00, 0x00, 0x00, 0x00, 0x00, 0x00, 0x00, 0x00, 0x00, 0x00, 0x00, 0x00, 0x00,
    0x00, 0x00, 0x00, 0x00, 0x00, 0x00, 0x00, 0x00, 0x00, 0x00, 0x00, 0x00, 0x00, 0x00, 0x00, 0x00,
    0x00, 0x00, 0x00, 0x00, 0x00, 0x00, 0x00, 0x00, 0x00, 0x00, 0x00, 0x00, 0x00, 0x00, 0x00, 0x00,
    0x28, 0x6A, 0x7A, 0x5E, 0x15, 0x00, 0x00, 0x00, 0x00, 0x00, 0x00, 0x00, 0x00, 0x00, 0x00, 0x00,
    0x00, 0x00, 0x1E, 0x67, 0x78, 0x4C, 0x03, 0x00, 0x00, 0x00, 0x00, 0x00, 0x00, 0x8E, 0xFE, 0xFF,
    0xFF, 0xFF, 0xF4, 0x55, 0x00, 0x00, 0x00, 0x00, 0x00, 0x00, 0x00, 0x00, 0x00, 0x00, 0x03, 0x89,
    0xFC, 0xFF, 0xFF, 0xFF, 0xD1, 0x1F, 0x00, 0x00, 0x00, 0x00, 0x5E, 0xFF, 0xFF, 0xFF, 0xFF, 0xFF,
    0xFF, 0xF7, 0x21, 0x00, 0x00, 0x00, 0x00, 0x00, 0x00, 0x00, 0x00, 0x02, 0xA8, 0xFF, 0xFF, 0xFF,
    0xFF, 0xFF, 0xFF, 0xD2, 0x04, 0x00, 0x00, 0x00, 0xC5, 0xFF, 0xFF, 0xFF, 0xFF, 0xFF, 0xFF, 0xFF,
    0x80, 0x00, 0x00, 0x00, 0x00, 0x00, 0x00, 0x00, 0x00, 0x90, 0xFF, 0xFF, 0xFF, 0xFF, 0xFF, 0xFF,
    0xFF, 0xFF, 0x4F, 0x00, 0x00, 0x00, 0xF2, 0xFF, 0xFF, 0xFF, 0xFF, 0xFF, 0xFF, 0xFF, 0xAD, 0x00,
    0x00, 0x00, 0x00, 0x00, 0x00, 0x00, 0x6F, 0xFF, 0xFF, 0xFF, 0xFF, 0xFF, 0xFF, 0xFF, 0xFF, 0xFF,
    0x78, 0x00, 0x00, 0x00, 0xFF, 0xFF, 0xFF, 0xFF, 0xFF, 0xFF, 0xFF, 0xFF, 0xBB, 0x00, 0x00, 0x00,
    0x00, 0x00, 0x00, 0x50, 0xFD, 0xFF, 0xFF, 0xFF, 0xFF, 0xFF, 0xFF, 0xFF, 0xFF, 0xFF, 0x68, 0x00,
    0x00, 0x00, 0xFF, 0xFF, 0xFF, 0xFF, 0xFF, 0xFF, 0xFF, 0xFF, 0xBC, 0x00, 0x00, 0x00, 0x00, 0x00,
    0x36, 0xF6, 0xFF, 0xFF, 0xFF, 0xFF, 0xFF, 0xFF, 0xFF, 0xFF, 0xFF, 0xFB, 0x20, 0x00, 0x00, 0x00,
    0xFF, 0xFF, 0xFF, 0xFF, 0xFF, 0xFF, 0xFF, 0xFF, 0xBC, 0x00, 0x00, 0x00, 0x00, 0x22, 0xE9, 0xFF,
    0xFF, 0xFF, 0xFF, 0xFF, 0xFF, 0xFF, 0xFF, 0xFF, 0xFF, 0x83, 0x00, 0x00, 0x00, 0x00, 0xFF, 0xFF,
    0xFF, 0xFF, 0xFF, 0xFF, 0xFF, 0xFF, 0xBC, 0x00, 0x00, 0x00, 0x12, 0xD8, 0xFF, 0xFF, 0xFF, 0xFF,
    0xFF, 0xFF, 0xFF, 0xFF, 0xFF, 0xFF, 0xAD, 0x02, 0x00, 0x00, 0x00, 0x00, 0xFF, 0xFF, 0xFF, 0xFF,
    0xFF, 0xFF, 0xFF, 0xFF, 0xBC, 0x00, 0x00, 0x07, 0xC2, 0xFF, 0xFF, 0xFF, 0xFF, 0xFF, 0xFF, 0xFF,
    0xFF, 0xFF, 0xFF, 0xBD, 0x07, 0x00, 0x00, 0x00, 0x00, 0x00, 0xFF, 0xFF, 0xFF, 0xFF, 0xFF, 0xFF,
    0xFF, 0xFF, 0xBC, 0x00, 0x01, 0xA7, 0xFF, 0xFF, 0xFF, 0xFF, 0xFF, 0xFF, 0xFF, 0xFF, 0xFF, 0xFF,
    0xCC, 0x0D, 0x00, 0x00, 0x00, 0x00, 0x00, 0x00, 0xFF, 0xFF, 0xFF, 0xFF, 0xFF, 0xFF, 0xFF, 0xFF,
    0xBC, 0x00, 0x88, 0xFF, 0xFF, 0xFF, 0xFF, 0xFF, 0xFF, 0xFF, 0xFF, 0xFF, 0xFF, 0xD8, 0x14, 0x00,
    0x00, 0x00, 0x00, 0x00, 0x00, 0x00, 0xFF, 0xFF, 0xFF, 0xFF, 0xFF, 0xFF, 0xFF, 0xFF, 0xBC, 0x66,
    0xFF, 0xFF, 0xFF, 0xFF, 0xFF, 0xFF, 0xFF, 0xFF, 0xFF, 0xFF, 0xE3, 0x1E, 0x00, 0x00, 0x00, 0x00,
    0x00, 0x00, 0x00, 0x00, 0xFF, 0xFF, 0xFF, 0xFF, 0xFF, 0xFF, 0xFF, 0xFF, 0xED, 0xFB, 0xFF, 0xFF,
    0xFF, 0xFF, 0xFF, 0xFF, 0xFF, 0xFF, 0xFF, 0xEC, 0x28, 0x00, 0x00, 0x00, 0x00, 0x00, 0x00, 0x00,
    0x00, 0x00, 0xFF, 0xFF, 0xFF, 0xFF, 0xFF, 0xFF, 0xFF, 0xFF, 0xFF, 0xFF, 0xFF, 0xFF, 0xFF, 0xFF,
    0xFF, 0xFF, 0xFF, 0xFF, 0xF3, 0x35, 0x00, 0x00, 0x00, 0x00, 0x00, 0x00, 0x00, 0x00, 0x00, 0x00,
    0xFF, 0xFF, 0xFF, 0xFF, 0xFF, 0xFF, 0xFF, 0xFF, 0xFF, 0xFF, 0xFF, 0xFF, 0xFF, 0xFF, 0xFF, 0xFF,
    0xFF, 0xFF, 0xB9, 0x01, 0x00, 0x00, 0x00, 0x00, 0x00, 0x00, 0x00, 0x00, 0x00, 0x00, 0xFF, 0xFF,
    0xFF, 0xFF, 0xFF, 0xFF, 0xFF, 0xFF, 0xFF, 0xFF, 0xFF, 0xFF, 0xFF, 0xFF, 0xFF, 0xFF, 0xFF, 0xFF,
    0xFF, 0x7E, 0x00, 0x00, 0x00, 0x00, 0x00, 0x00, 0x00, 0x00, 0x00, 0x00, 0xFF, 0xFF, 0xFF, 0xFF,
    0xFF, 0xFF, 0xFF, 0xFF, 0xFF, 0xFF, 0xFF, 0xFF, 0xFF, 0xFF, 0xFF, 0xFF, 0xFF, 0xFF, 0xFF, 0xFE,
    0x51, 0x00, 0x00, 0x00, 0x00, 0x00, 0x00, 0x00, 0x00, 0x00, 0xFF, 0xFF, 0xFF, 0xFF, 0xFF, 0xFF,
    0xFF, 0xFF, 0xFF, 0xFF, 0xFF, 0xFF, 0xFF, 0xFF, 0xFF, 0xFF, 0xFF, 0xFF, 0xFF, 0xFF, 0xF4, 0x2E,
    0x00, 0x00, 0x00, 0x00, 0x00, 0x00, 0x00, 0x00, 0xFF, 0xFF, 0xFF, 0xFF, 0xFF, 0xFF, 0xFF, 0xFF,
    0xFF, 0xFF, 0xFF, 0xFF, 0xFF, 0xFF, 0xFF, 0xFF, 0xFF, 0xFF, 0xFF, 0xFF, 0xFF, 0xDF, 0x14, 0x00,
    0x00, 0x00, 0x00, 0x00, 0x00, 0x00, 0xFF, 0xFF, 0xFF, 0xFF, 0xFF, 0xFF, 0xFF, 0xFF, 0xFF, 0xFF,
    0xFF, 0xFF, 0xFF, 0xFF, 0xFF, 0xFF, 0xFF, 0xFF, 0xFF, 0xFF, 0xFF, 0xFF, 0xC0, 0x05, 0x00, 0x00,
    0x00, 0x00, 0x00, 0x00, 0xFF, 0xFF, 0xFF, 0xFF, 0xFF, 0xFF, 0xFF, 0xFF, 0xFF, 0xFF, 0xE1, 0x63,
    0xFD, 0xFF, 0xFF, 0xFF, 0xFF, 0xFF, 0xFF, 0xFF, 0xFF, 0xFF, 0xFF, 0x98, 0x00, 0x00, 0x00, 0x00,
    0x00, 0x00, 0xFF, 0xFF, 0xFF, 0xFF, 0xFF, 0xFF, 0xFF, 0xFF, 0xFF, 0xE6, 0x24, 0x00, 0x78, 0xFF,
    0xFF, 0xFF, 0xFF, 0xFF, 0xFF, 0xFF, 0xFF, 0xFF, 0xFF, 0xFF, 0x6A, 0x00, 0x00, 0x00, 0x00, 0x00,
    0xFF, 0xFF, 0xFF, 0xFF, 0xFF, 0xFF, 0xFF, 0xFF, 0xED, 0x29, 0x00, 0x00, 0x00, 0xAC, 0xFF, 0xFF,
    0xFF, 0xFF, 0xFF, 0xFF, 0xFF, 0xFF, 0xFF, 0xFF, 0xFB, 0x3F, 0x00, 0x00, 0x00, 0x00, 0xFF, 0xFF,
    0xFF, 0xFF, 0xFF, 0xFF, 0xFF, 0xFF, 0xBC, 0x00, 0x00, 0x00, 0x00, 0x0C, 0xD5, 0xFF, 0xFF, 0xFF,
    0xFF, 0xFF, 0xFF, 0xFF, 0xFF, 0xFF, 0xFF, 0xE6, 0x17, 0x00, 0x00, 0x00, 0xFF, 0xFF, 0xFF, 0xFF,
    0xFF, 0xFF, 0xFF, 0xFF, 0xBC, 0x00, 0x00, 0x00, 0x00, 0x00, 0x26, 0xF1, 0xFF, 0xFF, 0xFF, 0xFF,
    0xFF, 0xFF, 0xFF, 0xFF, 0xFF, 0xFF, 0xA5, 0x00, 0x00, 0x00, 0xFF, 0xFF, 0xFF, 0xFF, 0xFF, 0xFF,
    0xFF, 0xFF, 0xBC, 0x00, 0x00, 0x00, 0x00, 0x00, 0x00, 0x4E, 0xFE, 0xFF, 0xFF, 0xFF, 0xFF, 0xFF,
    0xFF, 0xFF, 0xFF, 0xFF, 0xFF, 0x23, 0x00, 0x00, 0xFF, 0xFF, 0xFF, 0xFF, 0xFF, 0xFF, 0xFF, 0xFF,
    0xBB, 0x00, 0x00, 0x00, 0x00, 0x00, 0x00, 0x00, 0x82, 0xFF, 0xFF, 0xFF, 0xFF, 0xFF, 0xFF, 0xFF,
    0xFF, 0xFF, 0xFF, 0x6A, 0x00, 0x00, 0xF2, 0xFF, 0xFF, 0xFF, 0xFF, 0xFF, 0xFF, 0xFF, 0xAD, 0x00,
    0x00, 0x00, 0x00, 0x00, 0x00, 0x00, 0x02, 0xB5, 0xFF, 0xFF, 0xFF, 0xFF, 0xFF, 0xFF, 0xFF, 0xFF,
    0xFF, 0x76, 0x00, 0x00, 0xC5, 0xFF, 0xFF, 0xFF, 0xFF, 0xFF, 0xFF, 0xFF, 0x80, 0x00, 0x00, 0x00,
    0x00, 0x00, 0x00, 0x00, 0x00, 0x10, 0xDB, 0xFF, 0xFF, 0xFF, 0xFF, 0xFF, 0xFF, 0xFF, 0xFF, 0x46,
    0x00, 0x00, 0x5E, 0xFF, 0xFF, 0xFF, 0xFF, 0xFF, 0xFF, 0xF7, 0x21, 0x00, 0x00, 0x00, 0x00, 0x00,
    0x00, 0x00, 0x00, 0x00, 0x25, 0xEA, 0xFF, 0xFF, 0xFF, 0xFF, 0xFF, 0xFF, 0xCB, 0x02, 0x00, 0x00,
    0x00, 0x8F, 0xFE, 0xFF, 0xFF, 0xFF, 0xF4, 0x55, 0x00, 0x00, 0x00, 0x00, 0x00, 0x00, 0x00, 0x00,
    0x00, 0x00, 0x00, 0x27, 0xCF, 0xFF, 0xFF, 0xFF, 0xFF, 0xCC, 0x1B, 0x00, 0x00, 0x00, 0x00, 0x00,
    0x28, 0x6C, 0x7B, 0x5F, 0x15, 0x00, 0x00, 0x00, 0x00, 0x00, 0x00, 0x00, 0x00, 0x00, 0x00, 0x00,
    0x00, 0x00, 0x01, 0x3F, 0x6F, 0x77, 0x47, 0x02, 0x00, 0x00, 0x00, 0x00, 0x00, 0x00, 0x00, 0x00,
    0x00, 0x00, 0x00, 0x00, 0x00, 0x00, 0x00, 0x00, 0x00, 0x00, 0x00, 0x00, 0x00, 0x00, 0x00, 0x00,
    0x00, 0x00, 0x00, 0x00, 0x00, 0x00, 0x00, 0x00, 0x00, 0x00, 0x00, 0x00, 0x00, 0x00, 0x00, 0x00,
    0x00, 0x00, 0x00, 0x00, 0x00, 0x00, 0x00, 0x00, 0x00, 0x00, 0x00, 0x00, 0x00, 0x00, 0x00, 0x00,
    0x00, 0x00, 0x00, 0x00, 0x00, 0x00, 0x00, 0x00, 0x00, 0x00, 0x00, 0x00, 0x00, 0x00, 0x00, 0x00,
    0x00, 0x00, 0x00, 0x00, 0x00, 0x00, 0x00, 0x00, 0x00, 0x00, 0x00, 0x00, 0x00, 0x00, 0x00, 0x00,
    0x00, 0x00, 0x00, 0x00,
};
const AlphaBitmap kTodayAmountFontCharU004B = {kTodayAmountFontCharU004BAlpha, 30, 38};

const uint8_t kTodayAmountFontCharU004DAlpha[] = {
    0x00, 0x00, 0x00, 0x00, 0x00, 0x00, 0x00, 0x00, 0x00, 0x00, 0x00, 0x00, 0x00, 0x00, 0x00, 0x00,
    0x00, 0x00, 0x00, 0x00, 0x00, 0x00, 0x00, 0x00, 0x00, 0x00, 0x00, 0x00, 0x00, 0x00, 0x00, 0x00,
    0x00, 0x00, 0x00, 0x00, 0x00, 0x00, 0x00, 0x00, 0x00, 0x00, 0x00, 0x00, 0x00, 0x00, 0x00, 0x00,
    0x00, 0x00, 0x00, 0x00, 0x00, 0x00, 0x00, 0x00, 0x00, 0x00, 0x00, 0x00, 0x00, 0x00, 0x00, 0x00,
    0x00, 0x00, 0x00, 0x00, 0x00, 0x00, 0x00, 0x00, 0x00, 0x00, 0x00, 0x00, 0x00, 0x00, 0x00, 0x00,
    0x00, 0x29, 0x64, 0x7A, 0x72, 0x4A, 0x07, 0x00, 0x00, 0x00, 0x00, 0x00, 0x00, 0x00, 0x00, 0x00,
    0x00, 0x00, 0x00, 0x00, 0x00, 0x00, 0x00, 0x09, 0x4C, 0x73, 0x79, 0x63, 0x27, 0x00, 0x00, 0x00,
    0x00, 0x00, 0x00, 0x00, 0x00, 0x17, 0xB7, 0xFF, 0xFF, 0xFF, 0xFF, 0xFF, 0xEA, 0x51, 0x00, 0x00,
    0x00, 0x00, 0x00, 0x00, 0x00, 0x00, 0x00, 0x00, 0x00, 0x00, 0x00, 0x00, 0x5D, 0xEE, 0xFF, 0xFF,
    0xFF, 0xFF, 0xFF, 0xB5, 0x15, 0x00, 0x00, 0x00, 0x00, 0x00, 0x0A, 0xD4, 0xFF, 0xFF, 0xFF, 0xFF,
    0xFF, 0xFF, 0xFF, 0xFD, 0x4A, 0x00, 0x00, 0x00, 0x00, 0x00, 0x00, 0x00, 0x00, 0x00, 0x00, 0x00,
    0x00, 0x58, 0xFF, 0xFF, 0xFF, 0xFF, 0xFF, 0xFF, 0xFF, 0xFF, 0xD2, 0x09, 0x00, 0x00, 0x00, 0x00,
    0x72, 0xFF, 0xFF, 0xFF, 0xFF, 0xFF, 0xFF, 0xFF, 0xFF, 0xFF, 0xE4, 0x0A, 0x00, 0x00, 0x00, 0x00,
    0x00, 0x00, 0x00, 0x00, 0x00, 0x00, 0x10, 0xED, 0xFF, 0xFF, 0xFF, 0xFF, 0xFF, 0xFF, 0xFF, 0xFF,
    0xFF, 0x6F, 0x00, 0x00, 0x00, 0x00, 0xC5, 0xFF, 0xFF, 0xFF, 0xFF, 0xFF, 0xFF, 0xFF, 0xFF, 0xFF,
    0xFF, 0x6B, 0x00, 0x00, 0x00, 0x00, 0x00, 0x00, 0x00, 0x00, 0x00, 0x00, 0x7A, 0xFF, 0xFF, 0xFF,
    0xFF, 0xFF, 0xFF, 0xFF, 0xFF, 0xFF, 0xFF, 0xC3, 0x00, 0x00, 0x00, 0x00, 0xEF, 0xFF, 0xFF, 0xFF,
    0xFF, 0xFF, 0xFF, 0xFF, 0xFF, 0xFF, 0xFF, 0xD4, 0x00, 0x00, 0x00, 0x00, 0x00, 0x00, 0x00, 0x00,
    0x00, 0x01, 0xDF, 0xFF, 0xFF, 0xFF, 0xFF, 0xFF, 0xFF, 0xFF, 0xFF, 0xFF, 0xFF, 0xEE, 0x00, 0x00,
    0x00, 0x00, 0xFE, 0xFF, 0xFF, 0xFF, 0xFF, 0xFF, 0xFF, 0xFF, 0xFF, 0xFF, 0xFF, 0xFF, 0x32, 0x00,
    0x00, 0x00, 0x00, 0x00, 0x00, 0x00, 0x00, 0x3F, 0xFF, 0xFF, 0xFF, 0xFF, 0xFF, 0xFF, 0xFF, 0xFF,
    0xFF, 0xFF, 0xFF, 0xFD, 0x00, 0x00, 0x00, 0x00, 0xFF, 0xFF, 0xFF, 0xFF, 0xFF, 0xFF, 0xFF, 0xFF,
    0xFF, 0xFF, 0xFF, 0xFF, 0x91, 0x00, 0x00, 0x00, 0x00, 0x00, 0x00, 0x00, 0x00, 0x9E, 0xFF, 0xFF,
    0xFF, 0xFF, 0xFF, 0xFF, 0xFF, 0xFF, 0xFF, 0xFF, 0xFF, 0xFF, 0x00, 0x00, 0x00, 0x00, 0xFF, 0xFF,
    0xFF, 0xFF, 0xFF, 0xFF, 0xFF, 0xFF, 0xFF, 0xFF, 0xFF, 0xFF, 0xEA, 0x05, 0x00, 0x00, 0x00, 0x00,
    0x00, 0x00, 0x0A, 0xF2, 0xFF, 0xFF, 0xFF, 0xFF, 0xFF, 0xFF, 0xFF, 0xFF, 0xFF, 0xFF, 0xFF, 0xFF,
    0x00, 0x00, 0x00, 0x00, 0xFF, 0xFF, 0xFF, 0xFF, 0xFF, 0xFF, 0xFF, 0xFF, 0xFF, 0xFF, 0xFF, 0xFF,
    0xFF, 0x4E, 0x00, 0x00, 0x00, 0x00, 0x00, 0x00, 0x5B, 0xFF, 0xFF, 0xFF, 0xFF, 0xFF, 0xFF, 0xFF,
    0xFF, 0xFF, 0xFF, 0xFF, 0xFF, 0xFF, 0x00, 0x00, 0x00, 0x00, 0xFF, 0xFF, 0xFF, 0xFF, 0xFF, 0xFF,
    0xFF, 0xFF, 0xFF, 0xFF, 0xFF, 0xFF, 0xFF, 0xAD, 0x00, 0x00, 0x00, 0x00, 0x00, 0x00, 0xBA, 0xFF,
    0xFF, 0xFF, 0xFF, 0xFF, 0xFF, 0xFF, 0xFF, 0xFF, 0xFF, 0xFF, 0xFF, 0xFF, 0x00, 0x00, 0x00, 0x00,
    0xFF, 0xFF, 0xFF, 0xFF, 0xFF, 0xFF, 0xFF, 0xFF, 0xFF, 0xFF, 0xFF, 0xFF, 0xFF, 0xF9, 0x12, 0x00,
    0x00, 0x00, 0x00, 0x1B, 0xFD, 0xFF, 0xFF, 0xFF, 0xFF, 0xFF, 0xFF, 0xFF, 0xFF, 0xFF, 0xFF, 0xFF,
    0xFF, 0xFF, 0x00, 0x00, 0x00, 0x00, 0xFF, 0xFF, 0xFF, 0xFF, 0xFF, 0xFF, 0xFF, 0xFF, 0xFF, 0xFF,
    0xFF, 0xFF, 0xFF, 0xFF, 0x6A, 0x00, 0x00, 0x00, 0x00, 0x77, 0xFF, 0xFF, 0xFF, 0xFF, 0xFF, 0xFF,
    0xFF, 0xFF, 0xFF, 0xFF, 0xFF, 0xFF, 0xFF, 0xFF, 0x00, 0x00, 0x00, 0x00, 0xFF, 0xFF, 0xFF, 0xFF,
    0xFF, 0xFF, 0xFF, 0xFF, 0xFF, 0xFF, 0xFF, 0xFF, 0xFF, 0xFF, 0xC9, 0x00, 0x00, 0x00, 0x00, 0xD5,
    0xFF, 0xFF, 0xFF, 0xFF, 0xFF, 0xFF, 0xFF, 0xFF, 0xFF, 0xFF, 0xFF, 0xFF, 0xFF, 0xFF, 0x00, 0x00,
    0x00, 0x00, 0xFF, 0xFF, 0xFF, 0xFF, 0xFF, 0xFF, 0xFF, 0xFF, 0xDB, 0xFF, 0xFF, 0xFF, 0xFF, 0xFF,
    0xFF, 0x28, 0x00, 0x00, 0x35, 0xFF, 0xFF, 0xFF, 0xFF, 0xFF, 0xFF, 0xB4, 0xFF, 0xFF, 0xFF, 0xFF,
    0xFF, 0xFF, 0xFF, 0xFF, 0x00, 0x00, 0x00, 0x00, 0xFF, 0xFF, 0xFF, 0xFF, 0xFF, 0xFF, 0xFF, 0xFF,
    0x7D, 0xFF, 0xFF, 0xFF, 0xFF, 0xFF, 0xFF, 0x86, 0x00, 0x00, 0x93, 0xFF, 0xFF, 0xFF, 0xFF, 0xFF,
    0xFF, 0x50, 0xFF, 0xFF, 0xFF, 0xFF, 0xFF, 0xFF, 0xFF, 0xFF, 0x00, 0x00, 0x00, 0x00, 0xFF, 0xFF,
    0xFF, 0xFF, 0xFF, 0xFF, 0xFF, 0xFF, 0x1E, 0xFE, 0xFF, 0xFF, 0xFF, 0xFF, 0xFF, 0xE3, 0x02, 0x05,
    0xEC, 0xFF, 0xFF, 0xFF, 0xFF, 0xFF, 0xEB, 0x05, 0xFF, 0xFF, 0xFF, 0xFF, 0xFF, 0xFF, 0xFF, 0xFF,
    0x00, 0x00, 0x00, 0x00, 0xFF, 0xFF, 0xFF, 0xFF, 0xFF, 0xFF, 0xFF, 0xFF, 0x00, 0xBD, 0xFF, 0xFF,
    0xFF, 0xFF, 0xFF, 0xFF, 0x43, 0x50, 0xFF, 0xFF, 0xFF, 0xFF, 0xFF, 0xFF, 0x90, 0x00, 0xFF, 0xFF,
    0xFF, 0xFF, 0xFF, 0xFF, 0xFF, 0xFF, 0x00, 0x00, 0x00, 0x00, 0xFF, 0xFF, 0xFF, 0xFF, 0xFF, 0xFF,
    0xFF, 0xFF, 0x00, 0x5D, 0xFF, 0xFF, 0xFF, 0xFF, 0xFF, 0xFF, 0xA2, 0xAF, 0xFF, 0xFF, 0xFF, 0xFF,
    0xFF, 0xFF, 0x31, 0x00, 0xFF, 0xFF, 0xFF, 0xFF, 0xFF, 0xFF, 0xFF, 0xFF, 0x00, 0x00, 0x00, 0x00,
    0xFF, 0xFF, 0xFF, 0xFF, 0xFF, 0xFF, 0xFF, 0xFF, 0x00, 0x0A, 0xF2, 0xFF, 0xFF, 0xFF, 0xFF, 0xFF,
    0xF9, 0xFB, 0xFF, 0xFF, 0xFF, 0xFF, 0xFF, 0xD1, 0x00, 0x00, 0xFF, 0xFF, 0xFF, 0xFF, 0xFF, 0xFF,
    0xFF, 0xFF, 0x00, 0x00, 0x00, 0x00, 0xFF, 0xFF, 0xFF, 0xFF, 0xFF, 0xFF, 0xFF, 0xFF, 0x00, 0x00,
    0x9D, 0xFF, 0xFF, 0xFF, 0xFF, 0xFF, 0xFF, 0xFF, 0xFF, 0xFF, 0xFF, 0xFF, 0xFF, 0x71, 0x00, 0x00,
    0xFF, 0xFF, 0xFF, 0xFF, 0xFF, 0xFF, 0xFF, 0xFF, 0x00, 0x00, 0x00, 0x00, 0xFF, 0xFF, 0xFF, 0xFF,
    0xFF, 0xFF, 0xFF, 0xFF, 0x00, 0x00, 0x3D, 0xFF, 0xFF, 0xFF, 0xFF, 0xFF, 0xFF, 0xFF, 0xFF, 0xFF,
    0xFF, 0xFF, 0xFB, 0x16, 0x00, 0x00, 0xFF, 0xFF, 0xFF, 0xFF, 0xFF, 0xFF, 0xFF, 0xFF, 0x00, 0x00,
    0x00, 0x00, 0xFF, 0xFF, 0xFF, 0xFF, 0xFF, 0xFF, 0xFF, 0xFF, 0x00, 0x00, 0x00, 0xDC, 0xFF, 0xFF,
    0xFF, 0xFF, 0xFF, 0xFF, 0xFF, 0xFF, 0xFF, 0xFF, 0xB2, 0x00, 0x00, 0x00, 0xFF, 0xFF, 0xFF, 0xFF,
    0xFF, 0xFF, 0xFF, 0xFF, 0x00, 0x00, 0x00, 0x00, 0xFF, 0xFF, 0xFF, 0xFF, 0xFF, 0xFF, 0xFF, 0xFF,
    0x00, 0x00, 0x00, 0x7D, 0xFF, 0xFF, 0xFF, 0xFF, 0xFF, 0xFF, 0xFF, 0xFF, 0xFF, 0xFF, 0x52, 0x00,
    0x00, 0x00, 0xFF, 0xFF, 0xFF, 0xFF, 0xFF, 0xFF, 0xFF, 0xFF, 0x00, 0x00, 0x00, 0x00, 0xFF, 0xFF,
    0xFF, 0xFF, 0xFF, 0xFF, 0xFF, 0xFF, 0x00, 0x00, 0x00, 0x1E, 0xFE, 0xFF, 0xFF, 0xFF, 0xFF, 0xFF,
    0xFF, 0xFF, 0xFF, 0xEC, 0x06, 0x00, 0x00, 0x00, 0xFF, 0xFF, 0xFF, 0xFF, 0xFF, 0xFF, 0xFF, 0xFF,
    0x00, 0x00, 0x00, 0x00, 0xFF, 0xFF, 0xFF, 0xFF, 0xFF, 0xFF, 0xFF, 0xFF, 0x00, 0x00, 0x00, 0x00,
    0xBD, 0xFF, 0xFF, 0xFF, 0xFF, 0xFF, 0xFF, 0xFF, 0xFF, 0x93, 0x00, 0x00, 0x00, 0x00, 0xFF, 0xFF,
    0xFF, 0xFF, 0xFF, 0xFF, 0xFF, 0xFF, 0x00, 0x00, 0x00, 0x00, 0xFF, 0xFF, 0xFF, 0xFF, 0xFF, 0xFF,
    0xFF, 0xFF, 0x00, 0x00, 0x00, 0x00, 0x5D, 0xFF, 0xFF, 0xFF, 0xFF, 0xFF, 0xFF, 0xFF, 0xFF, 0x33,
    0x00, 0x00, 0x00, 0x00, 0xFF, 0xFF, 0xFF, 0xFF, 0xFF, 0xFF, 0xFF, 0xFF, 0x00, 0x00, 0x00, 0x00,
    0xFF, 0xFF, 0xFF, 0xFF, 0xFF, 0xFF, 0xFF, 0xFF, 0x00, 0x00, 0x00, 0x00, 0x0A, 0xF2, 0xFF, 0xFF,
    0xFF, 0xFF, 0xFF, 0xFF, 0xD4, 0x00, 0x00, 0x00, 0x00, 0x00, 0xFF, 0xFF, 0xFF, 0xFF, 0xFF, 0xFF,
    0xFF, 0xFF, 0x00, 0x00, 0x00, 0x00, 0xFC, 0xFF, 0xFF, 0xFF, 0xFF, 0xFF, 0xFF, 0xFB, 0x00, 0x00,
    0x00, 0x00, 0x00, 0x9D, 0xFF, 0xFF, 0xFF, 0xFF, 0xFF, 0xFF, 0x74, 0x00, 0x00, 0x00, 0x00, 0x00,
    0xFC, 0xFF, 0xFF, 0xFF, 0xFF, 0xFF, 0xFF, 0xFB, 0x00, 0x00, 0x00, 0x00, 0xDF, 0xFF, 0xFF, 0xFF,
    0xFF, 0xFF, 0xFF, 0xDF, 0x00, 0x00, 0x00, 0x00, 0x00, 0x3B, 0xFF, 0xFF, 0xFF, 0xFF, 0xFF, 0xFA,
    0x18, 0x00, 0x00, 0x00, 0x00, 0x00, 0xE0, 0xFF, 0xFF, 0xFF, 0xFF, 0xFF, 0xFF, 0xDE, 0x00, 0x00,
    0x00, 0x00, 0x8C, 0xFF, 0xFF, 0xFF, 0xFF, 0xFF, 0xFF, 0x8C, 0x00, 0x00, 0x00, 0x00, 0x00, 0x00,
    0xBE, 0xFF, 0xFF, 0xFF, 0xFF, 0x94, 0x00, 0x00, 0x00, 0x00, 0x00, 0x00, 0x8D, 0xFF, 0xFF, 0xFF,
    0xFF, 0xFF, 0xFF, 0x8C, 0x00, 0x00, 0x00, 0x00, 0x0C, 0xC2, 0xFF, 0xFF, 0xFF, 0xFF, 0xC3, 0x0C,
    0x00, 0x00, 0x00, 0x00, 0x00, 0x00, 0x13, 0xA8, 0xF0, 0xEC, 0x93, 0x06, 0x00, 0x00, 0x00, 0x00,
    0x00, 0x00, 0x0C, 0xC3, 0xFF, 0xFF, 0xFF, 0xFF, 0xC3, 0x0C, 0x00, 0x00, 0x00, 0x00, 0x00, 0x01,
    0x44, 0x76, 0x76, 0x45, 0x01, 0x00, 0x00, 0x00, 0x00, 0x00, 0x00, 0x00, 0x00, 0x00, 0x00, 0x00,
    0x00, 0x00, 0x00, 0x00, 0x00, 0x00, 0x00, 0x00, 0x00, 0x01, 0x45, 0x76, 0x76, 0x45, 0x01, 0x00,
    0x00, 0x00, 0x00, 0x00, 0x00, 0x00, 0x00, 0x00, 0x00, 0x00, 0x00, 0x00, 0x00, 0x00, 0x00, 0x00,
    0x00, 0x00, 0x00, 0x00, 0x00, 0x00, 0x00, 0x00, 0x00, 0x00, 0x00, 0x00, 0x00, 0x00, 0x00, 0x00,
    0x00, 0x00, 0x00, 0x00, 0x00, 0x00, 0x00, 0x00, 0x00, 0x00, 0x00, 0x00, 0x00, 0x00, 0x00, 0x00,
    0x00, 0x00, 0x00, 0x00, 0x00, 0x00, 0x00, 0x00, 0x00, 0x00, 0x00, 0x00, 0x00, 0x00, 0x00, 0x00,
    0x00, 0x00, 0x00, 0x00, 0x00, 0x00, 0x00, 0x00, 0x00, 0x00, 0x00, 0x00, 0x00, 0x00, 0x00, 0x00,
    0x00, 0x00, 0x00, 0x00, 0x00, 0x00, 0x00, 0x00, 0x00, 0x00, 0x00, 0x00, 0x00, 0x00, 0x00, 0x00,
    0x00, 0x00, 0x00, 0x00, 0x00, 0x00, 0x00, 0x00, 0x00, 0x00, 0x00, 0x00, 0x00, 0x00, 0x00, 0x00,
    0x00, 0x00, 0x00, 0x00,
};
const AlphaBitmap kTodayAmountFontCharU004D = {kTodayAmountFontCharU004DAlpha, 38, 38};

const AlphaGlyph kTodayAmountFontGlyphs[] = {
    {'$', kTodayAmountFontCurrency, 29},
    {'0', kTodayAmountFontDigit0, 31},
    {'1', kTodayAmountFontDigit1, 22},
    {'2', kTodayAmountFontDigit2, 27},
    {'3', kTodayAmountFontDigit3, 28},
    {'4', kTodayAmountFontDigit4, 29},
    {'5', kTodayAmountFontDigit5, 28},
    {'6', kTodayAmountFontDigit6, 30},
    {'7', kTodayAmountFontDigit7, 26},
    {'8', kTodayAmountFontDigit8, 31},
    {'9', kTodayAmountFontDigit9, 30},
    {'.', kTodayAmountFontDot, 13},
    {'K', kTodayAmountFontCharU004B, 30},
    {'M', kTodayAmountFontCharU004D, 38},
};
const AlphaFont kTodayAmountFont = {kTodayAmountFontGlyphs, sizeof(kTodayAmountFontGlyphs) / sizeof(kTodayAmountFontGlyphs[0]), 38};

const uint8_t kPeriodAmountFontCurrencyAlpha[] = {
    0x00, 0x00, 0x00, 0x00, 0x00, 0x00, 0x00, 0x00, 0x18, 0xD5, 0x00, 0x00, 0x00, 0x00, 0x00, 0x00,
    0x00, 0x00, 0x00, 0x00, 0x00, 0x00, 0x00, 0x00, 0x00, 0x00, 0x00, 0x2C, 0xFC, 0x00, 0x00, 0x00,
    0x00, 0x00, 0x00, 0x00, 0x00, 0x00, 0x00, 0x00, 0x00, 0x00, 0x00, 0x30, 0x8B, 0xCF, 0xFF, 0xFF,
    0xE9, 0xC3, 0x7D, 0x17, 0x00, 0x00, 0x00, 0x00, 0x00, 0x00, 0x00, 0x00, 0x09, 0x9C, 0xFE, 0xFF,
    0xFF, 0xFF, 0xFF, 0xFF, 0xFF, 0xFF, 0xF6, 0x6A, 0x00, 0x00, 0x00, 0x00, 0x00, 0x00, 0x04, 0xB9,
    0xFF, 0xFF, 0xFF, 0xFF, 0xFF, 0xFF, 0xFF, 0xFF, 0xFF, 0xFF, 0xFF, 0x6E, 0x00, 0x00, 0x00, 0x00,
    0x00, 0x65, 0xFF, 0xFF, 0xFF, 0xF1, 0x73, 0x53, 0xFF, 0x3E, 0xAB, 0xFF, 0xFF, 0xFF, 0xF7, 0x17,
    0x00, 0x00, 0x00, 0x00, 0xCA, 0xFF, 0xFF, 0xFF, 0x4E, 0x00, 0x2C, 0xFC, 0x00, 0x00, 0x9D, 0xFF,
    0xFF, 0xFF, 0x63, 0x00, 0x00, 0x00, 0x00, 0xF1, 0xFF, 0xFF, 0xFF, 0x19, 0x00, 0x2C, 0xFC, 0x00,
    0x00, 0x0F, 0xDE, 0xFF, 0xFF, 0x46, 0x00, 0x00, 0x00, 0x00, 0xF3, 0xFF, 0xFF, 0xFF, 0x7B, 0x00,
    0x2C, 0xFC, 0x00, 0x00, 0x00, 0x15, 0x64, 0x41, 0x00, 0x00, 0x00, 0x00, 0x00, 0xC3, 0xFF, 0xFF,
    0xFF, 0xFF, 0xB3, 0x7B, 0xFF, 0x00, 0x00, 0x00, 0x00, 0x00, 0x00, 0x00, 0x00, 0x00, 0x00, 0x00,
    0x57, 0xFF, 0xFF, 0xFF, 0xFF, 0xFF, 0xFF, 0xFF, 0xCB, 0x8D, 0x43, 0x02, 0x00, 0x00, 0x00, 0x00,
    0x00, 0x00, 0x00, 0x00, 0x87, 0xFF, 0xFF, 0xFF, 0xFF, 0xFF, 0xFF, 0xFF, 0xFF, 0xFF, 0xE1, 0x63,
    0x00, 0x00, 0x00, 0x00, 0x00, 0x00, 0x00, 0x00, 0x47, 0xC9, 0xFF, 0xFF, 0xFF, 0xFF, 0xFF, 0xFF,
    0xFF, 0xFF, 0xFF, 0xA9, 0x03, 0x00, 0x00, 0x00, 0x00, 0x00, 0x00, 0x00, 0x00, 0x28, 0x70, 0xDD,
    0xFF, 0xFF, 0xFF, 0xFF, 0xFF, 0xFF, 0xFF, 0x6E, 0x00, 0x00, 0x00, 0x00, 0x00, 0x00, 0x00, 0x00,
    0x00, 0x00, 0x2C, 0xFE, 0x34, 0x90, 0xF9, 0xFF, 0xFF, 0xFF, 0xCE, 0x00, 0x00, 0x00, 0x00, 0x18,
    0x6E, 0x4E, 0x00, 0x00, 0x00, 0x2C, 0xFC, 0x00, 0x00, 0x5F, 0xFF, 0xFF, 0xFF, 0xF5, 0x00, 0x00,
    0x00, 0x00, 0xD0, 0xFF, 0xFF, 0x66, 0x00, 0x00, 0x2C, 0xFC, 0x00, 0x00, 0x17, 0xFF, 0xFF, 0xFF,
    0xEC, 0x00, 0x00, 0x00, 0x00, 0xF5, 0xFF, 0xFF, 0xEF, 0x1A, 0x00, 0x2C, 0xFC, 0x00, 0x00, 0x51,
    0xFF, 0xFF, 0xFF, 0xC5, 0x00, 0x00, 0x00, 0x00, 0xA1, 0xFF, 0xFF, 0xFF, 0xDD, 0x5E, 0x4C, 0xFF,
    0x2B, 0x75, 0xF2, 0xFF, 0xFF, 0xFF, 0x5E, 0x00, 0x00, 0x00, 0x00, 0x1C, 0xE6, 0xFF, 0xFF, 0xFF,
    0xFF, 0xFF, 0xFF, 0xFF, 0xFF, 0xFF, 0xFF, 0xFF, 0xB4, 0x03, 0x00, 0x00, 0x00, 0x00, 0x00, 0x23,
    0xC8, 0xFF, 0xFF, 0xFF, 0xFF, 0xFF, 0xFF, 0xFF, 0xFF, 0xFC, 0x94, 0x06, 0x00, 0x00, 0x00, 0x00,
    0x00, 0x00, 0x00, 0x00, 0x48, 0x9E, 0xD8, 0xFF, 0xFF, 0xE7, 0xC7, 0x81, 0x27, 0x00, 0x00, 0x00,
    0x00, 0x00, 0x00, 0x00, 0x00, 0x00, 0x00, 0x00, 0x00, 0x00, 0x2C, 0xFC, 0x00, 0x00, 0x00, 0x00,
    0x00, 0x00, 0x00, 0x00, 0x00, 0x00, 0x00, 0x00, 0x00, 0x00, 0x00, 0x00, 0x00, 0x2A, 0xF9, 0x00,
    0x00, 0x00, 0x00, 0x00, 0x00, 0x00, 0x00, 0x00, 0x00, 0x00, 0x00, 0x00, 0x00, 0x00, 0x00, 0x00,
    0x04, 0x59, 0x00, 0x00, 0x00, 0x00, 0x00, 0x00, 0x00, 0x00, 0x00,
};
const AlphaBitmap kPeriodAmountFontCurrency = {kPeriodAmountFontCurrencyAlpha, 19, 25};

const uint8_t kPeriodAmountFontDigit0Alpha[] = {
    0x00, 0x00, 0x00, 0x00, 0x00, 0x00, 0x00, 0x00, 0x00, 0x00, 0x00, 0x00, 0x00, 0x00, 0x00, 0x00,
    0x00, 0x00, 0x00, 0x00, 0x00, 0x00, 0x00, 0x00, 0x00, 0x00, 0x00, 0x00, 0x00, 0x00, 0x00, 0x00,
    0x00, 0x00, 0x00, 0x00, 0x00, 0x00, 0x00, 0x00, 0x00, 0x36, 0x9D, 0xDB, 0xF7, 0xF7, 0xDB, 0x9E,
    0x37, 0x00, 0x00, 0x00, 0x00, 0x00, 0x00, 0x00, 0x00, 0x06, 0x9A, 0xFF, 0xFF, 0xFF, 0xFF, 0xFF,
    0xFF, 0xFF, 0xFF, 0x9A, 0x06, 0x00, 0x00, 0x00, 0x00, 0x00, 0x01, 0xAE, 0xFF, 0xFF, 0xFF, 0xFF,
    0xFF, 0xFF, 0xFF, 0xFF, 0xFF, 0xFF, 0xAE, 0x01, 0x00, 0x00, 0x00, 0x00, 0x6A, 0xFF, 0xFF, 0xFF,
    0xF9, 0x7D, 0x27, 0x25, 0x7A, 0xF8, 0xFF, 0xFF, 0xFF, 0x6A, 0x00, 0x00, 0x00, 0x07, 0xE9, 0xFF,
    0xFF, 0xFF, 0x63, 0x00, 0x00, 0x00, 0x00, 0x60, 0xFF, 0xFF, 0xFF, 0xE9, 0x07, 0x00, 0x00, 0x49,
    0xFF, 0xFF, 0xFF, 0xD4, 0x00, 0x00, 0x00, 0x00, 0x00, 0x00, 0xD3, 0xFF, 0xFF, 0xFF, 0x49, 0x00,
    0x00, 0x95, 0xFF, 0xFF, 0xFF, 0x78, 0x00, 0x00, 0x00, 0x00, 0x00, 0x00, 0x79, 0xFF, 0xFF, 0xFF,
    0x95, 0x00, 0x00, 0xCA, 0xFF, 0xFF, 0xFF, 0x41, 0x00, 0x00, 0x00, 0x00, 0x00, 0x00, 0x41, 0xFF,
    0xFF, 0xFF, 0xCA, 0x00, 0x00, 0xE1, 0xFF, 0xFF, 0xFF, 0x21, 0x00, 0x00, 0x00, 0x00, 0x00, 0x00,
    0x22, 0xFF, 0xFF, 0xFF, 0xE0, 0x00, 0x00, 0xF6, 0xFF, 0xFF, 0xFF, 0x12, 0x00, 0x00, 0x00, 0x00,
    0x00, 0x00, 0x13, 0xFF, 0xFF, 0xFF, 0xF5, 0x00, 0x00, 0xF5, 0xFF, 0xFF, 0xFF, 0x13, 0x00, 0x00,
    0x00, 0x00, 0x00, 0x00, 0x14, 0xFF, 0xFF, 0xFF, 0xF3, 0x00, 0x00, 0xE0, 0xFF, 0xFF, 0xFF, 0x21,
    0x00, 0x00, 0x00, 0x00, 0x00, 0x00, 0x22, 0xFF, 0xFF, 0xFF, 0xDE, 0x00, 0x00, 0xCA, 0xFF, 0xFF,
    0xFF, 0x42, 0x00, 0x00, 0x00, 0x00, 0x00, 0x00, 0x41, 0xFF, 0xFF, 0xFF, 0xC8, 0x00, 0x00, 0x93,
    0xFF, 0xFF, 0xFF, 0x77, 0x00, 0x00, 0x00, 0x00, 0x00, 0x00, 0x77, 0xFF, 0xFF, 0xFF, 0x90, 0x00,
    0x00, 0x49, 0xFF, 0xFF, 0xFF, 0xD2, 0x00, 0x00, 0x00, 0x00, 0x00, 0x00, 0xD0, 0xFF, 0xFF, 0xFF,
    0x45, 0x00, 0x00, 0x08, 0xE9, 0xFF, 0xFF, 0xFF, 0x61, 0x00, 0x00, 0x00, 0x00, 0x5E, 0xFF, 0xFF,
    0xFF, 0xE6, 0x06, 0x00, 0x00, 0x00, 0x69, 0xFF, 0xFF, 0xFF, 0xF8, 0x7A, 0x26, 0x25, 0x78, 0xF7,
    0xFF, 0xFF, 0xFF, 0x66, 0x00, 0x00, 0x00, 0x00, 0x01, 0xAD, 0xFF, 0xFF, 0xFF, 0xFF, 0xFF, 0xFF,
    0xFF, 0xFF, 0xFF, 0xFF, 0xAB, 0x01, 0x00, 0x00, 0x00, 0x00, 0x00, 0x06, 0x99, 0xFF, 0xFF, 0xFF,
    0xFF, 0xFF, 0xFF, 0xFF, 0xFF, 0x99, 0x06, 0x00, 0x00, 0x00, 0x00, 0x00, 0x00, 0x00, 0x00, 0x37,
    0x9E, 0xDC, 0xF8, 0xF8, 0xDC, 0x9E, 0x37, 0x00, 0x00, 0x00, 0x00, 0x00, 0x00, 0x00, 0x00, 0x00,
    0x00, 0x00, 0x00, 0x00, 0x00, 0x00, 0x00, 0x00, 0x00, 0x00, 0x00, 0x00, 0x00, 0x00, 0x00, 0x00,
    0x00, 0x00, 0x00, 0x00, 0x00, 0x00, 0x00, 0x00, 0x00, 0x00, 0x00, 0x00, 0x00, 0x00, 0x00, 0x00,
    0x00, 0x00, 0x00, 0x00, 0x00, 0x00, 0x00, 0x00, 0x00, 0x00, 0x00, 0x00, 0x00, 0x00, 0x00, 0x00,
    0x00, 0x00,
};
const AlphaBitmap kPeriodAmountFontDigit0 = {kPeriodAmountFontDigit0Alpha, 18, 25};

const uint8_t kPeriodAmountFontDigit1Alpha[] = {
    0x00, 0x00, 0x00, 0x00, 0x00, 0x00, 0x00, 0x00, 0x00, 0x00, 0x00, 0x00, 0x00, 0x00, 0x00, 0x00,
    0x00, 0x00, 0x00, 0x00, 0x00, 0x00, 0x00, 0x00, 0x00, 0x00, 0x00, 0x00, 0x00, 0x00, 0x00, 0x5B,
    0xCD, 0xF5, 0xD9, 0x42, 0x00, 0x00, 0x00, 0x00, 0x00, 0x00, 0x17, 0xB2, 0xFF, 0xFF, 0xFF, 0xFF,
    0xE3, 0x00, 0x00, 0x00, 0x00, 0x00, 0x52, 0xEB, 0xFF, 0xFF, 0xFF, 0xFF, 0xFF, 0xFF, 0x0A, 0x00,
    0x00, 0x06, 0xA0, 0xFF, 0xFF, 0xFF, 0xFF, 0xFF, 0xFF, 0xFF, 0xFF, 0x0C, 0x00, 0x00, 0x61, 0xFF,
    0xFF, 0xFF, 0xEF, 0x5E, 0xFF, 0xFF, 0xFF, 0xFF, 0x0C, 0x00, 0x00, 0x5C, 0xFF, 0xFF, 0xB9, 0x1C,
    0x00, 0xFF, 0xFF, 0xFF, 0xFF, 0x0C, 0x00, 0x00, 0x01, 0x4F, 0x48, 0x00, 0x00, 0x00, 0xFF, 0xFF,
    0xFF, 0xFF, 0x0C, 0x00, 0x00, 0x00, 0x00, 0x00, 0x00, 0x00, 0x00, 0xFF, 0xFF, 0xFF, 0xFF, 0x0C,
    0x00, 0x00, 0x00, 0x00, 0x00, 0x00, 0x00, 0x00, 0xFF, 0xFF, 0xFF, 0xFF, 0x0C, 0x00, 0x00, 0x00,
    0x00, 0x00, 0x00, 0x00, 0x00, 0xFF, 0xFF, 0xFF, 0xFF, 0x0C, 0x00, 0x00, 0x00, 0x00, 0x00, 0x00,
    0x00, 0x00, 0xFF, 0xFF, 0xFF, 0xFF, 0x0C, 0x00, 0x00, 0x00, 0x00, 0x00, 0x00, 0x00, 0x00, 0xFF,
    0xFF, 0xFF, 0xFF, 0x0C, 0x00, 0x00, 0x00, 0x00, 0x00, 0x00, 0x00, 0x00, 0xFF, 0xFF, 0xFF, 0xFF,
    0x0C, 0x00, 0x00, 0x00, 0x00, 0x00, 0x00, 0x00, 0x00, 0xFF, 0xFF, 0xFF, 0xFF, 0x0C, 0x00, 0x00,
    0x00, 0x00, 0x00, 0x00, 0x00, 0x00, 0xFF, 0xFF, 0xFF, 0xFF, 0x0C, 0x00, 0x00, 0x00, 0x00, 0x00,
    0x00, 0x00, 0x00, 0xFF, 0xFF, 0xFF, 0xFF, 0x0C, 0x00, 0x00, 0x00, 0x00, 0x00, 0x00, 0x00, 0x00,
    0xFF, 0xFF, 0xFF, 0xFF, 0x0C, 0x00, 0x00, 0x00, 0x00, 0x00, 0x00, 0x00, 0x00, 0xFF, 0xFF, 0xFF,
    0xFF, 0x0B, 0x00, 0x00, 0x00, 0x00, 0x00, 0x00, 0x00, 0x00, 0xE6, 0xFF, 0xFF, 0xF1, 0x01, 0x00,
    0x00, 0x00, 0x00, 0x00, 0x00, 0x00, 0x00, 0x53, 0xE6, 0xEA, 0x5C, 0x00, 0x00, 0x00, 0x00, 0x00,
    0x00, 0x00, 0x00, 0x00, 0x00, 0x00, 0x00, 0x00, 0x00, 0x00, 0x00, 0x00, 0x00, 0x00, 0x00, 0x00,
    0x00, 0x00, 0x00, 0x00, 0x00, 0x00, 0x00, 0x00, 0x00, 0x00, 0x00, 0x00, 0x00, 0x00, 0x00, 0x00,
    0x00, 0x00, 0x00, 0x00, 0x00,
};
const AlphaBitmap kPeriodAmountFontDigit1 = {kPeriodAmountFontDigit1Alpha, 13, 25};

const uint8_t kPeriodAmountFontDigit2Alpha[] = {
    0x00, 0x00, 0x00, 0x00, 0x00, 0x00, 0x00, 0x00, 0x00, 0x00, 0x00, 0x00, 0x00, 0x00, 0x00, 0x00,
    0x00, 0x00, 0x00, 0x00, 0x00, 0x00, 0x00, 0x00, 0x00, 0x00, 0x00, 0x00, 0x00, 0x00, 0x00, 0x00,
    0x00, 0x00, 0x00, 0x00, 0x00, 0x00, 0x45, 0xA0, 0xDC, 0xF3, 0xF4, 0xDD, 0xA7, 0x51, 0x01, 0x00,
    0x00, 0x00, 0x00, 0x00, 0x00, 0x14, 0xBA, 0xFF, 0xFF, 0xFF, 0xFF, 0xFF, 0xFF, 0xFF, 0xFF, 0xC2,
    0x1C, 0x00, 0x00, 0x00, 0x00, 0x0C, 0xD5, 0xFF, 0xFF, 0xFF, 0xFF, 0xFF, 0xFF, 0xFF, 0xFF, 0xFF,
    0xFF, 0xD5, 0x0F, 0x00, 0x00, 0x00, 0x8A, 0xFF, 0xFF, 0xFF, 0xEC, 0x62, 0x1C, 0x1F, 0x70, 0xF4,
    0xFF, 0xFF, 0xFF, 0x7F, 0x00, 0x00, 0x00, 0xE6, 0xFF, 0xFF, 0xFA, 0x33, 0x00, 0x00, 0x00, 0x00,
    0x61, 0xFF, 0xFF, 0xFF, 0xDC, 0x00, 0x00, 0x00, 0xE8, 0xFF, 0xFF, 0x91, 0x00, 0x00, 0x00, 0x00,
    0x00, 0x0C, 0xFF, 0xFF, 0xFF, 0xFC, 0x03, 0x00, 0x00, 0x41, 0xA8, 0x89, 0x08, 0x00, 0x00, 0x00,
    0x00, 0x00, 0x16, 0xFF, 0xFF, 0xFF, 0xF9, 0x00, 0x00, 0x00, 0x00, 0x00, 0x00, 0x00, 0x00, 0x00,
    0x00, 0x00, 0x00, 0x6F, 0xFF, 0xFF, 0xFF, 0xC4, 0x00, 0x00, 0x00, 0x00, 0x00, 0x00, 0x00, 0x00,
    0x00, 0x00, 0x00, 0x28, 0xF2, 0xFF, 0xFF, 0xFF, 0x58, 0x00, 0x00, 0x00, 0x00, 0x00, 0x00, 0x00,
    0x00, 0x00, 0x00, 0x1D, 0xE0, 0xFF, 0xFF, 0xFF, 0xB3, 0x01, 0x00, 0x00, 0x00, 0x00, 0x00, 0x00,
    0x00, 0x00, 0x00, 0x1F, 0xDD, 0xFF, 0xFF, 0xFF, 0xD2, 0x10, 0x00, 0x00, 0x00, 0x00, 0x00, 0x00,
    0x00, 0x00, 0x00, 0x24, 0xE1, 0xFF, 0xFF, 0xFF, 0xDA, 0x19, 0x00, 0x00, 0x00, 0x00, 0x00, 0x00,
    0x00, 0x00, 0x00, 0x29, 0xE5, 0xFF, 0xFF, 0xFF, 0xD9, 0x1A, 0x00, 0x00, 0x00, 0x00, 0x00, 0x00,
    0x00, 0x00, 0x00, 0x2F, 0xEA, 0xFF, 0xFF, 0xFF, 0xD5, 0x18, 0x00, 0x00, 0x00, 0x00, 0x00, 0x00,
    0x00, 0x00, 0x00, 0x35, 0xEE, 0xFF, 0xFF, 0xFF, 0xD1, 0x15, 0x00, 0x00, 0x00, 0x00, 0x00, 0x00,
    0x00, 0x00, 0x00, 0x3B, 0xF1, 0xFF, 0xFF, 0xFF, 0xCC, 0x12, 0x00, 0x00, 0x00, 0x00, 0x00, 0x00,
    0x00, 0x00, 0x00, 0x3A, 0xF4, 0xFF, 0xFF, 0xFF, 0xD1, 0x1F, 0x10, 0x10, 0x10, 0x10, 0x10, 0x10,
    0x06, 0x00, 0x00, 0x00, 0xD0, 0xFF, 0xFF, 0xFF, 0xFF, 0xFF, 0xFF, 0xFF, 0xFF, 0xFF, 0xFF, 0xFF,
    0xFF, 0xFD, 0x8F, 0x00, 0x00, 0xF0, 0xFF, 0xFF, 0xFF, 0xFF, 0xFF, 0xFF, 0xFF, 0xFF, 0xFF, 0xFF,
    0xFF, 0xFF, 0xFF, 0xF3, 0x00, 0x00, 0x6B, 0xED, 0xFF, 0xFF, 0xFF, 0xFF, 0xFF, 0xFF, 0xFF, 0xFF,
    0xFF, 0xFF, 0xFF, 0xF5, 0x81, 0x00, 0x00, 0x00, 0x00, 0x00, 0x00, 0x00, 0x00, 0x00, 0x00, 0x00,
    0x00, 0x00, 0x00, 0x00, 0x00, 0x00, 0x00, 0x00, 0x00, 0x00, 0x00, 0x00, 0x00, 0x00, 0x00, 0x00,
    0x00, 0x00, 0x00, 0x00, 0x00, 0x00, 0x00, 0x00, 0x00, 0x00, 0x00, 0x00, 0x00, 0x00, 0x00, 0x00,
    0x00, 0x00, 0x00, 0x00, 0x00, 0x00, 0x00, 0x00, 0x00,
};
const AlphaBitmap kPeriodAmountFontDigit2 = {kPeriodAmountFontDigit2Alpha, 17, 25};

const uint8_t kPeriodAmountFontDigit3Alpha[] = {
    0x00, 0x00, 0x00, 0x00, 0x00, 0x00, 0x00, 0x00, 0x00, 0x00, 0x00, 0x00, 0x00, 0x00, 0x00, 0x00,
    0x00, 0x00, 0x00, 0x00, 0x00, 0x00, 0x00, 0x00, 0x00, 0x00, 0x00, 0x00, 0x00, 0x00, 0x00, 0x00,
    0x00, 0x00, 0x00, 0x00, 0x00, 0x00, 0x00, 0x00, 0x0D, 0x6A, 0xB6, 0xE6, 0xF8, 0xF4, 0xE0, 0xB1,
    0x69, 0x0A, 0x00, 0x00, 0x00, 0x00, 0x00, 0x00, 0x00, 0x48, 0xE8, 0xFF, 0xFF, 0xFF, 0xFF, 0xFF,
    0xFF, 0xFF, 0xFF, 0xE9, 0x49, 0x00, 0x00, 0x00, 0x00, 0x00, 0x44, 0xFA, 0xFF, 0xFF, 0xFF, 0xFF,
    0xFF, 0xFF, 0xFF, 0xFF, 0xFF, 0xFF, 0xFA, 0x3A, 0x00, 0x00, 0x00, 0x01, 0xDD, 0xFF, 0xFF, 0xFF,
    0xCD, 0x4D, 0x1F, 0x1D, 0x5A, 0xE4, 0xFF, 0xFF, 0xFF, 0xC1, 0x00, 0x00, 0x00, 0x14, 0xFF, 0xFF,
    0xFF, 0xD5, 0x0B, 0x00, 0x00, 0x00, 0x00, 0x3C, 0xFF, 0xFF, 0xFF, 0xF7, 0x02, 0x00, 0x00, 0x00,
    0xBA, 0xFF, 0xEA, 0x2E, 0x00, 0x00, 0x00, 0x00, 0x00, 0x09, 0xFF, 0xFF, 0xFF, 0xF8, 0x01, 0x00,
    0x00, 0x00, 0x00, 0x13, 0x05, 0x00, 0x00, 0x00, 0x00, 0x00, 0x00, 0x4F, 0xFF, 0xFF, 0xFF, 0xB4,
    0x00, 0x00, 0x00, 0x00, 0x00, 0x00, 0x00, 0x00, 0x00, 0x07, 0x11, 0x28, 0x76, 0xF3, 0xFF, 0xFF,
    0xED, 0x26, 0x00, 0x00, 0x00, 0x00, 0x00, 0x00, 0x00, 0x00, 0x77, 0xFD, 0xFF, 0xFF, 0xFF, 0xFF,
    0xFF, 0xB4, 0x21, 0x00, 0x00, 0x00, 0x00, 0x00, 0x00, 0x00, 0x00, 0x00, 0xD0, 0xFF, 0xFF, 0xFF,
    0xFF, 0xF9, 0x9F, 0x48, 0x04, 0x00, 0x00, 0x00, 0x00, 0x00, 0x00, 0x00, 0x00, 0x00, 0x65, 0xF1,
    0xFF, 0xFF, 0xFF, 0xFF, 0xFF, 0xFF, 0xDD, 0x3E, 0x00, 0x00, 0x00, 0x00, 0x00, 0x00, 0x00, 0x00,
    0x00, 0x00, 0x00, 0x15, 0x3A, 0xA3, 0xFF, 0xFF, 0xFF, 0xF7, 0x33, 0x00, 0x00, 0x00, 0x00, 0x00,
    0x00, 0x00, 0x00, 0x00, 0x00, 0x00, 0x00, 0x00, 0x82, 0xFF, 0xFF, 0xFF, 0xB6, 0x00, 0x00, 0x00,
    0x35, 0x63, 0x23, 0x00, 0x00, 0x00, 0x00, 0x00, 0x00, 0x00, 0x1E, 0xFF, 0xFF, 0xFF, 0xF1, 0x00,
    0x00, 0x46, 0xFF, 0xFF, 0xF5, 0x2F, 0x00, 0x00, 0x00, 0x00, 0x00, 0x00, 0x1D, 0xFF, 0xFF, 0xFF,
    0xEF, 0x00, 0x00, 0x75, 0xFF, 0xFF, 0xFF, 0xD8, 0x0C, 0x00, 0x00, 0x00, 0x00, 0x00, 0x86, 0xFF,
    0xFF, 0xFF, 0xC6, 0x00, 0x00, 0x2A, 0xFB, 0xFF, 0xFF, 0xFF, 0xDF, 0x5D, 0x20, 0x15, 0x36, 0x99,
    0xFF, 0xFF, 0xFF, 0xFF, 0x5B, 0x00, 0x00, 0x00, 0x78, 0xFF, 0xFF, 0xFF, 0xFF, 0xFF, 0xFF, 0xFF,
    0xFF, 0xFF, 0xFF, 0xFF, 0xFF, 0xAA, 0x02, 0x00, 0x00, 0x00, 0x00, 0x68, 0xF3, 0xFF, 0xFF, 0xFF,
    0xFF, 0xFF, 0xFF, 0xFF, 0xFF, 0xF9, 0x89, 0x04, 0x00, 0x00, 0x00, 0x00, 0x00, 0x00, 0x13, 0x73,
    0xB7, 0xE5, 0xF7, 0xF7, 0xE2, 0xBF, 0x79, 0x20, 0x00, 0x00, 0x00, 0x00, 0x00, 0x00, 0x00, 0x00,
    0x00, 0x00, 0x00, 0x00, 0x00, 0x00, 0x00, 0x00, 0x00, 0x00, 0x00, 0x00, 0x00, 0x00, 0x00, 0x00,
    0x00, 0x00, 0x00, 0x00, 0x00, 0x00, 0x00, 0x00, 0x00, 0x00, 0x00, 0x00, 0x00, 0x00, 0x00, 0x00,
    0x00, 0x00, 0x00, 0x00, 0x00, 0x00, 0x00, 0x00, 0x00, 0x00, 0x00, 0x00, 0x00, 0x00, 0x00, 0x00,
    0x00, 0x00,
};
const AlphaBitmap kPeriodAmountFontDigit3 = {kPeriodAmountFontDigit3Alpha, 18, 25};

const uint8_t kPeriodAmountFontDigit4Alpha[] = {
    0x00, 0x00, 0x00, 0x00, 0x00, 0x00, 0x00, 0x00, 0x00, 0x00, 0x00, 0x00, 0x00, 0x00, 0x00, 0x00,
    0x00, 0x00, 0x00, 0x00, 0x00, 0x00, 0x00, 0x00, 0x00, 0x00, 0x00, 0x00, 0x00, 0x00, 0x00, 0x00,
    0x00, 0x00, 0x00, 0x00, 0x00, 0x00, 0x00, 0x00, 0x00, 0x00, 0x00, 0x00, 0x00, 0x00, 0x00, 0x6E,
    0xD8, 0xF7, 0xDD, 0x82, 0x07, 0x00, 0x00, 0x00, 0x00, 0x00, 0x00, 0x00, 0x00, 0x00, 0x00, 0x00,
    0x00, 0x96, 0xFF, 0xFF, 0xFF, 0xFF, 0xFF, 0x92, 0x00, 0x00, 0x00, 0x00, 0x00, 0x00, 0x00, 0x00,
    0x00, 0x00, 0x00, 0x66, 0xFF, 0xFF, 0xFF, 0xFF, 0xFF, 0xFF, 0xE9, 0x00, 0x00, 0x00, 0x00, 0x00,
    0x00, 0x00, 0x00, 0x00, 0x00, 0x26, 0xF5, 0xFF, 0xFF, 0xBC, 0xFF, 0xFF, 0xFF, 0xFF, 0x00, 0x00,
    0x00, 0x00, 0x00, 0x00, 0x00, 0x00, 0x00, 0x04, 0xC9, 0xFF, 0xFF, 0xE9, 0x21, 0xFF, 0xFF, 0xFF,
    0xFF, 0x00, 0x00, 0x00, 0x00, 0x00, 0x00, 0x00, 0x00, 0x00, 0x7E, 0xFF, 0xFF, 0xFF, 0x4F, 0x0C,
    0xFF, 0xFF, 0xFF, 0xFF, 0x00, 0x00, 0x00, 0x00, 0x00, 0x00, 0x00, 0x00, 0x30, 0xFA, 0xFF, 0xFF,
    0x9F, 0x00, 0x0C, 0xFF, 0xFF, 0xFF, 0xFF, 0x00, 0x00, 0x00, 0x00, 0x00, 0x00, 0x00, 0x05, 0xD1,
    0xFF, 0xFF, 0xE7, 0x10, 0x00, 0x0C, 0xFF, 0xFF, 0xFF, 0xFF, 0x00, 0x00, 0x00, 0x00, 0x00, 0x00,
    0x00, 0x81, 0xFF, 0xFF, 0xFF, 0x52, 0x00, 0x00, 0x0C, 0xFF, 0xFF, 0xFF, 0xFF, 0x00, 0x00, 0x00,
    0x00, 0x00, 0x00, 0x27, 0xF9, 0xFF, 0xFF, 0xAE, 0x00, 0x00, 0x00, 0x0C, 0xFF, 0xFF, 0xFF, 0xFF,
    0x00, 0x00, 0x00, 0x00, 0x00, 0x00, 0xBD, 0xFF, 0xFF, 0xF5, 0x1C, 0x00, 0x00, 0x00, 0x0C, 0xFF,
    0xFF, 0xFF, 0xFF, 0x00, 0x00, 0x00, 0x00, 0x00, 0x54, 0xFF, 0xFF, 0xFF, 0x7D, 0x00, 0x00, 0x00,
    0x00, 0x0C, 0xFF, 0xFF, 0xFF, 0xFF, 0x00, 0x00, 0x00, 0x00, 0x00, 0xC4, 0xFF, 0xFF, 0xE6, 0x18,
    0x10, 0x10, 0x10, 0x10, 0x1B, 0xFF, 0xFF, 0xFF, 0xFF, 0x10, 0x06, 0x00, 0x00, 0x00, 0xF3, 0xFF,
    0xFF, 0xFF, 0xFF, 0xFF, 0xFF, 0xFF, 0xFF, 0xFF, 0xFF, 0xFF, 0xFF, 0xFF, 0xFF, 0xFD, 0x8C, 0x00,
    0x00, 0xD2, 0xFF, 0xFF, 0xFF, 0xFF, 0xFF, 0xFF, 0xFF, 0xFF, 0xFF, 0xFF, 0xFF, 0xFF, 0xFF, 0xFF,
    0xFF, 0xF3, 0x00, 0x00, 0x32, 0xCA, 0xFA, 0xFF, 0xFF, 0xFF, 0xFF, 0xFF, 0xFF, 0xFF, 0xFF, 0xFF,
    0xFF, 0xFF, 0xFF, 0xF4, 0x80, 0x00, 0x00, 0x00, 0x00, 0x00, 0x00, 0x00, 0x00, 0x00, 0x00, 0x00,
    0x0C, 0xFF, 0xFF, 0xFF, 0xFF, 0x00, 0x00, 0x00, 0x00, 0x00, 0x00, 0x00, 0x00, 0x00, 0x00, 0x00,
    0x00, 0x00, 0x00, 0x0B, 0xFF, 0xFF, 0xFF, 0xFF, 0x00, 0x00, 0x00, 0x00, 0x00, 0x00, 0x00, 0x00,
    0x00, 0x00, 0x00, 0x00, 0x00, 0x00, 0x01, 0xF2, 0xFF, 0xFF, 0xE7, 0x00, 0x00, 0x00, 0x00, 0x00,
    0x00, 0x00, 0x00, 0x00, 0x00, 0x00, 0x00, 0x00, 0x00, 0x00, 0x61, 0xEB, 0xE7, 0x55, 0x00, 0x00,
    0x00, 0x00, 0x00, 0x00, 0x00, 0x00, 0x00, 0x00, 0x00, 0x00, 0x00, 0x00, 0x00, 0x00, 0x00, 0x00,
    0x00, 0x00, 0x00, 0x00, 0x00, 0x00, 0x00, 0x00, 0x00, 0x00, 0x00, 0x00, 0x00, 0x00, 0x00, 0x00,
    0x00, 0x00, 0x00, 0x00, 0x00, 0x00, 0x00, 0x00, 0x00, 0x00, 0x00, 0x00, 0x00, 0x00, 0x00, 0x00,
    0x00, 0x00, 0x00, 0x00, 0x00, 0x00, 0x00, 0x00, 0x00, 0x00, 0x00,
};
const AlphaBitmap kPeriodAmountFontDigit4 = {kPeriodAmountFontDigit4Alpha, 19, 25};

const uint8_t kPeriodAmountFontDigit5Alpha[] = {
    0x00, 0x00, 0x00, 0x00, 0x00, 0x00, 0x00, 0x00, 0x00, 0x00, 0x00, 0x00, 0x00, 0x00, 0x00, 0x00,
    0x00, 0x00, 0x00, 0x00, 0x00, 0x00, 0x00, 0x00, 0x00, 0x00, 0x00, 0x00, 0x00, 0x00, 0x00, 0x00,
    0x00, 0x00, 0x00, 0x00, 0x00, 0x00, 0x00, 0x79, 0xE6, 0xFE, 0xFF, 0xFF, 0xFF, 0xFF, 0xFF, 0xFF,
    0xFF, 0xFF, 0xF5, 0x82, 0x00, 0x00, 0x00, 0x00, 0x34, 0xFF, 0xFF, 0xFF, 0xFF, 0xFF, 0xFF, 0xFF,
    0xFF, 0xFF, 0xFF, 0xFF, 0xFF, 0xF7, 0x00, 0x00, 0x00, 0x00, 0x69, 0xFF, 0xFF, 0xFF, 0xFF, 0xFF,
    0xFF, 0xFF, 0xFF, 0xFF, 0xFF, 0xFF, 0xFE, 0x94, 0x00, 0x00, 0x00, 0x00, 0x81, 0xFF, 0xFF, 0xFF,
    0x5B, 0x10, 0x10, 0x10, 0x10, 0x10, 0x10, 0x10, 0x07, 0x00, 0x00, 0x00, 0x00, 0x00, 0x98, 0xFF,
    0xFF, 0xFF, 0x39, 0x00, 0x00, 0x00, 0x00, 0x00, 0x00, 0x00, 0x00, 0x00, 0x00, 0x00, 0x00, 0x00,
    0xAE, 0xFF, 0xFF, 0xFF, 0x22, 0x00, 0x00, 0x00, 0x00, 0x00, 0x00, 0x00, 0x00, 0x00, 0x00, 0x00,
    0x00, 0x00, 0xC4, 0xFF, 0xFF, 0xFF, 0x0A, 0x3E, 0xAB, 0xE6, 0xF8, 0xE0, 0xAF, 0x4A, 0x00, 0x00,
    0x00, 0x00, 0x00, 0x00, 0xDB, 0xFF, 0xFF, 0xF2, 0x77, 0xFE, 0xFF, 0xFF, 0xFF, 0xFF, 0xFF, 0xFF,
    0xA8, 0x0B, 0x00, 0x00, 0x00, 0x00, 0xF1, 0xFF, 0xFF, 0xFC, 0xFE, 0xFF, 0xFF, 0xFF, 0xFF, 0xFF,
    0xFF, 0xFF, 0xFF, 0xA9, 0x00, 0x00, 0x00, 0x00, 0xF2, 0xFF, 0xFF, 0xFF, 0xF9, 0x7F, 0x26, 0x1A,
    0x4C, 0xCB, 0xFF, 0xFF, 0xFF, 0xFF, 0x4D, 0x00, 0x00, 0x00, 0x98, 0xFF, 0xFF, 0xE4, 0x32, 0x00,
    0x00, 0x00, 0x00, 0x07, 0xC9, 0xFF, 0xFF, 0xFF, 0xB3, 0x00, 0x00, 0x00, 0x02, 0x49, 0x57, 0x10,
    0x00, 0x00, 0x00, 0x00, 0x00, 0x00, 0x44, 0xFF, 0xFF, 0xFF, 0xE9, 0x00, 0x00, 0x00, 0x00, 0x00,
    0x00, 0x00, 0x00, 0x00, 0x00, 0x00, 0x00, 0x00, 0x0D, 0xFF, 0xFF, 0xFF, 0xFE, 0x04, 0x00, 0x00,
    0x37, 0x9F, 0x7B, 0x06, 0x00, 0x00, 0x00, 0x00, 0x00, 0x00, 0x10, 0xFF, 0xFF, 0xFF, 0xF2, 0x00,
    0x00, 0x00, 0xE3, 0xFF, 0xFF, 0x95, 0x00, 0x00, 0x00, 0x00, 0x00, 0x00, 0x4C, 0xFF, 0xFF, 0xFF,
    0xD1, 0x00, 0x00, 0x00, 0xF0, 0xFF, 0xFF, 0xFE, 0x44, 0x00, 0x00, 0x00, 0x00, 0x09, 0xD0, 0xFF,
    0xFF, 0xFF, 0x7B, 0x00, 0x00, 0x00, 0x97, 0xFF, 0xFF, 0xFF, 0xF5, 0x76, 0x25, 0x19, 0x4B, 0xCE,
    0xFF, 0xFF, 0xFF, 0xEE, 0x16, 0x00, 0x00, 0x00, 0x10, 0xD5, 0xFF, 0xFF, 0xFF, 0xFF, 0xFF, 0xFF,
    0xFF, 0xFF, 0xFF, 0xFF, 0xFD, 0x47, 0x00, 0x00, 0x00, 0x00, 0x00, 0x14, 0xAD, 0xFF, 0xFF, 0xFF,
    0xFF, 0xFF, 0xFF, 0xFF, 0xFF, 0xE3, 0x41, 0x00, 0x00, 0x00, 0x00, 0x00, 0x00, 0x00, 0x00, 0x35,
    0x96, 0xD3, 0xF1, 0xF8, 0xDF, 0xB9, 0x62, 0x0C, 0x00, 0x00, 0x00, 0x00, 0x00, 0x00, 0x00, 0x00,
    0x00, 0x00, 0x00, 0x00, 0x00, 0x00, 0x00, 0x00, 0x00, 0x00, 0x00, 0x00, 0x00, 0x00, 0x00, 0x00,
    0x00, 0x00, 0x00, 0x00, 0x00, 0x00, 0x00, 0x00, 0x00, 0x00, 0x00, 0x00, 0x00, 0x00, 0x00, 0x00,
    0x00, 0x00, 0x00, 0x00, 0x00, 0x00, 0x00, 0x00, 0x00, 0x00, 0x00, 0x00, 0x00, 0x00, 0x00, 0x00,
    0x00, 0x00,
};
const AlphaBitmap kPeriodAmountFontDigit5 = {kPeriodAmountFontDigit5Alpha, 18, 25};

const uint8_t kPeriodAmountFontDigit6Alpha[] = {
    0x00, 0x00, 0x00, 0x00, 0x00, 0x00, 0x00, 0x00, 0x00, 0x00, 0x00, 0x00, 0x00, 0x00, 0x00, 0x00,
    0x00, 0x00, 0x00, 0x00, 0x00, 0x00, 0x00, 0x00, 0x00, 0x00, 0x00, 0x00, 0x00, 0x00, 0x00, 0x00,
    0x00, 0x00, 0x00, 0x00, 0x00, 0x00, 0x00, 0x00, 0x00, 0x23, 0x8A, 0xCE, 0xF2, 0xF9, 0xE2, 0xC5,
    0x78, 0x1D, 0x00, 0x00, 0x00, 0x00, 0x00, 0x00, 0x00, 0x01, 0x7D, 0xFA, 0xFF, 0xFF, 0xFF, 0xFF,
    0xFF, 0xFF, 0xFF, 0xF7, 0x74, 0x01, 0x00, 0x00, 0x00, 0x00, 0x00, 0x93, 0xFF, 0xFF, 0xFF, 0xFF,
    0xFF, 0xFF, 0xFF, 0xFF, 0xFF, 0xFF, 0xFF, 0x7E, 0x00, 0x00, 0x00, 0x00, 0x54, 0xFF, 0xFF, 0xFF,
    0xFE, 0x98, 0x33, 0x18, 0x3E, 0xB3, 0xFF, 0xFF, 0xFF, 0xFD, 0x1D, 0x00, 0x00, 0x03, 0xDD, 0xFF,
    0xFF, 0xFF, 0x7C, 0x00, 0x00, 0x00, 0x00, 0x00, 0x96, 0xFF, 0xFF, 0xFF, 0x2B, 0x00, 0x00, 0x3C,
    0xFF, 0xFF, 0xFF, 0xDF, 0x03, 0x00, 0x00, 0x00, 0x00, 0x00, 0x00, 0x69, 0xAB, 0x6B, 0x00, 0x00,
    0x00, 0x89, 0xFF, 0xFF, 0xFF, 0x7E, 0x00, 0x00, 0x00, 0x00, 0x09, 0x00, 0x00, 0x00, 0x00, 0x00,
    0x00, 0x00, 0x00, 0xC5, 0xFF, 0xFF, 0xFF, 0x44, 0x00, 0x57, 0xBE, 0xF7, 0xFF, 0xF3, 0xC7, 0x67,
    0x05, 0x00, 0x00, 0x00, 0x00, 0xDC, 0xFF, 0xFF, 0xFF, 0x26, 0xAA, 0xFF, 0xFF, 0xFF, 0xFF, 0xFF,
    0xFF, 0xFF, 0xC9, 0x1A, 0x00, 0x00, 0x00, 0xF2, 0xFF, 0xFF, 0xFF, 0x97, 0xFF, 0xFF, 0xFF, 0xFF,
    0xFF, 0xFF, 0xFF, 0xFF, 0xFF, 0xC8, 0x06, 0x00, 0x00, 0xFB, 0xFF, 0xFF, 0xFF, 0xFC, 0xF4, 0x72,
    0x1B, 0x08, 0x33, 0xAE, 0xFF, 0xFF, 0xFF, 0xFF, 0x63, 0x00, 0x00, 0xEF, 0xFF, 0xFF, 0xFF, 0xFF,
    0x44, 0x00, 0x00, 0x00, 0x00, 0x00, 0xAC, 0xFF, 0xFF, 0xFF, 0xC3, 0x00, 0x00, 0xD1, 0xFF, 0xFF,
    0xFF, 0xCC, 0x00, 0x00, 0x00, 0x00, 0x00, 0x00, 0x34, 0xFF, 0xFF, 0xFF, 0xEA, 0x00, 0x00, 0xA1,
    0xFF, 0xFF, 0xFF, 0xB0, 0x00, 0x00, 0x00, 0x00, 0x00, 0x00, 0x14, 0xFF, 0xFF, 0xFF, 0xF4, 0x00,
    0x00, 0x58, 0xFF, 0xFF, 0xFF, 0xDA, 0x00, 0x00, 0x00, 0x00, 0x00, 0x00, 0x3D, 0xFF, 0xFF, 0xFF,
    0xD3, 0x00, 0x00, 0x07, 0xE8, 0xFF, 0xFF, 0xFF, 0x61, 0x00, 0x00, 0x00, 0x00, 0x04, 0xC0, 0xFF,
    0xFF, 0xFF, 0x8C, 0x00, 0x00, 0x00, 0x61, 0xFF, 0xFF, 0xFF, 0xFC, 0x8A, 0x2B, 0x18, 0x48, 0xC7,
    0xFF, 0xFF, 0xFF, 0xF6, 0x1C, 0x00, 0x00, 0x00, 0x00, 0x9C, 0xFF, 0xFF, 0xFF, 0xFF, 0xFF, 0xFF,
    0xFF, 0xFF, 0xFF, 0xFF, 0xFE, 0x52, 0x00, 0x00, 0x00, 0x00, 0x00, 0x01, 0x83, 0xFC, 0xFF, 0xFF,
    0xFF, 0xFF, 0xFF, 0xFF, 0xFF, 0xE6, 0x4B, 0x00, 0x00, 0x00, 0x00, 0x00, 0x00, 0x00, 0x00, 0x24,
    0x8B, 0xD0, 0xF3, 0xF9, 0xE1, 0xBA, 0x66, 0x0E, 0x00, 0x00, 0x00, 0x00, 0x00, 0x00, 0x00, 0x00,
    0x00, 0x00, 0x00, 0x00, 0x00, 0x00, 0x00, 0x00, 0x00, 0x00, 0x00, 0x00, 0x00, 0x00, 0x00, 0x00,
    0x00, 0x00, 0x00, 0x00, 0x00, 0x00, 0x00, 0x00, 0x00, 0x00, 0x00, 0x00, 0x00, 0x00, 0x00, 0x00,
    0x00, 0x00, 0x00, 0x00, 0x00, 0x00, 0x00, 0x00, 0x00, 0x00, 0x00, 0x00, 0x00, 0x00, 0x00, 0x00,
    0x00, 0x00,
};
const AlphaBitmap kPeriodAmountFontDigit6 = {kPeriodAmountFontDigit6Alpha, 18, 25};

const uint8_t kPeriodAmountFontDigit7Alpha[] = {
    0x00, 0x00, 0x00, 0x00, 0x00, 0x00, 0x00, 0x00, 0x00, 0x00, 0x00, 0x00, 0x00, 0x00, 0x00, 0x00,
    0x00, 0x00, 0x00, 0x00, 0x00, 0x00, 0x00, 0x00, 0x00, 0x00, 0x00, 0x00, 0x00, 0x00, 0x00, 0x00,
    0x00, 0x82, 0xF7, 0xFF, 0xFF, 0xFF, 0xFF, 0xFF, 0xFF, 0xFF, 0xFF, 0xFF, 0xFC, 0xD0, 0x36, 0x00,
    0x00, 0xF4, 0xFF, 0xFF, 0xFF, 0xFF, 0xFF, 0xFF, 0xFF, 0xFF, 0xFF, 0xFF, 0xFF, 0xFF, 0xD6, 0x00,
    0x00, 0x91, 0xFE, 0xFF, 0xFF, 0xFF, 0xFF, 0xFF, 0xFF, 0xFF, 0xFF, 0xFF, 0xFF, 0xFF, 0xF2, 0x00,
    0x00, 0x00, 0x08, 0x10, 0x10, 0x10, 0x10, 0x10, 0x10, 0x10, 0x58, 0xFF, 0xFF, 0xFF, 0xBB, 0x00,
    0x00, 0x00, 0x00, 0x00, 0x00, 0x00, 0x00, 0x00, 0x00, 0x00, 0xCB, 0xFF, 0xFF, 0xFF, 0x4E, 0x00,
    0x00, 0x00, 0x00, 0x00, 0x00, 0x00, 0x00, 0x00, 0x00, 0x4F, 0xFF, 0xFF, 0xFF, 0xCF, 0x01, 0x00,
    0x00, 0x00, 0x00, 0x00, 0x00, 0x00, 0x00, 0x00, 0x01, 0xD0, 0xFF, 0xFF, 0xFF, 0x50, 0x00, 0x00,
    0x00, 0x00, 0x00, 0x00, 0x00, 0x00, 0x00, 0x00, 0x55, 0xFF, 0xFF, 0xFF, 0xCE, 0x01, 0x00, 0x00,
    0x00, 0x00, 0x00, 0x00, 0x00, 0x00, 0x00, 0x02, 0xD5, 0xFF, 0xFF, 0xFF, 0x4E, 0x00, 0x00, 0x00,
    0x00, 0x00, 0x00, 0x00, 0x00, 0x00, 0x00, 0x5B, 0xFF, 0xFF, 0xFF, 0xCD, 0x00, 0x00, 0x00, 0x00,
    0x00, 0x00, 0x00, 0x00, 0x00, 0x00, 0x03, 0xD9, 0xFF, 0xFF, 0xFF, 0x4C, 0x00, 0x00, 0x00, 0x00,
    0x00, 0x00, 0x00, 0x00, 0x00, 0x00, 0x60, 0xFF, 0xFF, 0xFF, 0xCB, 0x00, 0x00, 0x00, 0x00, 0x00,
    0x00, 0x00, 0x00, 0x00, 0x00, 0x05, 0xDE, 0xFF, 0xFF, 0xFF, 0x4A, 0x00, 0x00, 0x00, 0x00, 0x00,
    0x00, 0x00, 0x00, 0x00, 0x00, 0x66, 0xFF, 0xFF, 0xFF, 0xCA, 0x00, 0x00, 0x00, 0x00, 0x00, 0x00,
    0x00, 0x00, 0x00, 0x00, 0x06, 0xE2, 0xFF, 0xFF, 0xFF, 0x49, 0x00, 0x00, 0x00, 0x00, 0x00, 0x00,
    0x00, 0x00, 0x00, 0x00, 0x6C, 0xFF, 0xFF, 0xFF, 0xC8, 0x00, 0x00, 0x00, 0x00, 0x00, 0x00, 0x00,
    0x00, 0x00, 0x00, 0x08, 0xE6, 0xFF, 0xFF, 0xFF, 0x47, 0x00, 0x00, 0x00, 0x00, 0x00, 0x00, 0x00,
    0x00, 0x00, 0x00, 0x5E, 0xFF, 0xFF, 0xFF, 0xC6, 0x00, 0x00, 0x00, 0x00, 0x00, 0x00, 0x00, 0x00,
    0x00, 0x00, 0x00, 0x77, 0xFF, 0xFF, 0xFF, 0x45, 0x00, 0x00, 0x00, 0x00, 0x00, 0x00, 0x00, 0x00,
    0x00, 0x00, 0x00, 0x1A, 0xCC, 0xF7, 0x8F, 0x00, 0x00, 0x00, 0x00, 0x00, 0x00, 0x00, 0x00, 0x00,
    0x00, 0x00, 0x00, 0x00, 0x00, 0x00, 0x00, 0x00, 0x00, 0x00, 0x00, 0x00, 0x00, 0x00, 0x00, 0x00,
    0x00, 0x00, 0x00, 0x00, 0x00, 0x00, 0x00, 0x00, 0x00, 0x00, 0x00, 0x00, 0x00, 0x00, 0x00, 0x00,
    0x00, 0x00, 0x00, 0x00, 0x00, 0x00, 0x00, 0x00, 0x00, 0x00, 0x00, 0x00, 0x00, 0x00, 0x00, 0x00,
};
const AlphaBitmap kPeriodAmountFontDigit7 = {kPeriodAmountFontDigit7Alpha, 16, 25};

const uint8_t kPeriodAmountFontDigit8Alpha[] = {
    0x00, 0x00, 0x00, 0x00, 0x00, 0x00, 0x00, 0x00, 0x00, 0x00, 0x00, 0x00, 0x00, 0x00, 0x00, 0x00,
    0x00, 0x00, 0x00, 0x00, 0x00, 0x00, 0x00, 0x00, 0x00, 0x00, 0x00, 0x00, 0x00, 0x00, 0x00, 0x00,
    0x00, 0x00, 0x00, 0x00, 0x00, 0x00, 0x00, 0x00, 0x05, 0x5F, 0xAD, 0xDF, 0xF4, 0xF5, 0xE0, 0xB0,
    0x64, 0x07, 0x00, 0x00, 0x00, 0x00, 0x00, 0x00, 0x00, 0x37, 0xDD, 0xFF, 0xFF, 0xFF, 0xFF, 0xFF,
    0xFF, 0xFF, 0xFF, 0xE0, 0x3C, 0x00, 0x00, 0x00, 0x00, 0x00, 0x2D, 0xF3, 0xFF, 0xFF, 0xFF, 0xFF,
    0xFF, 0xFF, 0xFF, 0xFF, 0xFF, 0xFF, 0xF4, 0x2F, 0x00, 0x00, 0x00, 0x00, 0xB6, 0xFF, 0xFF, 0xFF,
    0xEB, 0x62, 0x1D, 0x1D, 0x63, 0xEB, 0xFF, 0xFF, 0xFF, 0xB6, 0x00, 0x00, 0x00, 0x01, 0xF4, 0xFF,
    0xFF, 0xFF, 0x43, 0x00, 0x00, 0x00, 0x00, 0x44, 0xFF, 0xFF, 0xFF, 0xF3, 0x01, 0x00, 0x00, 0x03,
    0xFC, 0xFF, 0xFF, 0xFF, 0x08, 0x00, 0x00, 0x00, 0x00, 0x09, 0xFF, 0xFF, 0xFF, 0xF5, 0x02, 0x00,
    0x00, 0x00, 0xC0, 0xFF, 0xFF, 0xFF, 0x42, 0x00, 0x00, 0x00, 0x00, 0x44, 0xFF, 0xFF, 0xFF, 0xB8,
    0x00, 0x00, 0x00, 0x00, 0x33, 0xF3, 0xFF, 0xFF, 0xE9, 0x5E, 0x1B, 0x1C, 0x60, 0xEB, 0xFF, 0xFF,
    0xF2, 0x2B, 0x00, 0x00, 0x00, 0x00, 0x00, 0x2A, 0xC3, 0xFF, 0xFF, 0xFF, 0xFF, 0xFF, 0xFF, 0xFF,
    0xFF, 0xC3, 0x2A, 0x00, 0x00, 0x00, 0x00, 0x00, 0x00, 0x06, 0x60, 0xD2, 0xFF, 0xFF, 0xFF, 0xFF,
    0xFF, 0xFF, 0xD4, 0x62, 0x07, 0x00, 0x00, 0x00, 0x00, 0x00, 0x30, 0xDD, 0xFF, 0xFF, 0xFF, 0xFF,
    0xFF, 0xFF, 0xFF, 0xFF, 0xFF, 0xFF, 0xDF, 0x32, 0x00, 0x00, 0x00, 0x1F, 0xEE, 0xFF, 0xFF, 0xFF,
    0xA6, 0x39, 0x0C, 0x0A, 0x36, 0xA0, 0xFF, 0xFF, 0xFF, 0xEF, 0x20, 0x00, 0x00, 0xA0, 0xFF, 0xFF,
    0xFF, 0x8F, 0x00, 0x00, 0x00, 0x00, 0x00, 0x00, 0x8D, 0xFF, 0xFF, 0xFF, 0x9F, 0x00, 0x00, 0xE8,
    0xFF, 0xFF, 0xFF, 0x1F, 0x00, 0x00, 0x00, 0x00, 0x00, 0x00, 0x1F, 0xFF, 0xFF, 0xFF, 0xE7, 0x00,
    0x00, 0xF9, 0xFF, 0xFF, 0xFF, 0x23, 0x00, 0x00, 0x00, 0x00, 0x00, 0x00, 0x23, 0xFF, 0xFF, 0xFF,
    0xF9, 0x00, 0x00, 0xD5, 0xFF, 0xFF, 0xFF, 0x9B, 0x00, 0x00, 0x00, 0x00, 0x00, 0x00, 0x9A, 0xFF,
    0xFF, 0xFF, 0xD5, 0x00, 0x00, 0x72, 0xFF, 0xFF, 0xFF, 0xFF, 0xB4, 0x46, 0x1B, 0x1A, 0x45, 0xB2,
    0xFF, 0xFF, 0xFF, 0xFF, 0x73, 0x00, 0x00, 0x04, 0xB0, 0xFF, 0xFF, 0xFF, 0xFF, 0xFF, 0xFF, 0xFF,
    0xFF, 0xFF, 0xFF, 0xFF, 0xFF, 0xB3, 0x04, 0x00, 0x00, 0x00, 0x04, 0x88, 0xF8, 0xFF, 0xFF, 0xFF,
    0xFF, 0xFF, 0xFF, 0xFF, 0xFF, 0xF8, 0x8B, 0x05, 0x00, 0x00, 0x00, 0x00, 0x00, 0x00, 0x1D, 0x75,
    0xBB, 0xE0, 0xF5, 0xF6, 0xE1, 0xBD, 0x77, 0x1E, 0x00, 0x00, 0x00, 0x00, 0x00, 0x00, 0x00, 0x00,
    0x00, 0x00, 0x00, 0x00, 0x00, 0x00, 0x00, 0x00, 0x00, 0x00, 0x00, 0x00, 0x00, 0x00, 0x00, 0x00,
    0x00, 0x00, 0x00, 0x00, 0x00, 0x00, 0x00, 0x00, 0x00, 0x00, 0x00, 0x00, 0x00, 0x00, 0x00, 0x00,
    0x00, 0x00, 0x00, 0x00, 0x00, 0x00, 0x00, 0x00, 0x00, 0x00, 0x00, 0x00, 0x00, 0x00, 0x00, 0x00,
    0x00, 0x00,
};
const AlphaBitmap kPeriodAmountFontDigit8 = {kPeriodAmountFontDigit8Alpha, 18, 25};

const uint8_t kPeriodAmountFontDigit9Alpha[] = {
    0x00, 0x00, 0x00, 0x00, 0x00, 0x00, 0x00, 0x00, 0x00, 0x00, 0x00, 0x00, 0x00, 0x00, 0x00, 0x00,
    0x00, 0x00, 0x00, 0x00, 0x00, 0x00, 0x00, 0x00, 0x00, 0x00, 0x00, 0x00, 0x00, 0x00, 0x00, 0x00,
    0x00, 0x00, 0x00, 0x00, 0x00, 0x00, 0x00, 0x00, 0x0F, 0x66, 0xBA, 0xE0, 0xF8, 0xF3, 0xCF, 0x8B,
    0x24, 0x00, 0x00, 0x00, 0x00, 0x00, 0x00, 0x00, 0x00, 0x4F, 0xE7, 0xFF, 0xFF, 0xFF, 0xFF, 0xFF,
    0xFF, 0xFF, 0xFC, 0x83, 0x01, 0x00, 0x00, 0x00, 0x00, 0x00, 0x59, 0xFE, 0xFF, 0xFF, 0xFF, 0xFF,
    0xFF, 0xFF, 0xFF, 0xFF, 0xFF, 0xFF, 0x9D, 0x00, 0x00, 0x00, 0x00, 0x22, 0xF9, 0xFF, 0xFF, 0xFF,
    0xC6, 0x48, 0x19, 0x2C, 0x8B, 0xFC, 0xFF, 0xFF, 0xFF, 0x61, 0x00, 0x00, 0x00, 0x92, 0xFF, 0xFF,
    0xFF, 0xBE, 0x04, 0x00, 0x00, 0x00, 0x00, 0x5F, 0xFF, 0xFF, 0xFF, 0xE8, 0x07, 0x00, 0x00, 0xD6,
    0xFF, 0xFF, 0xFF, 0x3B, 0x00, 0x00, 0x00, 0x00, 0x00, 0x00, 0xD9, 0xFF, 0xFF, 0xFF, 0x58, 0x00,
    0x00, 0xF5, 0xFF, 0xFF, 0xFF, 0x13, 0x00, 0x00, 0x00, 0x00, 0x00, 0x00, 0xB0, 0xFF, 0xFF, 0xFF,
    0xA1, 0x00, 0x00, 0xE9, 0xFF, 0xFF, 0xFF, 0x37, 0x00, 0x00, 0x00, 0x00, 0x00, 0x00, 0xD1, 0xFF,
    0xFF, 0xFF, 0xD0, 0x00, 0x00, 0xBE, 0xFF, 0xFF, 0xFF, 0xB3, 0x01, 0x00, 0x00, 0x00, 0x00, 0x51,
    0xFF, 0xFF, 0xFF, 0xFF, 0xEF, 0x00, 0x00, 0x5B, 0xFF, 0xFF, 0xFF, 0xFF, 0xB9, 0x41, 0x17, 0x2A,
    0x83, 0xF9, 0xF8, 0xFF, 0xFF, 0xFF, 0xFB, 0x00, 0x00, 0x03, 0xB8, 0xFF, 0xFF, 0xFF, 0xFF, 0xFF,
    0xFF, 0xFF, 0xFF, 0xFF, 0x91, 0xFF, 0xFF, 0xFF, 0xF1, 0x00, 0x00, 0x00, 0x0F, 0xAF, 0xFF, 0xFF,
    0xFF, 0xFF, 0xFF, 0xFF, 0xFF, 0xA8, 0x27, 0xFF, 0xFF, 0xFF, 0xDB, 0x00, 0x00, 0x00, 0x00, 0x00,
    0x4B, 0xAC, 0xE1, 0xF9, 0xEC, 0xB7, 0x53, 0x00, 0x47, 0xFF, 0xFF, 0xFF, 0xC5, 0x00, 0x00, 0x00,
    0x00, 0x00, 0x00, 0x00, 0x00, 0x00, 0x00, 0x00, 0x00, 0x00, 0x80, 0xFF, 0xFF, 0xFF, 0x8A, 0x00,
    0x00, 0x00, 0x7E, 0xBB, 0x6E, 0x00, 0x00, 0x00, 0x00, 0x00, 0x00, 0x02, 0xDF, 0xFF, 0xFF, 0xFF,
    0x3D, 0x00, 0x00, 0x37, 0xFF, 0xFF, 0xFF, 0x8F, 0x00, 0x00, 0x00, 0x00, 0x00, 0x7D, 0xFF, 0xFF,
    0xFF, 0xE0, 0x03, 0x00, 0x00, 0x22, 0xFE, 0xFF, 0xFF, 0xFF, 0xAC, 0x38, 0x17, 0x33, 0x97, 0xFE,
    0xFF, 0xFF, 0xFF, 0x57, 0x00, 0x00, 0x00, 0x00, 0x8E, 0xFF, 0xFF, 0xFF, 0xFF, 0xFF, 0xFF, 0xFF,
    0xFF, 0xFF, 0xFF, 0xFF, 0x94, 0x00, 0x00, 0x00, 0x00, 0x00, 0x01, 0x82, 0xFB, 0xFF, 0xFF, 0xFF,
    0xFF, 0xFF, 0xFF, 0xFF, 0xFA, 0x7D, 0x01, 0x00, 0x00, 0x00, 0x00, 0x00, 0x00, 0x00, 0x21, 0x85,
    0xC8, 0xEE, 0xFC, 0xF1, 0xCC, 0x88, 0x21, 0x00, 0x00, 0x00, 0x00, 0x00, 0x00, 0x00, 0x00, 0x00,
    0x00, 0x00, 0x00, 0x00, 0x00, 0x00, 0x00, 0x00, 0x00, 0x00, 0x00, 0x00, 0x00, 0x00, 0x00, 0x00,
    0x00, 0x00, 0x00, 0x00, 0x00, 0x00, 0x00, 0x00, 0x00, 0x00, 0x00, 0x00, 0x00, 0x00, 0x00, 0x00,
    0x00, 0x00, 0x00, 0x00, 0x00, 0x00, 0x00, 0x00, 0x00, 0x00, 0x00, 0x00, 0x00, 0x00, 0x00, 0x00,
    0x00, 0x00,
};
const AlphaBitmap kPeriodAmountFontDigit9 = {kPeriodAmountFontDigit9Alpha, 18, 25};

const uint8_t kPeriodAmountFontDotAlpha[] = {
    0x00, 0x00, 0x00, 0x00, 0x00, 0x00, 0x00, 0x00, 0x00, 0x00, 0x00, 0x00, 0x00, 0x00, 0x00, 0x00,
    0x00, 0x00, 0x00, 0x00, 0x00, 0x00, 0x00, 0x00, 0x00, 0x00, 0x00, 0x00, 0x00, 0x00, 0x00, 0x00,
    0x00, 0x00, 0x00, 0x00, 0x00, 0x00, 0x00, 0x00, 0x00, 0x00, 0x00, 0x00, 0x00, 0x00, 0x00, 0x00,
    0x00, 0x00, 0x00, 0x00, 0x00, 0x00, 0x00, 0x00, 0x00, 0x00, 0x00, 0x00, 0x00, 0x00, 0x00, 0x00,
    0x00, 0x00, 0x00, 0x00, 0x00, 0x00, 0x00, 0x00, 0x00, 0x00, 0x00, 0x00, 0x00, 0x00, 0x00, 0x00,
    0x00, 0x00, 0x00, 0x00, 0x00, 0x00, 0x00, 0x00, 0x00, 0x00, 0x00, 0x00, 0x00, 0x00, 0x00, 0x00,
    0x00, 0x00, 0x00, 0x00, 0x00, 0x00, 0x00, 0x00, 0x00, 0x00, 0x00, 0x00, 0x00, 0x00, 0x00, 0x00,
    0x00, 0x00, 0x00, 0x00, 0x00, 0x00, 0x00, 0x00, 0x00, 0x00, 0x00, 0x00, 0x00, 0x00, 0x00, 0x00,
    0x00, 0x00, 0x00, 0x00, 0x00, 0x00, 0x00, 0x00, 0x00, 0x00, 0x00, 0x00, 0x00, 0x00, 0x00, 0x00,
    0x00, 0x00, 0x47, 0xE2, 0xE5, 0x4F, 0x00, 0x00, 0x00, 0x00, 0xE3, 0xFF, 0xFF, 0xEE, 0x01, 0x00,
    0x00, 0x00, 0xE4, 0xFF, 0xFF, 0xEE, 0x01, 0x00, 0x00, 0x00, 0x49, 0xE3, 0xE6, 0x51, 0x00, 0x00,
    0x00, 0x00, 0x00, 0x00, 0x00, 0x00, 0x00, 0x00, 0x00, 0x00, 0x00, 0x00, 0x00, 0x00, 0x00, 0x00,
    0x00, 0x00, 0x00, 0x00, 0x00, 0x00, 0x00, 0x00,
};
const AlphaBitmap kPeriodAmountFontDot = {kPeriodAmountFontDotAlpha, 8, 25};

const uint8_t kPeriodAmountFontCharU004BAlpha[] = {
    0x00, 0x00, 0x00, 0x00, 0x00, 0x00, 0x00, 0x00, 0x00, 0x00, 0x00, 0x00, 0x00, 0x00, 0x00, 0x00,
    0x00, 0x00, 0x00, 0x00, 0x00, 0x00, 0x00, 0x00, 0x00, 0x00, 0x00, 0x00, 0x00, 0x00, 0x00, 0x00,
    0x00, 0x00, 0x00, 0x00, 0x00, 0x00, 0x00, 0x00, 0x55, 0xE7, 0xEA, 0x5B, 0x00, 0x00, 0x00, 0x00,
    0x00, 0x00, 0x00, 0x12, 0xAB, 0xF2, 0xB6, 0x0B, 0x00, 0x00, 0x00, 0xE4, 0xFF, 0xFF, 0xEF, 0x00,
    0x00, 0x00, 0x00, 0x00, 0x00, 0x0F, 0xCE, 0xFF, 0xFF, 0xFF, 0x6B, 0x00, 0x00, 0x00, 0xFF, 0xFF,
    0xFF, 0xFF, 0x0B, 0x00, 0x00, 0x00, 0x00, 0x0B, 0xC5, 0xFF, 0xFF, 0xFF, 0xFF, 0x56, 0x00, 0x00,
    0x00, 0xFF, 0xFF, 0xFF, 0xFF, 0x0C, 0x00, 0x00, 0x00, 0x07, 0xBB, 0xFF, 0xFF, 0xFF, 0xFF, 0xAC,
    0x01, 0x00, 0x00, 0x00, 0xFF, 0xFF, 0xFF, 0xFF, 0x0C, 0x00, 0x00, 0x04, 0xAF, 0xFF, 0xFF, 0xFF,
    0xFF, 0xB2, 0x05, 0x00, 0x00, 0x00, 0x00, 0xFF, 0xFF, 0xFF, 0xFF, 0x0C, 0x00, 0x01, 0xA3, 0xFF,
    0xFF, 0xFF, 0xFF, 0xB5, 0x06, 0x00, 0x00, 0x00, 0x00, 0x00, 0xFF, 0xFF, 0xFF, 0xFF, 0x0C, 0x00,
    0x96, 0xFF, 0xFF, 0xFF, 0xFF, 0xB9, 0x07, 0x00, 0x00, 0x00, 0x00, 0x00, 0x00, 0xFF, 0xFF, 0xFF,
    0xFF, 0x0C, 0x88, 0xFF, 0xFF, 0xFF, 0xFF, 0xBC, 0x09, 0x00, 0x00, 0x00, 0x00, 0x00, 0x00, 0x00,
    0xFF, 0xFF, 0xFF, 0xFF, 0x87, 0xFF, 0xFF, 0xFF, 0xFF, 0xBF, 0x0A, 0x00, 0x00, 0x00, 0x00, 0x00,
    0x00, 0x00, 0x00, 0xFF, 0xFF, 0xFF, 0xFF, 0xFF, 0xFF, 0xFF, 0xFF, 0xFF, 0x99, 0x00, 0x00, 0x00,
    0x00, 0x00, 0x00, 0x00, 0x00, 0x00, 0xFF, 0xFF, 0xFF, 0xFF, 0xFF, 0xFF, 0xFF, 0xFF, 0xFF, 0xFF,
    0x6D, 0x00, 0x00, 0x00, 0x00, 0x00, 0x00, 0x00, 0x00, 0xFF, 0xFF, 0xFF, 0xFF, 0xFF, 0xFA, 0xF6,
    0xFF, 0xFF, 0xFF, 0xFC, 0x46, 0x00, 0x00, 0x00, 0x00, 0x00, 0x00, 0x00, 0xFF, 0xFF, 0xFF, 0xFF,
    0xFC, 0x54, 0x56, 0xFE, 0xFF, 0xFF, 0xFF, 0xEF, 0x27, 0x00, 0x00, 0x00, 0x00, 0x00, 0x00, 0xFF,
    0xFF, 0xFF, 0xFF, 0x5B, 0x00, 0x00, 0x81, 0xFF, 0xFF, 0xFF, 0xFF, 0xDA, 0x11, 0x00, 0x00, 0x00,
    0x00, 0x00, 0xFF, 0xFF, 0xFF, 0xFF, 0x0C, 0x00, 0x00, 0x01, 0xAB, 0xFF, 0xFF, 0xFF, 0xFF, 0xBD,
    0x04, 0x00, 0x00, 0x00, 0x00, 0xFF, 0xFF, 0xFF, 0xFF, 0x0C, 0x00, 0x00, 0x00, 0x0A, 0xCE, 0xFF,
    0xFF, 0xFF, 0xFF, 0x96, 0x00, 0x00, 0x00, 0x00, 0xFF, 0xFF, 0xFF, 0xFF, 0x0C, 0x00, 0x00, 0x00,
    0x00, 0x1C, 0xE7, 0xFF, 0xFF, 0xFF, 0xFF, 0x5A, 0x00, 0x00, 0x00, 0xFF, 0xFF, 0xFF, 0xFF, 0x0B,
    0x00, 0x00, 0x00, 0x00, 0x00, 0x37, 0xF8, 0xFF, 0xFF, 0xFF, 0xDC, 0x00, 0x00, 0x00, 0xE5, 0xFF,
    0xFF, 0xEF, 0x00, 0x00, 0x00, 0x00, 0x00, 0x00, 0x00, 0x5C, 0xFF, 0xFF, 0xFF, 0xE6, 0x00, 0x00,
    0x00, 0x55, 0xE7, 0xEA, 0x5C, 0x00, 0x00, 0x00, 0x00, 0x00, 0x00, 0x00, 0x00, 0x6A, 0xE3, 0xE6,
    0x4F, 0x00, 0x00, 0x00, 0x00, 0x00, 0x00, 0x00, 0x00, 0x00, 0x00, 0x00, 0x00, 0x00, 0x00, 0x00,
    0x00, 0x00, 0x00, 0x00, 0x00, 0x00, 0x00, 0x00, 0x00, 0x00, 0x00, 0x00, 0x00, 0x00, 0x00, 0x00,
    0x00, 0x00, 0x00, 0x00, 0x00, 0x00, 0x00, 0x00, 0x00, 0x00, 0x00, 0x00, 0x00, 0x00, 0x00, 0x00,
    0x00, 0x00, 0x00, 0x00, 0x00, 0x00, 0x00, 0x00, 0x00, 0x00, 0x00,
};
const AlphaBitmap kPeriodAmountFontCharU004B = {kPeriodAmountFontCharU004BAlpha, 19, 25};

const uint8_t kPeriodAmountFontCharU004DAlpha[] = {
    0x00, 0x00, 0x00, 0x00, 0x00, 0x00, 0x00, 0x00, 0x00, 0x00, 0x00, 0x00, 0x00, 0x00, 0x00, 0x00,
    0x00, 0x00, 0x00, 0x00, 0x00, 0x00, 0x00, 0x00, 0x00, 0x00, 0x00, 0x00, 0x00, 0x00, 0x00, 0x00,
    0x00, 0x00, 0x00, 0x00, 0x00, 0x00, 0x00, 0x00, 0x00, 0x00, 0x00, 0x00, 0x00, 0x00, 0x00, 0x00,
    0x00, 0x00, 0x00, 0x00, 0x24, 0xBE, 0xF4, 0xDF, 0x5C, 0x00, 0x00, 0x00, 0x00, 0x00, 0x00, 0x00,
    0x00, 0x00, 0x00, 0x00, 0x59, 0xDC, 0xF5, 0xC3, 0x2A, 0x00, 0x00, 0x00, 0x00, 0xC0, 0xFF, 0xFF,
    0xFF, 0xFD, 0x33, 0x00, 0x00, 0x00, 0x00, 0x00, 0x00, 0x00, 0x00, 0x00, 0x33, 0xFD, 0xFF, 0xFF,
    0xFF, 0xCC, 0x00, 0x00, 0x00, 0x00, 0xF8, 0xFF, 0xFF, 0xFF, 0xFF, 0xAC, 0x00, 0x00, 0x00, 0x00,
    0x00, 0x00, 0x00, 0x00, 0x00, 0xAC, 0xFF, 0xFF, 0xFF, 0xFF, 0xFD, 0x06, 0x00, 0x00, 0x00, 0xFF,
    0xFF, 0xFF, 0xFF, 0xFF, 0xFB, 0x18, 0x00, 0x00, 0x00, 0x00, 0x00, 0x00, 0x00, 0x19, 0xFB, 0xFF,
    0xFF, 0xFF, 0xFF, 0xFF, 0x0C, 0x00, 0x00, 0x00, 0xFF, 0xFF, 0xFF, 0xFF, 0xFF, 0xFF, 0x7A, 0x00,
    0x00, 0x00, 0x00, 0x00, 0x00, 0x00, 0x7C, 0xFF, 0xFF, 0xFF, 0xFF, 0xFF, 0xFF, 0x0C, 0x00, 0x00,
    0x00, 0xFF, 0xFF, 0xFF, 0xFF, 0xFF, 0xFF, 0xDF, 0x02, 0x00, 0x00, 0x00, 0x00, 0x00, 0x02, 0xE0,
    0xFF, 0xFF, 0xFF, 0xFF, 0xFF, 0xFF, 0x0C, 0x00, 0x00, 0x00, 0xFF, 0xFF, 0xFF, 0xFF, 0xFC, 0xFF,
    0xFF, 0x48, 0x00, 0x00, 0x00, 0x00, 0x00, 0x4A, 0xFF, 0xFF, 0xF4, 0xFF, 0xFF, 0xFF, 0xFF, 0x0C,
    0x00, 0x00, 0x00, 0xFF, 0xFF, 0xFF, 0xFF, 0xB2, 0xFF, 0xFF, 0xAF, 0x00, 0x00, 0x00, 0x00, 0x00,
    0xB1, 0xFF, 0xFF, 0x95, 0xFF, 0xFF, 0xFF, 0xFF, 0x0C, 0x00, 0x00, 0x00, 0xFF, 0xFF, 0xFF, 0xFF,
    0x4D, 0xFF, 0xFF, 0xFB, 0x1A, 0x00, 0x00, 0x00, 0x1C, 0xFC, 0xFF, 0xFF, 0x31, 0xFF, 0xFF, 0xFF,
    0xFF, 0x0C, 0x00, 0x00, 0x00, 0xFF, 0xFF, 0xFF, 0xFF, 0x0D, 0xDB, 0xFF, 0xFF, 0x7C, 0x00, 0x00,
    0x00, 0x80, 0xFF, 0xFF, 0xCD, 0x00, 0xFF, 0xFF, 0xFF, 0xFF, 0x0C, 0x00, 0x00, 0x00, 0xFF, 0xFF,
    0xFF, 0xFF, 0x0C, 0x79, 0xFF, 0xFF, 0xE1, 0x02, 0x00, 0x03, 0xE3, 0xFF, 0xFF, 0x69, 0x00, 0xFF,
    0xFF, 0xFF, 0xFF, 0x0C, 0x00, 0x00, 0x00, 0xFF, 0xFF, 0xFF, 0xFF, 0x0C, 0x18, 0xFB, 0xFF, 0xFF,
    0x4A, 0x00, 0x4F, 0xFF, 0xFF, 0xF5, 0x0F, 0x00, 0xFF, 0xFF, 0xFF, 0xFF, 0x0C, 0x00, 0x00, 0x00,
    0xFF, 0xFF, 0xFF, 0xFF, 0x0C, 0x00, 0xB0, 0xFF, 0xFF, 0xB1, 0x00, 0xB6, 0xFF, 0xFF, 0xA0, 0x00,
    0x00, 0xFF, 0xFF, 0xFF, 0xFF, 0x0C, 0x00, 0x00, 0x00, 0xFF, 0xFF, 0xFF, 0xFF, 0x0C, 0x00, 0x4B,
    0xFF, 0xFF, 0xFC, 0x3B, 0xFD, 0xFF, 0xFF, 0x3C, 0x00, 0x00, 0xFF, 0xFF, 0xFF, 0xFF, 0x0C, 0x00,
    0x00, 0x00, 0xFF, 0xFF, 0xFF, 0xFF, 0x0C, 0x00, 0x03, 0xE3, 0xFF, 0xFF, 0xEA, 0xFF, 0xFF, 0xD7,
    0x00, 0x00, 0x00, 0xFF, 0xFF, 0xFF, 0xFF, 0x0C, 0x00, 0x00, 0x00, 0xFF, 0xFF, 0xFF, 0xFF, 0x0C,
    0x00, 0x00, 0x83, 0xFF, 0xFF, 0xFF, 0xFF, 0xFF, 0x73, 0x00, 0x00, 0x00, 0xFF, 0xFF, 0xFF, 0xFF,
    0x0C, 0x00, 0x00, 0x00, 0xFF, 0xFF, 0xFF, 0xFF, 0x0C, 0x00, 0x00, 0x20, 0xFE, 0xFF, 0xFF, 0xFF,
    0xFA, 0x15, 0x00, 0x00, 0x00, 0xFF, 0xFF, 0xFF, 0xFF, 0x0C, 0x00, 0x00, 0x00, 0xFF, 0xFF, 0xFF,
    0xFF, 0x0C, 0x00, 0x00, 0x00, 0xBA, 0xFF, 0xFF, 0xFF, 0xAB, 0x00, 0x00, 0x00, 0x00, 0xFF, 0xFF,
    0xFF, 0xFF, 0x0C, 0x00, 0x00, 0x00, 0xEE, 0xFF, 0xFF, 0xF7, 0x03, 0x00, 0x00, 0x00, 0x54, 0xFF,
    0xFF, 0xFF, 0x45, 0x00, 0x00, 0x00, 0x00, 0xEE, 0xFF, 0xFF, 0xF7, 0x02, 0x00, 0x00, 0x00, 0x61,
    0xEA, 0xEE, 0x6E, 0x00, 0x00, 0x00, 0x00, 0x02, 0xAA, 0xF7, 0x9E, 0x00, 0x00, 0x00, 0x00, 0x00,
    0x64, 0xEB, 0xED, 0x6B, 0x00, 0x00, 0x00, 0x00, 0x00, 0x00, 0x00, 0x00, 0x00, 0x00, 0x00, 0x00,
    0x00, 0x00, 0x00, 0x00, 0x00, 0x00, 0x00, 0x00, 0x00, 0x00, 0x00, 0x00, 0x00, 0x00, 0x00, 0x00,
    0x00, 0x00, 0x00, 0x00, 0x00, 0x00, 0x00, 0x00, 0x00, 0x00, 0x00, 0x00, 0x00, 0x00, 0x00, 0x00,
    0x00, 0x00, 0x00, 0x00, 0x00, 0x00, 0x00, 0x00, 0x00, 0x00, 0x00, 0x00, 0x00, 0x00, 0x00, 0x00,
    0x00, 0x00, 0x00, 0x00, 0x00, 0x00, 0x00, 0x00, 0x00, 0x00, 0x00, 0x00, 0x00, 0x00, 0x00, 0x00,
    0x00,
};
const AlphaBitmap kPeriodAmountFontCharU004D = {kPeriodAmountFontCharU004DAlpha, 25, 25};

const AlphaGlyph kPeriodAmountFontGlyphs[] = {
    {'$', kPeriodAmountFontCurrency, 19},
    {'0', kPeriodAmountFontDigit0, 18},
    {'1', kPeriodAmountFontDigit1, 13},
    {'2', kPeriodAmountFontDigit2, 17},
    {'3', kPeriodAmountFontDigit3, 18},
    {'4', kPeriodAmountFontDigit4, 19},
    {'5', kPeriodAmountFontDigit5, 18},
    {'6', kPeriodAmountFontDigit6, 18},
    {'7', kPeriodAmountFontDigit7, 16},
    {'8', kPeriodAmountFontDigit8, 18},
    {'9', kPeriodAmountFontDigit9, 18},
    {'.', kPeriodAmountFontDot, 8},
    {'K', kPeriodAmountFontCharU004B, 19},
    {'M', kPeriodAmountFontCharU004D, 25},
};
const AlphaFont kPeriodAmountFont = {kPeriodAmountFontGlyphs, sizeof(kPeriodAmountFontGlyphs) / sizeof(kPeriodAmountFontGlyphs[0]), 25};

const uint8_t kTokenFontDigit0Alpha[] = {
    0x00, 0x00, 0x1A, 0xA5, 0xEC, 0xED, 0xA8, 0x1C, 0x00, 0x00, 0x00, 0x0A, 0xD9, 0xEA, 0x71, 0x6F,
    0xEA, 0xDC, 0x0C, 0x00, 0x00, 0x75, 0xFF, 0x40, 0x00, 0x00, 0x40, 0xFF, 0x77, 0x00, 0x00, 0xC5,
    0xDA, 0x00, 0x00, 0x00, 0x00, 0xDA, 0xC5, 0x00, 0x00, 0xED, 0xAC, 0x00, 0x00, 0x00, 0x00, 0xAC,
    0xEC, 0x00, 0x00, 0xFB, 0x9F, 0x00, 0x00, 0x00, 0x00, 0xA0, 0xFB, 0x00, 0x00, 0xED, 0xAC, 0x00,
    0x00, 0x00, 0x00, 0xAC, 0xEC, 0x00, 0x00, 0xC4, 0xD9, 0x00, 0x00, 0x00, 0x00, 0xD9, 0xC4, 0x00,
    0x00, 0x75, 0xFF, 0x3E, 0x00, 0x00, 0x3C, 0xFF, 0x75, 0x00, 0x00, 0x0B, 0xDA, 0xE8, 0x6F, 0x6E,
    0xE7, 0xDB, 0x0B, 0x00, 0x00, 0x00, 0x1C, 0xA8, 0xEE, 0xEE, 0xA8, 0x1C, 0x00, 0x00,
};
const AlphaBitmap kTokenFontDigit0 = {kTokenFontDigit0Alpha, 10, 11};

const uint8_t kTokenFontDigit1Alpha[] = {
    0x00, 0x03, 0x7F, 0xEF, 0x65, 0x00, 0x1F, 0xC5, 0xF9, 0xFF, 0x9C, 0x00, 0xDC, 0xD5, 0x2F, 0xFF,
    0x9C, 0x00, 0x2E, 0x08, 0x00, 0xFF, 0x9C, 0x00, 0x00, 0x00, 0x00, 0xFF, 0x9C, 0x00, 0x00, 0x00,
    0x00, 0xFF, 0x9C, 0x00, 0x00, 0x00, 0x00, 0xFF, 0x9C, 0x00, 0x00, 0x00, 0x00, 0xFF, 0x9C, 0x00,
    0x00, 0x00, 0x00, 0xFF, 0x9C, 0x00, 0x00, 0x00, 0x00, 0xFF, 0x9C, 0x00, 0x00, 0x00, 0x00, 0xCE,
    0x6C, 0x00,
};
const AlphaBitmap kTokenFontDigit1 = {kTokenFontDigit1Alpha, 6, 11};

const uint8_t kTokenFontDigit2Alpha[] = {
    0x00, 0x1D, 0xA7, 0xED, 0xF6, 0xC1, 0x3A, 0x00, 0x00, 0x0D, 0xDF, 0xEF, 0x79, 0x6B, 0xDB, 0xF6,
    0x28, 0x00, 0x5D, 0xFF, 0x47, 0x00, 0x00, 0x2E, 0xFF, 0x85, 0x00, 0x1B, 0x60, 0x00, 0x00, 0x00,
    0x12, 0xFF, 0x87, 0x00, 0x00, 0x00, 0x00, 0x00, 0x00, 0x7E, 0xFF, 0x43, 0x00, 0x00, 0x00, 0x00,
    0x00, 0x4D, 0xFC, 0xA4, 0x00, 0x00, 0x00, 0x00, 0x00, 0x42, 0xF7, 0xC2, 0x08, 0x00, 0x00, 0x00,
    0x00, 0x3B, 0xF4, 0xC9, 0x0E, 0x00, 0x00, 0x00, 0x00, 0x34, 0xF1, 0xCF, 0x11, 0x00, 0x00, 0x00,
    0x00, 0x25, 0xED, 0xF7, 0x68, 0x54, 0x54, 0x54, 0x37, 0x00, 0x56, 0xFC, 0xFF, 0xFF, 0xFF, 0xFF,
    0xFF, 0xD4, 0x00,
};
const AlphaBitmap kTokenFontDigit2 = {kTokenFontDigit2Alpha, 9, 11};

const uint8_t kTokenFontDigit3Alpha[] = {
    0x00, 0x1D, 0xA4, 0xE5, 0xF5, 0xC5, 0x44, 0x00, 0x00, 0x0E, 0xDC, 0xE8, 0x72, 0x68, 0xD0, 0xFB,
    0x34, 0x00, 0x4F, 0xFF, 0x3D, 0x00, 0x00, 0x23, 0xFF, 0x8D, 0x00, 0x0C, 0x44, 0x00, 0x00, 0x00,
    0x14, 0xFF, 0x83, 0x00, 0x00, 0x00, 0x00, 0x0C, 0x2D, 0xB6, 0xE1, 0x19, 0x00, 0x00, 0x00, 0x3E,
    0xFE, 0xFF, 0xDA, 0x39, 0x00, 0x00, 0x00, 0x00, 0x05, 0x3B, 0x4E, 0x9F, 0xFC, 0x66, 0x00, 0x00,
    0x09, 0x00, 0x00, 0x00, 0x00, 0xBE, 0xE7, 0x00, 0x63, 0xED, 0x1D, 0x00, 0x00, 0x00, 0xBD, 0xEC,
    0x00, 0x24, 0xF0, 0xDE, 0x72, 0x63, 0xB1, 0xFF, 0x80, 0x00, 0x00, 0x2F, 0xB1, 0xE8, 0xF8, 0xD4,
    0x6D, 0x01, 0x00,
};
const AlphaBitmap kTokenFontDigit3 = {kTokenFontDigit3Alpha, 9, 11};

const uint8_t kTokenFontDigit4Alpha[] = {
    0x00, 0x00, 0x00, 0x00, 0x00, 0x82, 0xEF, 0xB0, 0x00, 0x00, 0x00, 0x00, 0x00, 0x00, 0x5A, 0xFE,
    0xD8, 0xFF, 0x00, 0x00, 0x00, 0x00, 0x00, 0x22, 0xF1, 0x88, 0x9C, 0xFF, 0x00, 0x00, 0x00, 0x00,
    0x03, 0xC6, 0xCA, 0x05, 0x9C, 0xFF, 0x00, 0x00, 0x00, 0x00, 0x77, 0xF5, 0x26, 0x00, 0x9C, 0xFF,
    0x00, 0x00, 0x00, 0x26, 0xF7, 0x6E, 0x00, 0x00, 0x9C, 0xFF, 0x00, 0x00, 0x00, 0xB8, 0xD8, 0x1E,
    0x1C, 0x1C, 0xA6, 0xFF, 0x11, 0x00, 0x00, 0xF0, 0xFF, 0xFF, 0xFF, 0xFF, 0xFF, 0xFF, 0xED, 0x00,
    0x00, 0x21, 0x4C, 0x4C, 0x4C, 0x4C, 0xB9, 0xFF, 0x3A, 0x00, 0x00, 0x00, 0x00, 0x00, 0x00, 0x00,
    0x9C, 0xFF, 0x00, 0x00, 0x00, 0x00, 0x00, 0x00, 0x00, 0x00, 0x69, 0xCB, 0x00, 0x00,
};
const AlphaBitmap kTokenFontDigit4 = {kTokenFontDigit4Alpha, 10, 11};

const uint8_t kTokenFontDigit5Alpha[] = {
    0x00, 0x2D, 0xED, 0xFF, 0xFF, 0xFF, 0xFF, 0xE7, 0x03, 0x00, 0x6D, 0xFD, 0x54, 0x54, 0x54, 0x54,
    0x3F, 0x00, 0x00, 0x83, 0xEB, 0x00, 0x00, 0x00, 0x00, 0x00, 0x00, 0x00, 0x97, 0xD6, 0x00, 0x03,
    0x06, 0x00, 0x00, 0x00, 0x00, 0xAC, 0xCA, 0xA2, 0xF9, 0xFE, 0xC9, 0x36, 0x00, 0x00, 0xB8, 0xFF,
    0xA0, 0x4F, 0x64, 0xED, 0xF1, 0x1C, 0x00, 0x34, 0x49, 0x00, 0x00, 0x00, 0x40, 0xFF, 0x7A, 0x00,
    0x28, 0x11, 0x00, 0x00, 0x00, 0x08, 0xFF, 0x93, 0x00, 0xD6, 0xBC, 0x00, 0x00, 0x00, 0x4F, 0xFF,
    0x68, 0x00, 0x78, 0xFF, 0xB0, 0x60, 0x78, 0xF4, 0xDA, 0x0C, 0x00, 0x00, 0x5B, 0xCC, 0xF4, 0xEA,
    0xA0, 0x18, 0x00,
};
const AlphaBitmap kTokenFontDigit5 = {kTokenFontDigit5Alpha, 9, 11};

const uint8_t kTokenFontDigit6Alpha[] = {
    0x00, 0x00, 0x13, 0x98, 0xE6, 0xF6, 0xC9, 0x4E, 0x00, 0x00, 0x00, 0x06, 0xD0, 0xF0, 0x7B, 0x60,
    0xC5, 0xFF, 0x4D, 0x00, 0x00, 0x6B, 0xFF, 0x4B, 0x00, 0x00, 0x08, 0xC7, 0x85, 0x00, 0x00, 0xBD,
    0xDC, 0x00, 0x00, 0x06, 0x00, 0x00, 0x00, 0x00, 0x00, 0xE9, 0xAD, 0x58, 0xDB, 0xFF, 0xE9, 0x75,
    0x01, 0x00, 0x00, 0xFA, 0xD8, 0xE2, 0x5E, 0x4C, 0xB9, 0xFF, 0x6F, 0x00, 0x00, 0xEE, 0xFF, 0x2A,
    0x00, 0x00, 0x06, 0xD6, 0xDD, 0x00, 0x00, 0xC8, 0xF3, 0x00, 0x00, 0x00, 0x00, 0xA4, 0xF7, 0x00,
    0x00, 0x76, 0xFF, 0x3F, 0x00, 0x00, 0x0F, 0xE0, 0xCC, 0x00, 0x00, 0x09, 0xD6, 0xEF, 0x74, 0x62,
    0xD0, 0xFD, 0x4A, 0x00, 0x00, 0x00, 0x14, 0x9D, 0xEA, 0xF5, 0xC3, 0x44, 0x00, 0x00,
};
const AlphaBitmap kTokenFontDigit6 = {kTokenFontDigit6Alpha, 10, 11};

const uint8_t kTokenFontDigit7Alpha[] = {
    0x00, 0xD9, 0xFF, 0xFF, 0xFF, 0xFF, 0xFF, 0xCD, 0x00, 0x00, 0x3A, 0x54, 0x54, 0x54, 0x54, 0xDA,
    0xDF, 0x00, 0x00, 0x00, 0x00, 0x00, 0x00, 0x33, 0xFF, 0x72, 0x00, 0x00, 0x00, 0x00, 0x00, 0x00,
    0xB5, 0xE9, 0x0A, 0x00, 0x00, 0x00, 0x00, 0x00, 0x36, 0xFF, 0x75, 0x00, 0x00, 0x00, 0x00, 0x00,
    0x00, 0xB7, 0xEB, 0x0B, 0x00, 0x00, 0x00, 0x00, 0x00, 0x38, 0xFF, 0x78, 0x00, 0x00, 0x00, 0x00,
    0x00, 0x00, 0xB9, 0xEC, 0x0C, 0x00, 0x00, 0x00, 0x00, 0x00, 0x3A, 0xFF, 0x7A, 0x00, 0x00, 0x00,
    0x00, 0x00, 0x00, 0xBB, 0xEE, 0x0E, 0x00, 0x00, 0x00, 0x00, 0x00, 0x00, 0xD8, 0x72, 0x00, 0x00,
    0x00, 0x00, 0x00,
};
const AlphaBitmap kTokenFontDigit7 = {kTokenFontDigit7Alpha, 9, 11};

const uint8_t kTokenFontDigit8Alpha[] = {
    0x00, 0x00, 0x34, 0xB9, 0xF2, 0xF3, 0xBB, 0x36, 0x00, 0x00, 0x00, 0x29, 0xF5, 0xDF, 0x71, 0x71,
    0xE1, 0xF5, 0x29, 0x00, 0x00, 0x89, 0xFF, 0x2F, 0x00, 0x00, 0x2A, 0xFF, 0x88, 0x00, 0x00, 0x84,
    0xFF, 0x19, 0x00, 0x00, 0x12, 0xFF, 0x85, 0x00, 0x00, 0x1F, 0xEA, 0xAF, 0x2A, 0x2B, 0xB2, 0xEB,
    0x20, 0x00, 0x00, 0x00, 0x40, 0xEF, 0xFF, 0xFF, 0xEF, 0x3B, 0x00, 0x00, 0x00, 0x54, 0xFD, 0xAF,
    0x59, 0x58, 0xB0, 0xFB, 0x4F, 0x00, 0x00, 0xE5, 0xBC, 0x00, 0x00, 0x00, 0x00, 0xBD, 0xE4, 0x00,
    0x00, 0xEE, 0xC2, 0x01, 0x00, 0x00, 0x01, 0xC4, 0xEE, 0x00, 0x00, 0x82, 0xFF, 0xBE, 0x6A, 0x6A,
    0xBF, 0xFF, 0x81, 0x00, 0x00, 0x00, 0x63, 0xCA, 0xF5, 0xF5, 0xCA, 0x61, 0x00, 0x00,
};
const AlphaBitmap kTokenFontDigit8 = {kTokenFontDigit8Alpha, 10, 11};

const uint8_t kTokenFontDigit9Alpha[] = {
    0x00, 0x00, 0x3F, 0xC0, 0xF4, 0xE9, 0x9D, 0x14, 0x00, 0x00, 0x00, 0x43, 0xFC, 0xD1, 0x63, 0x75,
    0xF2, 0xD6, 0x09, 0x00, 0x00, 0xC7, 0xE3, 0x11, 0x00, 0x00, 0x47, 0xFF, 0x75, 0x00, 0x00, 0xF6,
    0xA3, 0x00, 0x00, 0x00, 0x00, 0xF4, 0xC8, 0x00, 0x00, 0xE5, 0xC8, 0x00, 0x00, 0x00, 0x1B, 0xFE,
    0xED, 0x00, 0x00, 0x87, 0xFF, 0x93, 0x1C, 0x30, 0xCE, 0xEA, 0xFA, 0x00, 0x00, 0x06, 0xA0, 0xFD,
    0xFF, 0xFD, 0x8D, 0xAB, 0xE8, 0x00, 0x00, 0x00, 0x00, 0x19, 0x37, 0x14, 0x00, 0xDA, 0xBA, 0x00,
    0x00, 0x81, 0xA4, 0x02, 0x00, 0x00, 0x46, 0xFF, 0x67, 0x00, 0x00, 0x62, 0xFF, 0xB7, 0x5D, 0x79,
    0xEF, 0xCB, 0x05, 0x00, 0x00, 0x00, 0x56, 0xC8, 0xF3, 0xE6, 0x96, 0x10, 0x00, 0x00,
};
const AlphaBitmap kTokenFontDigit9 = {kTokenFontDigit9Alpha, 10, 11};

const uint8_t kTokenFontDotAlpha[] = {
    0x00, 0x00, 0x00, 0x00, 0x00, 0x00, 0x00, 0x00, 0x00, 0x00, 0x00, 0x00, 0x00, 0x00, 0x00, 0x00,
    0x00, 0x00, 0x00, 0x00, 0x00, 0x00, 0x00, 0x00, 0x00, 0x00, 0x00, 0x00, 0x00, 0x00, 0x00, 0x00,
    0x00, 0x00, 0x00, 0x00, 0x00, 0xC0, 0x61, 0x00, 0x00, 0xCD, 0x69, 0x00,
};
const AlphaBitmap kTokenFontDot = {kTokenFontDotAlpha, 4, 11};

const uint8_t kTokenFontCharU004BAlpha[] = {
    0x00, 0xCF, 0x6D, 0x00, 0x00, 0x00, 0x1F, 0xDB, 0x65, 0x00, 0xFF, 0x9C, 0x00, 0x00, 0x15, 0xD9,
    0xF4, 0x34, 0x00, 0xFF, 0x9C, 0x00, 0x0D, 0xCC, 0xF8, 0x43, 0x00, 0x00, 0xFF, 0x9C, 0x07, 0xBC,
    0xFB, 0x4D, 0x00, 0x00, 0x00, 0xFF, 0x9E, 0xAC, 0xFE, 0x58, 0x00, 0x00, 0x00, 0x00, 0xFF, 0xF8,
    0xFF, 0xFF, 0x68, 0x00, 0x00, 0x00, 0x00, 0xFF, 0xFE, 0x68, 0xD7, 0xFA, 0x3E, 0x00, 0x00, 0x00,
    0xFF, 0xA6, 0x00, 0x26, 0xF0, 0xEA, 0x1F, 0x00, 0x00, 0xFF, 0x9C, 0x00, 0x00, 0x49, 0xFD, 0xCF,
    0x0A, 0x00, 0xFF, 0x9C, 0x00, 0x00, 0x00, 0x78, 0xFF, 0xA4, 0x00, 0xCF, 0x6D, 0x00, 0x00, 0x00,
    0x00, 0x9F, 0xC5,
};
const AlphaBitmap kTokenFontCharU004B = {kTokenFontCharU004BAlpha, 9, 11};

const uint8_t kTokenFontCharU004DAlpha[] = {
    0x00, 0xC3, 0xD1, 0x0C, 0x00, 0x00, 0x00, 0x00, 0x00, 0x53, 0xEE, 0x64, 0x00, 0x00, 0xFF, 0xFF,
    0x6A, 0x00, 0x00, 0x00, 0x00, 0x00, 0xD2, 0xFF, 0x9B, 0x00, 0x00, 0xFF, 0xFF, 0xD0, 0x00, 0x00,
    0x00, 0x00, 0x3A, 0xFF, 0xFF, 0x9C, 0x00, 0x00, 0xFF, 0xCA, 0xFF, 0x37, 0x00, 0x00, 0x00, 0xA1,
    0xBA, 0xFF, 0x9C, 0x00, 0x00, 0xFF, 0x9C, 0xCC, 0x9E, 0x00, 0x00, 0x11, 0xF6, 0x58, 0xFF, 0x9C,
    0x00, 0x00, 0xFF, 0x9C, 0x6A, 0xF5, 0x0F, 0x00, 0x6F, 0xEE, 0x07, 0xFF, 0x9C, 0x00, 0x00, 0xFF,
    0x9C, 0x10, 0xF7, 0x6B, 0x00, 0xD5, 0x95, 0x00, 0xFF, 0x9C, 0x00, 0x00, 0xFF, 0x9C, 0x00, 0xA5,
    0xD1, 0x3E, 0xFF, 0x33, 0x00, 0xFF, 0x9C, 0x00, 0x00, 0xFF, 0x9C, 0x00, 0x43, 0xFF, 0xD2, 0xD1,
    0x00, 0x00, 0xFF, 0x9C, 0x00, 0x00, 0xFF, 0x9C, 0x00, 0x01, 0xDF, 0xFF, 0x6F, 0x00, 0x00, 0xFF,
    0x9C, 0x00, 0x00, 0xD0, 0x70, 0x00, 0x00, 0x69, 0xE0, 0x12, 0x00, 0x00, 0xD2, 0x70, 0x00,
};
const AlphaBitmap kTokenFontCharU004D = {kTokenFontCharU004DAlpha, 13, 11};

const uint8_t kTokenFontCharU0042Alpha[] = {
    0x00, 0xCB, 0xFF, 0xFF, 0xFF, 0xFA, 0xD3, 0x57, 0x00, 0x00, 0x00, 0xFF, 0xBC, 0x54, 0x54, 0x67,
    0xD2, 0xFE, 0x3C, 0x00, 0x00, 0xFF, 0x9C, 0x00, 0x00, 0x00, 0x21, 0xFF, 0x8E, 0x00, 0x00, 0xFF,
    0x9C, 0x00, 0x00, 0x00, 0x17, 0xFF, 0x79, 0x00, 0x00, 0xFF, 0xA2, 0x10, 0x12, 0x31, 0xB7, 0xE9,
    0x1A, 0x00, 0x00, 0xFF, 0xFF, 0xFF, 0xFF, 0xFF, 0xF6, 0x6A, 0x00, 0x00, 0x00, 0xFF, 0xB5, 0x40,
    0x40, 0x4F, 0x98, 0xFF, 0x74, 0x00, 0x00, 0xFF, 0x9C, 0x00, 0x00, 0x00, 0x00, 0xB9, 0xED, 0x00,
    0x00, 0xFF, 0x9C, 0x00, 0x00, 0x00, 0x00, 0xC0, 0xF0, 0x00, 0x00, 0xFF, 0xBC, 0x54, 0x54, 0x61,
    0xA9, 0xFF, 0x95, 0x00, 0x00, 0xCE, 0xFF, 0xFF, 0xFF, 0xFB, 0xDC, 0x82, 0x06, 0x00,
};
const AlphaBitmap kTokenFontCharU0042 = {kTokenFontCharU0042Alpha, 10, 11};

const uint8_t kTokenFontCharU0074Alpha[] = {
    0x00, 0x00, 0x00, 0x00, 0x00, 0x00, 0xCC, 0x6A, 0x00, 0x00, 0x00, 0xFF, 0x9C, 0x00, 0x00, 0xF6,
    0xFF, 0xFF, 0xF4, 0x14, 0x4B, 0xFF, 0xBC, 0x49, 0x01, 0x00, 0xFF, 0x9C, 0x00, 0x00, 0x00, 0xFF,
    0x9C, 0x00, 0x00, 0x00, 0xFF, 0x9C, 0x00, 0x00, 0x00, 0xFF, 0x9E, 0x00, 0x00, 0x00, 0xEE, 0xE2,
    0x56, 0x02, 0x00, 0x69, 0xED, 0xEC, 0x19,
};
const AlphaBitmap kTokenFontCharU0074 = {kTokenFontCharU0074Alpha, 5, 11};

const uint8_t kTokenFontCharU006FAlpha[] = {
    0x00, 0x00, 0x00, 0x00, 0x00, 0x00, 0x00, 0x00, 0x00, 0x00, 0x00, 0x00, 0x00, 0x00, 0x00, 0x00,
    0x00, 0x00, 0x00, 0x00, 0x00, 0x00, 0x00, 0x00, 0x00, 0x00, 0x00, 0x00, 0x00, 0x46, 0xC6, 0xF5,
    0xEB, 0x9F, 0x15, 0x00, 0x00, 0x43, 0xFD, 0xC6, 0x60, 0x77, 0xF0, 0xD5, 0x08, 0x00, 0xC1, 0xE7,
    0x0A, 0x00, 0x00, 0x55, 0xFF, 0x5C, 0x00, 0xF3, 0xA8, 0x00, 0x00, 0x00, 0x0C, 0xFF, 0x8E, 0x00,
    0xF3, 0xA7, 0x00, 0x00, 0x00, 0x0C, 0xFF, 0x8E, 0x00, 0xC0, 0xE6, 0x0A, 0x00, 0x00, 0x54, 0xFF,
    0x5C, 0x00, 0x44, 0xFD, 0xC6, 0x60, 0x77, 0xEF, 0xD5, 0x08, 0x00, 0x00, 0x48, 0xC7, 0xF6, 0xEB,
    0xA1, 0x16, 0x00,
};
const AlphaBitmap kTokenFontCharU006F = {kTokenFontCharU006FAlpha, 9, 11};

const uint8_t kTokenFontCharU006BAlpha[] = {
    0x00, 0xCB, 0x6C, 0x00, 0x00, 0x00, 0x00, 0x00, 0x00, 0xFF, 0x9C, 0x00, 0x00, 0x00, 0x00, 0x00,
    0x00, 0xFF, 0x9C, 0x00, 0x00, 0x00, 0x00, 0x00, 0x00, 0xFF, 0x9C, 0x00, 0x00, 0x62, 0xE5, 0x09,
    0x00, 0xFF, 0x9C, 0x00, 0x67, 0xFE, 0x91, 0x00, 0x00, 0xFF, 0x9C, 0x6C, 0xFE, 0x86, 0x00, 0x00,
    0x00, 0xFF, 0xE5, 0xFF, 0xB3, 0x00, 0x00, 0x00, 0x00, 0xFF, 0xF5, 0xBE, 0xFD, 0x48, 0x00, 0x00,
    0x00, 0xFF, 0x9D, 0x08, 0xCB, 0xEF, 0x25, 0x00, 0x00, 0xFF, 0x9C, 0x00, 0x1C, 0xE9, 0xD5, 0x0B,
    0x00, 0xCE, 0x6E, 0x00, 0x00, 0x3C, 0xEA, 0x2D,
};
const AlphaBitmap kTokenFontCharU006B = {kTokenFontCharU006BAlpha, 8, 11};

const uint8_t kTokenFontCharU0065Alpha[] = {
    0x00, 0x00, 0x00, 0x00, 0x00, 0x00, 0x00, 0x00, 0x00, 0x00, 0x00, 0x00, 0x00, 0x00, 0x00, 0x00,
    0x00, 0x00, 0x00, 0x00, 0x00, 0x00, 0x00, 0x00, 0x00, 0x00, 0x00, 0x00, 0x00, 0x55, 0xD2, 0xF7,
    0xDA, 0x67, 0x00, 0x00, 0x00, 0x4B, 0xFF, 0xA8, 0x62, 0x9D, 0xFF, 0x66, 0x00, 0x00, 0xC3, 0xCA,
    0x10, 0x10, 0x10, 0xC4, 0xD8, 0x00, 0x00, 0xF3, 0xFF, 0xFF, 0xFF, 0xFF, 0xFF, 0xEF, 0x00, 0x00,
    0xEE, 0xBD, 0x40, 0x40, 0x40, 0x40, 0x23, 0x00, 0x00, 0xC4, 0xDD, 0x04, 0x00, 0x00, 0x50, 0x8B,
    0x00, 0x00, 0x4B, 0xFF, 0xB9, 0x60, 0x82, 0xF8, 0xA0, 0x00, 0x00, 0x00, 0x5D, 0xD4, 0xFA, 0xE7,
    0x8F, 0x0A, 0x00,
};
const AlphaBitmap kTokenFontCharU0065 = {kTokenFontCharU0065Alpha, 9, 11};

const uint8_t kTokenFontCharU006EAlpha[] = {
    0x00, 0x00, 0x00, 0x00, 0x00, 0x00, 0x00, 0x00, 0x00, 0x00, 0x00, 0x00, 0x00, 0x00, 0x00, 0x00,
    0x00, 0x00, 0x00, 0x00, 0x00, 0x00, 0x00, 0x00, 0x00, 0xD3, 0x67, 0x95, 0xF1, 0xEE, 0x88, 0x00,
    0x00, 0xFF, 0xF1, 0xA3, 0x5E, 0xBE, 0xFF, 0x54, 0x00, 0xFF, 0xCF, 0x01, 0x00, 0x1D, 0xFF, 0x92,
    0x00, 0xFF, 0x9E, 0x00, 0x00, 0x00, 0xFF, 0x9C, 0x00, 0xFF, 0x9C, 0x00, 0x00, 0x00, 0xFF, 0x9C,
    0x00, 0xFF, 0x9C, 0x00, 0x00, 0x00, 0xFF, 0x9C, 0x00, 0xFF, 0x9C, 0x00, 0x00, 0x00, 0xFF, 0x9C,
    0x00, 0xD0, 0x6E, 0x00, 0x00, 0x00, 0xD0, 0x6E,
};
const AlphaBitmap kTokenFontCharU006E = {kTokenFontCharU006EAlpha, 8, 11};

const uint8_t kTokenFontCharU0073Alpha[] = {
    0x00, 0x00, 0x00, 0x00, 0x00, 0x00, 0x00, 0x00, 0x00, 0x00, 0x00, 0x00, 0x00, 0x00, 0x00, 0x00,
    0x00, 0x00, 0x00, 0x00, 0x00, 0x00, 0x00, 0x00, 0x00, 0x1E, 0xAB, 0xEC, 0xEE, 0xAE, 0x1E, 0x00,
    0x00, 0xC7, 0xEE, 0x6E, 0x6F, 0xE5, 0xC4, 0x00, 0x00, 0xF2, 0xB2, 0x00, 0x00, 0x23, 0x58, 0x00,
    0x00, 0x7F, 0xFF, 0xC5, 0x7F, 0x31, 0x00, 0x00, 0x00, 0x00, 0x31, 0x81, 0xC5, 0xFF, 0x8C, 0x00,
    0x11, 0x81, 0x0C, 0x00, 0x00, 0xB9, 0xF4, 0x00, 0x1F, 0xF9, 0xC8, 0x5E, 0x71, 0xF0, 0xC7, 0x00,
    0x00, 0x48, 0xCA, 0xF7, 0xEE, 0xA8, 0x1B, 0x00,
};
const AlphaBitmap kTokenFontCharU0073 = {kTokenFontCharU0073Alpha, 8, 11};

const AlphaGlyph kTokenFontGlyphs[] = {
    {'0', kTokenFontDigit0, 10},
    {'1', kTokenFontDigit1, 6},
    {'2', kTokenFontDigit2, 9},
    {'3', kTokenFontDigit3, 9},
    {'4', kTokenFontDigit4, 10},
    {'5', kTokenFontDigit5, 9},
    {'6', kTokenFontDigit6, 10},
    {'7', kTokenFontDigit7, 9},
    {'8', kTokenFontDigit8, 10},
    {'9', kTokenFontDigit9, 10},
    {'.', kTokenFontDot, 4},
    {' ', {nullptr, 3, 11}, 3},
    {'K', kTokenFontCharU004B, 9},
    {'M', kTokenFontCharU004D, 13},
    {'B', kTokenFontCharU0042, 10},
    {'t', kTokenFontCharU0074, 5},
    {'o', kTokenFontCharU006F, 9},
    {'k', kTokenFontCharU006B, 8},
    {'e', kTokenFontCharU0065, 9},
    {'n', kTokenFontCharU006E, 8},
    {'s', kTokenFontCharU0073, 8},
};
const AlphaFont kTokenFont = {kTokenFontGlyphs, sizeof(kTokenFontGlyphs) / sizeof(kTokenFontGlyphs[0]), 11};

const uint16_t kMascotPixels[] = {
    0x0023, 0x0023, 0x0023, 0x0023, 0x0023, 0x0023, 0x0023, 0x0023, 0x0023, 0x0023, 0x0023, 0x0023,
    0x0023, 0x0023, 0x0023, 0x0023, 0x0023, 0x0023, 0x0023, 0x0023, 0x0023, 0x0023, 0x0023, 0x0023,
    0x0023, 0x0023, 0x0023, 0x0023, 0x0023, 0x0023, 0x0023, 0x0023, 0x0023, 0x0023, 0x0023, 0x0023,
    0x0023, 0x0023, 0x0023, 0x0023, 0x0023, 0x0023, 0xFC50, 0xFC50, 0xFC50, 0x0023, 0x0023, 0x0023,
    0x0023, 0x0023, 0x0023, 0x0023, 0x0023, 0x0023, 0x0023, 0x0023, 0x0023, 0x0023, 0x0023, 0x0023,
    0x0023, 0x0023, 0x0023, 0x0023, 0x0023, 0x0023, 0x0023, 0x0023, 0x0023, 0x0023, 0x0023, 0x0023,
    0x0023, 0x0023, 0x0023, 0x0023, 0x0023, 0x0023, 0x0023, 0x0023, 0x0023, 0x0023, 0x0023, 0x0023,
    0x0023, 0x0023, 0x0023, 0x0023, 0x0023, 0x0023, 0x0023, 0x0023, 0x0023, 0x0023, 0x0023, 0x0023,
    0x0023, 0x0023, 0x0023, 0x0023, 0x0023, 0x0023, 0x0023, 0x0023, 0x0023, 0x0023, 0x0023, 0x0023,
    0x0023, 0x0023, 0x0023, 0x0023, 0x0023, 0x0023, 0x0023, 0x0023, 0x0023, 0x0023, 0x0023, 0x0023,
    0x0023, 0x0023, 0x0023, 0x0023, 0x0023, 0x0023, 0x0023, 0x0023, 0x0023, 0x0023, 0xFC50, 0xFC50,
    0xFC50, 0x0023, 0x0023, 0x0023, 0x0023, 0x0023, 0x0023, 0x0023, 0x0023, 0x0023, 0x0023, 0x0023,
    0x0023, 0x0023, 0x0023, 0x0023, 0x0023, 0x0023, 0x0023, 0x0023, 0x0023, 0x0023, 0x0023, 0x0023,
    0x0023, 0x0023, 0x0023, 0x0023, 0x0023, 0x0023, 0x0023, 0x0023, 0x0023, 0x0023, 0x0023, 0x0023,
    0x0023, 0x0023, 0x0023, 0x0023, 0x0023, 0x0023, 0x0023, 0x0023, 0x0023, 0x0023, 0x0023, 0x0023,
    0x0023, 0x0023, 0x0023, 0x0023, 0x0023, 0x0023, 0x0023, 0x0023, 0x0023, 0x0023, 0x0023, 0x0023,
    0x0023, 0x0023, 0x0023, 0x0023, 0x0023, 0x0023, 0x0023, 0x0023, 0x0023, 0x0023, 0x0023, 0x0023,
    0x0023, 0x0023, 0x0023, 0x0023, 0x0023, 0x0023, 0x0023, 0x0023, 0x0023, 0x0023, 0x0023, 0x0023,
    0x0023, 0xFC50, 0xFC50, 0xFC50, 0x0023, 0x0023, 0x0023, 0x0023, 0x0023, 0x0023, 0x0023, 0x0023,
    0x0023, 0x0023, 0x0023, 0x0023, 0x0023, 0x0023, 0x0023, 0x0023, 0x0023, 0x0023, 0x0023, 0x0023,
    0x0023, 0x0023, 0x0023, 0x0023, 0x0023, 0x0023, 0x0023, 0x0023, 0x0023, 0x0023, 0x0023, 0x0023,
    0x0023, 0x0023, 0x0023, 0x0023, 0x0023, 0x0023, 0x0023, 0x0023, 0x0023, 0x0023, 0x0023, 0x0023,
    0x0023, 0x0023, 0x0023, 0x0023, 0x0023, 0x0023, 0x0023, 0x0023, 0x0023, 0x0023, 0x0023, 0x0023,
    0x0023, 0x0023, 0x0023, 0x0023, 0x0023, 0x0023, 0x0023, 0x0023, 0x0023, 0x0023, 0x0023, 0x0023,
    0x0023, 0x0023, 0x0023, 0x0023, 0x0023, 0x0023, 0x0023, 0x0023, 0x0023, 0x0023, 0x0023, 0x0023,
    0x0023, 0x0023, 0x0023, 0x0023, 0xFC50, 0xFC50, 0xFC50, 0xFC50, 0x0023, 0x0023, 0x0023, 0x0023,
    0x0023, 0x0023, 0x0023, 0x0023, 0x0023, 0x0023, 0x0023, 0x0023, 0x0023, 0x0023, 0x0023, 0x0023,
    0x0023, 0x0023, 0x0023, 0x0023, 0x0023, 0x0023, 0x0023, 0x0023, 0x0023, 0x0023, 0x0023, 0x0023,
    0x0023, 0x0023, 0x0023, 0x0023, 0x0023, 0x0023, 0x0023, 0x0023, 0x0023, 0x0023, 0x0023, 0x0023,
    0x0023, 0x0023, 0x0023, 0x0023, 0x0023, 0x0023, 0x0023, 0x0023, 0x0023, 0x0023, 0x0023, 0x0023,
    0x0023, 0x0023, 0x0023, 0x0023, 0x0023, 0x0023, 0x0023, 0x0023, 0x0023, 0x0023, 0x0023, 0x0023,
    0x0023, 0x0023, 0x0023, 0x0023, 0x0023, 0x0023, 0x0023, 0x0023, 0x0023, 0x0023, 0x0023, 0x0023,
    0x0023, 0x0023, 0x0023, 0x0023, 0x0023, 0x0023, 0x0023, 0x0023, 0xFC50, 0xFC50, 0xFC50, 0xFC50,
    0x0023, 0x0023, 0x0023, 0x0023, 0x0023, 0x0023, 0x0023, 0x0023, 0x0023, 0x0023, 0x0023, 0x0023,
    0x0023, 0x0023, 0x0023, 0x0023, 0x0023, 0x0023, 0x0023, 0x0023, 0x0023, 0x0023, 0x0023, 0x0023,
    0x0023, 0x0023, 0x0023, 0x0023, 0x0023, 0x0023, 0x0023, 0x0023, 0x0023, 0x0023, 0x0023, 0x0023,
    0x0023, 0x0023, 0x0023, 0x0023, 0x0023, 0x0023, 0x0023, 0x0023, 0x0023, 0x0023, 0x0023, 0x0023,
    0x0023, 0x0023, 0x0023, 0x0023, 0x0023, 0x0023, 0x0023, 0x0023, 0x0023, 0x0023, 0x0023, 0x0023,
    0x0023, 0x0023, 0x0023, 0x0023, 0x0023, 0x0023, 0x0023, 0x0023, 0x0023, 0x0023, 0x0023, 0x0023,
    0x0023, 0x0023, 0x0023, 0x0023, 0x0023, 0x0023, 0x0023, 0x0023, 0x0023, 0x0023, 0xFC50, 0xFC50,
    0xFC50, 0xFC50, 0xFC50, 0xFC50, 0xFC50, 0x390F, 0x0023, 0x0023, 0x0023, 0x0023, 0x0023, 0x0023,
    0x0023, 0x0023, 0x0023, 0x0023, 0x0023, 0x0023, 0x0023, 0x0023, 0x0023, 0x0023, 0x0023, 0x0023,
    0x0023, 0x0023, 0x0023, 0x0023, 0x0023, 0x0023, 0x0023, 0x0023, 0x0023, 0x0023, 0x0023, 0x0023,
    0x0023, 0x0023, 0x0023, 0x0023, 0x0023, 0x0023, 0x0023, 0x0023, 0x0023, 0x0023, 0x0023, 0x0023,
    0x0023, 0x0023, 0x0023, 0x0023, 0x0023, 0x0023, 0x0023, 0x0023, 0x0023, 0x0023, 0x0023, 0x0023,
    0x0023, 0x0023, 0x0023, 0x0023, 0x0023, 0x0023, 0x0023, 0x0023, 0x0023, 0x0023, 0x0023, 0x0023,
    0x0023, 0x0023, 0x0023, 0x0023, 0x0023, 0x0023, 0x0023, 0x0023, 0x0023, 0x0023, 0x0023, 0x0023,
    0x0023, 0x0023, 0xFC50, 0xFC50, 0xFC50, 0xFC50, 0xFC50, 0xFC50, 0xFC50, 0x208A, 0x0023, 0x0023,
    0x0023, 0x0023, 0xFC50, 0xFC50, 0x0023, 0x0023, 0x0023, 0x0023, 0x0023, 0x0023, 0x0023, 0x0023,
    0x0023, 0x0023, 0x0023, 0x0023, 0x0023, 0x0023, 0x0023, 0x0023, 0x0023, 0x0023, 0x0023, 0x0023,
    0x0023, 0x0023, 0x0023, 0x0023, 0x0023, 0x0023, 0x0023, 0x0023, 0x0023, 0x0023, 0x0023, 0x0023,
    0x0023, 0x0023, 0x0023, 0x0023, 0x0023, 0x0023, 0x0023, 0x0023, 0x0023, 0x0023, 0x0023, 0x0023,
    0x0023, 0x0023, 0x0023, 0x0023, 0x0023, 0x0023, 0x0023, 0x0023, 0x0023, 0x0023, 0x0023, 0x0023,
    0x0023, 0x0023, 0x0023, 0x0023, 0x0023, 0x0023, 0x0023, 0x0023, 0x0023, 0x0023, 0x0023, 0x0023,
    0x0023, 0x0023, 0x0023, 0x0023, 0x0023, 0x0023, 0xFC50, 0xFC50, 0xFC50, 0xFC50, 0xFC50, 0xFC50,
    0xFC50, 0xFC50, 0x0023, 0x0023, 0x0023, 0x0023, 0xFC50, 0xFC50, 0x0023, 0x0023, 0x0023, 0x0023,
    0x0023, 0x0023, 0x0023, 0x0023, 0x0023, 0x0023, 0x0023, 0x0023, 0x0023, 0x0023, 0x0023, 0x0023,
    0x0023, 0x0023, 0x0023, 0x0023, 0x0023, 0x0023, 0x0023, 0x0023, 0x0023, 0x0023, 0x0023, 0x0023,
    0x0023, 0x0023, 0x0023, 0x0023, 0x0023, 0x0023, 0x0023, 0x0023, 0x0023, 0x0023, 0x0023, 0x0023,
    0x0023, 0x0023, 0x0023, 0x0023, 0x0023, 0x0023, 0x0023, 0x0023, 0x0023, 0x0023, 0x0023, 0x0023,
    0x0023, 0x0023, 0x0023, 0x0023, 0x0023, 0x0023, 0x0023, 0x0023, 0x0023, 0x0023, 0x0023, 0x0023,
    0x0023, 0x0023, 0x0023, 0x0023, 0x0023, 0x0023, 0x0023, 0x0023, 0x0023, 0xFC50, 0xFC50, 0xFC50,
    0xFC50, 0xFC50, 0xFC50, 0xFC50, 0xFC50, 0xFC50, 0xFC50, 0x0023, 0x0023, 0x0023, 0xFC50, 0xFC50,
    0xFC50, 0x0023, 0x0023, 0x0023, 0x0023, 0x0023, 0x0023, 0x0023, 0x0023, 0x0023, 0x0023, 0x0023,
    0x0023, 0x0023, 0x0023, 0x0023, 0x0023, 0x0023, 0x0023, 0x0023, 0x0023, 0x0023, 0x0023, 0x0023,
    0x0023, 0x0023, 0x0023, 0x0023, 0x0023, 0x0023, 0x0023, 0x0023, 0x0023, 0x0023, 0x0023, 0x0023,
    0x0023, 0x0023, 0x0023, 0x0023, 0x0023, 0x0023, 0x0023, 0x0023, 0x0023, 0x0023, 0x0023, 0x0023,
    0x0023, 0x0023, 0x0023, 0x0023, 0x0023, 0x0023, 0x0023, 0x0023, 0x0023, 0x0023, 0x0023, 0x0023,
    0x0023, 0x0023, 0x0023, 0x0023, 0x0023, 0x0023, 0x0023, 0x0023, 0x0023, 0x0023, 0x0023, 0x0023,
    0x0023, 0xFC50, 0xFC50, 0xFC50, 0xFC50, 0xFC50, 0xFC50, 0xFC50, 0xFC50, 0xFC50, 0xFC50, 0xFC50,
    0xFC50, 0x0023, 0xFC50, 0xFC50, 0xFC50, 0xFC50, 0xFC50, 0x0023, 0x0023, 0x0023, 0x0023, 0x0023,
    0x0023, 0x0023, 0x0023, 0x0023, 0x0023, 0x0023, 0x0023, 0x0023, 0x0023, 0x0023, 0x0023, 0x0023,
    0x0023, 0x0023, 0x0023, 0x0023, 0x0023, 0x0023, 0x0023, 0x0023, 0x0023, 0x0023, 0x0023, 0x0023,
    0x0023, 0x0023, 0x0023, 0x0023, 0x0023, 0x0023, 0x0023, 0x0023, 0x0023, 0x0023, 0x0023, 0x0023,
    0x0023, 0x0023, 0x0023, 0x0023, 0x0023, 0x0023, 0x0023, 0x0023, 0x0023, 0x0023, 0x0023, 0x0023,
    0x0023, 0x0023, 0x0023, 0x0023, 0x0023, 0x0023, 0x0023, 0x0023, 0x0023, 0x0023, 0x0023, 0x0023,
    0x0023, 0x0023, 0x0023, 0x0023, 0x0023, 0xFC50, 0xFC50, 0xFC50, 0xFC50, 0xFC50, 0xFC50, 0xFC50,
    0xFC50, 0xFC50, 0xFC50, 0xFC50, 0xFC50, 0x0023, 0xFC50, 0xFC50, 0xFC50, 0xFC50, 0xFC50, 0x0023,
    0x0023, 0x0023, 0x0023, 0x0023, 0x0023, 0x0023, 0x0023, 0x0023, 0x0023, 0x0023, 0x0023, 0x0023,
    0x0023, 0x0023, 0x0023, 0x0023, 0x0023, 0x0023, 0x0023, 0x0023, 0x0023, 0x0023, 0x0023, 0x0023,
    0x0023, 0x0023, 0x0023, 0x0023, 0x0023, 0x0023, 0x0023, 0x0023, 0x0023, 0x0023, 0x0023, 0x0023,
    0x0023, 0x0023, 0x0023, 0x0023, 0x0023, 0x0023, 0x0023, 0x0023, 0x0023, 0x0023, 0x0023, 0x0023,
    0x0023, 0x0023, 0x0023, 0x0023, 0x0023, 0x0023, 0x0023, 0x0023, 0x0023, 0x0023, 0x0023, 0x0023,
    0x0023, 0x0023, 0x0023, 0x0023, 0x0023, 0x0023, 0x0023, 0x0023, 0x0023, 0xFC50, 0xFC50, 0xFC50,
    0xFC50, 0xFC50, 0xFC50, 0xFC50, 0xFC50, 0xFC50, 0xFC50, 0xFC50, 0xFC50, 0xFC50, 0xFC50, 0xFC50,
    0xFC50, 0xFC50, 0xFC50, 0x0023, 0x0023, 0x0023, 0x0023, 0x0023, 0x0023, 0x0023, 0x0023, 0x0023,
    0x0023, 0x0023, 0x0023, 0x0023, 0x0023, 0x0023, 0x0023, 0x0023, 0x0023, 0x0023, 0x0023, 0x0023,
    0x0023, 0x0023, 0x0023, 0x0023, 0x0023, 0x0023, 0x0023, 0x0023, 0x0023, 0x0023, 0x0023, 0x0023,
    0x0023, 0x0023, 0x0023, 0x0023, 0x0023, 0x0023, 0x0023, 0x0023, 0x0023, 0x0023, 0x0023, 0x0023,
    0x0023, 0x0023, 0x0023, 0x0023, 0x0023, 0x0023, 0x0023, 0x0023, 0x0023, 0x0023, 0x0023, 0x0023,
    0x0023, 0x0023, 0x0023, 0x0023, 0x0023, 0x0023, 0x0023, 0x0023, 0x0023, 0x0023, 0x208A, 0x0023,
    0x0023, 0xFC50, 0xFC50, 0xFC50, 0xFC50, 0xFC50, 0xFC50, 0xFC50, 0xFC50, 0xFC50, 0xFC50, 0xFC50,
    0xFC50, 0xFC50, 0xFC50, 0xFC50, 0xFC50, 0xFC50, 0xFC50, 0x0023, 0x0023, 0x0023, 0x0023, 0x0023,
    0x0023, 0x0023, 0x0023, 0x0023, 0x0023, 0x0023, 0x0023, 0x0023, 0x0023, 0x0023, 0x0023, 0x0023,
    0x0023, 0x0023, 0x0023, 0x0023, 0x0023, 0x0023, 0x0023, 0x0023, 0x0023, 0x0023, 0x0023, 0x0023,
    0x0023, 0x0023, 0x0023, 0x0023, 0x0023, 0x0023, 0x0023, 0x0023, 0x0023, 0x0023, 0x0023, 0x0023,
    0x0023, 0x0023, 0x0023, 0x0023, 0x0023, 0x0023, 0x0023, 0x0023, 0x0023, 0x0023, 0x0023, 0x0023,
    0x0023, 0x0023, 0x0023, 0x0023, 0x0023, 0x0023, 0x0023, 0x0023, 0x0023, 0x0023, 0x0023, 0x0023,
    0x0023, 0x0023, 0xFC50, 0x0023, 0x0023, 0xFC50, 0xFC50, 0xFC50, 0xFC50, 0xFC50, 0xFC50, 0xFC50,
    0xFC50, 0xFC50, 0xFC50, 0xFC50, 0xFC50, 0xFC50, 0xFC50, 0xFC50, 0xFC50, 0xFC50, 0xFC50, 0x0023,
    0x0023, 0x0023, 0x0023, 0x0023, 0x0023, 0x0023, 0x0023, 0x0023, 0x0023, 0x0023, 0x0023, 0x0023,
    0x0023, 0x0023, 0x0023, 0x0023, 0x0023, 0x0023, 0x0023, 0x0023, 0x0023, 0x0023, 0x0023, 0x0023,
    0x0023, 0x0023, 0x0023, 0x0023, 0x0023, 0x0023, 0x0023, 0x0023, 0x0023, 0x0023, 0x0023, 0x0023,
    0x0023, 0x0023, 0x0023, 0x0023, 0x0023, 0x0023, 0x0023, 0x0023, 0x0023, 0x0023, 0x0023, 0x0023,
    0x0023, 0x0023, 0x0023, 0x0023, 0x0023, 0x0023, 0x0023, 0x0023, 0x0023, 0x0023, 0x0023, 0x0023,
    0x0023, 0x0023, 0x0023, 0x0023, 0x0023, 0x0023, 0xFC50, 0x0023, 0x0023, 0xFC50, 0xFC50, 0xFC50,
    0xFC50, 0xFC50, 0xFC50, 0xFC50, 0xFC50, 0xFC50, 0xFC50, 0xFC50, 0xFC50, 0xFC50, 0xFC50, 0xFC50,
    0xFC50, 0xFC50, 0xFC50, 0xFC50, 0x0023, 0x0023, 0x0023, 0x0023, 0x0023, 0x0023, 0x0023, 0x0023,
    0x0023, 0x0023, 0x0023, 0x0023, 0x0023, 0x0023, 0x0023, 0x0023, 0x0023, 0x0023, 0x0023, 0x0023,
    0x0023, 0x0023, 0x0023, 0x0023, 0x0023, 0x0023, 0x0023, 0x0023, 0x0023, 0x0023, 0x0023, 0x0023,
    0x0023, 0x0023, 0x0023, 0x0023, 0x0023, 0x0023, 0x0023, 0x0023, 0x0023, 0x0023, 0x0023, 0x0023,
    0x0023, 0x0023, 0x0023, 0x0023, 0x0023, 0x0023, 0x0023, 0x0023, 0x0023, 0x0023, 0x0023, 0x0023,
    0x0023, 0x0023, 0x0023, 0x0023, 0x0023, 0x0023, 0x0023, 0x0023, 0xFC50, 0xFC50, 0xFC50, 0xFC50,
    0xFC50, 0xFC50, 0xFC50, 0xFC50, 0xFC50, 0xFC50, 0xFC50, 0xFC50, 0xFC50, 0xFC50, 0xFC50, 0xFC50,
    0xFC50, 0xFC50, 0xFC50, 0xFC50, 0xFC50, 0xFC50, 0xFC50, 0xFC50, 0x0023, 0x0023, 0x0023, 0x0023,
    0x0023, 0x0023, 0x0023, 0x0023, 0x0023, 0x0023, 0x0023, 0x0023, 0x0023, 0x0023, 0x0023, 0x0023,
    0x0023, 0x0023, 0x0023, 0x0023, 0x0023, 0x0023, 0x0023, 0x0023, 0x0023, 0x0023, 0x0023, 0x0023,
    0x0023, 0x0023, 0x0023, 0x0023, 0x0023, 0x0023, 0x0023, 0x0023, 0x0023, 0x0023, 0x0023, 0x0023,
    0x0023, 0x0023, 0x0023, 0x0023, 0x0023, 0x0023, 0x0023, 0x0023, 0x0023, 0x0023, 0x0023, 0x0023,
    0x0023, 0x0023, 0x0023, 0x0023, 0x0023, 0x0023, 0x0023, 0x0023, 0x0023, 0x0023, 0x0023, 0x0023,
    0xFC50, 0xFC50, 0xFC50, 0xFC50, 0xFC50, 0xFC50, 0xFC50, 0xFC50, 0xFC50, 0xFC50, 0xFC50, 0xFC50,
    0xFC50, 0xFC50, 0xFC50, 0xFC50, 0xFC50, 0xFC50, 0xFC50, 0xFC50, 0xFC50, 0xFC50, 0xFC50, 0xFC50,
    0x0023, 0x0023, 0x0023, 0x0023, 0x0023, 0x0023, 0x0023, 0x0023, 0x0023, 0x0023, 0x0023, 0x0023,
    0x0023, 0x0023, 0x0023, 0x0023, 0x0023, 0x0023, 0x0023, 0x0023, 0x0023, 0x0023, 0x0023, 0x0023,
    0x0023, 0x0023, 0x0023, 0x0023, 0x0023, 0x0023, 0x0023, 0x0023, 0x0023, 0x0023, 0x0023, 0x0023,
    0x0023, 0x0023, 0x0023, 0x0023, 0x0023, 0x0023, 0x0023, 0x0023, 0x0023, 0x0023, 0x0023, 0x0023,
    0x0023, 0x0023, 0x0023, 0x0023, 0x0023, 0x0023, 0x0023, 0x0023, 0x0023, 0x0023, 0x0023, 0x0023,
    0x0023, 0x0023, 0x0023, 0x0023, 0xFC50, 0xFC50, 0xFC50, 0xFC50, 0xFC50, 0xFC50, 0xFC50, 0xFC50,
    0xFC50, 0xFC50, 0xFC50, 0xFC50, 0xFC50, 0xFC50, 0xFC50, 0xFC50, 0xFC50, 0xFC50, 0xFC50, 0xFC50,
    0xFC50, 0xFC50, 0xFC50, 0xFC50, 0xFC50, 0xFC50, 0x0023, 0x0023, 0x0023, 0x0023, 0x0023, 0x0023,
    0x0023, 0x0023, 0x0023, 0x0023, 0x0023, 0x0023, 0x0023, 0x0023, 0x0023, 0x0023, 0x0023, 0x0023,
    0x0023, 0x0023, 0x0023, 0x0023, 0x0023, 0x0023, 0x0023, 0x0023, 0x0023, 0x0023, 0x0023, 0x0023,
    0x0023, 0x0023, 0x0023, 0x0023, 0x0023, 0x0023, 0x0023, 0x0023, 0x0023, 0x0023, 0x0023, 0x0023,
    0x0023, 0x0023, 0x0023, 0x0023, 0x0023, 0x0023, 0x0023, 0x0023, 0x0023, 0x0023, 0x0023, 0x0023,
    0x0023, 0x0023, 0x0023, 0x0023, 0x0023, 0x0023, 0x0023, 0xFC50, 0xFC50, 0xFC50, 0xFC50, 0xFC50,
    0xFC50, 0xFC50, 0xFC50, 0xFC50, 0xFC50, 0xFC50, 0xFC50, 0xFC50, 0xFC50, 0xFC50, 0xFC50, 0xFC50,
    0xFC50, 0xFC50, 0xFC50, 0xFC50, 0xFC50, 0xFC50, 0xFC50, 0xFC50, 0xFC50, 0xFC50, 0x0023, 0x0023,
    0x0023, 0x0023, 0x0023, 0x0023, 0x0023, 0x0023, 0x0023, 0x0023, 0x0023, 0x0023, 0x0023, 0x0023,
    0x0023, 0x0023, 0x0023, 0x0023, 0x0023, 0x0023, 0x0023, 0x0023, 0x0023, 0x0023, 0x0023, 0x0023,
    0x0023, 0x0023, 0x0023, 0x0023, 0x0023, 0x0023, 0x0023, 0x0023, 0x0023, 0x0023, 0x0023, 0x0023,
    0x0023, 0x0023, 0x0023, 0x0023, 0x0023, 0x0023, 0x0023, 0x0023, 0x0023, 0x0023, 0x0023, 0x0023,
    0x0023, 0x0023, 0x0023, 0x0023, 0x0023, 0x0023, 0x0023, 0x0023, 0x0023, 0x0023, 0x0023, 0xFC50,
    0xFC50, 0xFC50, 0xFC50, 0xFC50, 0xFC50, 0xFC50, 0xFC50, 0xFC50, 0xFC50, 0xFC50, 0xFC50, 0xFC50,
    0xE5B9, 0xE5B9, 0xFC50, 0xFC50, 0xFC50, 0xFC50, 0xFC50, 0xFC50, 0xFC50, 0xFC50, 0xFC50, 0xFC50,
    0xFC50, 0xFC50, 0x0023, 0x0023, 0x0023, 0x0023, 0x0023, 0x0023, 0x0023, 0x0023, 0x0023, 0x0023,
    0x0023, 0x0023, 0x0023, 0x0023, 0x0023, 0x0023, 0x0023, 0x0023, 0x0023, 0x0023, 0x0023, 0x0023,
    0x0023, 0x0023, 0x0023, 0x0023, 0x0023, 0x0023, 0x0023, 0x0023, 0x0023, 0x0023, 0x0023, 0x0023,
    0x0023, 0x0023, 0x0023, 0x0023, 0x0023, 0x0023, 0x0023, 0x0023, 0x0023, 0x0023, 0x0023, 0x0023,
    0x0023, 0x0023, 0x0023, 0x0023, 0x0023, 0x0023, 0x0023, 0x0023, 0x0023, 0x0023, 0x390F, 0x390F,
    0x390F, 0x390F, 0x390F, 0xFC50, 0xFC50, 0xFC50, 0xFC50, 0xFC50, 0xFC50, 0xFC50, 0xFC50, 0xFC50,
    0xFC50, 0xFC50, 0xFC50, 0xE5B9, 0xE5B9, 0xE5B9, 0xFC50, 0xFC50, 0xFC50, 0xFC50, 0xFC50, 0xFC50,
    0xFC50, 0xFC50, 0xFC50, 0xFC50, 0xFC50, 0xFC50, 0x390F, 0x390F, 0x390F, 0x390F, 0x0023, 0x0023,
    0x0023, 0x0023, 0x0023, 0x0023, 0x0023, 0x0023, 0x0023, 0x0023, 0x0023, 0x0023, 0x0023, 0x0023,
    0x0023, 0x0023, 0x0023, 0x0023, 0x0023, 0x0023, 0x0023, 0x0023, 0x0023, 0x0023, 0x0023, 0x0023,
    0x0023, 0x0023, 0x0023, 0x0023, 0x0023, 0x0023, 0x0023, 0x0023, 0x0023, 0x0023, 0x0023, 0x0023,
    0x0023, 0x0023, 0x0023, 0x0023, 0x0023, 0x0023, 0x0023, 0x0023, 0x0023, 0x0023, 0x0023, 0x0023,
    0x0023, 0x0023, 0x390F, 0x390F, 0x390F, 0x390F, 0x390F, 0xFC50, 0xFC50, 0xFC50, 0xFC50, 0xFC50,
    0xFC50, 0xFC50, 0xFC50, 0xFC50, 0xFC50, 0xFC50, 0xFC50, 0xE5B9, 0xE5B9, 0xE5B9, 0xFC50, 0xFC50,
    0xFC50, 0xFC50, 0xFC50, 0xFC50, 0xFC50, 0xFC50, 0xFC50, 0xFC50, 0xFC50, 0xFC50, 0x390F, 0x390F,
    0x390F, 0x390F, 0x0023, 0x0023, 0x0023, 0x0023, 0x0023, 0x0023, 0x0023, 0x0023, 0x0023, 0x0023,
    0x0023, 0x0023, 0x0023, 0x0023, 0x0023, 0x0023, 0x0023, 0x0023, 0x0023, 0x0023, 0x0023, 0x0023,
    0x0023, 0x0023, 0x0023, 0x0023, 0x0023, 0x0023, 0x0023, 0x0023, 0x0023, 0x0023, 0x0023, 0x0023,
    0x0023, 0x0023, 0x0023, 0x0023, 0x0023, 0x0023, 0x0023, 0x0023, 0x0023, 0x0023, 0x0023, 0x0023,
    0x0023, 0x0023, 0x390F, 0x390F, 0x390F, 0x390F, 0xCD5E, 0xCD5E, 0xCD5E, 0xCD5E, 0xCD5E, 0x390F,
    0xFC50, 0xFC50, 0xFC50, 0xFC50, 0xFC50, 0xFC50, 0xFC50, 0xFC50, 0xFC50, 0xE5B9, 0xE5B9, 0xE5B9,
    0xE5B9, 0xE5B9, 0xE5B9, 0xFC50, 0xFC50, 0xFC50, 0xFC50, 0xFC50, 0xFC50, 0xFC50, 0xFC50, 0xFC50,
    0x390F, 0x390F, 0xCD5E, 0xCD5E, 0xCD5E, 0xCD5E, 0x390F, 0x390F, 0x0023, 0x0023, 0x0023, 0x0023,
    0x0023, 0x0023, 0x0023, 0x0023, 0x0023, 0x0023, 0x0023, 0x0023, 0x0023, 0x0023, 0x0023, 0x0023,
    0x0023, 0x0023, 0x0023, 0x0023, 0x0023, 0x0023, 0x0023, 0x0023, 0x0023, 0x0023, 0x0023, 0x0023,
    0x0023, 0x0023, 0x0023, 0x0023, 0x0023, 0x0023, 0x0023, 0x0023, 0x0023, 0x0023, 0x0023, 0x0023,
    0x0023, 0x0023, 0x0023, 0x0023, 0x390F, 0x390F, 0x390F, 0xCD5E, 0xCD5E, 0xCD5E, 0xCD5E, 0xCD5E,
    0xCD5E, 0xCD5E, 0xCD5E, 0xCD5E, 0x390F, 0x390F, 0xFC50, 0xFC50, 0xFC50, 0xFC50, 0xFC50, 0xFC50,
    0xFC50, 0xE5B9, 0xE5B9, 0xE5B9, 0xE5B9, 0xE5B9, 0xE5B9, 0xFC50, 0xFC50, 0xFC50, 0xFC50, 0xFC50,
    0xFC50, 0xFC50, 0xFC50, 0x390F, 0xCD5E, 0xCD5E, 0xCD5E, 0xCD5E, 0xCD5E, 0xCD5E, 0xCD5E, 0xCD5E,
    0x390F, 0x0023, 0x0023, 0x0023, 0x0023, 0x0023, 0x0023, 0x0023, 0x0023, 0x0023, 0x0023, 0x0023,
    0x0023, 0x0023, 0x0023, 0x0023, 0x0023, 0x0023, 0x0023, 0x0023, 0x0023, 0x0023, 0x0023, 0x0023,
    0x0023, 0x0023, 0x0023, 0x0023, 0x0023, 0x0023, 0x0023, 0x0023, 0x0023, 0x0023, 0x0023, 0x0023,
    0x0023, 0x0023, 0x0023, 0x0023, 0x0023, 0x0023, 0x0023, 0x0023, 0x390F, 0x390F, 0x390F, 0xCD5E,
    0xCD5E, 0xCD5E, 0xCD5E, 0xCD5E, 0xCD5E, 0xCD5E, 0xCD5E, 0xCD5E, 0x390F, 0x390F, 0xFC50, 0xFC50,
    0xFC50, 0xFC50, 0xFC50, 0xFC50, 0xFC50, 0xE5B9, 0xE5B9, 0xE5B9, 0xE5B9, 0xE5B9, 0xE5B9, 0xFC50,
    0xFC50, 0xFC50, 0xFC50, 0xFC50, 0xFC50, 0xFC50, 0xFC50, 0x390F, 0xCD5E, 0xCD5E, 0xCD5E, 0xCD5E,
    0xCD5E, 0xCD5E, 0xCD5E, 0xCD5E, 0x390F, 0x0023, 0x0023, 0x0023, 0x0023, 0x0023, 0x0023, 0x0023,
    0x0023, 0x0023, 0x0023, 0x0023, 0x0023, 0x0023, 0x0023, 0x0023, 0x0023, 0x0023, 0x0023, 0x0023,
    0x0023, 0x0023, 0x0023, 0x0023, 0x0023, 0x0023, 0x0023, 0x0023, 0x0023, 0x0023, 0x0023, 0x0023,
    0x0023, 0x0023, 0x0023, 0x0023, 0x0023, 0x0023, 0x0023, 0x0023, 0x0023, 0x0023, 0x0023, 0x390F,
    0x390F, 0x390F, 0xCD5E, 0xCD5E, 0xCD5E, 0xCD5E, 0xCD5E, 0xCD5E, 0xCD5E, 0xCD5E, 0xCD5E, 0xCD5E,
    0xCD5E, 0xCD5E, 0x390F, 0xFC50, 0xFC50, 0xFC50, 0xFC50, 0xFC50, 0xFC50, 0xE5B9, 0xE5B9, 0xE5B9,
    0xE5B9, 0xE5B9, 0xE5B9, 0xFC50, 0xFC50, 0xFC50, 0xFC50, 0xFC50, 0xFC50, 0x390F, 0x390F, 0xCD5E,
    0xCD5E, 0xCD5E, 0xCD5E, 0xCD5E, 0xCD5E, 0xCD5E, 0xCD5E, 0xCD5E, 0xCD5E, 0x390F, 0x390F, 0x0023,
    0x0023, 0x0023, 0x0023, 0x0023, 0x0023, 0x0023, 0x0023, 0x0023, 0x0023, 0x0023, 0x0023, 0x0023,
    0x0023, 0x0023, 0x0023, 0x0023, 0x0023, 0x0023, 0x0023, 0x0023, 0x0023, 0x0023, 0x0023, 0x0023,
    0x0023, 0x0023, 0x0023, 0x0023, 0x0023, 0x0023, 0x0023, 0x0023, 0x0023, 0x0023, 0x0023, 0x0023,
    0x0023, 0x390F, 0x390F, 0x390F, 0xCD5E, 0xCD5E, 0xCD5E, 0xCD5E, 0xCD5E, 0xCD5E, 0xCD5E, 0xCD5E,
    0xCD5E, 0xCD5E, 0xCD5E, 0xCD5E, 0xCD5E, 0xCD5E, 0xCD5E, 0x390F, 0x390F, 0x390F, 0x390F, 0x390F,
    0xFC50, 0xFC50, 0xFC50, 0xE5B9, 0xE5B9, 0xE5B9, 0xFC50, 0xFC50, 0xE5B9, 0x390F, 0x390F, 0x390F,
    0x390F, 0xCD5E, 0xCD5E, 0xCD5E, 0xCD5E, 0xCD5E, 0xCD5E, 0xCD5E, 0xCD5E, 0xCD5E, 0xCD5E, 0xCD5E,
    0xCD5E, 0xCD5E, 0x9B99, 0x390F, 0x0023, 0x0023, 0x0023, 0x0023, 0x0023, 0x0023, 0x0023, 0x0023,
    0x0023, 0x0023, 0x0023, 0x0023, 0x0023, 0x0023, 0x0023, 0x0023, 0x0023, 0x0023, 0x0023, 0x0023,
    0x0023, 0x0023, 0x0023, 0x0023, 0x0023, 0x0023, 0x0023, 0x0023, 0x0023, 0x0023, 0x0023, 0x0023,
    0x0023, 0x0023, 0x0023, 0x0023, 0x0023, 0x390F, 0x390F, 0x390F, 0xCD5E, 0xCD5E, 0xCD5E, 0xCD5E,
    0xCD5E, 0xCD5E, 0xCD5E, 0xCD5E, 0xCD5E, 0xCD5E, 0xCD5E, 0xCD5E, 0xCD5E, 0xCD5E, 0xCD5E, 0x390F,
    0x390F, 0x390F, 0x390F, 0x390F, 0xE5B9, 0xFC50, 0xFC50, 0xE5B9, 0xE5B9, 0xE5B9, 0xFC50, 0xE5B9,
    0xE5B9, 0x390F, 0x390F, 0x390F, 0x390F, 0xCD5E, 0xCD5E, 0xCD5E, 0xCD5E, 0xCD5E, 0xCD5E, 0xCD5E,
    0xCD5E, 0xCD5E, 0xCD5E, 0xCD5E, 0xCD5E, 0xCD5E, 0x9B99, 0x390F, 0x0023, 0x0023, 0x0023, 0x0023,
    0x0023, 0x0023, 0x0023, 0x0023, 0x0023, 0x0023, 0x0023, 0x0023, 0x0023, 0x0023, 0x0023, 0x0023,
    0x0023, 0x0023, 0x0023, 0x0023, 0x0023, 0x0023, 0x0023, 0x0023, 0x0023, 0x0023, 0x0023, 0x0023,
    0x0023, 0x0023, 0x0023, 0x0023, 0x0023, 0x0023, 0x0023, 0x0023, 0x0023, 0x390F, 0x390F, 0xCD5E,
    0xCD5E, 0xCD5E, 0xCD5E, 0xCD5E, 0xCD5E, 0xCD5E, 0xCD5E, 0xCD5E, 0xCD5E, 0xCD5E, 0xCD5E, 0xCD5E,
    0xCD5E, 0xCD5E, 0xCD5E, 0xCD5E, 0xCD5E, 0xCD5E, 0xCD5E, 0xCD5E, 0x390F, 0xFC50, 0xFC50, 0xFC50,
    0xFC50, 0xFC50, 0xFC50, 0x390F, 0x390F, 0xCD5E, 0xCD5E, 0xCD5E, 0xCD5E, 0xCD5E, 0xCD5E, 0xCD5E,
    0xCD5E, 0xCD5E, 0xCD5E, 0xCD5E, 0xCD5E, 0xCD5E, 0xCD5E, 0xCD5E, 0xCD5E, 0xCD5E, 0x9B99, 0x390F,
    0x0023, 0x0023, 0x0023, 0x0023, 0x0023, 0x0023, 0x0023, 0x0023, 0x0023, 0x0023, 0x0023, 0x0023,
    0x0023, 0x0023, 0x0023, 0x0023, 0x0023, 0x0023, 0x0023, 0x0023, 0x0023, 0x0023, 0x0023, 0x0023,
    0x0023, 0x0023, 0x0023, 0x0023, 0x0023, 0x0023, 0x0023, 0x0023, 0x0023, 0x0023, 0x0023, 0x0023,
    0x0023, 0x390F, 0x390F, 0xCD5E, 0xCD5E, 0xCD5E, 0xCD5E, 0xCD5E, 0xCD5E, 0xCD5E, 0xCD5E, 0xCD5E,
    0xCD5E, 0xCD5E, 0xCD5E, 0xCD5E, 0xCD5E, 0xCD5E, 0xCD5E, 0xCD5E, 0xCD5E, 0xCD5E, 0xCD5E, 0xCD5E,
    0xCD5E, 0x390F, 0x390F, 0x390F, 0x390F, 0x390F, 0x390F, 0xCD5E, 0xCD5E, 0xCD5E, 0xCD5E, 0xCD5E,
    0xCD5E, 0xCD5E, 0xCD5E, 0xCD5E, 0xCD5E, 0xCD5E, 0xCD5E, 0xCD5E, 0xCD5E, 0xCD5E, 0xCD5E, 0xCD5E,
    0xCD5E, 0xCD5E, 0xCD1C, 0x390F, 0x0023, 0x0023, 0x0023, 0x0023, 0x0023, 0x0023, 0x0023, 0x0023,
    0x0023, 0x0023, 0x0023, 0x0023, 0x0023, 0x0023, 0x0023, 0x0023, 0x0023, 0x0023, 0x0023, 0x0023,
    0x0023, 0x0023, 0x0023, 0x0023, 0x0023, 0x0023, 0x0023, 0x0023, 0x0023, 0x0023, 0x0023, 0x0023,
    0x0023, 0x0023, 0x0023, 0x0023, 0x0023, 0x390F, 0x390F, 0xCD5E, 0xCD5E, 0xCD5E, 0xCD5E, 0xCD5E,
    0xCD5E, 0xCD5E, 0xCD5E, 0xCD5E, 0xCD5E, 0xCD5E, 0xCD5E, 0xCD5E, 0xCD5E, 0xCD5E, 0xCD5E, 0xCD5E,
    0xCD5E, 0xCD5E, 0xCD5E, 0xCD5E, 0xCD5E, 0x390F, 0x390F, 0x390F, 0x390F, 0x390F, 0x390F, 0xCD5E,
    0xCD5E, 0xCD5E, 0xCD5E, 0xCD5E, 0xCD5E, 0xCD5E, 0xCD5E, 0xCD5E, 0xCD5E, 0xCD5E, 0xCD5E, 0xCD5E,
    0xCD5E, 0xCD5E, 0xCD5E, 0xCD5E, 0xCD5E, 0xCD5E, 0x9B99, 0x390F, 0x0023, 0x0023, 0x0023, 0x0023,
    0x0023, 0x0023, 0x0023, 0x0023, 0x0023, 0x0023, 0x0023, 0x0023, 0x0023, 0x0023, 0x0023, 0x0023,
    0x0023, 0x0023, 0x0023, 0x0023, 0x0023, 0x0023, 0x0023, 0x0023, 0x0023, 0x0023, 0x0023, 0x0023,
    0x0023, 0x0023, 0x0023, 0x0023, 0x0023, 0x0023, 0x390F, 0x390F, 0x390F, 0x390F, 0x390F, 0xCD5E,
    0xCD5E, 0xCD5E, 0xCD5E, 0xCD5E, 0xCD5E, 0xCD5E, 0xCD5E, 0xCD5E, 0xCD5E, 0xCD5E, 0xCD5E, 0xCD5E,
    0xCD5E, 0xCD5E, 0xCD5E, 0xCD5E, 0xCD5E, 0xCD5E, 0xCD5E, 0xCD5E, 0xCD5E, 0xCD5E, 0xCD5E, 0xCD5E,
    0xCD5E, 0xCD5E, 0xCD5E, 0xCD5E, 0xCD5E, 0xCD5E, 0xCD5E, 0xCD5E, 0xCD5E, 0xCD5E, 0xCD5E, 0xCD5E,
    0xCD5E, 0xCD5E, 0xCD5E, 0xCD5E, 0xCD5E, 0xCD5E, 0xCD5E, 0xCD5E, 0xCD5E, 0x9B99, 0x9B99, 0x390F,
    0x390F, 0x390F, 0x390F, 0x0023, 0x0023, 0x0023, 0x0023, 0x0023, 0x0023, 0x0023, 0x0023, 0x0023,
    0x0023, 0x0023, 0x0023, 0x0023, 0x0023, 0x0023, 0x0023, 0x0023, 0x0023, 0x0023, 0x0023, 0x0023,
    0x0023, 0x0023, 0x0023, 0x0023, 0x0023, 0x0023, 0x0023, 0x0023, 0x0023, 0x390F, 0x390F, 0x390F,
    0xCD5E, 0xCD5E, 0xCD5E, 0x9B99, 0xCD5E, 0xCD5E, 0xCD5E, 0xCD5E, 0xCD5E, 0xCD5E, 0xCD5E, 0xCD5E,
    0xCD5E, 0xCD5E, 0xCD5E, 0xCD5E, 0xCD5E, 0xCD5E, 0xCD5E, 0xCD5E, 0xCD5E, 0xCD5E, 0xCD5E, 0xCD5E,
    0xCD5E, 0xCD5E, 0xCD5E, 0xCD5E, 0xCD5E, 0xCD5E, 0xCD5E, 0xCD5E, 0xCD5E, 0xCD5E, 0xCD5E, 0xCD5E,
    0xCD5E, 0xCD5E, 0xCD5E, 0xCD5E, 0xCD5E, 0xCD5E, 0xCD5E, 0xCD5E, 0xCD5E, 0xCD5E, 0xCD5E, 0xCD5E,
    0xCD5E, 0x9B99, 0x9B99, 0x9B99, 0xCD5E, 0xCD5E, 0xCD5E, 0x390F, 0x390F, 0x390F, 0x0023, 0x0023,
    0x0023, 0x0023, 0x0023, 0x0023, 0x0023, 0x0023, 0x0023, 0x0023, 0x0023, 0x0023, 0x0023, 0x0023,
    0x0023, 0x0023, 0x0023, 0x0023, 0x0023, 0x0023, 0x0023, 0x0023, 0x0023, 0x0023, 0x0023, 0x0023,
    0x0023, 0x390F, 0x390F, 0x390F, 0xCD5E, 0xCD5E, 0xCD5E, 0x9B99, 0xCD5E, 0xCD5E, 0xCD5E, 0xCD5E,
    0xCD5E, 0xCD5E, 0xCD5E, 0xCD5E, 0xCD5E, 0xCD5E, 0xCD5E, 0xCD5E, 0xCD5E, 0xCD5E, 0xCD5E, 0xCD5E,
    0xCD5E, 0xCD5E, 0xCD5E, 0xCD5E, 0xCD5E, 0xCD5E, 0xCD5E, 0xCD5E, 0xCD5E, 0xCD5E, 0xCD5E, 0xCD5E,
    0xCD5E, 0xCD5E, 0xCD5E, 0xCD5E, 0xCD5E, 0xCD5E, 0xCD5E, 0xCD5E, 0xCD5E, 0xCD5E, 0xCD5E, 0xCD5E,
    0xCD5E, 0xCD5E, 0xCD5E, 0xCD5E, 0xCD5E, 0x9B99, 0x9B99, 0x9B99, 0xCD5E, 0xCD5E, 0xCD5E, 0x390F,
    0x390F, 0x390F, 0x0023, 0x0023, 0x0023, 0x0023, 0x0023, 0x0023, 0x0023, 0x0023, 0x0023, 0x0023,
    0x0023, 0x0023, 0x0023, 0x0023, 0x0023, 0x0023, 0x0023, 0x0023, 0x0023, 0x0023, 0x0023, 0x0023,
    0x0023, 0x0023, 0x0023, 0x390F, 0x390F, 0xCD5E, 0xCD5E, 0xCD5E, 0xCD5E, 0xCD5E, 0xCD5E, 0xCD5E,
    0xCD5E, 0xCD5E, 0xCD5E, 0xCD5E, 0xCD5E, 0xCD5E, 0xCD5E, 0xCD5E, 0xCD5E, 0xCD5E, 0xCD5E, 0xCD5E,
    0xCD5E, 0xCD5E, 0xCD5E, 0xCD5E, 0xCD5E, 0xCD5E, 0xCD5E, 0xCD5E, 0xCD5E, 0xCD5E, 0xCD5E, 0xCD5E,
    0xCD5E, 0xCD5E, 0xCD5E, 0xCD5E, 0xCD5E, 0xCD5E, 0xCD5E, 0xCD5E, 0xCD5E, 0xCD5E, 0xCD5E, 0xCD5E,
    0xCD5E, 0xCD5E, 0xCD5E, 0xCD5E, 0xCD5E, 0xCD5E, 0xCD5E, 0xCD5E, 0xCD5E, 0xCD5E, 0xCD5E, 0xCD5E,
    0xCD5E, 0xCD5E, 0xCD5E, 0xCD5E, 0xCD5E, 0xCD5E, 0x390F, 0x208A, 0x0023, 0x0023, 0x0023, 0x0023,
    0x0023, 0x0023, 0x0023, 0x0023, 0x0023, 0x0023, 0x0023, 0x0023, 0x0023, 0x0023, 0x0023, 0x0023,
    0x0023, 0x0023, 0x0023, 0x0023, 0x0023, 0x0023, 0x390F, 0x9B99, 0xCD1C, 0xCD5E, 0xCD5E, 0xCD5E,
    0xCD5E, 0xCD5E, 0xCD5E, 0xCD5E, 0xCD5E, 0xCD5E, 0xCD5E, 0xCD5E, 0xCD5E, 0xCD5E, 0xCD5E, 0xCD5E,
    0xCD5E, 0xCD5E, 0xCD5E, 0xCD5E, 0xCD5E, 0xCD5E, 0xCD5E, 0xCD5E, 0xCD5E, 0xCD5E, 0xCD5E, 0xCD5E,
    0xCD5E, 0xCD5E, 0xCD5E, 0xCD5E, 0xCD5E, 0xCD5E, 0xCD5E, 0xCD5E, 0xCD5E, 0xCD5E, 0xCD5E, 0xCD5E,
    0xCD5E, 0xCD5E, 0xCD5E, 0xCD5E, 0xCD5E, 0xCD5E, 0xCD5E, 0xCD5E, 0xCD5E, 0xCD5E, 0xCD5E, 0xCD5E,
    0xCD5E, 0xCD5E, 0xCD5E, 0xCD5E, 0xCD5E, 0xCD5E, 0xCD5E, 0xCD5E, 0xCD5E, 0xCD5E, 0xCD5E, 0x9B99,
    0x390F, 0x0023, 0x0023, 0x0023, 0x0023, 0x0023, 0x0023, 0x0023, 0x0023, 0x0023, 0x0023, 0x0023,
    0x0023, 0x0023, 0x0023, 0x0023, 0x0023, 0x0023, 0x0023, 0x0023, 0x0023, 0x0023, 0x390F, 0xCD1C,
    0xCD5E, 0xCD5E, 0xCD5E, 0xCD5E, 0xCD5E, 0xCD5E, 0xCD5E, 0xCD5E, 0xCD5E, 0xCD5E, 0xCD5E, 0xCD5E,
    0xCD5E, 0xCD5E, 0xCD5E, 0xCD5E, 0xCD5E, 0xCD5E, 0xCD5E, 0xCD5E, 0xCD5E, 0xCD5E, 0xCD5E, 0xCD5E,
    0xCD5E, 0xCD5E, 0xCD5E, 0xCD5E, 0xCD5E, 0xCD5E, 0xCD5E, 0xCD5E, 0xCD5E, 0xCD5E, 0xCD5E, 0xCD5E,
    0xCD5E, 0xCD5E, 0xCD5E, 0xCD5E, 0xCD5E, 0xCD5E, 0xCD5E, 0xCD5E, 0xCD5E, 0xCD5E, 0xCD5E, 0xCD5E,
    0xCD5E, 0xCD5E, 0xCD5E, 0xCD5E, 0xCD5E, 0xCD5E, 0xCD5E, 0xCD5E, 0xCD5E, 0xCD5E, 0xCD5E, 0xCD5E,
    0xCD5E, 0xCD5E, 0xCD5E, 0x9B99, 0x390F, 0x0023, 0x0023, 0x0023, 0x0023, 0x0023, 0x0023, 0x0023,
    0x0023, 0x0023, 0x0023, 0x0023, 0x0023, 0x0023, 0x0023, 0x0023, 0x0023, 0x0023, 0x0023, 0x0023,
    0x0023, 0x390F, 0x390F, 0x9B99, 0xCD5E, 0xCD5E, 0xCD5E, 0xCD5E, 0xCD5E, 0xCD5E, 0xCD5E, 0xCD5E,
    0xCD5E, 0xCD5E, 0xCD5E, 0xCD5E, 0xCD5E, 0xCD5E, 0xCD5E, 0xCD5E, 0xCD5E, 0xCD5E, 0xCD5E, 0xCD5E,
    0xCD5E, 0xCD5E, 0xCD5E, 0xCD5E, 0xCD5E, 0xCD5E, 0xCD5E, 0xCD5E, 0xCD5E, 0xCD5E, 0xCD5E, 0xCD5E,
    0xCD5E, 0xCD5E, 0xCD5E, 0xCD5E, 0xCD5E, 0xCD5E, 0xCD5E, 0xCD5E, 0xCD5E, 0xCD5E, 0xCD5E, 0xCD5E,
    0xCD5E, 0xCD5E, 0xCD5E, 0xCD5E, 0xCD5E, 0xCD5E, 0xCD5E, 0xCD5E, 0xCD5E, 0xCD5E, 0xCD5E, 0xCD5E,
    0xCD5E, 0xCD5E, 0xCD5E, 0xCD5E, 0xCD5E, 0xCD5E, 0xCD5E, 0x9B99, 0x390F, 0x0023, 0x0023, 0x0023,
    0x0023, 0x0023, 0x0023, 0x0023, 0x0023, 0x0023, 0x0023, 0x0023, 0x0023, 0x0023, 0x0023, 0x0023,
    0x0023, 0x0023, 0x0023, 0x0023, 0x0023, 0x390F, 0xCD1C, 0xCD5E, 0xCD5E, 0xCD5E, 0xCD5E, 0xCD5E,
    0xCD5E, 0xCD5E, 0xCD5E, 0xCD5E, 0xCD5E, 0xCD5E, 0xCD5E, 0xCD5E, 0xCD5E, 0xCD5E, 0xCD5E, 0xCD5E,
    0xCD5E, 0xCD5E, 0xCD5E, 0xCD5E, 0xCD5E, 0xCD5E, 0xCD5E, 0xCD5E, 0xCD5E, 0xCD5E, 0xCD5E, 0xCD5E,
    0xCD5E, 0xCD5E, 0xCD5E, 0xCD5E, 0xCD5E, 0xCD5E, 0xCD5E, 0xCD5E, 0xCD5E, 0xCD5E, 0xCD5E, 0xCD5E,
    0xCD5E, 0xCD5E, 0xCD5E, 0xCD5E, 0xCD5E, 0xCD5E, 0xCD5E, 0xCD5E, 0xCD5E, 0xCD5E, 0xCD5E, 0xCD5E,
    0xCD5E, 0xCD5E, 0xCD5E, 0xCD5E, 0xCD5E, 0xCD5E, 0xCD5E, 0xCD5E, 0xCD5E, 0xCD5E, 0xCD5E, 0xCD1C,
    0xCD1C, 0x390F, 0x0023, 0x0023, 0x0023, 0x0023, 0x0023, 0x0023, 0x0023, 0x0023, 0x0023, 0x0023,
    0x0023, 0x0023, 0x0023, 0x0023, 0x0023, 0x0023, 0x0023, 0x0023, 0x0023, 0x390F, 0xCD5E, 0xCD5E,
    0xCD5E, 0xCD5E, 0xCD5E, 0xCD5E, 0xCD5E, 0xCD5E, 0xCD5E, 0xCD5E, 0xCD5E, 0xCD5E, 0xCD5E, 0xCD5E,
    0xCD5E, 0xCD5E, 0xCD5E, 0xCD5E, 0xCD5E, 0xCD5E, 0xCD5E, 0xCD5E, 0xCD5E, 0xCD5E, 0xCD5E, 0xCD5E,
    0xCD5E, 0xCD5E, 0xCD5E, 0xCD5E, 0xCD5E, 0xCD5E, 0xCD5E, 0xCD5E, 0xCD5E, 0xCD5E, 0xCD5E, 0xCD5E,
    0xCD5E, 0xCD5E, 0xCD5E, 0xCD5E, 0xCD5E, 0xCD5E, 0xCD5E, 0xCD5E, 0xCD5E, 0xCD5E, 0xCD5E, 0xCD5E,
    0xCD5E, 0xCD5E, 0xCD5E, 0xCD5E, 0xCD5E, 0xCD5E, 0xCD5E, 0xCD5E, 0xCD5E, 0xCD5E, 0xCD5E, 0xCD5E,
    0xCD5E, 0xCD5E, 0xCD5E, 0xCD5E, 0xCD5E, 0x390F, 0x0023, 0x0023, 0x0023, 0x0023, 0x0023, 0x0023,
    0x0023, 0x0023, 0x0023, 0x0023, 0x0023, 0x0023, 0x0023, 0x0023, 0x0023, 0x0023, 0x0023, 0x0023,
    0x0023, 0x390F, 0xCD5E, 0xCD5E, 0xCD5E, 0xCD5E, 0xCD5E, 0xCD5E, 0xCD5E, 0xCD5E, 0xCD5E, 0xCD5E,
    0xCD5E, 0xCD5E, 0xCD5E, 0xCD5E, 0xCD5E, 0x390F, 0xCD5E, 0xCD5E, 0xCD5E, 0xCD5E, 0xCD5E, 0xCD5E,
    0xCD5E, 0xCD5E, 0xCD5E, 0x390F, 0x390F, 0xCD5E, 0xCD5E, 0xCD5E, 0xCD5E, 0xCD5E, 0xCD5E, 0xCD5E,
    0xCD5E, 0xCD5E, 0xCD5E, 0xCD5E, 0xCD5E, 0xCD5E, 0xCD5E, 0xCD5E, 0x390F, 0xCD5E, 0xCD5E, 0xCD5E,
    0xCD5E, 0xCD5E, 0xCD5E, 0xCD5E, 0xCD5E, 0xCD5E, 0x390F, 0xCD5E, 0xCD5E, 0xCD5E, 0xCD5E, 0xCD5E,
    0xCD5E, 0xCD5E, 0xCD5E, 0xCD5E, 0xCD5E, 0xCD5E, 0xCD5E, 0xCD5E, 0xCD5E, 0x390F, 0x390F, 0x390F,
    0x0023, 0x0023, 0x0023, 0x0023, 0x0023, 0x0023, 0x0023, 0x0023, 0x0023, 0x0023, 0x0023, 0x0023,
    0x0023, 0x0023, 0x0023, 0x390F, 0x390F, 0x9B99, 0xCD5E, 0xCD5E, 0xCD5E, 0xCD5E, 0xCD5E, 0xCD5E,
    0xCD5E, 0xCD5E, 0xCD5E, 0xCD5E, 0xCD5E, 0xCD5E, 0xCD5E, 0xCD5E, 0xCD5E, 0x9B99, 0x9B99, 0x9B99,
    0xCD5E, 0xCD5E, 0xCD5E, 0xCD5E, 0xCD5E, 0xCD5E, 0x9B99, 0x9B99, 0x9B99, 0xCD5E, 0xCD5E, 0xCD5E,
    0xCD5E, 0xCD5E, 0xCD5E, 0xCD5E, 0xCD5E, 0xCD5E, 0xCD5E, 0xCD5E, 0xCD5E, 0xCD5E, 0xCD5E, 0xCD5E,
    0x9B99, 0x9B99, 0x9B99, 0xCD5E, 0xCD5E, 0xCD5E, 0xCD5E, 0xCD5E, 0xCD1C, 0x390F, 0x9B99, 0xCD5E,
    0xCD5E, 0xCD5E, 0xCD5E, 0xCD5E, 0xCD5E, 0xCD5E, 0xCD5E, 0xCD5E, 0xCD5E, 0xCD5E, 0xCD5E, 0xCD5E,
    0xCD5E, 0xCD5E, 0x390F, 0x390F, 0x0023, 0x0023, 0x0023, 0x0023, 0x0023, 0x0023, 0x0023, 0x0023,
    0x0023, 0x0023, 0x0023, 0x0023, 0x0023, 0x0023, 0x0023, 0x390F, 0x390F, 0x9B99, 0xCD5E, 0xCD5E,
    0xCD5E, 0xCD5E, 0xCD5E, 0xCD5E, 0xCD5E, 0xCD5E, 0xCD5E, 0xCD5E, 0xCD5E, 0xCD5E, 0xCD5E, 0xCD5E,
    0xCD5E, 0xCD5E, 0x390F, 0x390F, 0xCD5E, 0xCD5E, 0xCD5E, 0xCD5E, 0xCD5E, 0xCD5E, 0x390F, 0xCD1C,
    0xCD5E, 0xCD5E, 0xCD5E, 0xCD5E, 0xCD5E, 0xCD5E, 0xCD5E, 0xCD5E, 0xCD5E, 0xCD5E, 0xCD5E, 0xCD5E,
    0xCD5E, 0xCD5E, 0xCD5E, 0xCD5E, 0xCD5E, 0x390F, 0x9B99, 0xCD5E, 0xCD5E, 0xCD5E, 0xCD5E, 0xCD5E,
    0xCD1C, 0x390F, 0xCD5E, 0xCD5E, 0xCD5E, 0xCD5E, 0xCD5E, 0xCD5E, 0xCD5E, 0xCD5E, 0xCD5E, 0xCD5E,
    0xCD5E, 0xCD5E, 0xCD5E, 0xCD5E, 0xCD5E, 0xCD5E, 0x390F, 0x390F, 0x0023, 0x0023, 0x0023, 0x0023,
    0x0023, 0x0023, 0x0023, 0x0023, 0x0023, 0x0023, 0x0023, 0x0023, 0x0023, 0x0023, 0x0023, 0x390F,
    0x390F, 0x9B99, 0xCD5E, 0xCD5E, 0xCD5E, 0xCD5E, 0xCD5E, 0xCD5E, 0xCD5E, 0xCD5E, 0xCD5E, 0xCD5E,
    0xCD5E, 0xCD5E, 0xCD5E, 0xCD5E, 0xCD5E, 0xCD5E, 0xCD5E, 0xCD5E, 0x390F, 0x390F, 0x390F, 0x390F,
    0x390F, 0x390F, 0xCD5E, 0xCD5E, 0xCD5E, 0xCD5E, 0xCD5E, 0xCD5E, 0xCD5E, 0xCD5E, 0xCD5E, 0xCD5E,
    0xCD5E, 0xCD5E, 0xCD5E, 0xCD5E, 0xCD5E, 0xCD5E, 0xCD5E, 0xCD5E, 0xCD5E, 0xCD5E, 0x9B99, 0x390F,
    0x390F, 0x390F, 0x390F, 0x390F, 0x390F, 0xCD5E, 0xCD5E, 0xCD5E, 0xCD5E, 0xCD5E, 0xCD5E, 0xCD5E,
    0xCD5E, 0xCD5E, 0xCD5E, 0xCD5E, 0xCD5E, 0xCD5E, 0xCD5E, 0xCD5E, 0xCD5E, 0xCD5E, 0x390F, 0x390F,
    0x0023, 0x0023, 0x0023, 0x0023, 0x0023, 0x0023, 0x0023, 0x0023, 0x0023, 0x0023, 0x0023, 0x0023,
    0x0023, 0x0023, 0x0023, 0x390F, 0x390F, 0x9B99, 0xCD5E, 0xCD5E, 0xCD5E, 0xCD5E, 0xCD5E, 0xCD5E,
    0xCD5E, 0xCD5E, 0xCD5E, 0xCD5E, 0xCD5E, 0xCD5E, 0xCD5E, 0xCD5E, 0xCD5E, 0xCD5E, 0xCD5E, 0xCD5E,
    0xCD1C, 0xCD5E, 0xCD1C, 0xCD1C, 0xCD1C, 0xCD5E, 0xCD5E, 0xCD5E, 0xCD5E, 0xCD5E, 0xCD5E, 0xCD5E,
    0xCD5E, 0xCD5E, 0xCD5E, 0xCD5E, 0xCD5E, 0xCD5E, 0xCD5E, 0xCD5E, 0xCD5E, 0xCD5E, 0xCD5E, 0xCD5E,
    0xCD5E, 0xCD5E, 0xCD5E, 0xCD5E, 0xCD1C, 0xCD5E, 0xCD1C, 0xCD5E, 0xCD5E, 0xCD5E, 0xCD5E, 0xCD5E,
    0xCD5E, 0xCD5E, 0xCD5E, 0xCD5E, 0xCD5E, 0xCD5E, 0xCD5E, 0xCD5E, 0xCD5E, 0xCD5E, 0xCD5E, 0xCD5E,
    0xCD5E, 0x9B99, 0x390F, 0x390F, 0x0023, 0x0023, 0x0023, 0x0023, 0x0023, 0x0023, 0x0023, 0x0023,
    0x0023, 0x0023, 0x0023, 0x0023, 0x0023, 0x0023, 0x0023, 0x390F, 0x390F, 0x9B99, 0xCD5E, 0xCD5E,
    0xCD5E, 0xCD5E, 0xCD5E, 0xCD5E, 0xCD5E, 0xCD5E, 0xCD5E, 0xCD5E, 0xCD5E, 0xE5B9, 0xFC50, 0xFC50,
    0xFC50, 0xFC50, 0xFC50, 0xCD5E, 0xCD5E, 0xCD5E, 0xCD5E, 0xCD5E, 0xCD5E, 0xCD5E, 0xCD5E, 0xCD5E,
    0xCD5E, 0xCD5E, 0xCD5E, 0xCD5E, 0xCD5E, 0xCD5E, 0xCD5E, 0xCD5E, 0xCD5E, 0xCD5E, 0xCD5E, 0xCD5E,
    0xCD5E, 0xCD5E, 0xCD5E, 0xCD5E, 0xCD5E, 0xCD5E, 0xCD5E, 0xCD5E, 0xCD5E, 0xCD5E, 0xCD5E, 0xCD5E,
    0xCD5E, 0xFC50, 0xFC50, 0xFC50, 0xFC50, 0xFC50, 0xFC50, 0xCD5E, 0xCD5E, 0xCD5E, 0xCD5E, 0xCD5E,
    0xCD5E, 0xCD5E, 0xCD5E, 0xCD5E, 0xCD5E, 0x9B99, 0x390F, 0x390F, 0x0023, 0x0023, 0x0023, 0x0023,
    0x0023, 0x0023, 0x0023, 0x0023, 0x0023, 0x0023, 0x0023, 0x0023, 0x0023, 0x0023, 0x0023, 0x390F,
    0x390F, 0x9B99, 0x9B99, 0xCD5E, 0xCD5E, 0xCD5E, 0xCD5E, 0xCD5E, 0xCD5E, 0xCD5E, 0xCD5E, 0xCD5E,
    0xFC50, 0xFC50, 0xFC50, 0xFC50, 0xFC50, 0xFC50, 0xFC50, 0xFC50, 0xCD5E, 0xCD5E, 0xCD5E, 0xCD5E,
    0xCD5E, 0xCD5E, 0xCD5E, 0xCD5E, 0xCD5E, 0xCD5E, 0xCD5E, 0xCD5E, 0x390F, 0xCD5E, 0xCD5E, 0xCD5E,
    0xCD5E, 0xCD5E, 0x390F, 0xCD5E, 0xCD5E, 0xCD5E, 0xCD5E, 0xCD5E, 0xCD5E, 0xCD5E, 0xCD5E, 0xCD5E,
    0xCD5E, 0xCD5E, 0xCD5E, 0xCD5E, 0xFC50, 0xFC50, 0xFC50, 0xFC50, 0xFC50, 0xFC50, 0xFC50, 0xFC50,
    0xCD5E, 0xCD5E, 0xCD5E, 0xCD5E, 0xCD5E, 0xCD5E, 0xCD5E, 0xCD5E, 0xCD5E, 0x9B99, 0x390F, 0x390F,
    0x0023, 0x0023, 0x0023, 0x0023, 0x0023, 0x0023, 0x0023, 0x0023, 0x0023, 0x0023, 0x0023, 0x0023,
    0x0023, 0x0023, 0x0023, 0x390F, 0x390F, 0x9B99, 0x9B99, 0xCD5E, 0xCD5E, 0xCD5E, 0xCD5E, 0xCD5E,
    0xCD5E, 0xCD5E, 0xCD5E, 0xCD5E, 0xFC50, 0xFC50, 0xFC50, 0xFC50, 0xFC50, 0xFC50, 0xFC50, 0xFC50,
    0xCD5E, 0xCD5E, 0xCD5E, 0xCD5E, 0xCD5E, 0xCD5E, 0xCD5E, 0xCD5E, 0xCD5E, 0xCD5E, 0xCD5E, 0xCD5E,
    0xCD5E, 0x390F, 0x390F, 0x390F, 0x390F, 0x390F, 0xCD5E, 0xCD5E, 0xCD5E, 0xCD5E, 0xCD5E, 0xCD5E,
    0xCD5E, 0xCD5E, 0xCD5E, 0xCD5E, 0xCD5E, 0xCD5E, 0xCD5E, 0xCD5E, 0xFC50, 0xFC50, 0xFC50, 0xFC50,
    0xFC50, 0xFC50, 0xFC50, 0xFC50, 0xCD5E, 0xCD5E, 0xCD5E, 0xCD5E, 0xCD5E, 0xCD5E, 0xCD5E, 0xCD1C,
    0x9B99, 0x9B99, 0x390F, 0x390F, 0x0023, 0x0023, 0x0023, 0x0023, 0x0023, 0x0023, 0x0023, 0x0023,
    0x0023, 0x0023, 0x0023, 0x0023, 0x0023, 0x0023, 0x0023, 0x390F, 0x390F, 0x9B99, 0x9B99, 0xCD5E,
    0xCD5E, 0xCD5E, 0xCD5E, 0xCD5E, 0xCD5E, 0xCD5E, 0xCD5E, 0xCD5E, 0xCD5E, 0xE5B9, 0xFC50, 0xFC50,
    0xFC50, 0xFC50, 0xFC50, 0xCD5E, 0xCD5E, 0xCD5E, 0xCD5E, 0xCD5E, 0xCD5E, 0xCD5E, 0xCD5E, 0xCD5E,
    0xCD5E, 0xCD5E, 0xCD5E, 0xCD5E, 0xCD5E, 0x390F, 0x390F, 0x390F, 0x390F, 0x390F, 0xCD5E, 0xCD5E,
    0xCD5E, 0xCD5E, 0xCD5E, 0xCD5E, 0xCD5E, 0xCD5E, 0xCD5E, 0xCD5E, 0xCD5E, 0xCD5E, 0xCD5E, 0xCD5E,
    0xCD5E, 0xFC50, 0xFC50, 0xFC50, 0xFC50, 0xFC50, 0xFC50, 0xCD5E, 0xCD5E, 0xCD5E, 0xCD5E, 0xCD5E,
    0xCD5E, 0xCD5E, 0xCD5E, 0x9B99, 0x9B99, 0x9B99, 0x390F, 0x390F, 0x0023, 0x0023, 0x0023, 0x0023,
    0x0023, 0x0023, 0x0023, 0x0023, 0x0023, 0x0023, 0x0023, 0x0023, 0x0023, 0x0023, 0x0023, 0x0023,
    0x0023, 0x390F, 0x9B99, 0x9B99, 0x9B99, 0xCD5E, 0xCD5E, 0xCD5E, 0xCD5E, 0xCD5E, 0xCD5E, 0xCD5E,
    0xCD5E, 0xCD5E, 0xCD5E, 0xCD5E, 0xCD5E, 0xCD5E, 0xCD5E, 0xCD5E, 0xCD5E, 0xCD5E, 0xCD5E, 0xCD5E,
    0xCD5E, 0xCD5E, 0xCD5E, 0xCD5E, 0xCD5E, 0xCD5E, 0xCD5E, 0xCD5E, 0xCD5E, 0xCD5E, 0xCD5E, 0xCD5E,
    0xCD5E, 0xCD5E, 0xCD5E, 0xCD5E, 0xCD5E, 0xCD5E, 0xCD5E, 0xCD5E, 0xCD5E, 0xCD5E, 0xCD5E, 0xCD5E,
    0xCD5E, 0xCD5E, 0xCD5E, 0xCD5E, 0xCD5E, 0xCD5E, 0xCD5E, 0xCD5E, 0xCD5E, 0xCD5E, 0xCD5E, 0xCD5E,
    0xCD5E, 0xCD5E, 0xCD5E, 0xCD5E, 0xCD5E, 0xCD5E, 0x9B99, 0x9B99, 0x9B99, 0x390F, 0x0023, 0x0023,
    0x0023, 0x0023, 0x0023, 0x0023, 0x0023, 0x0023, 0x0023, 0x0023, 0x0023, 0x0023, 0x0023, 0x0023,
    0x0023, 0x0023, 0x0023, 0x0023, 0x0023, 0x390F, 0x9B99, 0x9B99, 0x9B99, 0x9B99, 0xCD5E, 0xCD5E,
    0xCD5E, 0xCD5E, 0xCD5E, 0xCD5E, 0xCD5E, 0xCD5E, 0xCD5E, 0xCD5E, 0xCD5E, 0xCD5E, 0xCD5E, 0xCD5E,
    0xCD5E, 0xCD5E, 0xCD5E, 0xCD5E, 0xCD5E, 0xCD5E, 0xCD5E, 0xCD5E, 0xCD5E, 0xCD5E, 0xCD5E, 0xCD5E,
    0xCD5E, 0xCD5E, 0xCD5E, 0xCD5E, 0xCD5E, 0xCD5E, 0xCD5E, 0xCD5E, 0xCD5E, 0xCD5E, 0xCD5E, 0xCD5E,
    0xCD5E, 0xCD5E, 0xCD5E, 0xCD5E, 0xCD5E, 0xCD5E, 0xCD5E, 0xCD5E, 0xCD5E, 0xCD5E, 0xCD5E, 0xCD5E,
    0xCD5E, 0xCD5E, 0xCD5E, 0xCD5E, 0xCD5E, 0xCD5E, 0xCD5E, 0x9B99, 0x9B99, 0x9B99, 0x9B99, 0x9B99,
    0x9B99, 0x390F, 0x0023, 0x0023, 0x0023, 0x0023, 0x0023, 0x0023, 0x0023, 0x0023, 0x0023, 0x0023,
    0x0023, 0x0023, 0x0023, 0x0023, 0x0023, 0x0023, 0x0023, 0x0023, 0x0023, 0x390F, 0x9B99, 0x9B99,
    0x9B99, 0x9B99, 0xCD5E, 0xCD5E, 0xCD5E, 0xCD5E, 0xCD5E, 0xCD5E, 0xCD5E, 0xCD5E, 0xCD5E, 0xCD5E,
    0xCD5E, 0xCD5E, 0xCD5E, 0xCD5E, 0xCD5E, 0xCD5E, 0xCD5E, 0xCD5E, 0xCD5E, 0xCD5E, 0xCD5E, 0xCD5E,
    0xCD5E, 0xCD5E, 0xCD5E, 0xCD5E, 0xCD5E, 0xCD5E, 0xCD5E, 0xCD5E, 0xCD5E, 0xCD5E, 0xCD5E, 0xCD5E,
    0xCD5E, 0xCD5E, 0xCD5E, 0xCD5E, 0xCD5E, 0xCD5E, 0xCD5E, 0xCD5E, 0xCD5E, 0xCD5E, 0xCD5E, 0xCD5E,
    0xCD5E, 0xCD5E, 0xCD5E, 0xCD5E, 0xCD5E, 0xCD5E, 0xCD5E, 0xCD5E, 0xCD5E, 0xCD5E, 0xCD5E, 0x9B99,
    0x9B99, 0x9B99, 0x9B99, 0x9B99, 0x9B99, 0x390F, 0x0023, 0x0023, 0x0023, 0x0023, 0x0023, 0x0023,
    0x0023, 0x0023, 0x0023, 0x0023, 0x0023, 0x0023, 0x0023, 0x0023, 0x0023, 0x0023, 0x0023, 0x0023,
    0x0023, 0x0023, 0x390F, 0x9B99, 0x9B99, 0x9B99, 0x9B99, 0x9B99, 0x9B99, 0x9B99, 0x9B99, 0xCD5E,
    0xCD5E, 0xCD5E, 0xCD5E, 0xCD5E, 0xCD5E, 0xCD5E, 0xCD5E, 0xCD5E, 0xCD5E, 0xCD5E, 0xCD5E, 0xCD5E,
    0xCD5E, 0xCD5E, 0xCD5E, 0xCD5E, 0xCD5E, 0xCD5E, 0xCD5E, 0xCD5E, 0xCD5E, 0xCD5E, 0xCD5E, 0xCD5E,
    0xCD5E, 0xCD5E, 0xCD5E, 0xCD5E, 0xCD5E, 0xCD5E, 0xCD5E, 0xCD5E, 0xCD5E, 0xCD5E, 0xCD5E, 0xCD5E,
    0xCD5E, 0xCD5E, 0xCD5E, 0xCD5E, 0xCD5E, 0xCD5E, 0xCD5E, 0xCD5E, 0xCD5E, 0xCD5E, 0xCD5E, 0xCD5E,
    0xCD5E, 0x9B99, 0x9B99, 0x9B99, 0x9B99, 0x9B99, 0x9B99, 0x9B99, 0x390F, 0x0023, 0x0023, 0x0023,
    0x0023, 0x0023, 0x0023, 0x0023, 0x0023, 0x0023, 0x0023, 0x0023, 0x0023, 0x0023, 0x0023, 0x0023,
    0x0023, 0x0023, 0x0023, 0x0023, 0x0023, 0x0023, 0x390F, 0x9B99, 0x9B99, 0x9B99, 0x9B99, 0x9B99,
    0x9B99, 0x9B99, 0x9B99, 0xCD1C, 0xCD5E, 0xCD5E, 0xCD5E, 0xCD5E, 0xCD5E, 0xCD5E, 0xCD5E, 0xCD5E,
    0xCD5E, 0xCD5E, 0xCD5E, 0xCD5E, 0xCD5E, 0xCD5E, 0xCD5E, 0xCD5E, 0xCD5E, 0xCD5E, 0xCD5E, 0xCD5E,
    0xCD5E, 0xCD5E, 0xCD5E, 0xCD5E, 0xCD5E, 0xCD5E, 0xCD5E, 0xCD5E, 0xCD5E, 0xCD5E, 0xCD5E, 0xCD5E,
    0xCD5E, 0xCD5E, 0xCD5E, 0xCD5E, 0xCD5E, 0xCD5E, 0xCD5E, 0xCD5E, 0xCD5E, 0xCD5E, 0xCD5E, 0xCD5E,
    0xCD5E, 0xCD5E, 0xCD5E, 0xCD5E, 0xCD1C, 0x9B99, 0x9B99, 0x9B99, 0x9B99, 0x9B99, 0x9B99, 0x390F,
    0x390F, 0x0023, 0x0023, 0x0023, 0x0023, 0x0023, 0x0023, 0x0023, 0x0023, 0x0023, 0x0023, 0x0023,
    0x0023, 0x0023, 0x0023, 0x0023, 0x0023, 0x0023, 0x0023, 0x0023, 0x0023, 0x0023, 0x0023, 0x390F,
    0x390F, 0x9B99, 0x9B99, 0x9B99, 0x9B99, 0x9B99, 0x9B99, 0x9B99, 0xCD5E, 0xCD5E, 0xCD5E, 0xCD5E,
    0xCD5E, 0xCD5E, 0xCD5E, 0xCD5E, 0xCD5E, 0xCD5E, 0xCD5E, 0xCD5E, 0xCD5E, 0xCD5E, 0xCD5E, 0xCD5E,
    0xCD5E, 0xCD5E, 0xCD5E, 0xCD5E, 0xCD5E, 0xCD5E, 0xCD5E, 0xCD5E, 0xCD5E, 0xCD5E, 0xCD5E, 0xCD5E,
    0xCD5E, 0xCD5E, 0xCD5E, 0xCD5E, 0xCD5E, 0xCD5E, 0xCD5E, 0xCD5E, 0xCD5E, 0xCD5E, 0xCD5E, 0xCD5E,
    0xCD5E, 0xCD5E, 0xCD5E, 0xCD5E, 0xCD5E, 0xCD5E, 0xCD5E, 0xCD5E, 0x9B99, 0x9B99, 0x9B99, 0x9B99,
    0x9B99, 0x9B99, 0x390F, 0x208A, 0x0023, 0x0023, 0x0023, 0x0023, 0x0023, 0x0023, 0x0023, 0x0023,
    0x0023, 0x0023, 0x0023, 0x0023, 0x0023, 0x0023, 0x0023, 0x0023, 0x0023, 0x0023, 0x0023, 0x0023,
    0x0023, 0x0023, 0x0023, 0x0023, 0x0023, 0x390F, 0x390F, 0x390F, 0x390F, 0x9B99, 0x9B99, 0x9B99,
    0x9B99, 0x9B99, 0x9B99, 0xCD5E, 0xCD5E, 0xCD5E, 0xCD5E, 0xCD5E, 0xCD5E, 0x9B99, 0x9B99, 0x9B99,
    0xCD5E, 0xCD5E, 0xCD5E, 0xCD5E, 0xCD5E, 0xCD5E, 0xCD5E, 0xCD5E, 0xCD5E, 0xCD5E, 0xCD5E, 0xCD5E,
    0xCD5E, 0xCD5E, 0xCD5E, 0xCD5E, 0xCD5E, 0xCD5E, 0xCD5E, 0xCD5E, 0xCD5E, 0xCD5E, 0xCD5E, 0xCD5E,
    0xCD5E, 0xCD5E, 0xCD5E, 0xCD5E, 0xCD5E, 0xCD5E, 0xCD5E, 0xCD5E, 0xCD5E, 0xCD5E, 0xCD1C, 0x9B99,
    0x9B99, 0x390F, 0x390F, 0x390F, 0x390F, 0x390F, 0x0023, 0x0023, 0x0023, 0x0023, 0x0023, 0x0023,
    0x0023, 0x0023, 0x0023, 0x0023, 0x0023, 0x0023, 0x0023, 0x0023, 0x0023, 0x0023, 0x0023, 0x0023,
    0x0023, 0x0023, 0x0023, 0x0023, 0x0023, 0x0023, 0x0023, 0x0023, 0x0023, 0x0023, 0x0023, 0x0023,
    0x0023, 0x390F, 0x390F, 0x9B99, 0x9B99, 0x9B99, 0x9B99, 0x9B99, 0x9B99, 0x9B99, 0x9B99, 0x9B99,
    0x9B99, 0x9B99, 0x9B99, 0x9B99, 0x9B99, 0x9B99, 0xCD5E, 0xCD5E, 0xCD5E, 0xCD5E, 0xCD5E, 0xCD5E,
    0xCD5E, 0xCD5E, 0xCD5E, 0xCD5E, 0xCD5E, 0xCD5E, 0xCD5E, 0xCD5E, 0xCD5E, 0xCD5E, 0xCD5E, 0xCD5E,
    0xCD5E, 0xCD5E, 0xCD5E, 0xCD5E, 0x9B99, 0x9B99, 0xCD5E, 0xCD5E, 0xCD5E, 0xCD5E, 0xCD5E, 0xCD5E,
    0x9B99, 0x9B99, 0x9B99, 0x9B99, 0x9B99, 0x390F, 0x390F, 0x0023, 0x0023, 0x0023, 0x0023, 0x0023,
    0x0023, 0x0023, 0x0023, 0x0023, 0x0023, 0x0023, 0x0023, 0x0023, 0x0023, 0x0023, 0x0023, 0x0023,
    0x0023, 0x0023, 0x0023, 0x0023, 0x0023, 0x0023, 0x0023, 0x0023, 0x0023, 0x0023, 0x0023, 0x0023,
    0x0023, 0x0023, 0x0023, 0x0023, 0x0023, 0x390F, 0x390F, 0x9B99, 0x9B99, 0x9B99, 0x9B99, 0x9B99,
    0x9B99, 0x9B99, 0x9B99, 0x9B99, 0x9B99, 0x9B99, 0x9B99, 0x9B99, 0x9B99, 0x9B99, 0xCD5E, 0xCD5E,
    0xCD5E, 0xCD5E, 0xCD5E, 0xCD5E, 0xCD5E, 0xCD5E, 0xCD5E, 0xCD5E, 0xCD5E, 0xCD5E, 0xCD5E, 0xCD5E,
    0xCD5E, 0xCD5E, 0xCD5E, 0xCD5E, 0xCD5E, 0xCD5E, 0xCD5E, 0xCD5E, 0x9B99, 0x9B99, 0xCD5E, 0xCD5E,
    0xCD5E, 0xCD5E, 0xCD5E, 0xCD5E, 0x9B99, 0x9B99, 0x9B99, 0x9B99, 0x9B99, 0x390F, 0x390F, 0x0023,
    0x0023, 0x0023, 0x0023, 0x0023, 0x0023, 0x0023, 0x0023, 0x0023, 0x0023, 0x0023, 0x0023, 0x0023,
    0x0023, 0x0023, 0x0023, 0x0023, 0x0023, 0x0023, 0x0023, 0x0023, 0x0023, 0x0023, 0x0023, 0x0023,
    0x0023, 0x0023, 0x0023, 0x0023, 0x0023, 0x0023, 0x0023, 0x0023, 0x0023, 0x0023, 0x0023, 0x390F,
    0x9B99, 0x9B99, 0x9B99, 0x9B99, 0x9B99, 0x9B99, 0x9B99, 0x9B99, 0x9B99, 0x9B99, 0x9B99, 0x9B99,
    0x9B99, 0x9B99, 0x9B99, 0x9B99, 0x9B99, 0x9B99, 0xCD5E, 0xCD5E, 0xCD5E, 0xCD5E, 0xCD5E, 0xCD5E,
    0xCD5E, 0xCD5E, 0xCD5E, 0xCD5E, 0xCD5E, 0xCD5E, 0xCD5E, 0xCD5E, 0x9B99, 0x9B99, 0x9B99, 0x9B99,
    0x9B99, 0x9B99, 0x9B99, 0x9B99, 0x9B99, 0x9B99, 0x9B99, 0x9B99, 0x9B99, 0x9B99, 0x9B99, 0x9B99,
    0x390F, 0x0023, 0x0023, 0x0023, 0x0023, 0x0023, 0x0023, 0x0023, 0x0023, 0x0023, 0x0023, 0x0023,
    0x0023, 0x0023, 0x0023, 0x0023, 0x0023, 0x0023, 0x0023, 0x0023, 0x0023, 0x0023, 0x0023, 0x0023,
    0x0023, 0x0023, 0x0023, 0x0023, 0x0023, 0x0023, 0x0023, 0x0023, 0x0023, 0x0023, 0x0023, 0x0023,
    0x0023, 0x0023, 0x0023, 0x0023, 0x390F, 0x9B99, 0x9B99, 0x9B99, 0x9B99, 0x9B99, 0x9B99, 0x9B99,
    0x9B99, 0x390F, 0x390F, 0x390F, 0x390F, 0x9B99, 0x9B99, 0x9B99, 0x9B99, 0x9B99, 0x9B99, 0x9B99,
    0x9B99, 0x9B99, 0x9B99, 0x9B99, 0x9B99, 0x9B99, 0x9B99, 0x9B99, 0x9B99, 0x9B99, 0x9B99, 0x9B99,
    0x9B99, 0x9B99, 0x9B99, 0x390F, 0x390F, 0x390F, 0x9B99, 0x9B99, 0x9B99, 0x9B99, 0x9B99, 0x9B99,
    0x9B99, 0x390F, 0x390F, 0x390F, 0x0023, 0x0023, 0x0023, 0x0023, 0x0023, 0x0023, 0x0023, 0x0023,
    0x0023, 0x0023, 0x0023, 0x0023, 0x0023, 0x0023, 0x0023, 0x0023, 0x0023, 0x0023, 0x0023, 0x0023,
    0x0023, 0x0023, 0x0023, 0x0023, 0x0023, 0x0023, 0x0023, 0x0023, 0x0023, 0x0023, 0x0023, 0x0023,
    0x0023, 0x0023, 0x0023, 0x0023, 0x0023, 0x0023, 0x0023, 0x0023, 0x390F, 0x390F, 0x390F, 0x9B99,
    0x9B99, 0x9B99, 0x9B99, 0x9B99, 0x9B99, 0x390F, 0x390F, 0x390F, 0x390F, 0x9B99, 0x9B99, 0x9B99,
    0x9B99, 0x9B99, 0x9B99, 0x9B99, 0x9B99, 0x9B99, 0x9B99, 0x9B99, 0x9B99, 0x9B99, 0x9B99, 0x9B99,
    0x9B99, 0x9B99, 0x9B99, 0x9B99, 0x9B99, 0x9B99, 0x9B99, 0x390F, 0x390F, 0x390F, 0x9B99, 0x9B99,
    0x9B99, 0x9B99, 0x9B99, 0x9B99, 0x9B99, 0x390F, 0x390F, 0x390F, 0x0023, 0x0023, 0x0023, 0x0023,
    0x0023, 0x0023, 0x0023, 0x0023, 0x0023, 0x0023, 0x0023, 0x0023, 0x0023, 0x0023, 0x0023, 0x0023,
    0x0023, 0x0023, 0x0023, 0x0023, 0x0023, 0x0023, 0x0023, 0x0023, 0x0023, 0x0023, 0x0023, 0x0023,
    0x0023, 0x0023, 0x0023, 0x0023, 0x0023, 0x0023, 0x0023, 0x0023, 0x0023, 0x0023, 0x0023, 0x0023,
    0x0023, 0x0023, 0x0023, 0x390F, 0x390F, 0x390F, 0x390F, 0x390F, 0x390F, 0x390F, 0x208A, 0x0023,
    0x0023, 0x390F, 0x390F, 0x390F, 0x390F, 0x9B99, 0x9B99, 0x9B99, 0x9B99, 0x9B99, 0x9B99, 0x9B99,
    0x9B99, 0x9B99, 0x9B99, 0x9B99, 0x9B99, 0x9B99, 0x9B99, 0x9B99, 0x390F, 0x390F, 0x390F, 0x0023,
    0x0023, 0x0023, 0x390F, 0x390F, 0x390F, 0x390F, 0x390F, 0x390F, 0x390F, 0x0023, 0x0023, 0x0023,
    0x0023, 0x0023, 0x0023, 0x0023, 0x0023, 0x0023, 0x0023, 0x0023, 0x0023, 0x0023, 0x0023, 0x0023,
    0x0023, 0x0023, 0x0023, 0x0023, 0x0023, 0x0023, 0x0023, 0x0023, 0x0023, 0x0023, 0x0023, 0x0023,
    0x0023, 0x0023, 0x0023, 0x0023, 0x0023, 0x0023, 0x0023, 0x0023, 0x0023, 0x0023, 0x0023, 0x0023,
    0x0023, 0x0023, 0x0023, 0x0023, 0x0023, 0x0023, 0x0023, 0x0023, 0x0023, 0x0023, 0x0023, 0x0023,
    0x0023, 0x0023, 0x0023, 0x0023, 0x0023, 0x0023, 0x0023, 0x0023, 0x0023, 0x390F, 0x390F, 0x390F,
    0x390F, 0x390F, 0x390F, 0x390F, 0x390F, 0x390F, 0x390F, 0x390F, 0x390F, 0x390F, 0x390F, 0x390F,
    0x0023, 0x0023, 0x0023, 0x0023, 0x0023, 0x0023, 0x0023, 0x0023, 0x0023, 0x0023, 0x0023, 0x0023,
    0x0023, 0x0023, 0x0023, 0x0023, 0x0023, 0x0023, 0x0023, 0x0023, 0x0023, 0x0023, 0x0023, 0x0023,
    0x0023, 0x0023, 0x0023, 0x0023, 0x0023, 0x0023, 0x0023, 0x0023, 0x0023, 0x0023, 0x0023, 0x0023,
    0x0023, 0x0023, 0x0023, 0x0023, 0x0023, 0x0023, 0x0023, 0x0023, 0x0023, 0x0023, 0x0023, 0x0023,
    0x0023, 0x0023, 0x0023, 0x0023, 0x0023, 0x0023, 0x0023, 0x0023, 0x0023, 0x0023, 0x0023, 0x0023,
    0x0023, 0x0023, 0x0023, 0x0023, 0x0023, 0x0023, 0x0023, 0x0023, 0x0023, 0x0023, 0x0023, 0x0023,
    0x0023, 0x390F, 0x390F, 0x390F, 0x390F, 0x390F, 0x390F, 0x390F, 0x390F, 0x390F, 0x390F, 0x390F,
    0x390F, 0x390F, 0x390F, 0x390F, 0x0023, 0x0023, 0x0023, 0x0023, 0x0023, 0x0023, 0x0023, 0x0023,
    0x0023, 0x0023, 0x0023, 0x0023, 0x0023, 0x0023, 0x0023, 0x0023, 0x0023, 0x0023, 0x0023, 0x0023,
    0x0023, 0x0023, 0x0023, 0x0023, 0x0023, 0x0023, 0x0023, 0x0023, 0x0023, 0x0023, 0x0023, 0x0023,
    0x0023, 0x0023, 0x0023, 0x0023,
};
const RgbBitmap kMascot = {kMascotPixels, 88, 64};

}  // namespace BuddyAssets
